suite,dataset,method,status,graph_build_distance,graph_build_mode,shared_graph_build_time_ms,metric,k,nominal_bpd,actual_bytes_per_vector,codebook_bytes,index_size_mb,index_bytes,auxiliary_bytes,residual_bytes,fp32_base_bytes,peak_rss_mb,build_time_ms,graph_build_time_ms,train_time_ms,encode_time_ms,max_degree,build_beam,alpha,search_param_name,search_param_value,search_beam_width,recall,qps,latency_mean_us,latency_p95_us,prepare_us,traverse_us,rerank_us,neighbor_fetch_us,visited_mark_us,paper_batch_us,flush_us,visited_nodes,distance_calls,mean_relative_error,p95_relative_error,mean_absolute_error,top10_overlap,pairwise_flip_rate_top10,payload_bytes_read,avg_bits_read,refine_calls,threads,repeat_id,seed,log_path,note
02_diskann_fair,agnews,PQ,done,PQ_quantized,built_in_run,,L2,10,4,512.000000,1048576,564.512451,591934208,0,0,0,6961.503906,1652677.117890,1495250.481509,157417.876125,0.000000,64,400,1.2,efSearch,10,1,0.927875,606.771457,1614.266196,1928.230000,NaN,NaN,NaN,NaN,NaN,NaN,NaN,NaN,NaN,25667919.925137,0.033533,1.099184,0.927875,0.037861,NaN,NaN,0,64,aggregate,20260813,results/round2/agnews/raw/02_diskann_fair/PQ/agnews_PQ_R64_Lbuild400.log,"DiskANN FixedChunkPQTable with num_pq_chunks=D/2: graph build AND search use the 4bit-equivalent PQ payload (Quantized strategy, NoStore primary, per-method graph)."
02_diskann_fair,agnews,PQ,done,PQ_quantized,built_in_run,,L2,10,4,512.000000,1048576,564.512451,591934208,0,0,0,6961.503906,1652677.117890,1495250.481509,157417.876125,0.000000,64,400,1.2,efSearch,11,1,0.933875,590.144445,1677.602376,2007.532000,NaN,NaN,NaN,NaN,NaN,NaN,NaN,NaN,NaN,25667919.925141,0.033533,1.099306,0.933875,0.037861,NaN,NaN,0,64,aggregate,20260813,results/round2/agnews/raw/02_diskann_fair/PQ/agnews_PQ_R64_Lbuild400.log,"DiskANN FixedChunkPQTable with num_pq_chunks=D/2: graph build AND search use the 4bit-equivalent PQ payload (Quantized strategy, NoStore primary, per-method graph)."
02_diskann_fair,agnews,PQ,done,PQ_quantized,built_in_run,,L2,10,4,512.000000,1048576,564.512451,591934208,0,0,0,6961.503906,1652677.117890,1495250.481509,157417.876125,0.000000,64,400,1.2,efSearch,12,1,0.936875,597.801837,1655.912631,1933.805000,NaN,NaN,NaN,NaN,NaN,NaN,NaN,NaN,NaN,25667919.925137,0.033533,1.098117,0.936875,0.037833,NaN,NaN,0,64,aggregate,20260813,results/round2/agnews/raw/02_diskann_fair/PQ/agnews_PQ_R64_Lbuild400.log,"DiskANN FixedChunkPQTable with num_pq_chunks=D/2: graph build AND search use the 4bit-equivalent PQ payload (Quantized strategy, NoStore primary, per-method graph)."
02_diskann_fair,agnews,PQ,done,PQ_quantized,built_in_run,,L2,10,4,512.000000,1048576,564.512451,591934208,0,0,0,6961.503906,1652677.117890,1495250.481509,157417.876125,0.000000,64,400,1.2,efSearch,13,1,0.938125,543.043783,1824.686212,2459.246000,NaN,NaN,NaN,NaN,NaN,NaN,NaN,NaN,NaN,25667919.925138,0.033533,1.098381,0.938125,0.037917,NaN,NaN,0,64,aggregate,20260813,results/round2/agnews/raw/02_diskann_fair/PQ/agnews_PQ_R64_Lbuild400.log,"DiskANN FixedChunkPQTable with num_pq_chunks=D/2: graph build AND search use the 4bit-equivalent PQ payload (Quantized strategy, NoStore primary, per-method graph)."
02_diskann_fair,agnews,PQ,done,PQ_quantized,built_in_run,,L2,10,4,512.000000,1048576,564.512451,591934208,0,0,0,6961.503906,1652677.117890,1495250.481509,157417.876125,0.000000,64,400,1.2,efSearch,14,1,0.939625,580.106712,1706.985444,1997.477000,NaN,NaN,NaN,NaN,NaN,NaN,NaN,NaN,NaN,25667919.925137,0.033533,1.098130,0.939625,0.037889,NaN,NaN,0,64,aggregate,20260813,results/round2/agnews/raw/02_diskann_fair/PQ/agnews_PQ_R64_Lbuild400.log,"DiskANN FixedChunkPQTable with num_pq_chunks=D/2: graph build AND search use the 4bit-equivalent PQ payload (Quantized strategy, NoStore primary, per-method graph)."
02_diskann_fair,agnews,PQ,done,PQ_quantized,built_in_run,,L2,10,4,512.000000,1048576,564.512451,591934208,0,0,0,6961.503906,1652677.117890,1495250.481509,157417.876125,0.000000,64,400,1.2,efSearch,15,1,0.943125,547.326034,1809.711714,2265.257000,NaN,NaN,NaN,NaN,NaN,NaN,NaN,NaN,NaN,25667919.925143,0.033533,1.098848,0.943125,0.037972,NaN,NaN,0,64,aggregate,20260813,results/round2/agnews/raw/02_diskann_fair/PQ/agnews_PQ_R64_Lbuild400.log,"DiskANN FixedChunkPQTable with num_pq_chunks=D/2: graph build AND search use the 4bit-equivalent PQ payload (Quantized strategy, NoStore primary, per-method graph)."
02_diskann_fair,agnews,PQ,done,PQ_quantized,built_in_run,,L2,10,4,512.000000,1048576,564.512451,591934208,0,0,0,6961.503906,1652677.117890,1495250.481509,157417.876125,0.000000,64,400,1.2,efSearch,16,1,0.944875,558.419252,1773.881896,2097.495000,NaN,NaN,NaN,NaN,NaN,NaN,NaN,NaN,NaN,25667919.925149,0.033533,1.100104,0.944875,0.038111,NaN,NaN,0,64,aggregate,20260813,results/round2/agnews/raw/02_diskann_fair/PQ/agnews_PQ_R64_Lbuild400.log,"DiskANN FixedChunkPQTable with num_pq_chunks=D/2: graph build AND search use the 4bit-equivalent PQ payload (Quantized strategy, NoStore primary, per-method graph)."
02_diskann_fair,agnews,PQ,done,PQ_quantized,built_in_run,,L2,10,4,512.000000,1048576,564.512451,591934208,0,0,0,6961.503906,1652677.117890,1495250.481509,157417.876125,0.000000,64,400,1.2,efSearch,17,1,0.946250,550.947136,1798.232534,2128.183000,NaN,NaN,NaN,NaN,NaN,NaN,NaN,NaN,NaN,25667919.925152,0.033533,1.100519,0.946250,0.038194,NaN,NaN,0,64,aggregate,20260813,results/round2/agnews/raw/02_diskann_fair/PQ/agnews_PQ_R64_Lbuild400.log,"DiskANN FixedChunkPQTable with num_pq_chunks=D/2: graph build AND search use the 4bit-equivalent PQ payload (Quantized strategy, NoStore primary, per-method graph)."
02_diskann_fair,agnews,PQ,done,PQ_quantized,built_in_run,,L2,10,4,512.000000,1048576,564.512451,591934208,0,0,0,6961.503906,1652677.117890,1495250.481509,157417.876125,0.000000,64,400,1.2,efSearch,18,1,0.949375,540.748215,1832.410148,2158.771000,NaN,NaN,NaN,NaN,NaN,NaN,NaN,NaN,NaN,25667919.925157,0.033533,1.101029,0.949375,0.038028,NaN,NaN,0,64,aggregate,20260813,results/round2/agnews/raw/02_diskann_fair/PQ/agnews_PQ_R64_Lbuild400.log,"DiskANN FixedChunkPQTable with num_pq_chunks=D/2: graph build AND search use the 4bit-equivalent PQ payload (Quantized strategy, NoStore primary, per-method graph)."
02_diskann_fair,agnews,PQ,done,PQ_quantized,built_in_run,,L2,10,4,512.000000,1048576,564.512451,591934208,0,0,0,6961.503906,1652677.117890,1495250.481509,157417.876125,0.000000,64,400,1.2,efSearch,19,1,0.950000,531.700788,1864.069242,2227.659000,NaN,NaN,NaN,NaN,NaN,NaN,NaN,NaN,NaN,25667919.925159,0.033533,1.101321,0.950000,0.038028,NaN,NaN,0,64,aggregate,20260813,results/round2/agnews/raw/02_diskann_fair/PQ/agnews_PQ_R64_Lbuild400.log,"DiskANN FixedChunkPQTable with num_pq_chunks=D/2: graph build AND search use the 4bit-equivalent PQ payload (Quantized strategy, NoStore primary, per-method graph)."
02_diskann_fair,agnews,PQ,done,PQ_quantized,built_in_run,,L2,10,4,512.000000,1048576,564.512451,591934208,0,0,0,6961.503906,1652677.117890,1495250.481509,157417.876125,0.000000,64,400,1.2,efSearch,20,1,0.951500,522.990378,1895.361114,2241.074000,NaN,NaN,NaN,NaN,NaN,NaN,NaN,NaN,NaN,25667919.925157,0.033533,1.101096,0.951500,0.038028,NaN,NaN,0,64,aggregate,20260813,results/round2/agnews/raw/02_diskann_fair/PQ/agnews_PQ_R64_Lbuild400.log,"DiskANN FixedChunkPQTable with num_pq_chunks=D/2: graph build AND search use the 4bit-equivalent PQ payload (Quantized strategy, NoStore primary, per-method graph)."
02_diskann_fair,agnews,PQ,done,PQ_quantized,built_in_run,,L2,10,4,512.000000,1048576,564.512451,591934208,0,0,0,6961.503906,1652677.117890,1495250.481509,157417.876125,0.000000,64,400,1.2,efSearch,21,1,0.952500,513.477745,1930.778065,2306.211000,NaN,NaN,NaN,NaN,NaN,NaN,NaN,NaN,NaN,25667919.925160,0.033533,1.101615,0.952500,0.038222,NaN,NaN,0,64,aggregate,20260813,results/round2/agnews/raw/02_diskann_fair/PQ/agnews_PQ_R64_Lbuild400.log,"DiskANN FixedChunkPQTable with num_pq_chunks=D/2: graph build AND search use the 4bit-equivalent PQ payload (Quantized strategy, NoStore primary, per-method graph)."
02_diskann_fair,agnews,PQ,done,PQ_quantized,built_in_run,,L2,10,4,512.000000,1048576,564.512451,591934208,0,0,0,6961.503906,1652677.117890,1495250.481509,157417.876125,0.000000,64,400,1.2,efSearch,22,1,0.953625,505.700215,1960.506632,2338.001000,NaN,NaN,NaN,NaN,NaN,NaN,NaN,NaN,NaN,25667919.925164,0.033533,1.102482,0.953625,0.038250,NaN,NaN,0,64,aggregate,20260813,results/round2/agnews/raw/02_diskann_fair/PQ/agnews_PQ_R64_Lbuild400.log,"DiskANN FixedChunkPQTable with num_pq_chunks=D/2: graph build AND search use the 4bit-equivalent PQ payload (Quantized strategy, NoStore primary, per-method graph)."
02_diskann_fair,agnews,PQ,done,PQ_quantized,built_in_run,,L2,10,4,512.000000,1048576,564.512451,591934208,0,0,0,6961.503906,1652677.117890,1495250.481509,157417.876125,0.000000,64,400,1.2,efSearch,23,1,0.954125,494.402913,2004.937017,2413.933000,NaN,NaN,NaN,NaN,NaN,NaN,NaN,NaN,NaN,25667919.925163,0.033533,1.102164,0.954125,0.038250,NaN,NaN,0,64,aggregate,20260813,results/round2/agnews/raw/02_diskann_fair/PQ/agnews_PQ_R64_Lbuild400.log,"DiskANN FixedChunkPQTable with num_pq_chunks=D/2: graph build AND search use the 4bit-equivalent PQ payload (Quantized strategy, NoStore primary, per-method graph)."
02_diskann_fair,agnews,PQ,done,PQ_quantized,built_in_run,,L2,10,4,512.000000,1048576,564.512451,591934208,0,0,0,6961.503906,1652677.117890,1495250.481509,157417.876125,0.000000,64,400,1.2,efSearch,24,1,0.955000,493.074385,2011.380437,2407.325000,NaN,NaN,NaN,NaN,NaN,NaN,NaN,NaN,NaN,25667919.925163,0.033533,1.102263,0.955000,0.038306,NaN,NaN,0,64,aggregate,20260813,results/round2/agnews/raw/02_diskann_fair/PQ/agnews_PQ_R64_Lbuild400.log,"DiskANN FixedChunkPQTable with num_pq_chunks=D/2: graph build AND search use the 4bit-equivalent PQ payload (Quantized strategy, NoStore primary, per-method graph)."
02_diskann_fair,agnews,PQ,done,PQ_quantized,built_in_run,,L2,10,4,512.000000,1048576,564.512451,591934208,0,0,0,6961.503906,1652677.117890,1495250.481509,157417.876125,0.000000,64,400,1.2,efSearch,25,1,0.955500,485.790809,2041.811840,2455.857000,NaN,NaN,NaN,NaN,NaN,NaN,NaN,NaN,NaN,25667919.925164,0.033533,1.102347,0.955500,0.038194,NaN,NaN,0,64,aggregate,20260813,results/round2/agnews/raw/02_diskann_fair/PQ/agnews_PQ_R64_Lbuild400.log,"DiskANN FixedChunkPQTable with num_pq_chunks=D/2: graph build AND search use the 4bit-equivalent PQ payload (Quantized strategy, NoStore primary, per-method graph)."
02_diskann_fair,agnews,PQ,done,PQ_quantized,built_in_run,,L2,10,4,512.000000,1048576,564.512451,591934208,0,0,0,6961.503906,1652677.117890,1495250.481509,157417.876125,0.000000,64,400,1.2,efSearch,26,1,0.955750,478.871283,2071.461027,2488.539000,NaN,NaN,NaN,NaN,NaN,NaN,NaN,NaN,NaN,25667919.925165,0.033533,1.102700,0.955750,0.038222,NaN,NaN,0,64,aggregate,20260813,results/round2/agnews/raw/02_diskann_fair/PQ/agnews_PQ_R64_Lbuild400.log,"DiskANN FixedChunkPQTable with num_pq_chunks=D/2: graph build AND search use the 4bit-equivalent PQ payload (Quantized strategy, NoStore primary, per-method graph)."
02_diskann_fair,agnews,PQ,done,PQ_quantized,built_in_run,,L2,10,4,512.000000,1048576,564.512451,591934208,0,0,0,6961.503906,1652677.117890,1495250.481509,157417.876125,0.000000,64,400,1.2,efSearch,27,1,0.956750,471.324786,2103.494899,2557.887000,NaN,NaN,NaN,NaN,NaN,NaN,NaN,NaN,NaN,25667919.925161,0.033533,1.101701,0.956750,0.038333,NaN,NaN,0,64,aggregate,20260813,results/round2/agnews/raw/02_diskann_fair/PQ/agnews_PQ_R64_Lbuild400.log,"DiskANN FixedChunkPQTable with num_pq_chunks=D/2: graph build AND search use the 4bit-equivalent PQ payload (Quantized strategy, NoStore primary, per-method graph)."
02_diskann_fair,agnews,PQ,done,PQ_quantized,built_in_run,,L2,10,4,512.000000,1048576,564.512451,591934208,0,0,0,6961.503906,1652677.117890,1495250.481509,157417.876125,0.000000,64,400,1.2,efSearch,28,1,0.959000,464.358041,2136.676265,2582.291000,NaN,NaN,NaN,NaN,NaN,NaN,NaN,NaN,NaN,25667919.925162,0.033533,1.101277,0.959000,0.038333,NaN,NaN,0,64,aggregate,20260813,results/round2/agnews/raw/02_diskann_fair/PQ/agnews_PQ_R64_Lbuild400.log,"DiskANN FixedChunkPQTable with num_pq_chunks=D/2: graph build AND search use the 4bit-equivalent PQ payload (Quantized strategy, NoStore primary, per-method graph)."
02_diskann_fair,agnews,PQ,done,PQ_quantized,built_in_run,,L2,10,4,512.000000,1048576,564.512451,591934208,0,0,0,6961.503906,1652677.117890,1495250.481509,157417.876125,0.000000,64,400,1.2,efSearch,29,1,0.959000,458.280744,2165.154131,2628.389000,NaN,NaN,NaN,NaN,NaN,NaN,NaN,NaN,NaN,25667919.925162,0.033533,1.101277,0.959000,0.038333,NaN,NaN,0,64,aggregate,20260813,results/round2/agnews/raw/02_diskann_fair/PQ/agnews_PQ_R64_Lbuild400.log,"DiskANN FixedChunkPQTable with num_pq_chunks=D/2: graph build AND search use the 4bit-equivalent PQ payload (Quantized strategy, NoStore primary, per-method graph)."
02_diskann_fair,agnews,PQ,done,PQ_quantized,built_in_run,,L2,10,4,512.000000,1048576,564.512451,591934208,0,0,0,6961.503906,1652677.117890,1495250.481509,157417.876125,0.000000,64,400,1.2,efSearch,30,1,0.959125,452.152920,2194.727843,2664.503000,NaN,NaN,NaN,NaN,NaN,NaN,NaN,NaN,NaN,25667919.925163,0.033533,1.101524,0.959125,0.038333,NaN,NaN,0,64,aggregate,20260813,results/round2/agnews/raw/02_diskann_fair/PQ/agnews_PQ_R64_Lbuild400.log,"DiskANN FixedChunkPQTable with num_pq_chunks=D/2: graph build AND search use the 4bit-equivalent PQ payload (Quantized strategy, NoStore primary, per-method graph)."
02_diskann_fair,agnews,PQ,done,PQ_quantized,built_in_run,,L2,10,4,512.000000,1048576,564.512451,591934208,0,0,0,6961.503906,1652677.117890,1495250.481509,157417.876125,0.000000,64,400,1.2,efSearch,40,1,0.961375,396.585550,2503.468203,3089.306000,NaN,NaN,NaN,NaN,NaN,NaN,NaN,NaN,NaN,25667919.925164,0.033533,1.101522,0.961375,0.038139,NaN,NaN,0,64,aggregate,20260813,results/round2/agnews/raw/02_diskann_fair/PQ/agnews_PQ_R64_Lbuild400.log,"DiskANN FixedChunkPQTable with num_pq_chunks=D/2: graph build AND search use the 4bit-equivalent PQ payload (Quantized strategy, NoStore primary, per-method graph)."
02_diskann_fair,agnews,PQ,done,PQ_quantized,built_in_run,,L2,10,4,512.000000,1048576,564.512451,591934208,0,0,0,6961.503906,1652677.117890,1495250.481509,157417.876125,0.000000,64,400,1.2,efSearch,50,1,0.963000,356.973078,2784.451655,3499.815000,NaN,NaN,NaN,NaN,NaN,NaN,NaN,NaN,NaN,25667919.925164,0.033533,1.101414,0.963000,0.038028,NaN,NaN,0,64,aggregate,20260813,results/round2/agnews/raw/02_diskann_fair/PQ/agnews_PQ_R64_Lbuild400.log,"DiskANN FixedChunkPQTable with num_pq_chunks=D/2: graph build AND search use the 4bit-equivalent PQ payload (Quantized strategy, NoStore primary, per-method graph)."
02_diskann_fair,agnews,PQ,done,PQ_quantized,built_in_run,,L2,10,4,512.000000,1048576,564.512451,591934208,0,0,0,6961.503906,1652677.117890,1495250.481509,157417.876125,0.000000,64,400,1.2,efSearch,60,1,0.963500,324.434870,3063.932506,3861.820000,NaN,NaN,NaN,NaN,NaN,NaN,NaN,NaN,NaN,25667919.925165,0.033533,1.101457,0.963500,0.038083,NaN,NaN,0,64,aggregate,20260813,results/round2/agnews/raw/02_diskann_fair/PQ/agnews_PQ_R64_Lbuild400.log,"DiskANN FixedChunkPQTable with num_pq_chunks=D/2: graph build AND search use the 4bit-equivalent PQ payload (Quantized strategy, NoStore primary, per-method graph)."
02_diskann_fair,agnews,PQ,done,PQ_quantized,built_in_run,,L2,10,4,512.000000,1048576,564.512451,591934208,0,0,0,6961.503906,1652677.117890,1495250.481509,157417.876125,0.000000,64,400,1.2,efSearch,70,1,0.964125,297.850420,3340.529464,4278.297000,NaN,NaN,NaN,NaN,NaN,NaN,NaN,NaN,NaN,25667919.925163,0.033533,1.100942,0.964125,0.037944,NaN,NaN,0,64,aggregate,20260813,results/round2/agnews/raw/02_diskann_fair/PQ/agnews_PQ_R64_Lbuild400.log,"DiskANN FixedChunkPQTable with num_pq_chunks=D/2: graph build AND search use the 4bit-equivalent PQ payload (Quantized strategy, NoStore primary, per-method graph)."
02_diskann_fair,agnews,PQ,done,PQ_quantized,built_in_run,,L2,10,4,512.000000,1048576,564.512451,591934208,0,0,0,6961.503906,1652677.117890,1495250.481509,157417.876125,0.000000,64,400,1.2,efSearch,80,1,0.964375,276.191422,3603.568850,4697.637000,NaN,NaN,NaN,NaN,NaN,NaN,NaN,NaN,NaN,25667919.925164,0.033533,1.101108,0.964375,0.037972,NaN,NaN,0,64,aggregate,20260813,results/round2/agnews/raw/02_diskann_fair/PQ/agnews_PQ_R64_Lbuild400.log,"DiskANN FixedChunkPQTable with num_pq_chunks=D/2: graph build AND search use the 4bit-equivalent PQ payload (Quantized strategy, NoStore primary, per-method graph)."
02_diskann_fair,agnews,PQ,done,PQ_quantized,built_in_run,,L2,10,4,512.000000,1048576,564.512451,591934208,0,0,0,6961.503906,1652677.117890,1495250.481509,157417.876125,0.000000,64,400,1.2,efSearch,90,1,0.964625,257.584976,3863.967997,5085.223000,NaN,NaN,NaN,NaN,NaN,NaN,NaN,NaN,NaN,25667919.925165,0.033533,1.101278,0.964625,0.038028,NaN,NaN,0,64,aggregate,20260813,results/round2/agnews/raw/02_diskann_fair/PQ/agnews_PQ_R64_Lbuild400.log,"DiskANN FixedChunkPQTable with num_pq_chunks=D/2: graph build AND search use the 4bit-equivalent PQ payload (Quantized strategy, NoStore primary, per-method graph)."
02_diskann_fair,agnews,PQ,done,PQ_quantized,built_in_run,,L2,10,4,512.000000,1048576,564.512451,591934208,0,0,0,6961.503906,1652677.117890,1495250.481509,157417.876125,0.000000,64,400,1.2,efSearch,100,1,0.964750,241.710110,4120.255655,5468.848000,NaN,NaN,NaN,NaN,NaN,NaN,NaN,NaN,NaN,25667919.925165,0.033533,1.101298,0.964750,0.038083,NaN,NaN,0,64,aggregate,20260813,results/round2/agnews/raw/02_diskann_fair/PQ/agnews_PQ_R64_Lbuild400.log,"DiskANN FixedChunkPQTable with num_pq_chunks=D/2: graph build AND search use the 4bit-equivalent PQ payload (Quantized strategy, NoStore primary, per-method graph)."
02_diskann_fair,agnews,PQ,done,PQ_quantized,built_in_run,,L2,10,4,512.000000,1048576,564.512451,591934208,0,0,0,6961.503906,1652677.117890,1495250.481509,157417.876125,0.000000,64,400,1.2,efSearch,140,1,0.965125,193.848236,5140.539920,7031.326000,NaN,NaN,NaN,NaN,NaN,NaN,NaN,NaN,NaN,25667919.925167,0.033533,1.101767,0.965125,0.038056,NaN,NaN,0,64,aggregate,20260813,results/round2/agnews/raw/02_diskann_fair/PQ/agnews_PQ_R64_Lbuild400.log,"DiskANN FixedChunkPQTable with num_pq_chunks=D/2: graph build AND search use the 4bit-equivalent PQ payload (Quantized strategy, NoStore primary, per-method graph)."
02_diskann_fair,agnews,PQ,done,PQ_quantized,built_in_run,,L2,10,4,512.000000,1048576,564.512451,591934208,0,0,0,6961.503906,1652677.117890,1495250.481509,157417.876125,0.000000,64,400,1.2,efSearch,180,1,0.965250,164.108493,6075.436191,8514.664000,NaN,NaN,NaN,NaN,NaN,NaN,NaN,NaN,NaN,25667919.925168,0.033533,1.101880,0.965250,0.037944,NaN,NaN,0,64,aggregate,20260813,results/round2/agnews/raw/02_diskann_fair/PQ/agnews_PQ_R64_Lbuild400.log,"DiskANN FixedChunkPQTable with num_pq_chunks=D/2: graph build AND search use the 4bit-equivalent PQ payload (Quantized strategy, NoStore primary, per-method graph)."
02_diskann_fair,agnews,PQ,done,PQ_quantized,built_in_run,,L2,10,4,512.000000,1048576,564.512451,591934208,0,0,0,6961.503906,1652677.117890,1495250.481509,157417.876125,0.000000,64,400,1.2,efSearch,220,1,0.965250,143.013549,6974.321905,9916.972000,NaN,NaN,NaN,NaN,NaN,NaN,NaN,NaN,NaN,25667919.925168,0.033533,1.101880,0.965250,0.037944,NaN,NaN,0,64,aggregate,20260813,results/round2/agnews/raw/02_diskann_fair/PQ/agnews_PQ_R64_Lbuild400.log,"DiskANN FixedChunkPQTable with num_pq_chunks=D/2: graph build AND search use the 4bit-equivalent PQ payload (Quantized strategy, NoStore primary, per-method graph)."
02_diskann_fair,agnews,PQ,done,PQ_quantized,built_in_run,,L2,10,4,512.000000,1048576,564.512451,591934208,0,0,0,6961.503906,1652677.117890,1495250.481509,157417.876125,0.000000,64,400,1.2,efSearch,260,1,0.965250,126.433220,7890.945574,11310.968000,NaN,NaN,NaN,NaN,NaN,NaN,NaN,NaN,NaN,25667919.925168,0.033533,1.101880,0.965250,0.037944,NaN,NaN,0,64,aggregate,20260813,results/round2/agnews/raw/02_diskann_fair/PQ/agnews_PQ_R64_Lbuild400.log,"DiskANN FixedChunkPQTable with num_pq_chunks=D/2: graph build AND search use the 4bit-equivalent PQ payload (Quantized strategy, NoStore primary, per-method graph)."
02_diskann_fair,agnews,PQ,done,PQ_quantized,built_in_run,,L2,10,4,512.000000,1048576,564.512451,591934208,0,0,0,6961.503906,1652677.117890,1495250.481509,157417.876125,0.000000,64,400,1.2,efSearch,300,1,0.965375,113.692978,8777.476706,12677.130000,NaN,NaN,NaN,NaN,NaN,NaN,NaN,NaN,NaN,25667919.925169,0.033533,1.102081,0.965375,0.037917,NaN,NaN,0,64,aggregate,20260813,results/round2/agnews/raw/02_diskann_fair/PQ/agnews_PQ_R64_Lbuild400.log,"DiskANN FixedChunkPQTable with num_pq_chunks=D/2: graph build AND search use the 4bit-equivalent PQ payload (Quantized strategy, NoStore primary, per-method graph)."
02_diskann_fair,agnews,PQ,done,PQ_quantized,built_in_run,,L2,10,4,512.000000,1048576,564.512451,591934208,0,0,0,6961.503906,1652677.117890,1495250.481509,157417.876125,0.000000,64,400,1.2,efSearch,340,1,0.965375,103.736493,9621.513555,14025.739000,NaN,NaN,NaN,NaN,NaN,NaN,NaN,NaN,NaN,25667919.925169,0.033533,1.102081,0.965375,0.037917,NaN,NaN,0,64,aggregate,20260813,results/round2/agnews/raw/02_diskann_fair/PQ/agnews_PQ_R64_Lbuild400.log,"DiskANN FixedChunkPQTable with num_pq_chunks=D/2: graph build AND search use the 4bit-equivalent PQ payload (Quantized strategy, NoStore primary, per-method graph)."
02_diskann_fair,agnews,PQ,done,PQ_quantized,built_in_run,,L2,10,4,512.000000,1048576,564.512451,591934208,0,0,0,6961.503906,1652677.117890,1495250.481509,157417.876125,0.000000,64,400,1.2,efSearch,380,1,0.965375,95.414697,10461.747284,15152.106000,NaN,NaN,NaN,NaN,NaN,NaN,NaN,NaN,NaN,25667919.925169,0.033533,1.102081,0.965375,0.037917,NaN,NaN,0,64,aggregate,20260813,results/round2/agnews/raw/02_diskann_fair/PQ/agnews_PQ_R64_Lbuild400.log,"DiskANN FixedChunkPQTable with num_pq_chunks=D/2: graph build AND search use the 4bit-equivalent PQ payload (Quantized strategy, NoStore primary, per-method graph)."
02_diskann_fair,agnews,PQ,done,PQ_quantized,built_in_run,,L2,10,4,512.000000,1048576,564.512451,591934208,0,0,0,6961.503906,1652677.117890,1495250.481509,157417.876125,0.000000,64,400,1.2,efSearch,420,1,0.965375,87.376218,11427.699763,16761.407000,NaN,NaN,NaN,NaN,NaN,NaN,NaN,NaN,NaN,25667919.925169,0.033533,1.102081,0.965375,0.037917,NaN,NaN,0,64,aggregate,20260813,results/round2/agnews/raw/02_diskann_fair/PQ/agnews_PQ_R64_Lbuild400.log,"DiskANN FixedChunkPQTable with num_pq_chunks=D/2: graph build AND search use the 4bit-equivalent PQ payload (Quantized strategy, NoStore primary, per-method graph)."
02_diskann_fair,agnews,PQ,done,PQ_quantized,built_in_run,,L2,10,4,512.000000,1048576,564.512451,591934208,0,0,0,6961.503906,1652677.117890,1495250.481509,157417.876125,0.000000,64,400,1.2,efSearch,460,1,0.965375,82.220450,12144.809556,18051.962000,NaN,NaN,NaN,NaN,NaN,NaN,NaN,NaN,NaN,25667919.925169,0.033533,1.102081,0.965375,0.037917,NaN,NaN,0,64,aggregate,20260813,results/round2/agnews/raw/02_diskann_fair/PQ/agnews_PQ_R64_Lbuild400.log,"DiskANN FixedChunkPQTable with num_pq_chunks=D/2: graph build AND search use the 4bit-equivalent PQ payload (Quantized strategy, NoStore primary, per-method graph)."
02_diskann_fair,agnews,PQ,done,PQ_quantized,built_in_run,,L2,10,4,512.000000,1048576,564.512451,591934208,0,0,0,6961.554688,1633364.622796,1468859.203428,164496.236069,0.000000,64,400,1.2,efSearch,10,1,0.927875,560.180618,1750.056459,2694.197000,NaN,NaN,NaN,NaN,NaN,NaN,NaN,NaN,NaN,25667919.925137,0.033533,1.099184,0.927875,0.037861,NaN,NaN,0,64,aggregate,20260813,results/round2/agnews/raw/02_diskann_fair/PQ/agnews_PQ_R64_Lbuild400.log,"DiskANN FixedChunkPQTable with num_pq_chunks=D/2: graph build AND search use the 4bit-equivalent PQ payload (Quantized strategy, NoStore primary, per-method graph)."
02_diskann_fair,agnews,PQ,done,PQ_quantized,built_in_run,,L2,10,4,512.000000,1048576,564.512451,591934208,0,0,0,6961.554688,1633364.622796,1468859.203428,164496.236069,0.000000,64,400,1.2,efSearch,11,1,0.933875,571.875000,1731.679920,2186.162000,NaN,NaN,NaN,NaN,NaN,NaN,NaN,NaN,NaN,25667919.925141,0.033533,1.099306,0.933875,0.037861,NaN,NaN,0,64,aggregate,20260813,results/round2/agnews/raw/02_diskann_fair/PQ/agnews_PQ_R64_Lbuild400.log,"DiskANN FixedChunkPQTable with num_pq_chunks=D/2: graph build AND search use the 4bit-equivalent PQ payload (Quantized strategy, NoStore primary, per-method graph)."
02_diskann_fair,agnews,PQ,done,PQ_quantized,built_in_run,,L2,10,4,512.000000,1048576,564.512451,591934208,0,0,0,6961.554688,1633364.622796,1468859.203428,164496.236069,0.000000,64,400,1.2,efSearch,12,1,0.936875,595.007409,1663.736795,1967.053000,NaN,NaN,NaN,NaN,NaN,NaN,NaN,NaN,NaN,25667919.925137,0.033533,1.098117,0.936875,0.037833,NaN,NaN,0,64,aggregate,20260813,results/round2/agnews/raw/02_diskann_fair/PQ/agnews_PQ_R64_Lbuild400.log,"DiskANN FixedChunkPQTable with num_pq_chunks=D/2: graph build AND search use the 4bit-equivalent PQ payload (Quantized strategy, NoStore primary, per-method graph)."
02_diskann_fair,agnews,PQ,done,PQ_quantized,built_in_run,,L2,10,4,512.000000,1048576,564.512451,591934208,0,0,0,6961.554688,1633364.622796,1468859.203428,164496.236069,0.000000,64,400,1.2,efSearch,13,1,0.938125,576.478426,1717.538551,2019.656000,NaN,NaN,NaN,NaN,NaN,NaN,NaN,NaN,NaN,25667919.925138,0.033533,1.098381,0.938125,0.037917,NaN,NaN,0,64,aggregate,20260813,results/round2/agnews/raw/02_diskann_fair/PQ/agnews_PQ_R64_Lbuild400.log,"DiskANN FixedChunkPQTable with num_pq_chunks=D/2: graph build AND search use the 4bit-equivalent PQ payload (Quantized strategy, NoStore primary, per-method graph)."
02_diskann_fair,agnews,PQ,done,PQ_quantized,built_in_run,,L2,10,4,512.000000,1048576,564.512451,591934208,0,0,0,6961.554688,1633364.622796,1468859.203428,164496.236069,0.000000,64,400,1.2,efSearch,14,1,0.939625,569.750037,1738.384730,2047.421000,NaN,NaN,NaN,NaN,NaN,NaN,NaN,NaN,NaN,25667919.925137,0.033533,1.098130,0.939625,0.037889,NaN,NaN,0,64,aggregate,20260813,results/round2/agnews/raw/02_diskann_fair/PQ/agnews_PQ_R64_Lbuild400.log,"DiskANN FixedChunkPQTable with num_pq_chunks=D/2: graph build AND search use the 4bit-equivalent PQ payload (Quantized strategy, NoStore primary, per-method graph)."
02_diskann_fair,agnews,PQ,done,PQ_quantized,built_in_run,,L2,10,4,512.000000,1048576,564.512451,591934208,0,0,0,6961.554688,1633364.622796,1468859.203428,164496.236069,0.000000,64,400,1.2,efSearch,15,1,0.943125,558.199663,1774.651261,2104.588000,NaN,NaN,NaN,NaN,NaN,NaN,NaN,NaN,NaN,25667919.925143,0.033533,1.098848,0.943125,0.037972,NaN,NaN,0,64,aggregate,20260813,results/round2/agnews/raw/02_diskann_fair/PQ/agnews_PQ_R64_Lbuild400.log,"DiskANN FixedChunkPQTable with num_pq_chunks=D/2: graph build AND search use the 4bit-equivalent PQ payload (Quantized strategy, NoStore primary, per-method graph)."
02_diskann_fair,agnews,PQ,done,PQ_quantized,built_in_run,,L2,10,4,512.000000,1048576,564.512451,591934208,0,0,0,6961.554688,1633364.622796,1468859.203428,164496.236069,0.000000,64,400,1.2,efSearch,16,1,0.944875,545.198814,1816.271701,2143.303000,NaN,NaN,NaN,NaN,NaN,NaN,NaN,NaN,NaN,25667919.925149,0.033533,1.100104,0.944875,0.038111,NaN,NaN,0,64,aggregate,20260813,results/round2/agnews/raw/02_diskann_fair/PQ/agnews_PQ_R64_Lbuild400.log,"DiskANN FixedChunkPQTable with num_pq_chunks=D/2: graph build AND search use the 4bit-equivalent PQ payload (Quantized strategy, NoStore primary, per-method graph)."
02_diskann_fair,agnews,PQ,done,PQ_quantized,built_in_run,,L2,10,4,512.000000,1048576,564.512451,591934208,0,0,0,6961.554688,1633364.622796,1468859.203428,164496.236069,0.000000,64,400,1.2,efSearch,17,1,0.946250,538.073059,1841.631654,2173.221000,NaN,NaN,NaN,NaN,NaN,NaN,NaN,NaN,NaN,25667919.925152,0.033533,1.100519,0.946250,0.038194,NaN,NaN,0,64,aggregate,20260813,results/round2/agnews/raw/02_diskann_fair/PQ/agnews_PQ_R64_Lbuild400.log,"DiskANN FixedChunkPQTable with num_pq_chunks=D/2: graph build AND search use the 4bit-equivalent PQ payload (Quantized strategy, NoStore primary, per-method graph)."
02_diskann_fair,agnews,PQ,done,PQ_quantized,built_in_run,,L2,10,4,512.000000,1048576,564.512451,591934208,0,0,0,6961.554688,1633364.622796,1468859.203428,164496.236069,0.000000,64,400,1.2,efSearch,18,1,0.949375,528.555514,1875.106641,2218.396000,NaN,NaN,NaN,NaN,NaN,NaN,NaN,NaN,NaN,25667919.925157,0.033533,1.101029,0.949375,0.038028,NaN,NaN,0,64,aggregate,20260813,results/round2/agnews/raw/02_diskann_fair/PQ/agnews_PQ_R64_Lbuild400.log,"DiskANN FixedChunkPQTable with num_pq_chunks=D/2: graph build AND search use the 4bit-equivalent PQ payload (Quantized strategy, NoStore primary, per-method graph)."
02_diskann_fair,agnews,PQ,done,PQ_quantized,built_in_run,,L2,10,4,512.000000,1048576,564.512451,591934208,0,0,0,6961.554688,1633364.622796,1468859.203428,164496.236069,0.000000,64,400,1.2,efSearch,19,1,0.950000,519.244775,1907.479575,2264.944000,NaN,NaN,NaN,NaN,NaN,NaN,NaN,NaN,NaN,25667919.925159,0.033533,1.101321,0.950000,0.038028,NaN,NaN,0,64,aggregate,20260813,results/round2/agnews/raw/02_diskann_fair/PQ/agnews_PQ_R64_Lbuild400.log,"DiskANN FixedChunkPQTable with num_pq_chunks=D/2: graph build AND search use the 4bit-equivalent PQ payload (Quantized strategy, NoStore primary, per-method graph)."
02_diskann_fair,agnews,PQ,done,PQ_quantized,built_in_run,,L2,10,4,512.000000,1048576,564.512451,591934208,0,0,0,6961.554688,1633364.622796,1468859.203428,164496.236069,0.000000,64,400,1.2,efSearch,20,1,0.951500,510.538661,1941.923125,2323.984000,NaN,NaN,NaN,NaN,NaN,NaN,NaN,NaN,NaN,25667919.925157,0.033533,1.101096,0.951500,0.038028,NaN,NaN,0,64,aggregate,20260813,results/round2/agnews/raw/02_diskann_fair/PQ/agnews_PQ_R64_Lbuild400.log,"DiskANN FixedChunkPQTable with num_pq_chunks=D/2: graph build AND search use the 4bit-equivalent PQ payload (Quantized strategy, NoStore primary, per-method graph)."
02_diskann_fair,agnews,PQ,done,PQ_quantized,built_in_run,,L2,10,4,512.000000,1048576,564.512451,591934208,0,0,0,6961.554688,1633364.622796,1468859.203428,164496.236069,0.000000,64,400,1.2,efSearch,21,1,0.952500,502.017824,1973.769349,2352.119000,NaN,NaN,NaN,NaN,NaN,NaN,NaN,NaN,NaN,25667919.925160,0.033533,1.101615,0.952500,0.038222,NaN,NaN,0,64,aggregate,20260813,results/round2/agnews/raw/02_diskann_fair/PQ/agnews_PQ_R64_Lbuild400.log,"DiskANN FixedChunkPQTable with num_pq_chunks=D/2: graph build AND search use the 4bit-equivalent PQ payload (Quantized strategy, NoStore primary, per-method graph)."
02_diskann_fair,agnews,PQ,done,PQ_quantized,built_in_run,,L2,10,4,512.000000,1048576,564.512451,591934208,0,0,0,6961.554688,1633364.622796,1468859.203428,164496.236069,0.000000,64,400,1.2,efSearch,22,1,0.953625,494.170505,2006.698373,2394.930000,NaN,NaN,NaN,NaN,NaN,NaN,NaN,NaN,NaN,25667919.925164,0.033533,1.102482,0.953625,0.038250,NaN,NaN,0,64,aggregate,20260813,results/round2/agnews/raw/02_diskann_fair/PQ/agnews_PQ_R64_Lbuild400.log,"DiskANN FixedChunkPQTable with num_pq_chunks=D/2: graph build AND search use the 4bit-equivalent PQ payload (Quantized strategy, NoStore primary, per-method graph)."
02_diskann_fair,agnews,PQ,done,PQ_quantized,built_in_run,,L2,10,4,512.000000,1048576,564.512451,591934208,0,0,0,6961.554688,1633364.622796,1468859.203428,164496.236069,0.000000,64,400,1.2,efSearch,23,1,0.954125,486.134242,2040.180910,2464.921000,NaN,NaN,NaN,NaN,NaN,NaN,NaN,NaN,NaN,25667919.925163,0.033533,1.102164,0.954125,0.038250,NaN,NaN,0,64,aggregate,20260813,results/round2/agnews/raw/02_diskann_fair/PQ/agnews_PQ_R64_Lbuild400.log,"DiskANN FixedChunkPQTable with num_pq_chunks=D/2: graph build AND search use the 4bit-equivalent PQ payload (Quantized strategy, NoStore primary, per-method graph)."
02_diskann_fair,agnews,PQ,done,PQ_quantized,built_in_run,,L2,10,4,512.000000,1048576,564.512451,591934208,0,0,0,6961.554688,1633364.622796,1468859.203428,164496.236069,0.000000,64,400,1.2,efSearch,24,1,0.955000,478.595516,2071.187985,2487.282000,NaN,NaN,NaN,NaN,NaN,NaN,NaN,NaN,NaN,25667919.925163,0.033533,1.102263,0.955000,0.038306,NaN,NaN,0,64,aggregate,20260813,results/round2/agnews/raw/02_diskann_fair/PQ/agnews_PQ_R64_Lbuild400.log,"DiskANN FixedChunkPQTable with num_pq_chunks=D/2: graph build AND search use the 4bit-equivalent PQ payload (Quantized strategy, NoStore primary, per-method graph)."
02_diskann_fair,agnews,PQ,done,PQ_quantized,built_in_run,,L2,10,4,512.000000,1048576,564.512451,591934208,0,0,0,6961.554688,1633364.622796,1468859.203428,164496.236069,0.000000,64,400,1.2,efSearch,25,1,0.955500,471.424822,2104.505373,2538.904000,NaN,NaN,NaN,NaN,NaN,NaN,NaN,NaN,NaN,25667919.925164,0.033533,1.102347,0.955500,0.038194,NaN,NaN,0,64,aggregate,20260813,results/round2/agnews/raw/02_diskann_fair/PQ/agnews_PQ_R64_Lbuild400.log,"DiskANN FixedChunkPQTable with num_pq_chunks=D/2: graph build AND search use the 4bit-equivalent PQ payload (Quantized strategy, NoStore primary, per-method graph)."
02_diskann_fair,agnews,PQ,done,PQ_quantized,built_in_run,,L2,10,4,512.000000,1048576,564.512451,591934208,0,0,0,6961.554688,1633364.622796,1468859.203428,164496.236069,0.000000,64,400,1.2,efSearch,26,1,0.955750,464.318236,2135.294018,2562.494000,NaN,NaN,NaN,NaN,NaN,NaN,NaN,NaN,NaN,25667919.925165,0.033533,1.102700,0.955750,0.038222,NaN,NaN,0,64,aggregate,20260813,results/round2/agnews/raw/02_diskann_fair/PQ/agnews_PQ_R64_Lbuild400.log,"DiskANN FixedChunkPQTable with num_pq_chunks=D/2: graph build AND search use the 4bit-equivalent PQ payload (Quantized strategy, NoStore primary, per-method graph)."
02_diskann_fair,agnews,PQ,done,PQ_quantized,built_in_run,,L2,10,4,512.000000,1048576,564.512451,591934208,0,0,0,6961.554688,1633364.622796,1468859.203428,164496.236069,0.000000,64,400,1.2,efSearch,27,1,0.956750,457.853387,2167.345719,2626.396000,NaN,NaN,NaN,NaN,NaN,NaN,NaN,NaN,NaN,25667919.925161,0.033533,1.101701,0.956750,0.038333,NaN,NaN,0,64,aggregate,20260813,results/round2/agnews/raw/02_diskann_fair/PQ/agnews_PQ_R64_Lbuild400.log,"DiskANN FixedChunkPQTable with num_pq_chunks=D/2: graph build AND search use the 4bit-equivalent PQ payload (Quantized strategy, NoStore primary, per-method graph)."
02_diskann_fair,agnews,PQ,done,PQ_quantized,built_in_run,,L2,10,4,512.000000,1048576,564.512451,591934208,0,0,0,6961.554688,1633364.622796,1468859.203428,164496.236069,0.000000,64,400,1.2,efSearch,28,1,0.959000,450.283686,2203.988751,2666.502000,NaN,NaN,NaN,NaN,NaN,NaN,NaN,NaN,NaN,25667919.925162,0.033533,1.101277,0.959000,0.038333,NaN,NaN,0,64,aggregate,20260813,results/round2/agnews/raw/02_diskann_fair/PQ/agnews_PQ_R64_Lbuild400.log,"DiskANN FixedChunkPQTable with num_pq_chunks=D/2: graph build AND search use the 4bit-equivalent PQ payload (Quantized strategy, NoStore primary, per-method graph)."
02_diskann_fair,agnews,PQ,done,PQ_quantized,built_in_run,,L2,10,4,512.000000,1048576,564.512451,591934208,0,0,0,6961.554688,1633364.622796,1468859.203428,164496.236069,0.000000,64,400,1.2,efSearch,29,1,0.959000,444.559488,2231.094104,2716.104000,NaN,NaN,NaN,NaN,NaN,NaN,NaN,NaN,NaN,25667919.925162,0.033533,1.101277,0.959000,0.038333,NaN,NaN,0,64,aggregate,20260813,results/round2/agnews/raw/02_diskann_fair/PQ/agnews_PQ_R64_Lbuild400.log,"DiskANN FixedChunkPQTable with num_pq_chunks=D/2: graph build AND search use the 4bit-equivalent PQ payload (Quantized strategy, NoStore primary, per-method graph)."
02_diskann_fair,agnews,PQ,done,PQ_quantized,built_in_run,,L2,10,4,512.000000,1048576,564.512451,591934208,0,0,0,6961.554688,1633364.622796,1468859.203428,164496.236069,0.000000,64,400,1.2,efSearch,30,1,0.959125,438.892993,2261.598409,2734.744000,NaN,NaN,NaN,NaN,NaN,NaN,NaN,NaN,NaN,25667919.925163,0.033533,1.101524,0.959125,0.038333,NaN,NaN,0,64,aggregate,20260813,results/round2/agnews/raw/02_diskann_fair/PQ/agnews_PQ_R64_Lbuild400.log,"DiskANN FixedChunkPQTable with num_pq_chunks=D/2: graph build AND search use the 4bit-equivalent PQ payload (Quantized strategy, NoStore primary, per-method graph)."
02_diskann_fair,agnews,PQ,done,PQ_quantized,built_in_run,,L2,10,4,512.000000,1048576,564.512451,591934208,0,0,0,6961.554688,1633364.622796,1468859.203428,164496.236069,0.000000,64,400,1.2,efSearch,40,1,0.961375,386.376418,2569.754813,3154.161000,NaN,NaN,NaN,NaN,NaN,NaN,NaN,NaN,NaN,25667919.925164,0.033533,1.101522,0.961375,0.038139,NaN,NaN,0,64,aggregate,20260813,results/round2/agnews/raw/02_diskann_fair/PQ/agnews_PQ_R64_Lbuild400.log,"DiskANN FixedChunkPQTable with num_pq_chunks=D/2: graph build AND search use the 4bit-equivalent PQ payload (Quantized strategy, NoStore primary, per-method graph)."
02_diskann_fair,agnews,PQ,done,PQ_quantized,built_in_run,,L2,10,4,512.000000,1048576,564.512451,591934208,0,0,0,6961.554688,1633364.622796,1468859.203428,164496.236069,0.000000,64,400,1.2,efSearch,50,1,0.963000,346.813429,2866.447996,3570.878000,NaN,NaN,NaN,NaN,NaN,NaN,NaN,NaN,NaN,25667919.925164,0.033533,1.101414,0.963000,0.038028,NaN,NaN,0,64,aggregate,20260813,results/round2/agnews/raw/02_diskann_fair/PQ/agnews_PQ_R64_Lbuild400.log,"DiskANN FixedChunkPQTable with num_pq_chunks=D/2: graph build AND search use the 4bit-equivalent PQ payload (Quantized strategy, NoStore primary, per-method graph)."
02_diskann_fair,agnews,PQ,done,PQ_quantized,built_in_run,,L2,10,4,512.000000,1048576,564.512451,591934208,0,0,0,6961.554688,1633364.622796,1468859.203428,164496.236069,0.000000,64,400,1.2,efSearch,60,1,0.963500,315.576348,3150.568013,4015.640000,NaN,NaN,NaN,NaN,NaN,NaN,NaN,NaN,NaN,25667919.925165,0.033533,1.101457,0.963500,0.038083,NaN,NaN,0,64,aggregate,20260813,results/round2/agnews/raw/02_diskann_fair/PQ/agnews_PQ_R64_Lbuild400.log,"DiskANN FixedChunkPQTable with num_pq_chunks=D/2: graph build AND search use the 4bit-equivalent PQ payload (Quantized strategy, NoStore primary, per-method graph)."
02_diskann_fair,agnews,PQ,done,PQ_quantized,built_in_run,,L2,10,4,512.000000,1048576,564.512451,591934208,0,0,0,6961.554688,1633364.622796,1468859.203428,164496.236069,0.000000,64,400,1.2,efSearch,70,1,0.964125,289.830767,3431.819658,4377.536000,NaN,NaN,NaN,NaN,NaN,NaN,NaN,NaN,NaN,25667919.925163,0.033533,1.100942,0.964125,0.037944,NaN,NaN,0,64,aggregate,20260813,results/round2/agnews/raw/02_diskann_fair/PQ/agnews_PQ_R64_Lbuild400.log,"DiskANN FixedChunkPQTable with num_pq_chunks=D/2: graph build AND search use the 4bit-equivalent PQ payload (Quantized strategy, NoStore primary, per-method graph)."
02_diskann_fair,agnews,PQ,done,PQ_quantized,built_in_run,,L2,10,4,512.000000,1048576,564.512451,591934208,0,0,0,6961.554688,1633364.622796,1468859.203428,164496.236069,0.000000,64,400,1.2,efSearch,80,1,0.964375,268.866529,3702.470432,4825.933000,NaN,NaN,NaN,NaN,NaN,NaN,NaN,NaN,NaN,25667919.925164,0.033533,1.101108,0.964375,0.037972,NaN,NaN,0,64,aggregate,20260813,results/round2/agnews/raw/02_diskann_fair/PQ/agnews_PQ_R64_Lbuild400.log,"DiskANN FixedChunkPQTable with num_pq_chunks=D/2: graph build AND search use the 4bit-equivalent PQ payload (Quantized strategy, NoStore primary, per-method graph)."
02_diskann_fair,agnews,PQ,done,PQ_quantized,built_in_run,,L2,10,4,512.000000,1048576,564.512451,591934208,0,0,0,6961.554688,1633364.622796,1468859.203428,164496.236069,0.000000,64,400,1.2,efSearch,90,1,0.964625,250.788381,3969.157511,5211.707000,NaN,NaN,NaN,NaN,NaN,NaN,NaN,NaN,NaN,25667919.925165,0.033533,1.101278,0.964625,0.038028,NaN,NaN,0,64,aggregate,20260813,results/round2/agnews/raw/02_diskann_fair/PQ/agnews_PQ_R64_Lbuild400.log,"DiskANN FixedChunkPQTable with num_pq_chunks=D/2: graph build AND search use the 4bit-equivalent PQ payload (Quantized strategy, NoStore primary, per-method graph)."
02_diskann_fair,agnews,PQ,done,PQ_quantized,built_in_run,,L2,10,4,512.000000,1048576,564.512451,591934208,0,0,0,6961.554688,1633364.622796,1468859.203428,164496.236069,0.000000,64,400,1.2,efSearch,100,1,0.964750,235.065362,4235.695646,5630.780000,NaN,NaN,NaN,NaN,NaN,NaN,NaN,NaN,NaN,25667919.925165,0.033533,1.101298,0.964750,0.038083,NaN,NaN,0,64,aggregate,20260813,results/round2/agnews/raw/02_diskann_fair/PQ/agnews_PQ_R64_Lbuild400.log,"DiskANN FixedChunkPQTable with num_pq_chunks=D/2: graph build AND search use the 4bit-equivalent PQ payload (Quantized strategy, NoStore primary, per-method graph)."
02_diskann_fair,agnews,PQ,done,PQ_quantized,built_in_run,,L2,10,4,512.000000,1048576,564.512451,591934208,0,0,0,6961.554688,1633364.622796,1468859.203428,164496.236069,0.000000,64,400,1.2,efSearch,140,1,0.965125,188.966217,5273.737479,7207.663000,NaN,NaN,NaN,NaN,NaN,NaN,NaN,NaN,NaN,25667919.925167,0.033533,1.101767,0.965125,0.038056,NaN,NaN,0,64,aggregate,20260813,results/round2/agnews/raw/02_diskann_fair/PQ/agnews_PQ_R64_Lbuild400.log,"DiskANN FixedChunkPQTable with num_pq_chunks=D/2: graph build AND search use the 4bit-equivalent PQ payload (Quantized strategy, NoStore primary, per-method graph)."
02_diskann_fair,agnews,PQ,done,PQ_quantized,built_in_run,,L2,10,4,512.000000,1048576,564.512451,591934208,0,0,0,6961.554688,1633364.622796,1468859.203428,164496.236069,0.000000,64,400,1.2,efSearch,180,1,0.965250,159.054611,6269.573586,8800.726000,NaN,NaN,NaN,NaN,NaN,NaN,NaN,NaN,NaN,25667919.925168,0.033533,1.101880,0.965250,0.037944,NaN,NaN,0,64,aggregate,20260813,results/round2/agnews/raw/02_diskann_fair/PQ/agnews_PQ_R64_Lbuild400.log,"DiskANN FixedChunkPQTable with num_pq_chunks=D/2: graph build AND search use the 4bit-equivalent PQ payload (Quantized strategy, NoStore primary, per-method graph)."
02_diskann_fair,agnews,PQ,done,PQ_quantized,built_in_run,,L2,10,4,512.000000,1048576,564.512451,591934208,0,0,0,6961.554688,1633364.622796,1468859.203428,164496.236069,0.000000,64,400,1.2,efSearch,220,1,0.965250,136.718226,7297.333897,10349.314000,NaN,NaN,NaN,NaN,NaN,NaN,NaN,NaN,NaN,25667919.925168,0.033533,1.101880,0.965250,0.037944,NaN,NaN,0,64,aggregate,20260813,results/round2/agnews/raw/02_diskann_fair/PQ/agnews_PQ_R64_Lbuild400.log,"DiskANN FixedChunkPQTable with num_pq_chunks=D/2: graph build AND search use the 4bit-equivalent PQ payload (Quantized strategy, NoStore primary, per-method graph)."
02_diskann_fair,agnews,PQ,done,PQ_quantized,built_in_run,,L2,10,4,512.000000,1048576,564.512451,591934208,0,0,0,6961.554688,1633364.622796,1468859.203428,164496.236069,0.000000,64,400,1.2,efSearch,260,1,0.965250,120.490135,8281.871330,11973.135000,NaN,NaN,NaN,NaN,NaN,NaN,NaN,NaN,NaN,25667919.925168,0.033533,1.101880,0.965250,0.037944,NaN,NaN,0,64,aggregate,20260813,results/round2/agnews/raw/02_diskann_fair/PQ/agnews_PQ_R64_Lbuild400.log,"DiskANN FixedChunkPQTable with num_pq_chunks=D/2: graph build AND search use the 4bit-equivalent PQ payload (Quantized strategy, NoStore primary, per-method graph)."
02_diskann_fair,agnews,PQ,done,PQ_quantized,built_in_run,,L2,10,4,512.000000,1048576,564.512451,591934208,0,0,0,6961.554688,1633364.622796,1468859.203428,164496.236069,0.000000,64,400,1.2,efSearch,300,1,0.965375,102.178595,9766.739084,14481.654000,NaN,NaN,NaN,NaN,NaN,NaN,NaN,NaN,NaN,25667919.925169,0.033533,1.102081,0.965375,0.037917,NaN,NaN,0,64,aggregate,20260813,results/round2/agnews/raw/02_diskann_fair/PQ/agnews_PQ_R64_Lbuild400.log,"DiskANN FixedChunkPQTable with num_pq_chunks=D/2: graph build AND search use the 4bit-equivalent PQ payload (Quantized strategy, NoStore primary, per-method graph)."
02_diskann_fair,agnews,PQ,done,PQ_quantized,built_in_run,,L2,10,4,512.000000,1048576,564.512451,591934208,0,0,0,6961.554688,1633364.622796,1468859.203428,164496.236069,0.000000,64,400,1.2,efSearch,340,1,0.965375,86.031527,11597.755197,16989.523000,NaN,NaN,NaN,NaN,NaN,NaN,NaN,NaN,NaN,25667919.925169,0.033533,1.102081,0.965375,0.037917,NaN,NaN,0,64,aggregate,20260813,results/round2/agnews/raw/02_diskann_fair/PQ/agnews_PQ_R64_Lbuild400.log,"DiskANN FixedChunkPQTable with num_pq_chunks=D/2: graph build AND search use the 4bit-equivalent PQ payload (Quantized strategy, NoStore primary, per-method graph)."
02_diskann_fair,agnews,PQ,done,PQ_quantized,built_in_run,,L2,10,4,512.000000,1048576,564.512451,591934208,0,0,0,6961.554688,1633364.622796,1468859.203428,164496.236069,0.000000,64,400,1.2,efSearch,380,1,0.965375,90.273495,11054.880781,16467.197000,NaN,NaN,NaN,NaN,NaN,NaN,NaN,NaN,NaN,25667919.925169,0.033533,1.102081,0.965375,0.037917,NaN,NaN,0,64,aggregate,20260813,results/round2/agnews/raw/02_diskann_fair/PQ/agnews_PQ_R64_Lbuild400.log,"DiskANN FixedChunkPQTable with num_pq_chunks=D/2: graph build AND search use the 4bit-equivalent PQ payload (Quantized strategy, NoStore primary, per-method graph)."
02_diskann_fair,agnews,PQ,done,PQ_quantized,built_in_run,,L2,10,4,512.000000,1048576,564.512451,591934208,0,0,0,6961.554688,1633364.622796,1468859.203428,164496.236069,0.000000,64,400,1.2,efSearch,420,1,0.965375,87.301360,11434.476046,16743.422000,NaN,NaN,NaN,NaN,NaN,NaN,NaN,NaN,NaN,25667919.925169,0.033533,1.102081,0.965375,0.037917,NaN,NaN,0,64,aggregate,20260813,results/round2/agnews/raw/02_diskann_fair/PQ/agnews_PQ_R64_Lbuild400.log,"DiskANN FixedChunkPQTable with num_pq_chunks=D/2: graph build AND search use the 4bit-equivalent PQ payload (Quantized strategy, NoStore primary, per-method graph)."
02_diskann_fair,agnews,PQ,done,PQ_quantized,built_in_run,,L2,10,4,512.000000,1048576,564.512451,591934208,0,0,0,6961.554688,1633364.622796,1468859.203428,164496.236069,0.000000,64,400,1.2,efSearch,460,1,0.965375,80.307249,12431.938203,18189.680000,NaN,NaN,NaN,NaN,NaN,NaN,NaN,NaN,NaN,25667919.925169,0.033533,1.102081,0.965375,0.037917,NaN,NaN,0,64,aggregate,20260813,results/round2/agnews/raw/02_diskann_fair/PQ/agnews_PQ_R64_Lbuild400.log,"DiskANN FixedChunkPQTable with num_pq_chunks=D/2: graph build AND search use the 4bit-equivalent PQ payload (Quantized strategy, NoStore primary, per-method graph)."
02_diskann_fair,agnews,SQ,done,SQ4_symmetric,built_in_run,,L2,10,4,516.000000,,566.447411,593963160,0,0,0,6961.503906,1023581.602113,1021522.643223,2054.879370,0.000000,64,400,1.2,efSearch,10,1,0.921750,571.355336,1716.349616,2275.947000,NaN,NaN,NaN,NaN,NaN,NaN,NaN,NaN,NaN,0.045725,0.078091,2.470006,0.921750,0.053417,NaN,NaN,0,64,aggregate,20260813,results/round2/agnews/raw/02_diskann_fair/SQ/agnews_SQ_R64_Lbuild400.log,"DiskANN scalar quantization WithBits<4>: graph build AND search use the 4-bit scalar payload (Quantized strategy, NoStore primary, per-method graph)."
02_diskann_fair,agnews,SQ,done,SQ4_symmetric,built_in_run,,L2,10,4,516.000000,,566.447411,593963160,0,0,0,6961.503906,1023581.602113,1021522.643223,2054.879370,0.000000,64,400,1.2,efSearch,11,1,0.924750,565.333870,1752.221102,2342.056000,NaN,NaN,NaN,NaN,NaN,NaN,NaN,NaN,NaN,0.045709,0.078091,2.466585,0.924750,0.053750,NaN,NaN,0,64,aggregate,20260813,results/round2/agnews/raw/02_diskann_fair/SQ/agnews_SQ_R64_Lbuild400.log,"DiskANN scalar quantization WithBits<4>: graph build AND search use the 4-bit scalar payload (Quantized strategy, NoStore primary, per-method graph)."
02_diskann_fair,agnews,SQ,done,SQ4_symmetric,built_in_run,,L2,10,4,516.000000,,566.447411,593963160,0,0,0,6961.503906,1023581.602113,1021522.643223,2054.879370,0.000000,64,400,1.2,efSearch,12,1,0.927625,547.634488,1809.415737,2428.099000,NaN,NaN,NaN,NaN,NaN,NaN,NaN,NaN,NaN,0.045702,0.078091,2.464694,0.927625,0.053750,NaN,NaN,0,64,aggregate,20260813,results/round2/agnews/raw/02_diskann_fair/SQ/agnews_SQ_R64_Lbuild400.log,"DiskANN scalar quantization WithBits<4>: graph build AND search use the 4-bit scalar payload (Quantized strategy, NoStore primary, per-method graph)."
02_diskann_fair,agnews,SQ,done,SQ4_symmetric,built_in_run,,L2,10,4,516.000000,,566.447411,593963160,0,0,0,6961.503906,1023581.602113,1021522.643223,2054.879370,0.000000,64,400,1.2,efSearch,13,1,0.928750,534.842170,1853.012615,2434.982000,NaN,NaN,NaN,NaN,NaN,NaN,NaN,NaN,NaN,0.045705,0.078091,2.464919,0.928750,0.053778,NaN,NaN,0,64,aggregate,20260813,results/round2/agnews/raw/02_diskann_fair/SQ/agnews_SQ_R64_Lbuild400.log,"DiskANN scalar quantization WithBits<4>: graph build AND search use the 4-bit scalar payload (Quantized strategy, NoStore primary, per-method graph)."
02_diskann_fair,agnews,SQ,done,SQ4_symmetric,built_in_run,,L2,10,4,516.000000,,566.447411,593963160,0,0,0,6961.503906,1023581.602113,1021522.643223,2054.879370,0.000000,64,400,1.2,efSearch,14,1,0.930500,514.311545,1927.745465,2534.057000,NaN,NaN,NaN,NaN,NaN,NaN,NaN,NaN,NaN,0.045691,0.078091,2.461518,0.930500,0.053667,NaN,NaN,0,64,aggregate,20260813,results/round2/agnews/raw/02_diskann_fair/SQ/agnews_SQ_R64_Lbuild400.log,"DiskANN scalar quantization WithBits<4>: graph build AND search use the 4-bit scalar payload (Quantized strategy, NoStore primary, per-method graph)."
02_diskann_fair,agnews,SQ,done,SQ4_symmetric,built_in_run,,L2,10,4,516.000000,,566.447411,593963160,0,0,0,6961.503906,1023581.602113,1021522.643223,2054.879370,0.000000,64,400,1.2,efSearch,15,1,0.931000,497.122374,1994.857140,2612.053000,NaN,NaN,NaN,NaN,NaN,NaN,NaN,NaN,NaN,0.045690,0.078091,2.461118,0.931000,0.053611,NaN,NaN,0,64,aggregate,20260813,results/round2/agnews/raw/02_diskann_fair/SQ/agnews_SQ_R64_Lbuild400.log,"DiskANN scalar quantization WithBits<4>: graph build AND search use the 4-bit scalar payload (Quantized strategy, NoStore primary, per-method graph)."
02_diskann_fair,agnews,SQ,done,SQ4_symmetric,built_in_run,,L2,10,4,516.000000,,566.447411,593963160,0,0,0,6961.503906,1023581.602113,1021522.643223,2054.879370,0.000000,64,400,1.2,efSearch,16,1,0.932125,477.888315,2075.708169,2713.535000,NaN,NaN,NaN,NaN,NaN,NaN,NaN,NaN,NaN,0.045698,0.078091,2.462158,0.932125,0.053917,NaN,NaN,0,64,aggregate,20260813,results/round2/agnews/raw/02_diskann_fair/SQ/agnews_SQ_R64_Lbuild400.log,"DiskANN scalar quantization WithBits<4>: graph build AND search use the 4-bit scalar payload (Quantized strategy, NoStore primary, per-method graph)."
02_diskann_fair,agnews,SQ,done,SQ4_symmetric,built_in_run,,L2,10,4,516.000000,,566.447411,593963160,0,0,0,6961.503906,1023581.602113,1021522.643223,2054.879370,0.000000,64,400,1.2,efSearch,17,1,0.933375,462.621903,2144.940404,2800.659000,NaN,NaN,NaN,NaN,NaN,NaN,NaN,NaN,NaN,0.045702,0.078091,2.463052,0.933375,0.053944,NaN,NaN,0,64,aggregate,20260813,results/round2/agnews/raw/02_diskann_fair/SQ/agnews_SQ_R64_Lbuild400.log,"DiskANN scalar quantization WithBits<4>: graph build AND search use the 4-bit scalar payload (Quantized strategy, NoStore primary, per-method graph)."
02_diskann_fair,agnews,SQ,done,SQ4_symmetric,built_in_run,,L2,10,4,516.000000,,566.447411,593963160,0,0,0,6961.503906,1023581.602113,1021522.643223,2054.879370,0.000000,64,400,1.2,efSearch,18,1,0.935875,447.762747,2216.607259,2913.106000,NaN,NaN,NaN,NaN,NaN,NaN,NaN,NaN,NaN,0.045693,0.078091,2.460694,0.935875,0.053417,NaN,NaN,0,64,aggregate,20260813,results/round2/agnews/raw/02_diskann_fair/SQ/agnews_SQ_R64_Lbuild400.log,"DiskANN scalar quantization WithBits<4>: graph build AND search use the 4-bit scalar payload (Quantized strategy, NoStore primary, per-method graph)."
02_diskann_fair,agnews,SQ,done,SQ4_symmetric,built_in_run,,L2,10,4,516.000000,,566.447411,593963160,0,0,0,6961.503906,1023581.602113,1021522.643223,2054.879370,0.000000,64,400,1.2,efSearch,19,1,0.936625,433.711591,2289.051204,3010.402000,NaN,NaN,NaN,NaN,NaN,NaN,NaN,NaN,NaN,0.045689,0.078091,2.459666,0.936625,0.053556,NaN,NaN,0,64,aggregate,20260813,results/round2/agnews/raw/02_diskann_fair/SQ/agnews_SQ_R64_Lbuild400.log,"DiskANN scalar quantization WithBits<4>: graph build AND search use the 4-bit scalar payload (Quantized strategy, NoStore primary, per-method graph)."
02_diskann_fair,agnews,SQ,done,SQ4_symmetric,built_in_run,,L2,10,4,516.000000,,566.447411,593963160,0,0,0,6961.503906,1023581.602113,1021522.643223,2054.879370,0.000000,64,400,1.2,efSearch,20,1,0.937125,420.766447,2359.857326,3111.530000,NaN,NaN,NaN,NaN,NaN,NaN,NaN,NaN,NaN,0.045691,0.078091,2.459734,0.937125,0.053583,NaN,NaN,0,64,aggregate,20260813,results/round2/agnews/raw/02_diskann_fair/SQ/agnews_SQ_R64_Lbuild400.log,"DiskANN scalar quantization WithBits<4>: graph build AND search use the 4-bit scalar payload (Quantized strategy, NoStore primary, per-method graph)."
02_diskann_fair,agnews,SQ,done,SQ4_symmetric,built_in_run,,L2,10,4,516.000000,,566.447411,593963160,0,0,0,6961.503906,1023581.602113,1021522.643223,2054.879370,0.000000,64,400,1.2,efSearch,21,1,0.938000,407.594823,2436.548690,3216.762000,NaN,NaN,NaN,NaN,NaN,NaN,NaN,NaN,NaN,0.045700,0.078091,2.461259,0.938000,0.053556,NaN,NaN,0,64,aggregate,20260813,results/round2/agnews/raw/02_diskann_fair/SQ/agnews_SQ_R64_Lbuild400.log,"DiskANN scalar quantization WithBits<4>: graph build AND search use the 4-bit scalar payload (Quantized strategy, NoStore primary, per-method graph)."
02_diskann_fair,agnews,SQ,done,SQ4_symmetric,built_in_run,,L2,10,4,516.000000,,566.447411,593963160,0,0,0,6961.503906,1023581.602113,1021522.643223,2054.879370,0.000000,64,400,1.2,efSearch,22,1,0.938125,396.135324,2505.804781,3294.841000,NaN,NaN,NaN,NaN,NaN,NaN,NaN,NaN,NaN,0.045706,0.078091,2.462587,0.938125,0.053722,NaN,NaN,0,64,aggregate,20260813,results/round2/agnews/raw/02_diskann_fair/SQ/agnews_SQ_R64_Lbuild400.log,"DiskANN scalar quantization WithBits<4>: graph build AND search use the 4-bit scalar payload (Quantized strategy, NoStore primary, per-method graph)."
02_diskann_fair,agnews,SQ,done,SQ4_symmetric,built_in_run,,L2,10,4,516.000000,,566.447411,593963160,0,0,0,6961.503906,1023581.602113,1021522.643223,2054.879370,0.000000,64,400,1.2,efSearch,23,1,0.939000,387.362055,2564.887351,3355.509000,NaN,NaN,NaN,NaN,NaN,NaN,NaN,NaN,NaN,0.045710,0.078091,2.463378,0.939000,0.053833,NaN,NaN,0,64,aggregate,20260813,results/round2/agnews/raw/02_diskann_fair/SQ/agnews_SQ_R64_Lbuild400.log,"DiskANN scalar quantization WithBits<4>: graph build AND search use the 4-bit scalar payload (Quantized strategy, NoStore primary, per-method graph)."
02_diskann_fair,agnews,SQ,done,SQ4_symmetric,built_in_run,,L2,10,4,516.000000,,566.447411,593963160,0,0,0,6961.503906,1023581.602113,1021522.643223,2054.879370,0.000000,64,400,1.2,efSearch,24,1,0.938875,377.166419,2634.570669,3466.522000,NaN,NaN,NaN,NaN,NaN,NaN,NaN,NaN,NaN,0.045710,0.078091,2.463477,0.938875,0.053833,NaN,NaN,0,64,aggregate,20260813,results/round2/agnews/raw/02_diskann_fair/SQ/agnews_SQ_R64_Lbuild400.log,"DiskANN scalar quantization WithBits<4>: graph build AND search use the 4-bit scalar payload (Quantized strategy, NoStore primary, per-method graph)."
02_diskann_fair,agnews,SQ,done,SQ4_symmetric,built_in_run,,L2,10,4,516.000000,,566.447411,593963160,0,0,0,6961.503906,1023581.602113,1021522.643223,2054.879370,0.000000,64,400,1.2,efSearch,25,1,0.939250,367.944871,2701.110336,3552.382000,NaN,NaN,NaN,NaN,NaN,NaN,NaN,NaN,NaN,0.045717,0.078091,2.464921,0.939250,0.053806,NaN,NaN,0,64,aggregate,20260813,results/round2/agnews/raw/02_diskann_fair/SQ/agnews_SQ_R64_Lbuild400.log,"DiskANN scalar quantization WithBits<4>: graph build AND search use the 4-bit scalar payload (Quantized strategy, NoStore primary, per-method graph)."
02_diskann_fair,agnews,SQ,done,SQ4_symmetric,built_in_run,,L2,10,4,516.000000,,566.447411,593963160,0,0,0,6961.503906,1023581.602113,1021522.643223,2054.879370,0.000000,64,400,1.2,efSearch,26,1,0.939625,358.422512,2771.808609,3630.612000,NaN,NaN,NaN,NaN,NaN,NaN,NaN,NaN,NaN,0.045720,0.078091,2.465545,0.939625,0.053889,NaN,NaN,0,64,aggregate,20260813,results/round2/agnews/raw/02_diskann_fair/SQ/agnews_SQ_R64_Lbuild400.log,"DiskANN scalar quantization WithBits<4>: graph build AND search use the 4-bit scalar payload (Quantized strategy, NoStore primary, per-method graph)."
02_diskann_fair,agnews,SQ,done,SQ4_symmetric,built_in_run,,L2,10,4,516.000000,,566.447411,593963160,0,0,0,6961.503906,1023581.602113,1021522.643223,2054.879370,0.000000,64,400,1.2,efSearch,27,1,0.940000,350.123963,2839.361787,3718.500000,NaN,NaN,NaN,NaN,NaN,NaN,NaN,NaN,NaN,0.045721,0.078091,2.465550,0.940000,0.053917,NaN,NaN,0,64,aggregate,20260813,results/round2/agnews/raw/02_diskann_fair/SQ/agnews_SQ_R64_Lbuild400.log,"DiskANN scalar quantization WithBits<4>: graph build AND search use the 4-bit scalar payload (Quantized strategy, NoStore primary, per-method graph)."
02_diskann_fair,agnews,SQ,done,SQ4_symmetric,built_in_run,,L2,10,4,516.000000,,566.447411,593963160,0,0,0,6961.503906,1023581.602113,1021522.643223,2054.879370,0.000000,64,400,1.2,efSearch,28,1,0.940750,342.255159,2905.088449,3822.942000,NaN,NaN,NaN,NaN,NaN,NaN,NaN,NaN,NaN,0.045727,0.078091,2.466623,0.940750,0.053972,NaN,NaN,0,64,aggregate,20260813,results/round2/agnews/raw/02_diskann_fair/SQ/agnews_SQ_R64_Lbuild400.log,"DiskANN scalar quantization WithBits<4>: graph build AND search use the 4-bit scalar payload (Quantized strategy, NoStore primary, per-method graph)."
02_diskann_fair,agnews,SQ,done,SQ4_symmetric,built_in_run,,L2,10,4,516.000000,,566.447411,593963160,0,0,0,6961.503906,1023581.602113,1021522.643223,2054.879370,0.000000,64,400,1.2,efSearch,29,1,0.941750,334.231952,2975.188099,3926.876000,NaN,NaN,NaN,NaN,NaN,NaN,NaN,NaN,NaN,0.045722,0.078091,2.465298,0.941750,0.054000,NaN,NaN,0,64,aggregate,20260813,results/round2/agnews/raw/02_diskann_fair/SQ/agnews_SQ_R64_Lbuild400.log,"DiskANN scalar quantization WithBits<4>: graph build AND search use the 4-bit scalar payload (Quantized strategy, NoStore primary, per-method graph)."
02_diskann_fair,agnews,SQ,done,SQ4_symmetric,built_in_run,,L2,10,4,516.000000,,566.447411,593963160,0,0,0,6961.503906,1023581.602113,1021522.643223,2054.879370,0.000000,64,400,1.2,efSearch,30,1,0.942500,326.522663,3044.442745,4033.331000,NaN,NaN,NaN,NaN,NaN,NaN,NaN,NaN,NaN,0.045722,0.078091,2.465260,0.942500,0.054056,NaN,NaN,0,64,aggregate,20260813,results/round2/agnews/raw/02_diskann_fair/SQ/agnews_SQ_R64_Lbuild400.log,"DiskANN scalar quantization WithBits<4>: graph build AND search use the 4-bit scalar payload (Quantized strategy, NoStore primary, per-method graph)."
02_diskann_fair,agnews,SQ,done,SQ4_symmetric,built_in_run,,L2,10,4,516.000000,,566.447411,593963160,0,0,0,6961.503906,1023581.602113,1021522.643223,2054.879370,0.000000,64,400,1.2,efSearch,40,1,0.945875,269.380667,3695.104365,4978.977000,NaN,NaN,NaN,NaN,NaN,NaN,NaN,NaN,NaN,0.045746,0.078091,2.466602,0.945875,0.054056,NaN,NaN,0,64,aggregate,20260813,results/round2/agnews/raw/02_diskann_fair/SQ/agnews_SQ_R64_Lbuild400.log,"DiskANN scalar quantization WithBits<4>: graph build AND search use the 4-bit scalar payload (Quantized strategy, NoStore primary, per-method graph)."
02_diskann_fair,agnews,SQ,done,SQ4_symmetric,built_in_run,,L2,10,4,516.000000,,566.447411,593963160,0,0,0,6961.503906,1023581.602113,1021522.643223,2054.879370,0.000000,64,400,1.2,efSearch,50,1,0.946250,230.657526,4318.489428,5885.886000,NaN,NaN,NaN,NaN,NaN,NaN,NaN,NaN,NaN,0.045753,0.078091,2.467759,0.946250,0.054139,NaN,NaN,0,64,aggregate,20260813,results/round2/agnews/raw/02_diskann_fair/SQ/agnews_SQ_R64_Lbuild400.log,"DiskANN scalar quantization WithBits<4>: graph build AND search use the 4-bit scalar payload (Quantized strategy, NoStore primary, per-method graph)."
02_diskann_fair,agnews,SQ,done,SQ4_symmetric,built_in_run,,L2,10,4,516.000000,,566.447411,593963160,0,0,0,6961.503906,1023581.602113,1021522.643223,2054.879370,0.000000,64,400,1.2,efSearch,60,1,0.946625,202.236433,4926.306805,6760.770000,NaN,NaN,NaN,NaN,NaN,NaN,NaN,NaN,NaN,0.045753,0.078091,2.467551,0.946625,0.054083,NaN,NaN,0,64,aggregate,20260813,results/round2/agnews/raw/02_diskann_fair/SQ/agnews_SQ_R64_Lbuild400.log,"DiskANN scalar quantization WithBits<4>: graph build AND search use the 4-bit scalar payload (Quantized strategy, NoStore primary, per-method graph)."
02_diskann_fair,agnews,SQ,done,SQ4_symmetric,built_in_run,,L2,10,4,516.000000,,566.447411,593963160,0,0,0,6961.503906,1023581.602113,1021522.643223,2054.879370,0.000000,64,400,1.2,efSearch,70,1,0.947250,180.718120,5516.201324,7597.024000,NaN,NaN,NaN,NaN,NaN,NaN,NaN,NaN,NaN,0.045755,0.078091,2.468027,0.947250,0.054167,NaN,NaN,0,64,aggregate,20260813,results/round2/agnews/raw/02_diskann_fair/SQ/agnews_SQ_R64_Lbuild400.log,"DiskANN scalar quantization WithBits<4>: graph build AND search use the 4-bit scalar payload (Quantized strategy, NoStore primary, per-method graph)."
02_diskann_fair,agnews,SQ,done,SQ4_symmetric,built_in_run,,L2,10,4,516.000000,,566.447411,593963160,0,0,0,6961.503906,1023581.602113,1021522.643223,2054.879370,0.000000,64,400,1.2,efSearch,80,1,0.947375,163.478574,6098.184617,8497.141000,NaN,NaN,NaN,NaN,NaN,NaN,NaN,NaN,NaN,0.045752,0.078091,2.467369,0.947375,0.054194,NaN,NaN,0,64,aggregate,20260813,results/round2/agnews/raw/02_diskann_fair/SQ/agnews_SQ_R64_Lbuild400.log,"DiskANN scalar quantization WithBits<4>: graph build AND search use the 4-bit scalar payload (Quantized strategy, NoStore primary, per-method graph)."
02_diskann_fair,agnews,SQ,done,SQ4_symmetric,built_in_run,,L2,10,4,516.000000,,566.447411,593963160,0,0,0,6961.503906,1023581.602113,1021522.643223,2054.879370,0.000000,64,400,1.2,efSearch,90,1,0.947500,149.965674,6650.705990,9348.843000,NaN,NaN,NaN,NaN,NaN,NaN,NaN,NaN,NaN,0.045754,0.078091,2.467689,0.947500,0.054278,NaN,NaN,0,64,aggregate,20260813,results/round2/agnews/raw/02_diskann_fair/SQ/agnews_SQ_R64_Lbuild400.log,"DiskANN scalar quantization WithBits<4>: graph build AND search use the 4-bit scalar payload (Quantized strategy, NoStore primary, per-method graph)."
02_diskann_fair,agnews,SQ,done,SQ4_symmetric,built_in_run,,L2,10,4,516.000000,,566.447411,593963160,0,0,0,6961.503906,1023581.602113,1021522.643223,2054.879370,0.000000,64,400,1.2,efSearch,100,1,0.947875,138.371028,7208.259109,10184.832000,NaN,NaN,NaN,NaN,NaN,NaN,NaN,NaN,NaN,0.045757,0.078091,2.468471,0.947875,0.054278,NaN,NaN,0,64,aggregate,20260813,results/round2/agnews/raw/02_diskann_fair/SQ/agnews_SQ_R64_Lbuild400.log,"DiskANN scalar quantization WithBits<4>: graph build AND search use the 4-bit scalar payload (Quantized strategy, NoStore primary, per-method graph)."
02_diskann_fair,agnews,SQ,done,SQ4_symmetric,built_in_run,,L2,10,4,516.000000,,566.447411,593963160,0,0,0,6961.503906,1023581.602113,1021522.643223,2054.879370,0.000000,64,400,1.2,efSearch,140,1,0.948250,107.010447,9326.425273,13435.890000,NaN,NaN,NaN,NaN,NaN,NaN,NaN,NaN,NaN,0.045760,0.078091,2.469109,0.948250,0.054389,NaN,NaN,0,64,aggregate,20260813,results/round2/agnews/raw/02_diskann_fair/SQ/agnews_SQ_R64_Lbuild400.log,"DiskANN scalar quantization WithBits<4>: graph build AND search use the 4-bit scalar payload (Quantized strategy, NoStore primary, per-method graph)."
02_diskann_fair,agnews,SQ,done,SQ4_symmetric,built_in_run,,L2,10,4,516.000000,,566.447411,593963160,0,0,0,6961.503906,1023581.602113,1021522.643223,2054.879370,0.000000,64,400,1.2,efSearch,180,1,0.948125,88.027845,11341.637609,16747.271000,NaN,NaN,NaN,NaN,NaN,NaN,NaN,NaN,NaN,0.045759,0.078091,2.468975,0.948125,0.054278,NaN,NaN,0,64,aggregate,20260813,results/round2/agnews/raw/02_diskann_fair/SQ/agnews_SQ_R64_Lbuild400.log,"DiskANN scalar quantization WithBits<4>: graph build AND search use the 4-bit scalar payload (Quantized strategy, NoStore primary, per-method graph)."
02_diskann_fair,agnews,SQ,done,SQ4_symmetric,built_in_run,,L2,10,4,516.000000,,566.447411,593963160,0,0,0,6961.503906,1023581.602113,1021522.643223,2054.879370,0.000000,64,400,1.2,efSearch,220,1,0.948125,75.109649,13295.499919,19832.490000,NaN,NaN,NaN,NaN,NaN,NaN,NaN,NaN,NaN,0.045759,0.078091,2.468975,0.948125,0.054278,NaN,NaN,0,64,aggregate,20260813,results/round2/agnews/raw/02_diskann_fair/SQ/agnews_SQ_R64_Lbuild400.log,"DiskANN scalar quantization WithBits<4>: graph build AND search use the 4-bit scalar payload (Quantized strategy, NoStore primary, per-method graph)."
02_diskann_fair,agnews,SQ,done,SQ4_symmetric,built_in_run,,L2,10,4,516.000000,,566.447411,593963160,0,0,0,6961.503906,1023581.602113,1021522.643223,2054.879370,0.000000,64,400,1.2,efSearch,260,1,0.948125,65.629334,15218.498591,22771.128000,NaN,NaN,NaN,NaN,NaN,NaN,NaN,NaN,NaN,0.045759,0.078091,2.468975,0.948125,0.054278,NaN,NaN,0,64,aggregate,20260813,results/round2/agnews/raw/02_diskann_fair/SQ/agnews_SQ_R64_Lbuild400.log,"DiskANN scalar quantization WithBits<4>: graph build AND search use the 4-bit scalar payload (Quantized strategy, NoStore primary, per-method graph)."
02_diskann_fair,agnews,SQ,done,SQ4_symmetric,built_in_run,,L2,10,4,516.000000,,566.447411,593963160,0,0,0,6961.503906,1023581.602113,1021522.643223,2054.879370,0.000000,64,400,1.2,efSearch,300,1,0.948125,58.479774,17079.999001,25623.619000,NaN,NaN,NaN,NaN,NaN,NaN,NaN,NaN,NaN,0.045759,0.078091,2.468975,0.948125,0.054278,NaN,NaN,0,64,aggregate,20260813,results/round2/agnews/raw/02_diskann_fair/SQ/agnews_SQ_R64_Lbuild400.log,"DiskANN scalar quantization WithBits<4>: graph build AND search use the 4-bit scalar payload (Quantized strategy, NoStore primary, per-method graph)."
02_diskann_fair,agnews,SQ,done,SQ4_symmetric,built_in_run,,L2,10,4,516.000000,,566.447411,593963160,0,0,0,6961.503906,1023581.602113,1021522.643223,2054.879370,0.000000,64,400,1.2,efSearch,340,1,0.948250,52.244609,19123.417519,28944.390000,NaN,NaN,NaN,NaN,NaN,NaN,NaN,NaN,NaN,0.045760,0.078091,2.469051,0.948250,0.054278,NaN,NaN,0,64,aggregate,20260813,results/round2/agnews/raw/02_diskann_fair/SQ/agnews_SQ_R64_Lbuild400.log,"DiskANN scalar quantization WithBits<4>: graph build AND search use the 4-bit scalar payload (Quantized strategy, NoStore primary, per-method graph)."
02_diskann_fair,agnews,SQ,done,SQ4_symmetric,built_in_run,,L2,10,4,516.000000,,566.447411,593963160,0,0,0,6961.503906,1023581.602113,1021522.643223,2054.879370,0.000000,64,400,1.2,efSearch,380,1,0.948250,47.962980,20827.721086,31594.261000,NaN,NaN,NaN,NaN,NaN,NaN,NaN,NaN,NaN,0.045760,0.078091,2.469051,0.948250,0.054278,NaN,NaN,0,64,aggregate,20260813,results/round2/agnews/raw/02_diskann_fair/SQ/agnews_SQ_R64_Lbuild400.log,"DiskANN scalar quantization WithBits<4>: graph build AND search use the 4-bit scalar payload (Quantized strategy, NoStore primary, per-method graph)."
02_diskann_fair,agnews,SQ,done,SQ4_symmetric,built_in_run,,L2,10,4,516.000000,,566.447411,593963160,0,0,0,6961.503906,1023581.602113,1021522.643223,2054.879370,0.000000,64,400,1.2,efSearch,420,1,0.948250,44.823609,22292.386749,33873.475000,NaN,NaN,NaN,NaN,NaN,NaN,NaN,NaN,NaN,0.045760,0.078091,2.469051,0.948250,0.054278,NaN,NaN,0,64,aggregate,20260813,results/round2/agnews/raw/02_diskann_fair/SQ/agnews_SQ_R64_Lbuild400.log,"DiskANN scalar quantization WithBits<4>: graph build AND search use the 4-bit scalar payload (Quantized strategy, NoStore primary, per-method graph)."
02_diskann_fair,agnews,SQ,done,SQ4_symmetric,built_in_run,,L2,10,4,516.000000,,566.447411,593963160,0,0,0,6961.503906,1023581.602113,1021522.643223,2054.879370,0.000000,64,400,1.2,efSearch,460,1,0.948250,41.782273,23913.858754,36167.817000,NaN,NaN,NaN,NaN,NaN,NaN,NaN,NaN,NaN,0.045760,0.078091,2.469051,0.948250,0.054278,NaN,NaN,0,64,aggregate,20260813,results/round2/agnews/raw/02_diskann_fair/SQ/agnews_SQ_R64_Lbuild400.log,"DiskANN scalar quantization WithBits<4>: graph build AND search use the 4-bit scalar payload (Quantized strategy, NoStore primary, per-method graph)."
02_diskann_fair,agnews,SQ,done,SQ4_symmetric,built_in_run,,L2,10,4,516.000000,,566.447411,593963160,0,0,0,6961.554688,1018232.668359,1016297.172984,1931.601806,0.000000,64,400,1.2,efSearch,10,1,0.921750,592.428993,1657.406168,2203.975000,NaN,NaN,NaN,NaN,NaN,NaN,NaN,NaN,NaN,0.045725,0.078091,2.470006,0.921750,0.053417,NaN,NaN,0,64,aggregate,20260813,results/round2/agnews/raw/02_diskann_fair/SQ/agnews_SQ_R64_Lbuild400.log,"DiskANN scalar quantization WithBits<4>: graph build AND search use the 4-bit scalar payload (Quantized strategy, NoStore primary, per-method graph)."
02_diskann_fair,agnews,SQ,done,SQ4_symmetric,built_in_run,,L2,10,4,516.000000,,566.447411,593963160,0,0,0,6961.554688,1018232.668359,1016297.172984,1931.601806,0.000000,64,400,1.2,efSearch,11,1,0.924750,571.534232,1732.717895,2319.111000,NaN,NaN,NaN,NaN,NaN,NaN,NaN,NaN,NaN,0.045709,0.078091,2.466585,0.924750,0.053750,NaN,NaN,0,64,aggregate,20260813,results/round2/agnews/raw/02_diskann_fair/SQ/agnews_SQ_R64_Lbuild400.log,"DiskANN scalar quantization WithBits<4>: graph build AND search use the 4-bit scalar payload (Quantized strategy, NoStore primary, per-method graph)."
02_diskann_fair,agnews,SQ,done,SQ4_symmetric,built_in_run,,L2,10,4,516.000000,,566.447411,593963160,0,0,0,6961.554688,1018232.668359,1016297.172984,1931.601806,0.000000,64,400,1.2,efSearch,12,1,0.927625,549.063224,1804.443345,2404.060000,NaN,NaN,NaN,NaN,NaN,NaN,NaN,NaN,NaN,0.045702,0.078091,2.464694,0.927625,0.053750,NaN,NaN,0,64,aggregate,20260813,results/round2/agnews/raw/02_diskann_fair/SQ/agnews_SQ_R64_Lbuild400.log,"DiskANN scalar quantization WithBits<4>: graph build AND search use the 4-bit scalar payload (Quantized strategy, NoStore primary, per-method graph)."
02_diskann_fair,agnews,SQ,done,SQ4_symmetric,built_in_run,,L2,10,4,516.000000,,566.447411,593963160,0,0,0,6961.554688,1018232.668359,1016297.172984,1931.601806,0.000000,64,400,1.2,efSearch,13,1,0.928750,528.530315,1875.131654,2461.213000,NaN,NaN,NaN,NaN,NaN,NaN,NaN,NaN,NaN,0.045705,0.078091,2.464919,0.928750,0.053778,NaN,NaN,0,64,aggregate,20260813,results/round2/agnews/raw/02_diskann_fair/SQ/agnews_SQ_R64_Lbuild400.log,"DiskANN scalar quantization WithBits<4>: graph build AND search use the 4-bit scalar payload (Quantized strategy, NoStore primary, per-method graph)."
02_diskann_fair,agnews,SQ,done,SQ4_symmetric,built_in_run,,L2,10,4,516.000000,,566.447411,593963160,0,0,0,6961.554688,1018232.668359,1016297.172984,1931.601806,0.000000,64,400,1.2,efSearch,14,1,0.930500,507.826930,1952.328002,2568.146000,NaN,NaN,NaN,NaN,NaN,NaN,NaN,NaN,NaN,0.045691,0.078091,2.461518,0.930500,0.053667,NaN,NaN,0,64,aggregate,20260813,results/round2/agnews/raw/02_diskann_fair/SQ/agnews_SQ_R64_Lbuild400.log,"DiskANN scalar quantization WithBits<4>: graph build AND search use the 4-bit scalar payload (Quantized strategy, NoStore primary, per-method graph)."
02_diskann_fair,agnews,SQ,done,SQ4_symmetric,built_in_run,,L2,10,4,516.000000,,566.447411,593963160,0,0,0,6961.554688,1018232.668359,1016297.172984,1931.601806,0.000000,64,400,1.2,efSearch,15,1,0.931000,491.048497,2019.625128,2649.607000,NaN,NaN,NaN,NaN,NaN,NaN,NaN,NaN,NaN,0.045690,0.078091,2.461118,0.931000,0.053611,NaN,NaN,0,64,aggregate,20260813,results/round2/agnews/raw/02_diskann_fair/SQ/agnews_SQ_R64_Lbuild400.log,"DiskANN scalar quantization WithBits<4>: graph build AND search use the 4-bit scalar payload (Quantized strategy, NoStore primary, per-method graph)."
02_diskann_fair,agnews,SQ,done,SQ4_symmetric,built_in_run,,L2,10,4,516.000000,,566.447411,593963160,0,0,0,6961.554688,1018232.668359,1016297.172984,1931.601806,0.000000,64,400,1.2,efSearch,16,1,0.932125,472.011339,2101.727791,2755.391000,NaN,NaN,NaN,NaN,NaN,NaN,NaN,NaN,NaN,0.045698,0.078091,2.462158,0.932125,0.053917,NaN,NaN,0,64,aggregate,20260813,results/round2/agnews/raw/02_diskann_fair/SQ/agnews_SQ_R64_Lbuild400.log,"DiskANN scalar quantization WithBits<4>: graph build AND search use the 4-bit scalar payload (Quantized strategy, NoStore primary, per-method graph)."
02_diskann_fair,agnews,SQ,done,SQ4_symmetric,built_in_run,,L2,10,4,516.000000,,566.447411,593963160,0,0,0,6961.554688,1018232.668359,1016297.172984,1931.601806,0.000000,64,400,1.2,efSearch,17,1,0.933375,456.234934,2175.009661,2847.676000,NaN,NaN,NaN,NaN,NaN,NaN,NaN,NaN,NaN,0.045702,0.078091,2.463052,0.933375,0.053944,NaN,NaN,0,64,aggregate,20260813,results/round2/agnews/raw/02_diskann_fair/SQ/agnews_SQ_R64_Lbuild400.log,"DiskANN scalar quantization WithBits<4>: graph build AND search use the 4-bit scalar payload (Quantized strategy, NoStore primary, per-method graph)."
02_diskann_fair,agnews,SQ,done,SQ4_symmetric,built_in_run,,L2,10,4,516.000000,,566.447411,593963160,0,0,0,6961.554688,1018232.668359,1016297.172984,1931.601806,0.000000,64,400,1.2,efSearch,18,1,0.935875,441.662303,2247.112367,2941.645000,NaN,NaN,NaN,NaN,NaN,NaN,NaN,NaN,NaN,0.045693,0.078091,2.460694,0.935875,0.053417,NaN,NaN,0,64,aggregate,20260813,results/round2/agnews/raw/02_diskann_fair/SQ/agnews_SQ_R64_Lbuild400.log,"DiskANN scalar quantization WithBits<4>: graph build AND search use the 4-bit scalar payload (Quantized strategy, NoStore primary, per-method graph)."
02_diskann_fair,agnews,SQ,done,SQ4_symmetric,built_in_run,,L2,10,4,516.000000,,566.447411,593963160,0,0,0,6961.554688,1018232.668359,1016297.172984,1931.601806,0.000000,64,400,1.2,efSearch,19,1,0.936625,427.888519,2320.066606,3042.983000,NaN,NaN,NaN,NaN,NaN,NaN,NaN,NaN,NaN,0.045689,0.078091,2.459666,0.936625,0.053556,NaN,NaN,0,64,aggregate,20260813,results/round2/agnews/raw/02_diskann_fair/SQ/agnews_SQ_R64_Lbuild400.log,"DiskANN scalar quantization WithBits<4>: graph build AND search use the 4-bit scalar payload (Quantized strategy, NoStore primary, per-method graph)."
02_diskann_fair,agnews,SQ,done,SQ4_symmetric,built_in_run,,L2,10,4,516.000000,,566.447411,593963160,0,0,0,6961.554688,1018232.668359,1016297.172984,1931.601806,0.000000,64,400,1.2,efSearch,20,1,0.937125,416.635410,2383.073977,3141.171000,NaN,NaN,NaN,NaN,NaN,NaN,NaN,NaN,NaN,0.045691,0.078091,2.459734,0.937125,0.053583,NaN,NaN,0,64,aggregate,20260813,results/round2/agnews/raw/02_diskann_fair/SQ/agnews_SQ_R64_Lbuild400.log,"DiskANN scalar quantization WithBits<4>: graph build AND search use the 4-bit scalar payload (Quantized strategy, NoStore primary, per-method graph)."
02_diskann_fair,agnews,SQ,done,SQ4_symmetric,built_in_run,,L2,10,4,516.000000,,566.447411,593963160,0,0,0,6961.554688,1018232.668359,1016297.172984,1931.601806,0.000000,64,400,1.2,efSearch,21,1,0.938000,403.320076,2462.413701,3247.989000,NaN,NaN,NaN,NaN,NaN,NaN,NaN,NaN,NaN,0.045700,0.078091,2.461259,0.938000,0.053556,NaN,NaN,0,64,aggregate,20260813,results/round2/agnews/raw/02_diskann_fair/SQ/agnews_SQ_R64_Lbuild400.log,"DiskANN scalar quantization WithBits<4>: graph build AND search use the 4-bit scalar payload (Quantized strategy, NoStore primary, per-method graph)."
02_diskann_fair,agnews,SQ,done,SQ4_symmetric,built_in_run,,L2,10,4,516.000000,,566.447411,593963160,0,0,0,6961.554688,1018232.668359,1016297.172984,1931.601806,0.000000,64,400,1.2,efSearch,22,1,0.938125,392.670491,2529.651601,3329.080000,NaN,NaN,NaN,NaN,NaN,NaN,NaN,NaN,NaN,0.045706,0.078091,2.462587,0.938125,0.053722,NaN,NaN,0,64,aggregate,20260813,results/round2/agnews/raw/02_diskann_fair/SQ/agnews_SQ_R64_Lbuild400.log,"DiskANN scalar quantization WithBits<4>: graph build AND search use the 4-bit scalar payload (Quantized strategy, NoStore primary, per-method graph)."
02_diskann_fair,agnews,SQ,done,SQ4_symmetric,built_in_run,,L2,10,4,516.000000,,566.447411,593963160,0,0,0,6961.554688,1018232.668359,1016297.172984,1931.601806,0.000000,64,400,1.2,efSearch,23,1,0.939000,381.532758,2601.668110,3401.968000,NaN,NaN,NaN,NaN,NaN,NaN,NaN,NaN,NaN,0.045710,0.078091,2.463378,0.939000,0.053833,NaN,NaN,0,64,aggregate,20260813,results/round2/agnews/raw/02_diskann_fair/SQ/agnews_SQ_R64_Lbuild400.log,"DiskANN scalar quantization WithBits<4>: graph build AND search use the 4-bit scalar payload (Quantized strategy, NoStore primary, per-method graph)."
02_diskann_fair,agnews,SQ,done,SQ4_symmetric,built_in_run,,L2,10,4,516.000000,,566.447411,593963160,0,0,0,6961.554688,1018232.668359,1016297.172984,1931.601806,0.000000,64,400,1.2,efSearch,24,1,0.938875,371.657145,2673.584689,3510.163000,NaN,NaN,NaN,NaN,NaN,NaN,NaN,NaN,NaN,0.045710,0.078091,2.463477,0.938875,0.053833,NaN,NaN,0,64,aggregate,20260813,results/round2/agnews/raw/02_diskann_fair/SQ/agnews_SQ_R64_Lbuild400.log,"DiskANN scalar quantization WithBits<4>: graph build AND search use the 4-bit scalar payload (Quantized strategy, NoStore primary, per-method graph)."
02_diskann_fair,agnews,SQ,done,SQ4_symmetric,built_in_run,,L2,10,4,516.000000,,566.447411,593963160,0,0,0,6961.554688,1018232.668359,1016297.172984,1931.601806,0.000000,64,400,1.2,efSearch,25,1,0.939250,362.708211,2738.503263,3606.685000,NaN,NaN,NaN,NaN,NaN,NaN,NaN,NaN,NaN,0.045717,0.078091,2.464921,0.939250,0.053806,NaN,NaN,0,64,aggregate,20260813,results/round2/agnews/raw/02_diskann_fair/SQ/agnews_SQ_R64_Lbuild400.log,"DiskANN scalar quantization WithBits<4>: graph build AND search use the 4-bit scalar payload (Quantized strategy, NoStore primary, per-method graph)."
02_diskann_fair,agnews,SQ,done,SQ4_symmetric,built_in_run,,L2,10,4,516.000000,,566.447411,593963160,0,0,0,6961.554688,1018232.668359,1016297.172984,1931.601806,0.000000,64,400,1.2,efSearch,26,1,0.939625,353.575541,2809.791482,3676.951000,NaN,NaN,NaN,NaN,NaN,NaN,NaN,NaN,NaN,0.045720,0.078091,2.465545,0.939625,0.053889,NaN,NaN,0,64,aggregate,20260813,results/round2/agnews/raw/02_diskann_fair/SQ/agnews_SQ_R64_Lbuild400.log,"DiskANN scalar quantization WithBits<4>: graph build AND search use the 4-bit scalar payload (Quantized strategy, NoStore primary, per-method graph)."
02_diskann_fair,agnews,SQ,done,SQ4_symmetric,built_in_run,,L2,10,4,516.000000,,566.447411,593963160,0,0,0,6961.554688,1018232.668359,1016297.172984,1931.601806,0.000000,64,400,1.2,efSearch,27,1,0.940000,345.254134,2877.713555,3757.065000,NaN,NaN,NaN,NaN,NaN,NaN,NaN,NaN,NaN,0.045721,0.078091,2.465550,0.940000,0.053917,NaN,NaN,0,64,aggregate,20260813,results/round2/agnews/raw/02_diskann_fair/SQ/agnews_SQ_R64_Lbuild400.log,"DiskANN scalar quantization WithBits<4>: graph build AND search use the 4-bit scalar payload (Quantized strategy, NoStore primary, per-method graph)."
02_diskann_fair,agnews,SQ,done,SQ4_symmetric,built_in_run,,L2,10,4,516.000000,,566.447411,593963160,0,0,0,6961.554688,1018232.668359,1016297.172984,1931.601806,0.000000,64,400,1.2,efSearch,28,1,0.940750,337.310185,2945.936644,3880.508000,NaN,NaN,NaN,NaN,NaN,NaN,NaN,NaN,NaN,0.045727,0.078091,2.466623,0.940750,0.053972,NaN,NaN,0,64,aggregate,20260813,results/round2/agnews/raw/02_diskann_fair/SQ/agnews_SQ_R64_Lbuild400.log,"DiskANN scalar quantization WithBits<4>: graph build AND search use the 4-bit scalar payload (Quantized strategy, NoStore primary, per-method graph)."
02_diskann_fair,agnews,SQ,done,SQ4_symmetric,built_in_run,,L2,10,4,516.000000,,566.447411,593963160,0,0,0,6961.554688,1018232.668359,1016297.172984,1931.601806,0.000000,64,400,1.2,efSearch,29,1,0.941750,329.336864,3017.734645,3990.740000,NaN,NaN,NaN,NaN,NaN,NaN,NaN,NaN,NaN,0.045722,0.078091,2.465298,0.941750,0.054000,NaN,NaN,0,64,aggregate,20260813,results/round2/agnews/raw/02_diskann_fair/SQ/agnews_SQ_R64_Lbuild400.log,"DiskANN scalar quantization WithBits<4>: graph build AND search use the 4-bit scalar payload (Quantized strategy, NoStore primary, per-method graph)."
02_diskann_fair,agnews,SQ,done,SQ4_symmetric,built_in_run,,L2,10,4,516.000000,,566.447411,593963160,0,0,0,6961.554688,1018232.668359,1016297.172984,1931.601806,0.000000,64,400,1.2,efSearch,30,1,0.942500,322.094221,3086.154161,4084.626000,NaN,NaN,NaN,NaN,NaN,NaN,NaN,NaN,NaN,0.045722,0.078091,2.465260,0.942500,0.054056,NaN,NaN,0,64,aggregate,20260813,results/round2/agnews/raw/02_diskann_fair/SQ/agnews_SQ_R64_Lbuild400.log,"DiskANN scalar quantization WithBits<4>: graph build AND search use the 4-bit scalar payload (Quantized strategy, NoStore primary, per-method graph)."
02_diskann_fair,agnews,SQ,done,SQ4_symmetric,built_in_run,,L2,10,4,516.000000,,566.447411,593963160,0,0,0,6961.554688,1018232.668359,1016297.172984,1931.601806,0.000000,64,400,1.2,efSearch,40,1,0.945875,265.670344,3745.240812,5048.125000,NaN,NaN,NaN,NaN,NaN,NaN,NaN,NaN,NaN,0.045746,0.078091,2.466602,0.945875,0.054056,NaN,NaN,0,64,aggregate,20260813,results/round2/agnews/raw/02_diskann_fair/SQ/agnews_SQ_R64_Lbuild400.log,"DiskANN scalar quantization WithBits<4>: graph build AND search use the 4-bit scalar payload (Quantized strategy, NoStore primary, per-method graph)."
02_diskann_fair,agnews,SQ,done,SQ4_symmetric,built_in_run,,L2,10,4,516.000000,,566.447411,593963160,0,0,0,6961.554688,1018232.668359,1016297.172984,1931.601806,0.000000,64,400,1.2,efSearch,50,1,0.946250,227.236887,4380.317964,5966.196000,NaN,NaN,NaN,NaN,NaN,NaN,NaN,NaN,NaN,0.045753,0.078091,2.467759,0.946250,0.054139,NaN,NaN,0,64,aggregate,20260813,results/round2/agnews/raw/02_diskann_fair/SQ/agnews_SQ_R64_Lbuild400.log,"DiskANN scalar quantization WithBits<4>: graph build AND search use the 4-bit scalar payload (Quantized strategy, NoStore primary, per-method graph)."
02_diskann_fair,agnews,SQ,done,SQ4_symmetric,built_in_run,,L2,10,4,516.000000,,566.447411,593963160,0,0,0,6961.554688,1018232.668359,1016297.172984,1931.601806,0.000000,64,400,1.2,efSearch,60,1,0.946625,198.956740,5005.313612,6858.339000,NaN,NaN,NaN,NaN,NaN,NaN,NaN,NaN,NaN,0.045753,0.078091,2.467551,0.946625,0.054083,NaN,NaN,0,64,aggregate,20260813,results/round2/agnews/raw/02_diskann_fair/SQ/agnews_SQ_R64_Lbuild400.log,"DiskANN scalar quantization WithBits<4>: graph build AND search use the 4-bit scalar payload (Quantized strategy, NoStore primary, per-method graph)."
02_diskann_fair,agnews,SQ,done,SQ4_symmetric,built_in_run,,L2,10,4,516.000000,,566.447411,593963160,0,0,0,6961.554688,1018232.668359,1016297.172984,1931.601806,0.000000,64,400,1.2,efSearch,70,1,0.947250,177.319603,5622.112519,7750.878000,NaN,NaN,NaN,NaN,NaN,NaN,NaN,NaN,NaN,0.045755,0.078091,2.468027,0.947250,0.054167,NaN,NaN,0,64,aggregate,20260813,results/round2/agnews/raw/02_diskann_fair/SQ/agnews_SQ_R64_Lbuild400.log,"DiskANN scalar quantization WithBits<4>: graph build AND search use the 4-bit scalar payload (Quantized strategy, NoStore primary, per-method graph)."
02_diskann_fair,agnews,SQ,done,SQ4_symmetric,built_in_run,,L2,10,4,516.000000,,566.447411,593963160,0,0,0,6961.554688,1018232.668359,1016297.172984,1931.601806,0.000000,64,400,1.2,efSearch,80,1,0.947375,158.303790,6299.505419,8838.733000,NaN,NaN,NaN,NaN,NaN,NaN,NaN,NaN,NaN,0.045752,0.078091,2.467369,0.947375,0.054194,NaN,NaN,0,64,aggregate,20260813,results/round2/agnews/raw/02_diskann_fair/SQ/agnews_SQ_R64_Lbuild400.log,"DiskANN scalar quantization WithBits<4>: graph build AND search use the 4-bit scalar payload (Quantized strategy, NoStore primary, per-method graph)."
02_diskann_fair,agnews,SQ,done,SQ4_symmetric,built_in_run,,L2,10,4,516.000000,,566.447411,593963160,0,0,0,6961.554688,1018232.668359,1016297.172984,1931.601806,0.000000,64,400,1.2,efSearch,90,1,0.947500,146.191428,6820.454835,9683.091000,NaN,NaN,NaN,NaN,NaN,NaN,NaN,NaN,NaN,0.045754,0.078091,2.467689,0.947500,0.054278,NaN,NaN,0,64,aggregate,20260813,results/round2/agnews/raw/02_diskann_fair/SQ/agnews_SQ_R64_Lbuild400.log,"DiskANN scalar quantization WithBits<4>: graph build AND search use the 4-bit scalar payload (Quantized strategy, NoStore primary, per-method graph)."
02_diskann_fair,agnews,SQ,done,SQ4_symmetric,built_in_run,,L2,10,4,516.000000,,566.447411,593963160,0,0,0,6961.554688,1018232.668359,1016297.172984,1931.601806,0.000000,64,400,1.2,efSearch,100,1,0.947875,136.477848,7308.439635,10324.790000,NaN,NaN,NaN,NaN,NaN,NaN,NaN,NaN,NaN,0.045757,0.078091,2.468471,0.947875,0.054278,NaN,NaN,0,64,aggregate,20260813,results/round2/agnews/raw/02_diskann_fair/SQ/agnews_SQ_R64_Lbuild400.log,"DiskANN scalar quantization WithBits<4>: graph build AND search use the 4-bit scalar payload (Quantized strategy, NoStore primary, per-method graph)."
02_diskann_fair,agnews,SQ,done,SQ4_symmetric,built_in_run,,L2,10,4,516.000000,,566.447411,593963160,0,0,0,6961.554688,1018232.668359,1016297.172984,1931.601806,0.000000,64,400,1.2,efSearch,140,1,0.948250,105.531410,9457.065116,13699.224000,NaN,NaN,NaN,NaN,NaN,NaN,NaN,NaN,NaN,0.045760,0.078091,2.469109,0.948250,0.054389,NaN,NaN,0,64,aggregate,20260813,results/round2/agnews/raw/02_diskann_fair/SQ/agnews_SQ_R64_Lbuild400.log,"DiskANN scalar quantization WithBits<4>: graph build AND search use the 4-bit scalar payload (Quantized strategy, NoStore primary, per-method graph)."
02_diskann_fair,agnews,SQ,done,SQ4_symmetric,built_in_run,,L2,10,4,516.000000,,566.447411,593963160,0,0,0,6961.554688,1018232.668359,1016297.172984,1931.601806,0.000000,64,400,1.2,efSearch,180,1,0.948125,86.940594,11481.636095,16882.064000,NaN,NaN,NaN,NaN,NaN,NaN,NaN,NaN,NaN,0.045759,0.078091,2.468975,0.948125,0.054278,NaN,NaN,0,64,aggregate,20260813,results/round2/agnews/raw/02_diskann_fair/SQ/agnews_SQ_R64_Lbuild400.log,"DiskANN scalar quantization WithBits<4>: graph build AND search use the 4-bit scalar payload (Quantized strategy, NoStore primary, per-method graph)."
02_diskann_fair,agnews,SQ,done,SQ4_symmetric,built_in_run,,L2,10,4,516.000000,,566.447411,593963160,0,0,0,6961.554688,1018232.668359,1016297.172984,1931.601806,0.000000,64,400,1.2,efSearch,220,1,0.948125,74.174231,13461.523770,20112.095000,NaN,NaN,NaN,NaN,NaN,NaN,NaN,NaN,NaN,0.045759,0.078091,2.468975,0.948125,0.054278,NaN,NaN,0,64,aggregate,20260813,results/round2/agnews/raw/02_diskann_fair/SQ/agnews_SQ_R64_Lbuild400.log,"DiskANN scalar quantization WithBits<4>: graph build AND search use the 4-bit scalar payload (Quantized strategy, NoStore primary, per-method graph)."
02_diskann_fair,agnews,SQ,done,SQ4_symmetric,built_in_run,,L2,10,4,516.000000,,566.447411,593963160,0,0,0,6961.554688,1018232.668359,1016297.172984,1931.601806,0.000000,64,400,1.2,efSearch,260,1,0.948125,64.975328,15368.776620,22974.430000,NaN,NaN,NaN,NaN,NaN,NaN,NaN,NaN,NaN,0.045759,0.078091,2.468975,0.948125,0.054278,NaN,NaN,0,64,aggregate,20260813,results/round2/agnews/raw/02_diskann_fair/SQ/agnews_SQ_R64_Lbuild400.log,"DiskANN scalar quantization WithBits<4>: graph build AND search use the 4-bit scalar payload (Quantized strategy, NoStore primary, per-method graph)."
02_diskann_fair,agnews,SQ,done,SQ4_symmetric,built_in_run,,L2,10,4,516.000000,,566.447411,593963160,0,0,0,6961.554688,1018232.668359,1016297.172984,1931.601806,0.000000,64,400,1.2,efSearch,300,1,0.948125,57.573546,17342.523646,26047.825000,NaN,NaN,NaN,NaN,NaN,NaN,NaN,NaN,NaN,0.045759,0.078091,2.468975,0.948125,0.054278,NaN,NaN,0,64,aggregate,20260813,results/round2/agnews/raw/02_diskann_fair/SQ/agnews_SQ_R64_Lbuild400.log,"DiskANN scalar quantization WithBits<4>: graph build AND search use the 4-bit scalar payload (Quantized strategy, NoStore primary, per-method graph)."
02_diskann_fair,agnews,SQ,done,SQ4_symmetric,built_in_run,,L2,10,4,516.000000,,566.447411,593963160,0,0,0,6961.554688,1018232.668359,1016297.172984,1931.601806,0.000000,64,400,1.2,efSearch,340,1,0.948250,51.936665,19236.863772,28951.458000,NaN,NaN,NaN,NaN,NaN,NaN,NaN,NaN,NaN,0.045760,0.078091,2.469051,0.948250,0.054278,NaN,NaN,0,64,aggregate,20260813,results/round2/agnews/raw/02_diskann_fair/SQ/agnews_SQ_R64_Lbuild400.log,"DiskANN scalar quantization WithBits<4>: graph build AND search use the 4-bit scalar payload (Quantized strategy, NoStore primary, per-method graph)."
02_diskann_fair,agnews,SQ,done,SQ4_symmetric,built_in_run,,L2,10,4,516.000000,,566.447411,593963160,0,0,0,6961.554688,1018232.668359,1016297.172984,1931.601806,0.000000,64,400,1.2,efSearch,380,1,0.948250,49.242758,20288.380619,30619.099000,NaN,NaN,NaN,NaN,NaN,NaN,NaN,NaN,NaN,0.045760,0.078091,2.469051,0.948250,0.054278,NaN,NaN,0,64,aggregate,20260813,results/round2/agnews/raw/02_diskann_fair/SQ/agnews_SQ_R64_Lbuild400.log,"DiskANN scalar quantization WithBits<4>: graph build AND search use the 4-bit scalar payload (Quantized strategy, NoStore primary, per-method graph)."
02_diskann_fair,agnews,SQ,done,SQ4_symmetric,built_in_run,,L2,10,4,516.000000,,566.447411,593963160,0,0,0,6961.554688,1018232.668359,1016297.172984,1931.601806,0.000000,64,400,1.2,efSearch,420,1,0.948250,45.398596,22007.261689,33316.907000,NaN,NaN,NaN,NaN,NaN,NaN,NaN,NaN,NaN,0.045760,0.078091,2.469051,0.948250,0.054278,NaN,NaN,0,64,aggregate,20260813,results/round2/agnews/raw/02_diskann_fair/SQ/agnews_SQ_R64_Lbuild400.log,"DiskANN scalar quantization WithBits<4>: graph build AND search use the 4-bit scalar payload (Quantized strategy, NoStore primary, per-method graph)."
02_diskann_fair,agnews,SQ,done,SQ4_symmetric,built_in_run,,L2,10,4,516.000000,,566.447411,593963160,0,0,0,6961.554688,1018232.668359,1016297.172984,1931.601806,0.000000,64,400,1.2,efSearch,460,1,0.948250,42.114334,23724.493162,35939.872000,NaN,NaN,NaN,NaN,NaN,NaN,NaN,NaN,NaN,0.045760,0.078091,2.469051,0.948250,0.054278,NaN,NaN,0,64,aggregate,20260813,results/round2/agnews/raw/02_diskann_fair/SQ/agnews_SQ_R64_Lbuild400.log,"DiskANN scalar quantization WithBits<4>: graph build AND search use the 4-bit scalar payload (Quantized strategy, NoStore primary, per-method graph)."
02_diskann_fair,agnews,SAQ,done,SAQ4_symmetric,built_in_run,,L2,10,4,512.000000,,563.512451,590885632,0,0,0,6961.503906,140508.608015,139017.341339,1486.909469,0.000000,64,400,1.2,efSearch,10,1,0.919125,2211.054658,420.760630,561.706000,NaN,NaN,NaN,NaN,NaN,NaN,NaN,NaN,NaN,56776.922616,0.997007,155.308083,0.919125,0.050083,NaN,NaN,0,64,aggregate,20260813,results/round2/agnews/raw/02_diskann_fair/SAQ/agnews_SAQ_R64_Lbuild400.log,"DiskANN spherical quantization Impl<4>: graph build AND search use the 4-bit spherical payload (Quantized strategy, NoStore primary, per-method graph)."
02_diskann_fair,agnews,SAQ,done,SAQ4_symmetric,built_in_run,,L2,10,4,512.000000,,563.512451,590885632,0,0,0,6961.503906,140508.608015,139017.341339,1486.909469,0.000000,64,400,1.2,efSearch,11,1,0.922000,2153.752504,443.412026,593.566000,NaN,NaN,NaN,NaN,NaN,NaN,NaN,NaN,NaN,56776.922616,0.997007,155.250351,0.922000,0.049944,NaN,NaN,0,64,aggregate,20260813,results/round2/agnews/raw/02_diskann_fair/SAQ/agnews_SAQ_R64_Lbuild400.log,"DiskANN spherical quantization Impl<4>: graph build AND search use the 4-bit spherical payload (Quantized strategy, NoStore primary, per-method graph)."
02_diskann_fair,agnews,SAQ,done,SAQ4_symmetric,built_in_run,,L2,10,4,512.000000,,563.512451,590885632,0,0,0,6961.503906,140508.608015,139017.341339,1486.909469,0.000000,64,400,1.2,efSearch,12,1,0.925875,2226.183468,428.096498,579.654000,NaN,NaN,NaN,NaN,NaN,NaN,NaN,NaN,NaN,56776.922616,0.997007,155.141784,0.925875,0.050500,NaN,NaN,0,64,aggregate,20260813,results/round2/agnews/raw/02_diskann_fair/SAQ/agnews_SAQ_R64_Lbuild400.log,"DiskANN spherical quantization Impl<4>: graph build AND search use the 4-bit spherical payload (Quantized strategy, NoStore primary, per-method graph)."
02_diskann_fair,agnews,SAQ,done,SAQ4_symmetric,built_in_run,,L2,10,4,512.000000,,563.512451,590885632,0,0,0,6961.503906,140508.608015,139017.341339,1486.909469,0.000000,64,400,1.2,efSearch,13,1,0.928125,2333.387962,407.706135,537.102000,NaN,NaN,NaN,NaN,NaN,NaN,NaN,NaN,NaN,56776.922616,0.997007,155.117258,0.928125,0.050667,NaN,NaN,0,64,aggregate,20260813,results/round2/agnews/raw/02_diskann_fair/SAQ/agnews_SAQ_R64_Lbuild400.log,"DiskANN spherical quantization Impl<4>: graph build AND search use the 4-bit spherical payload (Quantized strategy, NoStore primary, per-method graph)."
02_diskann_fair,agnews,SAQ,done,SAQ4_symmetric,built_in_run,,L2,10,4,512.000000,,563.512451,590885632,0,0,0,6961.503906,140508.608015,139017.341339,1486.909469,0.000000,64,400,1.2,efSearch,14,1,0.929750,2291.804783,415.433124,545.538000,NaN,NaN,NaN,NaN,NaN,NaN,NaN,NaN,NaN,56776.922616,0.997007,155.067510,0.929750,0.050556,NaN,NaN,0,64,aggregate,20260813,results/round2/agnews/raw/02_diskann_fair/SAQ/agnews_SAQ_R64_Lbuild400.log,"DiskANN spherical quantization Impl<4>: graph build AND search use the 4-bit spherical payload (Quantized strategy, NoStore primary, per-method graph)."
02_diskann_fair,agnews,SAQ,done,SAQ4_symmetric,built_in_run,,L2,10,4,512.000000,,563.512451,590885632,0,0,0,6961.503906,140508.608015,139017.341339,1486.909469,0.000000,64,400,1.2,efSearch,15,1,0.932375,2205.842524,432.273334,566.016000,NaN,NaN,NaN,NaN,NaN,NaN,NaN,NaN,NaN,56776.922616,0.997007,155.008872,0.932375,0.050556,NaN,NaN,0,64,aggregate,20260813,results/round2/agnews/raw/02_diskann_fair/SAQ/agnews_SAQ_R64_Lbuild400.log,"DiskANN spherical quantization Impl<4>: graph build AND search use the 4-bit spherical payload (Quantized strategy, NoStore primary, per-method graph)."
02_diskann_fair,agnews,SAQ,done,SAQ4_symmetric,built_in_run,,L2,10,4,512.000000,,563.512451,590885632,0,0,0,6961.503906,140508.608015,139017.341339,1486.909469,0.000000,64,400,1.2,efSearch,16,1,0.934250,2121.103880,450.234813,585.527000,NaN,NaN,NaN,NaN,NaN,NaN,NaN,NaN,NaN,56776.922616,0.997007,154.975827,0.934250,0.050667,NaN,NaN,0,64,aggregate,20260813,results/round2/agnews/raw/02_diskann_fair/SAQ/agnews_SAQ_R64_Lbuild400.log,"DiskANN spherical quantization Impl<4>: graph build AND search use the 4-bit spherical payload (Quantized strategy, NoStore primary, per-method graph)."
02_diskann_fair,agnews,SAQ,done,SAQ4_symmetric,built_in_run,,L2,10,4,512.000000,,563.512451,590885632,0,0,0,6961.503906,140508.608015,139017.341339,1486.909469,0.000000,64,400,1.2,efSearch,17,1,0.935500,2056.309369,465.425645,602.157000,NaN,NaN,NaN,NaN,NaN,NaN,NaN,NaN,NaN,56776.922616,0.997007,154.959119,0.935500,0.050778,NaN,NaN,0,64,aggregate,20260813,results/round2/agnews/raw/02_diskann_fair/SAQ/agnews_SAQ_R64_Lbuild400.log,"DiskANN spherical quantization Impl<4>: graph build AND search use the 4-bit spherical payload (Quantized strategy, NoStore primary, per-method graph)."
02_diskann_fair,agnews,SAQ,done,SAQ4_symmetric,built_in_run,,L2,10,4,512.000000,,563.512451,590885632,0,0,0,6961.503906,140508.608015,139017.341339,1486.909469,0.000000,64,400,1.2,efSearch,18,1,0.936250,1994.970599,480.277800,629.111000,NaN,NaN,NaN,NaN,NaN,NaN,NaN,NaN,NaN,56776.922616,0.997007,154.940147,0.936250,0.050500,NaN,NaN,0,64,aggregate,20260813,results/round2/agnews/raw/02_diskann_fair/SAQ/agnews_SAQ_R64_Lbuild400.log,"DiskANN spherical quantization Impl<4>: graph build AND search use the 4-bit spherical payload (Quantized strategy, NoStore primary, per-method graph)."
02_diskann_fair,agnews,SAQ,done,SAQ4_symmetric,built_in_run,,L2,10,4,512.000000,,563.512451,590885632,0,0,0,6961.503906,140508.608015,139017.341339,1486.909469,0.000000,64,400,1.2,efSearch,19,1,0.937000,1929.462958,497.398217,648.762000,NaN,NaN,NaN,NaN,NaN,NaN,NaN,NaN,NaN,56776.922616,0.997007,154.927730,0.937000,0.050472,NaN,NaN,0,64,aggregate,20260813,results/round2/agnews/raw/02_diskann_fair/SAQ/agnews_SAQ_R64_Lbuild400.log,"DiskANN spherical quantization Impl<4>: graph build AND search use the 4-bit spherical payload (Quantized strategy, NoStore primary, per-method graph)."
02_diskann_fair,agnews,SAQ,done,SAQ4_symmetric,built_in_run,,L2,10,4,512.000000,,563.512451,590885632,0,0,0,6961.503906,140508.608015,139017.341339,1486.909469,0.000000,64,400,1.2,efSearch,20,1,0.938375,1864.829368,515.367193,672.672000,NaN,NaN,NaN,NaN,NaN,NaN,NaN,NaN,NaN,56776.922616,0.997007,154.918530,0.938375,0.050750,NaN,NaN,0,64,aggregate,20260813,results/round2/agnews/raw/02_diskann_fair/SAQ/agnews_SAQ_R64_Lbuild400.log,"DiskANN spherical quantization Impl<4>: graph build AND search use the 4-bit spherical payload (Quantized strategy, NoStore primary, per-method graph)."
02_diskann_fair,agnews,SAQ,done,SAQ4_symmetric,built_in_run,,L2,10,4,512.000000,,563.512451,590885632,0,0,0,6961.503906,140508.608015,139017.341339,1486.909469,0.000000,64,400,1.2,efSearch,21,1,0.939500,1817.676868,529.150326,686.557000,NaN,NaN,NaN,NaN,NaN,NaN,NaN,NaN,NaN,56776.922616,0.997007,154.908633,0.939500,0.050778,NaN,NaN,0,64,aggregate,20260813,results/round2/agnews/raw/02_diskann_fair/SAQ/agnews_SAQ_R64_Lbuild400.log,"DiskANN spherical quantization Impl<4>: graph build AND search use the 4-bit spherical payload (Quantized strategy, NoStore primary, per-method graph)."
02_diskann_fair,agnews,SAQ,done,SAQ4_symmetric,built_in_run,,L2,10,4,512.000000,,563.512451,590885632,0,0,0,6961.503906,140508.608015,139017.341339,1486.909469,0.000000,64,400,1.2,efSearch,22,1,0.940000,1767.314139,544.945123,714.577000,NaN,NaN,NaN,NaN,NaN,NaN,NaN,NaN,NaN,56776.922616,0.997007,154.899758,0.940000,0.050889,NaN,NaN,0,64,aggregate,20260813,results/round2/agnews/raw/02_diskann_fair/SAQ/agnews_SAQ_R64_Lbuild400.log,"DiskANN spherical quantization Impl<4>: graph build AND search use the 4-bit spherical payload (Quantized strategy, NoStore primary, per-method graph)."
02_diskann_fair,agnews,SAQ,done,SAQ4_symmetric,built_in_run,,L2,10,4,512.000000,,563.512451,590885632,0,0,0,6961.503906,140508.608015,139017.341339,1486.909469,0.000000,64,400,1.2,efSearch,23,1,0.941625,1717.388815,561.023990,734.008000,NaN,NaN,NaN,NaN,NaN,NaN,NaN,NaN,NaN,56776.922616,0.997007,154.875054,0.941625,0.050833,NaN,NaN,0,64,aggregate,20260813,results/round2/agnews/raw/02_diskann_fair/SAQ/agnews_SAQ_R64_Lbuild400.log,"DiskANN spherical quantization Impl<4>: graph build AND search use the 4-bit spherical payload (Quantized strategy, NoStore primary, per-method graph)."
02_diskann_fair,agnews,SAQ,done,SAQ4_symmetric,built_in_run,,L2,10,4,512.000000,,563.512451,590885632,0,0,0,6961.503906,140508.608015,139017.341339,1486.909469,0.000000,64,400,1.2,efSearch,24,1,0.942875,1671.020224,577.426471,753.291000,NaN,NaN,NaN,NaN,NaN,NaN,NaN,NaN,NaN,56776.922616,0.997007,154.774787,0.942875,0.050778,NaN,NaN,0,64,aggregate,20260813,results/round2/agnews/raw/02_diskann_fair/SAQ/agnews_SAQ_R64_Lbuild400.log,"DiskANN spherical quantization Impl<4>: graph build AND search use the 4-bit spherical payload (Quantized strategy, NoStore primary, per-method graph)."
02_diskann_fair,agnews,SAQ,done,SAQ4_symmetric,built_in_run,,L2,10,4,512.000000,,563.512451,590885632,0,0,0,6961.503906,140508.608015,139017.341339,1486.909469,0.000000,64,400,1.2,efSearch,25,1,0.943375,1628.268510,592.978297,774.582000,NaN,NaN,NaN,NaN,NaN,NaN,NaN,NaN,NaN,56776.922616,0.997007,154.763980,0.943375,0.050750,NaN,NaN,0,64,aggregate,20260813,results/round2/agnews/raw/02_diskann_fair/SAQ/agnews_SAQ_R64_Lbuild400.log,"DiskANN spherical quantization Impl<4>: graph build AND search use the 4-bit spherical payload (Quantized strategy, NoStore primary, per-method graph)."
02_diskann_fair,agnews,SAQ,done,SAQ4_symmetric,built_in_run,,L2,10,4,512.000000,,563.512451,590885632,0,0,0,6961.503906,140508.608015,139017.341339,1486.909469,0.000000,64,400,1.2,efSearch,26,1,0.944000,1585.089570,609.590240,800.380000,NaN,NaN,NaN,NaN,NaN,NaN,NaN,NaN,NaN,56776.922616,0.997007,154.752916,0.944000,0.050778,NaN,NaN,0,64,aggregate,20260813,results/round2/agnews/raw/02_diskann_fair/SAQ/agnews_SAQ_R64_Lbuild400.log,"DiskANN spherical quantization Impl<4>: graph build AND search use the 4-bit spherical payload (Quantized strategy, NoStore primary, per-method graph)."
02_diskann_fair,agnews,SAQ,done,SAQ4_symmetric,built_in_run,,L2,10,4,512.000000,,563.512451,590885632,0,0,0,6961.503906,140508.608015,139017.341339,1486.909469,0.000000,64,400,1.2,efSearch,27,1,0.944250,1546.256141,625.512600,815.726000,NaN,NaN,NaN,NaN,NaN,NaN,NaN,NaN,NaN,56776.922616,0.997007,154.748119,0.944250,0.050806,NaN,NaN,0,64,aggregate,20260813,results/round2/agnews/raw/02_diskann_fair/SAQ/agnews_SAQ_R64_Lbuild400.log,"DiskANN spherical quantization Impl<4>: graph build AND search use the 4-bit spherical payload (Quantized strategy, NoStore primary, per-method graph)."
02_diskann_fair,agnews,SAQ,done,SAQ4_symmetric,built_in_run,,L2,10,4,512.000000,,563.512451,590885632,0,0,0,6961.503906,140508.608015,139017.341339,1486.909469,0.000000,64,400,1.2,efSearch,28,1,0.944500,1498.328336,646.183662,837.385000,NaN,NaN,NaN,NaN,NaN,NaN,NaN,NaN,NaN,56776.922616,0.997008,154.743559,0.944500,0.050806,NaN,NaN,0,64,aggregate,20260813,results/round2/agnews/raw/02_diskann_fair/SAQ/agnews_SAQ_R64_Lbuild400.log,"DiskANN spherical quantization Impl<4>: graph build AND search use the 4-bit spherical payload (Quantized strategy, NoStore primary, per-method graph)."
02_diskann_fair,agnews,SAQ,done,SAQ4_symmetric,built_in_run,,L2,10,4,512.000000,,563.512451,590885632,0,0,0,6961.503906,140508.608015,139017.341339,1486.909469,0.000000,64,400,1.2,efSearch,29,1,0.944625,1471.851132,658.251075,852.450000,NaN,NaN,NaN,NaN,NaN,NaN,NaN,NaN,NaN,56776.922616,0.997008,154.740864,0.944625,0.050833,NaN,NaN,0,64,aggregate,20260813,results/round2/agnews/raw/02_diskann_fair/SAQ/agnews_SAQ_R64_Lbuild400.log,"DiskANN spherical quantization Impl<4>: graph build AND search use the 4-bit spherical payload (Quantized strategy, NoStore primary, per-method graph)."
02_diskann_fair,agnews,SAQ,done,SAQ4_symmetric,built_in_run,,L2,10,4,512.000000,,563.512451,590885632,0,0,0,6961.503906,140508.608015,139017.341339,1486.909469,0.000000,64,400,1.2,efSearch,30,1,0.945000,1437.607898,674.430530,869.438000,NaN,NaN,NaN,NaN,NaN,NaN,NaN,NaN,NaN,56776.922616,0.997008,154.736775,0.945000,0.050917,NaN,NaN,0,64,aggregate,20260813,results/round2/agnews/raw/02_diskann_fair/SAQ/agnews_SAQ_R64_Lbuild400.log,"DiskANN spherical quantization Impl<4>: graph build AND search use the 4-bit spherical payload (Quantized strategy, NoStore primary, per-method graph)."
02_diskann_fair,agnews,SAQ,done,SAQ4_symmetric,built_in_run,,L2,10,4,512.000000,,563.512451,590885632,0,0,0,6961.503906,140508.608015,139017.341339,1486.909469,0.000000,64,400,1.2,efSearch,40,1,0.947250,1180.341663,825.711383,1073.026000,NaN,NaN,NaN,NaN,NaN,NaN,NaN,NaN,NaN,56776.922616,0.997008,154.704270,0.947250,0.050944,NaN,NaN,0,64,aggregate,20260813,results/round2/agnews/raw/02_diskann_fair/SAQ/agnews_SAQ_R64_Lbuild400.log,"DiskANN spherical quantization Impl<4>: graph build AND search use the 4-bit spherical payload (Quantized strategy, NoStore primary, per-method graph)."
02_diskann_fair,agnews,SAQ,done,SAQ4_symmetric,built_in_run,,L2,10,4,512.000000,,563.512451,590885632,0,0,0,6961.503906,140508.608015,139017.341339,1486.909469,0.000000,64,400,1.2,efSearch,50,1,0.950125,1014.269496,964.350727,1258.520000,NaN,NaN,NaN,NaN,NaN,NaN,NaN,NaN,NaN,56776.922616,0.997008,154.641605,0.950125,0.051111,NaN,NaN,0,64,aggregate,20260813,results/round2/agnews/raw/02_diskann_fair/SAQ/agnews_SAQ_R64_Lbuild400.log,"DiskANN spherical quantization Impl<4>: graph build AND search use the 4-bit spherical payload (Quantized strategy, NoStore primary, per-method graph)."
02_diskann_fair,agnews,SAQ,done,SAQ4_symmetric,built_in_run,,L2,10,4,512.000000,,563.512451,590885632,0,0,0,6961.503906,140508.608015,139017.341339,1486.909469,0.000000,64,400,1.2,efSearch,60,1,0.951250,890.482609,1101.536842,1462.211000,NaN,NaN,NaN,NaN,NaN,NaN,NaN,NaN,NaN,56776.922616,0.997008,154.629877,0.951250,0.051167,NaN,NaN,0,64,aggregate,20260813,results/round2/agnews/raw/02_diskann_fair/SAQ/agnews_SAQ_R64_Lbuild400.log,"DiskANN spherical quantization Impl<4>: graph build AND search use the 4-bit spherical payload (Quantized strategy, NoStore primary, per-method graph)."
02_diskann_fair,agnews,SAQ,done,SAQ4_symmetric,built_in_run,,L2,10,4,512.000000,,563.512451,590885632,0,0,0,6961.503906,140508.608015,139017.341339,1486.909469,0.000000,64,400,1.2,efSearch,70,1,0.951625,796.669127,1233.467562,1645.560000,NaN,NaN,NaN,NaN,NaN,NaN,NaN,NaN,NaN,56776.922616,0.997008,154.622947,0.951625,0.051139,NaN,NaN,0,64,aggregate,20260813,results/round2/agnews/raw/02_diskann_fair/SAQ/agnews_SAQ_R64_Lbuild400.log,"DiskANN spherical quantization Impl<4>: graph build AND search use the 4-bit spherical payload (Quantized strategy, NoStore primary, per-method graph)."
02_diskann_fair,agnews,SAQ,done,SAQ4_symmetric,built_in_run,,L2,10,4,512.000000,,563.512451,590885632,0,0,0,6961.503906,140508.608015,139017.341339,1486.909469,0.000000,64,400,1.2,efSearch,80,1,0.952125,719.517467,1368.178159,1842.148000,NaN,NaN,NaN,NaN,NaN,NaN,NaN,NaN,NaN,56776.922616,0.997008,154.611082,0.952125,0.051083,NaN,NaN,0,64,aggregate,20260813,results/round2/agnews/raw/02_diskann_fair/SAQ/agnews_SAQ_R64_Lbuild400.log,"DiskANN spherical quantization Impl<4>: graph build AND search use the 4-bit spherical payload (Quantized strategy, NoStore primary, per-method graph)."
02_diskann_fair,agnews,SAQ,done,SAQ4_symmetric,built_in_run,,L2,10,4,512.000000,,563.512451,590885632,0,0,0,6961.503906,140508.608015,139017.341339,1486.909469,0.000000,64,400,1.2,efSearch,90,1,0.952375,662.721653,1487.223995,2016.287000,NaN,NaN,NaN,NaN,NaN,NaN,NaN,NaN,NaN,56776.922616,0.997008,154.608455,0.952375,0.051111,NaN,NaN,0,64,aggregate,20260813,results/round2/agnews/raw/02_diskann_fair/SAQ/agnews_SAQ_R64_Lbuild400.log,"DiskANN spherical quantization Impl<4>: graph build AND search use the 4-bit spherical payload (Quantized strategy, NoStore primary, per-method graph)."
02_diskann_fair,agnews,SAQ,done,SAQ4_symmetric,built_in_run,,L2,10,4,512.000000,,563.512451,590885632,0,0,0,6961.503906,140508.608015,139017.341339,1486.909469,0.000000,64,400,1.2,efSearch,100,1,0.952500,613.115513,1609.223058,2193.627000,NaN,NaN,NaN,NaN,NaN,NaN,NaN,NaN,NaN,56776.922616,0.997008,154.608178,0.952500,0.051167,NaN,NaN,0,64,aggregate,20260813,results/round2/agnews/raw/02_diskann_fair/SAQ/agnews_SAQ_R64_Lbuild400.log,"DiskANN spherical quantization Impl<4>: graph build AND search use the 4-bit spherical payload (Quantized strategy, NoStore primary, per-method graph)."
02_diskann_fair,agnews,SAQ,done,SAQ4_symmetric,built_in_run,,L2,10,4,512.000000,,563.512451,590885632,0,0,0,6961.503906,140508.608015,139017.341339,1486.909469,0.000000,64,400,1.2,efSearch,140,1,0.952750,472.842552,2093.411659,2914.300000,NaN,NaN,NaN,NaN,NaN,NaN,NaN,NaN,NaN,56776.922616,0.997008,154.602421,0.952750,0.051222,NaN,NaN,0,64,aggregate,20260813,results/round2/agnews/raw/02_diskann_fair/SAQ/agnews_SAQ_R64_Lbuild400.log,"DiskANN spherical quantization Impl<4>: graph build AND search use the 4-bit spherical payload (Quantized strategy, NoStore primary, per-method graph)."
02_diskann_fair,agnews,SAQ,done,SAQ4_symmetric,built_in_run,,L2,10,4,512.000000,,563.512451,590885632,0,0,0,6961.503906,140508.608015,139017.341339,1486.909469,0.000000,64,400,1.2,efSearch,180,1,0.952875,387.898599,2556.594336,3636.495000,NaN,NaN,NaN,NaN,NaN,NaN,NaN,NaN,NaN,56776.922616,0.997008,154.602049,0.952875,0.051250,NaN,NaN,0,64,aggregate,20260813,results/round2/agnews/raw/02_diskann_fair/SAQ/agnews_SAQ_R64_Lbuild400.log,"DiskANN spherical quantization Impl<4>: graph build AND search use the 4-bit spherical payload (Quantized strategy, NoStore primary, per-method graph)."
02_diskann_fair,agnews,SAQ,done,SAQ4_symmetric,built_in_run,,L2,10,4,512.000000,,563.512451,590885632,0,0,0,6961.503906,140508.608015,139017.341339,1486.909469,0.000000,64,400,1.2,efSearch,220,1,0.953000,329.054706,3006.492861,4348.145000,NaN,NaN,NaN,NaN,NaN,NaN,NaN,NaN,NaN,56776.922616,0.997008,154.602045,0.953000,0.051278,NaN,NaN,0,64,aggregate,20260813,results/round2/agnews/raw/02_diskann_fair/SAQ/agnews_SAQ_R64_Lbuild400.log,"DiskANN spherical quantization Impl<4>: graph build AND search use the 4-bit spherical payload (Quantized strategy, NoStore primary, per-method graph)."
02_diskann_fair,agnews,SAQ,done,SAQ4_symmetric,built_in_run,,L2,10,4,512.000000,,563.512451,590885632,0,0,0,6961.503906,140508.608015,139017.341339,1486.909469,0.000000,64,400,1.2,efSearch,260,1,0.953250,286.466696,3452.401249,4981.456000,NaN,NaN,NaN,NaN,NaN,NaN,NaN,NaN,NaN,56776.922616,0.997008,154.600073,0.953250,0.051361,NaN,NaN,0,64,aggregate,20260813,results/round2/agnews/raw/02_diskann_fair/SAQ/agnews_SAQ_R64_Lbuild400.log,"DiskANN spherical quantization Impl<4>: graph build AND search use the 4-bit spherical payload (Quantized strategy, NoStore primary, per-method graph)."
02_diskann_fair,agnews,SAQ,done,SAQ4_symmetric,built_in_run,,L2,10,4,512.000000,,563.512451,590885632,0,0,0,6961.503906,140508.608015,139017.341339,1486.909469,0.000000,64,400,1.2,efSearch,300,1,0.953250,255.425139,3876.628992,5617.122000,NaN,NaN,NaN,NaN,NaN,NaN,NaN,NaN,NaN,56776.922616,0.997008,154.600073,0.953250,0.051361,NaN,NaN,0,64,aggregate,20260813,results/round2/agnews/raw/02_diskann_fair/SAQ/agnews_SAQ_R64_Lbuild400.log,"DiskANN spherical quantization Impl<4>: graph build AND search use the 4-bit spherical payload (Quantized strategy, NoStore primary, per-method graph)."
02_diskann_fair,agnews,SAQ,done,SAQ4_symmetric,built_in_run,,L2,10,4,512.000000,,563.512451,590885632,0,0,0,6961.503906,140508.608015,139017.341339,1486.909469,0.000000,64,400,1.2,efSearch,340,1,0.953250,230.267326,4306.531247,6280.051000,NaN,NaN,NaN,NaN,NaN,NaN,NaN,NaN,NaN,56776.922616,0.997008,154.600073,0.953250,0.051361,NaN,NaN,0,64,aggregate,20260813,results/round2/agnews/raw/02_diskann_fair/SAQ/agnews_SAQ_R64_Lbuild400.log,"DiskANN spherical quantization Impl<4>: graph build AND search use the 4-bit spherical payload (Quantized strategy, NoStore primary, per-method graph)."
02_diskann_fair,agnews,SAQ,done,SAQ4_symmetric,built_in_run,,L2,10,4,512.000000,,563.512451,590885632,0,0,0,6961.503906,140508.608015,139017.341339,1486.909469,0.000000,64,400,1.2,efSearch,380,1,0.953250,209.835776,4735.376388,6884.702000,NaN,NaN,NaN,NaN,NaN,NaN,NaN,NaN,NaN,56776.922616,0.997008,154.600073,0.953250,0.051361,NaN,NaN,0,64,aggregate,20260813,results/round2/agnews/raw/02_diskann_fair/SAQ/agnews_SAQ_R64_Lbuild400.log,"DiskANN spherical quantization Impl<4>: graph build AND search use the 4-bit spherical payload (Quantized strategy, NoStore primary, per-method graph)."
02_diskann_fair,agnews,SAQ,done,SAQ4_symmetric,built_in_run,,L2,10,4,512.000000,,563.512451,590885632,0,0,0,6961.503906,140508.608015,139017.341339,1486.909469,0.000000,64,400,1.2,efSearch,420,1,0.953250,192.463420,5172.662885,7532.004000,NaN,NaN,NaN,NaN,NaN,NaN,NaN,NaN,NaN,56776.922616,0.997008,154.600073,0.953250,0.051361,NaN,NaN,0,64,aggregate,20260813,results/round2/agnews/raw/02_diskann_fair/SAQ/agnews_SAQ_R64_Lbuild400.log,"DiskANN spherical quantization Impl<4>: graph build AND search use the 4-bit spherical payload (Quantized strategy, NoStore primary, per-method graph)."
02_diskann_fair,agnews,SAQ,done,SAQ4_symmetric,built_in_run,,L2,10,4,512.000000,,563.512451,590885632,0,0,0,6961.503906,140508.608015,139017.341339,1486.909469,0.000000,64,400,1.2,efSearch,460,1,0.953250,170.080005,5860.258753,8569.264000,NaN,NaN,NaN,NaN,NaN,NaN,NaN,NaN,NaN,56776.922616,0.997008,154.600073,0.953250,0.051361,NaN,NaN,0,64,aggregate,20260813,results/round2/agnews/raw/02_diskann_fair/SAQ/agnews_SAQ_R64_Lbuild400.log,"DiskANN spherical quantization Impl<4>: graph build AND search use the 4-bit spherical payload (Quantized strategy, NoStore primary, per-method graph)."
02_diskann_fair,agnews,SAQ,done,SAQ4_symmetric,built_in_run,,L2,10,4,512.000000,,563.512451,590885632,0,0,0,6961.554688,135906.819404,134500.710724,1401.685288,0.000000,64,400,1.2,efSearch,10,1,0.919125,2163.446647,373.360797,495.787000,NaN,NaN,NaN,NaN,NaN,NaN,NaN,NaN,NaN,56776.922616,0.997007,155.308083,0.919125,0.050083,NaN,NaN,0,64,aggregate,20260813,results/round2/agnews/raw/02_diskann_fair/SAQ/agnews_SAQ_R64_Lbuild400.log,"DiskANN spherical quantization Impl<4>: graph build AND search use the 4-bit spherical payload (Quantized strategy, NoStore primary, per-method graph)."
02_diskann_fair,agnews,SAQ,done,SAQ4_symmetric,built_in_run,,L2,10,4,512.000000,,563.512451,590885632,0,0,0,6961.554688,135906.819404,134500.710724,1401.685288,0.000000,64,400,1.2,efSearch,11,1,0.922000,2480.448100,384.469967,512.708000,NaN,NaN,NaN,NaN,NaN,NaN,NaN,NaN,NaN,56776.922616,0.997007,155.250351,0.922000,0.049944,NaN,NaN,0,64,aggregate,20260813,results/round2/agnews/raw/02_diskann_fair/SAQ/agnews_SAQ_R64_Lbuild400.log,"DiskANN spherical quantization Impl<4>: graph build AND search use the 4-bit spherical payload (Quantized strategy, NoStore primary, per-method graph)."
02_diskann_fair,agnews,SAQ,done,SAQ4_symmetric,built_in_run,,L2,10,4,512.000000,,563.512451,590885632,0,0,0,6961.554688,135906.819404,134500.710724,1401.685288,0.000000,64,400,1.2,efSearch,12,1,0.925875,2382.158242,400.377496,533.184000,NaN,NaN,NaN,NaN,NaN,NaN,NaN,NaN,NaN,56776.922616,0.997007,155.141784,0.925875,0.050500,NaN,NaN,0,64,aggregate,20260813,results/round2/agnews/raw/02_diskann_fair/SAQ/agnews_SAQ_R64_Lbuild400.log,"DiskANN spherical quantization Impl<4>: graph build AND search use the 4-bit spherical payload (Quantized strategy, NoStore primary, per-method graph)."
02_diskann_fair,agnews,SAQ,done,SAQ4_symmetric,built_in_run,,L2,10,4,512.000000,,563.512451,590885632,0,0,0,6961.554688,135906.819404,134500.710724,1401.685288,0.000000,64,400,1.2,efSearch,13,1,0.928125,2277.687403,419.663811,557.561000,NaN,NaN,NaN,NaN,NaN,NaN,NaN,NaN,NaN,56776.922616,0.997007,155.117258,0.928125,0.050667,NaN,NaN,0,64,aggregate,20260813,results/round2/agnews/raw/02_diskann_fair/SAQ/agnews_SAQ_R64_Lbuild400.log,"DiskANN spherical quantization Impl<4>: graph build AND search use the 4-bit spherical payload (Quantized strategy, NoStore primary, per-method graph)."
02_diskann_fair,agnews,SAQ,done,SAQ4_symmetric,built_in_run,,L2,10,4,512.000000,,563.512451,590885632,0,0,0,6961.554688,135906.819404,134500.710724,1401.685288,0.000000,64,400,1.2,efSearch,14,1,0.929750,2188.805156,437.548736,575.901000,NaN,NaN,NaN,NaN,NaN,NaN,NaN,NaN,NaN,56776.922616,0.997007,155.067510,0.929750,0.050556,NaN,NaN,0,64,aggregate,20260813,results/round2/agnews/raw/02_diskann_fair/SAQ/agnews_SAQ_R64_Lbuild400.log,"DiskANN spherical quantization Impl<4>: graph build AND search use the 4-bit spherical payload (Quantized strategy, NoStore primary, per-method graph)."
02_diskann_fair,agnews,SAQ,done,SAQ4_symmetric,built_in_run,,L2,10,4,512.000000,,563.512451,590885632,0,0,0,6961.554688,135906.819404,134500.710724,1401.685288,0.000000,64,400,1.2,efSearch,15,1,0.932375,2113.674565,453.800082,597.878000,NaN,NaN,NaN,NaN,NaN,NaN,NaN,NaN,NaN,56776.922616,0.997007,155.008872,0.932375,0.050556,NaN,NaN,0,64,aggregate,20260813,results/round2/agnews/raw/02_diskann_fair/SAQ/agnews_SAQ_R64_Lbuild400.log,"DiskANN spherical quantization Impl<4>: graph build AND search use the 4-bit spherical payload (Quantized strategy, NoStore primary, per-method graph)."
02_diskann_fair,agnews,SAQ,done,SAQ4_symmetric,built_in_run,,L2,10,4,512.000000,,563.512451,590885632,0,0,0,6961.554688,135906.819404,134500.710724,1401.685288,0.000000,64,400,1.2,efSearch,16,1,0.934250,2036.895028,471.627261,616.203000,NaN,NaN,NaN,NaN,NaN,NaN,NaN,NaN,NaN,56776.922616,0.997007,154.975827,0.934250,0.050667,NaN,NaN,0,64,aggregate,20260813,results/round2/agnews/raw/02_diskann_fair/SAQ/agnews_SAQ_R64_Lbuild400.log,"DiskANN spherical quantization Impl<4>: graph build AND search use the 4-bit spherical payload (Quantized strategy, NoStore primary, per-method graph)."
02_diskann_fair,agnews,SAQ,done,SAQ4_symmetric,built_in_run,,L2,10,4,512.000000,,563.512451,590885632,0,0,0,6961.554688,135906.819404,134500.710724,1401.685288,0.000000,64,400,1.2,efSearch,17,1,0.935500,1970.969895,488.090809,641.170000,NaN,NaN,NaN,NaN,NaN,NaN,NaN,NaN,NaN,56776.922616,0.997007,154.959119,0.935500,0.050778,NaN,NaN,0,64,aggregate,20260813,results/round2/agnews/raw/02_diskann_fair/SAQ/agnews_SAQ_R64_Lbuild400.log,"DiskANN spherical quantization Impl<4>: graph build AND search use the 4-bit spherical payload (Quantized strategy, NoStore primary, per-method graph)."
02_diskann_fair,agnews,SAQ,done,SAQ4_symmetric,built_in_run,,L2,10,4,512.000000,,563.512451,590885632,0,0,0,6961.554688,135906.819404,134500.710724,1401.685288,0.000000,64,400,1.2,efSearch,18,1,0.936250,1907.790217,504.998557,660.743000,NaN,NaN,NaN,NaN,NaN,NaN,NaN,NaN,NaN,56776.922616,0.997007,154.940147,0.936250,0.050500,NaN,NaN,0,64,aggregate,20260813,results/round2/agnews/raw/02_diskann_fair/SAQ/agnews_SAQ_R64_Lbuild400.log,"DiskANN spherical quantization Impl<4>: graph build AND search use the 4-bit spherical payload (Quantized strategy, NoStore primary, per-method graph)."
02_diskann_fair,agnews,SAQ,done,SAQ4_symmetric,built_in_run,,L2,10,4,512.000000,,563.512451,590885632,0,0,0,6961.554688,135906.819404,134500.710724,1401.685288,0.000000,64,400,1.2,efSearch,19,1,0.937000,1851.642389,520.878350,683.595000,NaN,NaN,NaN,NaN,NaN,NaN,NaN,NaN,NaN,56776.922616,0.997007,154.927730,0.937000,0.050472,NaN,NaN,0,64,aggregate,20260813,results/round2/agnews/raw/02_diskann_fair/SAQ/agnews_SAQ_R64_Lbuild400.log,"DiskANN spherical quantization Impl<4>: graph build AND search use the 4-bit spherical payload (Quantized strategy, NoStore primary, per-method graph)."
02_diskann_fair,agnews,SAQ,done,SAQ4_symmetric,built_in_run,,L2,10,4,512.000000,,563.512451,590885632,0,0,0,6961.554688,135906.819404,134500.710724,1401.685288,0.000000,64,400,1.2,efSearch,20,1,0.938375,1791.106716,539.061966,713.618000,NaN,NaN,NaN,NaN,NaN,NaN,NaN,NaN,NaN,56776.922616,0.997007,154.918530,0.938375,0.050750,NaN,NaN,0,64,aggregate,20260813,results/round2/agnews/raw/02_diskann_fair/SAQ/agnews_SAQ_R64_Lbuild400.log,"DiskANN spherical quantization Impl<4>: graph build AND search use the 4-bit spherical payload (Quantized strategy, NoStore primary, per-method graph)."
02_diskann_fair,agnews,SAQ,done,SAQ4_symmetric,built_in_run,,L2,10,4,512.000000,,563.512451,590885632,0,0,0,6961.554688,135906.819404,134500.710724,1401.685288,0.000000,64,400,1.2,efSearch,21,1,0.939500,1742.417642,554.760659,726.154000,NaN,NaN,NaN,NaN,NaN,NaN,NaN,NaN,NaN,56776.922616,0.997007,154.908633,0.939500,0.050778,NaN,NaN,0,64,aggregate,20260813,results/round2/agnews/raw/02_diskann_fair/SAQ/agnews_SAQ_R64_Lbuild400.log,"DiskANN spherical quantization Impl<4>: graph build AND search use the 4-bit spherical payload (Quantized strategy, NoStore primary, per-method graph)."
02_diskann_fair,agnews,SAQ,done,SAQ4_symmetric,built_in_run,,L2,10,4,512.000000,,563.512451,590885632,0,0,0,6961.554688,135906.819404,134500.710724,1401.685288,0.000000,64,400,1.2,efSearch,22,1,0.940000,1699.249265,569.484965,749.361000,NaN,NaN,NaN,NaN,NaN,NaN,NaN,NaN,NaN,56776.922616,0.997007,154.899758,0.940000,0.050889,NaN,NaN,0,64,aggregate,20260813,results/round2/agnews/raw/02_diskann_fair/SAQ/agnews_SAQ_R64_Lbuild400.log,"DiskANN spherical quantization Impl<4>: graph build AND search use the 4-bit spherical payload (Quantized strategy, NoStore primary, per-method graph)."
02_diskann_fair,agnews,SAQ,done,SAQ4_symmetric,built_in_run,,L2,10,4,512.000000,,563.512451,590885632,0,0,0,6961.554688,135906.819404,134500.710724,1401.685288,0.000000,64,400,1.2,efSearch,23,1,0.941625,1654.938740,585.076012,763.575000,NaN,NaN,NaN,NaN,NaN,NaN,NaN,NaN,NaN,56776.922616,0.997007,154.875054,0.941625,0.050833,NaN,NaN,0,64,aggregate,20260813,results/round2/agnews/raw/02_diskann_fair/SAQ/agnews_SAQ_R64_Lbuild400.log,"DiskANN spherical quantization Impl<4>: graph build AND search use the 4-bit spherical payload (Quantized strategy, NoStore primary, per-method graph)."
02_diskann_fair,agnews,SAQ,done,SAQ4_symmetric,built_in_run,,L2,10,4,512.000000,,563.512451,590885632,0,0,0,6961.554688,135906.819404,134500.710724,1401.685288,0.000000,64,400,1.2,efSearch,24,1,0.942875,1606.021005,603.378549,782.183000,NaN,NaN,NaN,NaN,NaN,NaN,NaN,NaN,NaN,56776.922616,0.997007,154.774787,0.942875,0.050778,NaN,NaN,0,64,aggregate,20260813,results/round2/agnews/raw/02_diskann_fair/SAQ/agnews_SAQ_R64_Lbuild400.log,"DiskANN spherical quantization Impl<4>: graph build AND search use the 4-bit spherical payload (Quantized strategy, NoStore primary, per-method graph)."
02_diskann_fair,agnews,SAQ,done,SAQ4_symmetric,built_in_run,,L2,10,4,512.000000,,563.512451,590885632,0,0,0,6961.554688,135906.819404,134500.710724,1401.685288,0.000000,64,400,1.2,efSearch,25,1,0.943375,1566.381524,619.212605,805.435000,NaN,NaN,NaN,NaN,NaN,NaN,NaN,NaN,NaN,56776.922616,0.997007,154.763980,0.943375,0.050750,NaN,NaN,0,64,aggregate,20260813,results/round2/agnews/raw/02_diskann_fair/SAQ/agnews_SAQ_R64_Lbuild400.log,"DiskANN spherical quantization Impl<4>: graph build AND search use the 4-bit spherical payload (Quantized strategy, NoStore primary, per-method graph)."
02_diskann_fair,agnews,SAQ,done,SAQ4_symmetric,built_in_run,,L2,10,4,512.000000,,563.512451,590885632,0,0,0,6961.554688,135906.819404,134500.710724,1401.685288,0.000000,64,400,1.2,efSearch,26,1,0.944000,1523.126099,636.035568,833.850000,NaN,NaN,NaN,NaN,NaN,NaN,NaN,NaN,NaN,56776.922616,0.997007,154.752916,0.944000,0.050778,NaN,NaN,0,64,aggregate,20260813,results/round2/agnews/raw/02_diskann_fair/SAQ/agnews_SAQ_R64_Lbuild400.log,"DiskANN spherical quantization Impl<4>: graph build AND search use the 4-bit spherical payload (Quantized strategy, NoStore primary, per-method graph)."
02_diskann_fair,agnews,SAQ,done,SAQ4_symmetric,built_in_run,,L2,10,4,512.000000,,563.512451,590885632,0,0,0,6961.554688,135906.819404,134500.710724,1401.685288,0.000000,64,400,1.2,efSearch,27,1,0.944250,1487.805531,653.178615,849.785000,NaN,NaN,NaN,NaN,NaN,NaN,NaN,NaN,NaN,56776.922616,0.997007,154.748119,0.944250,0.050806,NaN,NaN,0,64,aggregate,20260813,results/round2/agnews/raw/02_diskann_fair/SAQ/agnews_SAQ_R64_Lbuild400.log,"DiskANN spherical quantization Impl<4>: graph build AND search use the 4-bit spherical payload (Quantized strategy, NoStore primary, per-method graph)."
02_diskann_fair,agnews,SAQ,done,SAQ4_symmetric,built_in_run,,L2,10,4,512.000000,,563.512451,590885632,0,0,0,6961.554688,135906.819404,134500.710724,1401.685288,0.000000,64,400,1.2,efSearch,28,1,0.944500,1452.310025,669.383399,868.044000,NaN,NaN,NaN,NaN,NaN,NaN,NaN,NaN,NaN,56776.922616,0.997008,154.743559,0.944500,0.050806,NaN,NaN,0,64,aggregate,20260813,results/round2/agnews/raw/02_diskann_fair/SAQ/agnews_SAQ_R64_Lbuild400.log,"DiskANN spherical quantization Impl<4>: graph build AND search use the 4-bit spherical payload (Quantized strategy, NoStore primary, per-method graph)."
02_diskann_fair,agnews,SAQ,done,SAQ4_symmetric,built_in_run,,L2,10,4,512.000000,,563.512451,590885632,0,0,0,6961.554688,135906.819404,134500.710724,1401.685288,0.000000,64,400,1.2,efSearch,29,1,0.944625,1387.049365,693.947578,892.789000,NaN,NaN,NaN,NaN,NaN,NaN,NaN,NaN,NaN,56776.922616,0.997008,154.740864,0.944625,0.050833,NaN,NaN,0,64,aggregate,20260813,results/round2/agnews/raw/02_diskann_fair/SAQ/agnews_SAQ_R64_Lbuild400.log,"DiskANN spherical quantization Impl<4>: graph build AND search use the 4-bit spherical payload (Quantized strategy, NoStore primary, per-method graph)."
02_diskann_fair,agnews,SAQ,done,SAQ4_symmetric,built_in_run,,L2,10,4,512.000000,,563.512451,590885632,0,0,0,6961.554688,135906.819404,134500.710724,1401.685288,0.000000,64,400,1.2,efSearch,30,1,0.945000,1386.236439,702.314859,907.863000,NaN,NaN,NaN,NaN,NaN,NaN,NaN,NaN,NaN,56776.922616,0.997008,154.736775,0.945000,0.050917,NaN,NaN,0,64,aggregate,20260813,results/round2/agnews/raw/02_diskann_fair/SAQ/agnews_SAQ_R64_Lbuild400.log,"DiskANN spherical quantization Impl<4>: graph build AND search use the 4-bit spherical payload (Quantized strategy, NoStore primary, per-method graph)."
02_diskann_fair,agnews,SAQ,done,SAQ4_symmetric,built_in_run,,L2,10,4,512.000000,,563.512451,590885632,0,0,0,6961.554688,135906.819404,134500.710724,1401.685288,0.000000,64,400,1.2,efSearch,40,1,0.947250,1150.209666,849.776887,1105.378000,NaN,NaN,NaN,NaN,NaN,NaN,NaN,NaN,NaN,56776.922616,0.997008,154.704270,0.947250,0.050944,NaN,NaN,0,64,aggregate,20260813,results/round2/agnews/raw/02_diskann_fair/SAQ/agnews_SAQ_R64_Lbuild400.log,"DiskANN spherical quantization Impl<4>: graph build AND search use the 4-bit spherical payload (Quantized strategy, NoStore primary, per-method graph)."
02_diskann_fair,agnews,SAQ,done,SAQ4_symmetric,built_in_run,,L2,10,4,512.000000,,563.512451,590885632,0,0,0,6961.554688,135906.819404,134500.710724,1401.685288,0.000000,64,400,1.2,efSearch,50,1,0.950125,964.986529,1008.607620,1320.740000,NaN,NaN,NaN,NaN,NaN,NaN,NaN,NaN,NaN,56776.922616,0.997008,154.641605,0.950125,0.051111,NaN,NaN,0,64,aggregate,20260813,results/round2/agnews/raw/02_diskann_fair/SAQ/agnews_SAQ_R64_Lbuild400.log,"DiskANN spherical quantization Impl<4>: graph build AND search use the 4-bit spherical payload (Quantized strategy, NoStore primary, per-method graph)."
02_diskann_fair,agnews,SAQ,done,SAQ4_symmetric,built_in_run,,L2,10,4,512.000000,,563.512451,590885632,0,0,0,6961.554688,135906.819404,134500.710724,1401.685288,0.000000,64,400,1.2,efSearch,60,1,0.951250,863.175867,1139.688808,1507.900000,NaN,NaN,NaN,NaN,NaN,NaN,NaN,NaN,NaN,56776.922616,0.997008,154.629877,0.951250,0.051167,NaN,NaN,0,64,aggregate,20260813,results/round2/agnews/raw/02_diskann_fair/SAQ/agnews_SAQ_R64_Lbuild400.log,"DiskANN spherical quantization Impl<4>: graph build AND search use the 4-bit spherical payload (Quantized strategy, NoStore primary, per-method graph)."
02_diskann_fair,agnews,SAQ,done,SAQ4_symmetric,built_in_run,,L2,10,4,512.000000,,563.512451,590885632,0,0,0,6961.554688,135906.819404,134500.710724,1401.685288,0.000000,64,400,1.2,efSearch,70,1,0.951625,760.222948,1293.485746,1728.183000,NaN,NaN,NaN,NaN,NaN,NaN,NaN,NaN,NaN,56776.922616,0.997008,154.622947,0.951625,0.051139,NaN,NaN,0,64,aggregate,20260813,results/round2/agnews/raw/02_diskann_fair/SAQ/agnews_SAQ_R64_Lbuild400.log,"DiskANN spherical quantization Impl<4>: graph build AND search use the 4-bit spherical payload (Quantized strategy, NoStore primary, per-method graph)."
02_diskann_fair,agnews,SAQ,done,SAQ4_symmetric,built_in_run,,L2,10,4,512.000000,,563.512451,590885632,0,0,0,6961.554688,135906.819404,134500.710724,1401.685288,0.000000,64,400,1.2,efSearch,80,1,0.952125,693.267152,1423.683164,1939.775000,NaN,NaN,NaN,NaN,NaN,NaN,NaN,NaN,NaN,56776.922616,0.997008,154.611082,0.952125,0.051083,NaN,NaN,0,64,aggregate,20260813,results/round2/agnews/raw/02_diskann_fair/SAQ/agnews_SAQ_R64_Lbuild400.log,"DiskANN spherical quantization Impl<4>: graph build AND search use the 4-bit spherical payload (Quantized strategy, NoStore primary, per-method graph)."
02_diskann_fair,agnews,SAQ,done,SAQ4_symmetric,built_in_run,,L2,10,4,512.000000,,563.512451,590885632,0,0,0,6961.554688,135906.819404,134500.710724,1401.685288,0.000000,64,400,1.2,efSearch,90,1,0.952375,582.983228,1696.513906,2275.825000,NaN,NaN,NaN,NaN,NaN,NaN,NaN,NaN,NaN,56776.922616,0.997008,154.608455,0.952375,0.051111,NaN,NaN,0,64,aggregate,20260813,results/round2/agnews/raw/02_diskann_fair/SAQ/agnews_SAQ_R64_Lbuild400.log,"DiskANN spherical quantization Impl<4>: graph build AND search use the 4-bit spherical payload (Quantized strategy, NoStore primary, per-method graph)."
02_diskann_fair,agnews,SAQ,done,SAQ4_symmetric,built_in_run,,L2,10,4,512.000000,,563.512451,590885632,0,0,0,6961.554688,135906.819404,134500.710724,1401.685288,0.000000,64,400,1.2,efSearch,100,1,0.952500,547.740871,1806.766261,2536.906000,NaN,NaN,NaN,NaN,NaN,NaN,NaN,NaN,NaN,56776.922616,0.997008,154.608178,0.952500,0.051167,NaN,NaN,0,64,aggregate,20260813,results/round2/agnews/raw/02_diskann_fair/SAQ/agnews_SAQ_R64_Lbuild400.log,"DiskANN spherical quantization Impl<4>: graph build AND search use the 4-bit spherical payload (Quantized strategy, NoStore primary, per-method graph)."
02_diskann_fair,agnews,SAQ,done,SAQ4_symmetric,built_in_run,,L2,10,4,512.000000,,563.512451,590885632,0,0,0,6961.554688,135906.819404,134500.710724,1401.685288,0.000000,64,400,1.2,efSearch,140,1,0.952750,419.134127,2366.893627,3346.141000,NaN,NaN,NaN,NaN,NaN,NaN,NaN,NaN,NaN,56776.922616,0.997008,154.602421,0.952750,0.051222,NaN,NaN,0,64,aggregate,20260813,results/round2/agnews/raw/02_diskann_fair/SAQ/agnews_SAQ_R64_Lbuild400.log,"DiskANN spherical quantization Impl<4>: graph build AND search use the 4-bit spherical payload (Quantized strategy, NoStore primary, per-method graph)."
02_diskann_fair,agnews,SAQ,done,SAQ4_symmetric,built_in_run,,L2,10,4,512.000000,,563.512451,590885632,0,0,0,6961.554688,135906.819404,134500.710724,1401.685288,0.000000,64,400,1.2,efSearch,180,1,0.952875,380.055370,2612.246537,3721.925000,NaN,NaN,NaN,NaN,NaN,NaN,NaN,NaN,NaN,56776.922616,0.997008,154.602049,0.952875,0.051250,NaN,NaN,0,64,aggregate,20260813,results/round2/agnews/raw/02_diskann_fair/SAQ/agnews_SAQ_R64_Lbuild400.log,"DiskANN spherical quantization Impl<4>: graph build AND search use the 4-bit spherical payload (Quantized strategy, NoStore primary, per-method graph)."
02_diskann_fair,agnews,SAQ,done,SAQ4_symmetric,built_in_run,,L2,10,4,512.000000,,563.512451,590885632,0,0,0,6961.554688,135906.819404,134500.710724,1401.685288,0.000000,64,400,1.2,efSearch,220,1,0.953000,326.112828,3047.620689,4406.143000,NaN,NaN,NaN,NaN,NaN,NaN,NaN,NaN,NaN,56776.922616,0.997008,154.602045,0.953000,0.051278,NaN,NaN,0,64,aggregate,20260813,results/round2/agnews/raw/02_diskann_fair/SAQ/agnews_SAQ_R64_Lbuild400.log,"DiskANN spherical quantization Impl<4>: graph build AND search use the 4-bit spherical payload (Quantized strategy, NoStore primary, per-method graph)."
02_diskann_fair,agnews,SAQ,done,SAQ4_symmetric,built_in_run,,L2,10,4,512.000000,,563.512451,590885632,0,0,0,6961.554688,135906.819404,134500.710724,1401.685288,0.000000,64,400,1.2,efSearch,260,1,0.953250,282.482971,3521.107785,5072.106000,NaN,NaN,NaN,NaN,NaN,NaN,NaN,NaN,NaN,56776.922616,0.997008,154.600073,0.953250,0.051361,NaN,NaN,0,64,aggregate,20260813,results/round2/agnews/raw/02_diskann_fair/SAQ/agnews_SAQ_R64_Lbuild400.log,"DiskANN spherical quantization Impl<4>: graph build AND search use the 4-bit spherical payload (Quantized strategy, NoStore primary, per-method graph)."
02_diskann_fair,agnews,SAQ,done,SAQ4_symmetric,built_in_run,,L2,10,4,512.000000,,563.512451,590885632,0,0,0,6961.554688,135906.819404,134500.710724,1401.685288,0.000000,64,400,1.2,efSearch,300,1,0.953250,250.126593,3977.217446,5797.177000,NaN,NaN,NaN,NaN,NaN,NaN,NaN,NaN,NaN,56776.922616,0.997008,154.600073,0.953250,0.051361,NaN,NaN,0,64,aggregate,20260813,results/round2/agnews/raw/02_diskann_fair/SAQ/agnews_SAQ_R64_Lbuild400.log,"DiskANN spherical quantization Impl<4>: graph build AND search use the 4-bit spherical payload (Quantized strategy, NoStore primary, per-method graph)."
02_diskann_fair,agnews,SAQ,done,SAQ4_symmetric,built_in_run,,L2,10,4,512.000000,,563.512451,590885632,0,0,0,6961.554688,135906.819404,134500.710724,1401.685288,0.000000,64,400,1.2,efSearch,340,1,0.953250,225.459230,4415.094888,6420.413000,NaN,NaN,NaN,NaN,NaN,NaN,NaN,NaN,NaN,56776.922616,0.997008,154.600073,0.953250,0.051361,NaN,NaN,0,64,aggregate,20260813,results/round2/agnews/raw/02_diskann_fair/SAQ/agnews_SAQ_R64_Lbuild400.log,"DiskANN spherical quantization Impl<4>: graph build AND search use the 4-bit spherical payload (Quantized strategy, NoStore primary, per-method graph)."
02_diskann_fair,agnews,SAQ,done,SAQ4_symmetric,built_in_run,,L2,10,4,512.000000,,563.512451,590885632,0,0,0,6961.554688,135906.819404,134500.710724,1401.685288,0.000000,64,400,1.2,efSearch,380,1,0.953250,207.751653,4793.203073,7000.451000,NaN,NaN,NaN,NaN,NaN,NaN,NaN,NaN,NaN,56776.922616,0.997008,154.600073,0.953250,0.051361,NaN,NaN,0,64,aggregate,20260813,results/round2/agnews/raw/02_diskann_fair/SAQ/agnews_SAQ_R64_Lbuild400.log,"DiskANN spherical quantization Impl<4>: graph build AND search use the 4-bit spherical payload (Quantized strategy, NoStore primary, per-method graph)."
02_diskann_fair,agnews,SAQ,done,SAQ4_symmetric,built_in_run,,L2,10,4,512.000000,,563.512451,590885632,0,0,0,6961.554688,135906.819404,134500.710724,1401.685288,0.000000,64,400,1.2,efSearch,420,1,0.953250,195.154194,5102.107584,7373.400000,NaN,NaN,NaN,NaN,NaN,NaN,NaN,NaN,NaN,56776.922616,0.997008,154.600073,0.953250,0.051361,NaN,NaN,0,64,aggregate,20260813,results/round2/agnews/raw/02_diskann_fair/SAQ/agnews_SAQ_R64_Lbuild400.log,"DiskANN spherical quantization Impl<4>: graph build AND search use the 4-bit spherical payload (Quantized strategy, NoStore primary, per-method graph)."
02_diskann_fair,agnews,SAQ,done,SAQ4_symmetric,built_in_run,,L2,10,4,512.000000,,563.512451,590885632,0,0,0,6961.554688,135906.819404,134500.710724,1401.685288,0.000000,64,400,1.2,efSearch,460,1,0.953250,179.053903,5564.420089,8073.567000,NaN,NaN,NaN,NaN,NaN,NaN,NaN,NaN,NaN,56776.922616,0.997008,154.600073,0.953250,0.051361,NaN,NaN,0,64,aggregate,20260813,results/round2/agnews/raw/02_diskann_fair/SAQ/agnews_SAQ_R64_Lbuild400.log,"DiskANN spherical quantization Impl<4>: graph build AND search use the 4-bit spherical payload (Quantized strategy, NoStore primary, per-method graph)."
02_diskann_fair,agnews,Ours,done,ExRaBitQ4_symmetric,built_in_run,,L2,10,4,1177.000000,,1153.073114,710517066,8192,498559536,0,5728.410156,89262.222262,83628.573062,54.864031,5628.268794,64,400,1.2,efSearch,10,1,0.930875,1220.808249,724.515375,1367.720000,18.216336,642.122119,61.925565,0.000000,0.000000,109.273911,465.343155,760.373750,195.387500,1628912.063188,0.002854,0.107020,0.930875,0.005750,NaN,NaN,0,64,aggregate,20260813,/home/kai3/coco/quantization_graph/results/02_diskann_fair/agnews/logs/Ours/agnews_Ours_R64_Lbuild400.log,"Ours ExRaBitQ4 block16 provider. Graph build and search run through DiskANN3 in-memory provider/prune storage. Encode, ExRaBitQ4 symmetric build distance, paper-prune active Float32-to-ExRaBitQ4 query traversal, and residual4 block16 mse/fp16 rerank call the existing RaBitQSpace kernels through a native bridge. Graph construction uses ExRaBitQ4 symmetric distance on 4-bit payloads; the index stores no fp32 base vectors (fp32_base_bytes=0), unlike fp32-graph baselines."
02_diskann_fair,agnews,Ours,done,ExRaBitQ4_symmetric,built_in_run,,L2,10,4,1177.000000,,1153.073114,710517066,8192,498559536,0,5728.410156,89262.222262,83628.573062,54.864031,5628.268794,64,400,1.2,efSearch,11,1,0.946875,3309.064571,282.005299,367.789000,12.141360,247.141078,21.488176,0.000000,0.000000,110.209722,86.503902,789.927500,207.661250,1628912.063187,0.002851,0.106943,0.946875,0.006083,NaN,NaN,0,64,aggregate,20260813,/home/kai3/coco/quantization_graph/results/02_diskann_fair/agnews/logs/Ours/agnews_Ours_R64_Lbuild400.log,"Ours ExRaBitQ4 block16 provider. Graph build and search run through DiskANN3 in-memory provider/prune storage. Encode, ExRaBitQ4 symmetric build distance, paper-prune active Float32-to-ExRaBitQ4 query traversal, and residual4 block16 mse/fp16 rerank call the existing RaBitQSpace kernels through a native bridge. Graph construction uses ExRaBitQ4 symmetric distance on 4-bit payloads; the index stores no fp32 base vectors (fp32_base_bytes=0), unlike fp32-graph baselines."
02_diskann_fair,agnews,Ours,done,ExRaBitQ4_symmetric,built_in_run,,L2,10,4,1177.000000,,1153.073114,710517066,8192,498559536,0,5728.410156,89262.222262,83628.573062,54.864031,5628.268794,64,400,1.2,efSearch,12,1,0.956875,3263.230202,286.572716,373.026000,12.118993,250.103189,23.128795,0.000000,0.000000,113.311081,88.082955,820.360000,219.535000,1628912.063187,0.002850,0.106699,0.956875,0.005972,NaN,NaN,0,64,aggregate,20260813,/home/kai3/coco/quantization_graph/results/02_diskann_fair/agnews/logs/Ours/agnews_Ours_R64_Lbuild400.log,"Ours ExRaBitQ4 block16 provider. Graph build and search run through DiskANN3 in-memory provider/prune storage. Encode, ExRaBitQ4 symmetric build distance, paper-prune active Float32-to-ExRaBitQ4 query traversal, and residual4 block16 mse/fp16 rerank call the existing RaBitQSpace kernels through a native bridge. Graph construction uses ExRaBitQ4 symmetric distance on 4-bit payloads; the index stores no fp32 base vectors (fp32_base_bytes=0), unlike fp32-graph baselines."
02_diskann_fair,agnews,Ours,done,ExRaBitQ4_symmetric,built_in_run,,L2,10,4,1177.000000,,1153.073114,710517066,8192,498559536,0,5728.410156,89262.222262,83628.573062,54.864031,5628.268794,64,400,1.2,efSearch,13,1,0.960250,3145.503448,298.627484,386.501000,12.178270,260.645983,24.498375,0.000000,0.000000,117.685114,91.990880,848.572500,230.740000,1628912.063187,0.002851,0.106808,0.960250,0.006028,NaN,NaN,0,64,aggregate,20260813,/home/kai3/coco/quantization_graph/results/02_diskann_fair/agnews/logs/Ours/agnews_Ours_R64_Lbuild400.log,"Ours ExRaBitQ4 block16 provider. Graph build and search run through DiskANN3 in-memory provider/prune storage. Encode, ExRaBitQ4 symmetric build distance, paper-prune active Float32-to-ExRaBitQ4 query traversal, and residual4 block16 mse/fp16 rerank call the existing RaBitQSpace kernels through a native bridge. Graph construction uses ExRaBitQ4 symmetric distance on 4-bit payloads; the index stores no fp32 base vectors (fp32_base_bytes=0), unlike fp32-graph baselines."
02_diskann_fair,agnews,Ours,done,ExRaBitQ4_symmetric,built_in_run,,L2,10,4,1177.000000,,1153.073114,710517066,8192,498559536,0,5728.410156,89262.222262,83628.573062,54.864031,5628.268794,64,400,1.2,efSearch,14,1,0.965375,3080.505409,305.474998,395.593000,12.211246,265.898176,26.049119,0.000000,0.000000,120.914156,92.959554,878.125000,241.826250,1628912.063187,0.002851,0.106714,0.965375,0.005917,NaN,NaN,0,64,aggregate,20260813,/home/kai3/coco/quantization_graph/results/02_diskann_fair/agnews/logs/Ours/agnews_Ours_R64_Lbuild400.log,"Ours ExRaBitQ4 block16 provider. Graph build and search run through DiskANN3 in-memory provider/prune storage. Encode, ExRaBitQ4 symmetric build distance, paper-prune active Float32-to-ExRaBitQ4 query traversal, and residual4 block16 mse/fp16 rerank call the existing RaBitQSpace kernels through a native bridge. Graph construction uses ExRaBitQ4 symmetric distance on 4-bit payloads; the index stores no fp32 base vectors (fp32_base_bytes=0), unlike fp32-graph baselines."
02_diskann_fair,agnews,Ours,done,ExRaBitQ4_symmetric,built_in_run,,L2,10,4,1177.000000,,1153.073114,710517066,8192,498559536,0,5728.410156,89262.222262,83628.573062,54.864031,5628.268794,64,400,1.2,efSearch,15,1,0.968250,2928.793703,322.353639,407.982000,12.212896,281.421167,27.339106,0.000000,0.000000,130.278533,96.339685,905.423750,252.053750,1628912.063188,0.002851,0.106808,0.968250,0.005889,NaN,NaN,0,64,aggregate,20260813,/home/kai3/coco/quantization_graph/results/02_diskann_fair/agnews/logs/Ours/agnews_Ours_R64_Lbuild400.log,"Ours ExRaBitQ4 block16 provider. Graph build and search run through DiskANN3 in-memory provider/prune storage. Encode, ExRaBitQ4 symmetric build distance, paper-prune active Float32-to-ExRaBitQ4 query traversal, and residual4 block16 mse/fp16 rerank call the existing RaBitQSpace kernels through a native bridge. Graph construction uses ExRaBitQ4 symmetric distance on 4-bit payloads; the index stores no fp32 base vectors (fp32_base_bytes=0), unlike fp32-graph baselines."
02_diskann_fair,agnews,Ours,done,ExRaBitQ4_symmetric,built_in_run,,L2,10,4,1177.000000,,1153.073114,710517066,8192,498559536,0,5728.410156,89262.222262,83628.573062,54.864031,5628.268794,64,400,1.2,efSearch,16,1,0.970625,2906.020682,325.097215,426.718000,12.218505,282.443984,29.034941,0.000000,0.000000,129.568412,96.918953,934.438750,262.411250,1628912.063187,0.002851,0.106755,0.970625,0.005917,NaN,NaN,0,64,aggregate,20260813,/home/kai3/coco/quantization_graph/results/02_diskann_fair/agnews/logs/Ours/agnews_Ours_R64_Lbuild400.log,"Ours ExRaBitQ4 block16 provider. Graph build and search run through DiskANN3 in-memory provider/prune storage. Encode, ExRaBitQ4 symmetric build distance, paper-prune active Float32-to-ExRaBitQ4 query traversal, and residual4 block16 mse/fp16 rerank call the existing RaBitQSpace kernels through a native bridge. Graph construction uses ExRaBitQ4 symmetric distance on 4-bit payloads; the index stores no fp32 base vectors (fp32_base_bytes=0), unlike fp32-graph baselines."
02_diskann_fair,agnews,Ours,done,ExRaBitQ4_symmetric,built_in_run,,L2,10,4,1177.000000,,1153.073114,710517066,8192,498559536,0,5728.410156,89262.222262,83628.573062,54.864031,5628.268794,64,400,1.2,efSearch,17,1,0.972375,2822.623453,335.297810,436.605000,12.241801,290.926553,30.697600,0.000000,0.000000,133.475525,100.171570,962.501250,272.478750,1628912.063187,0.002851,0.106713,0.972375,0.005917,NaN,NaN,0,64,aggregate,20260813,/home/kai3/coco/quantization_graph/results/02_diskann_fair/agnews/logs/Ours/agnews_Ours_R64_Lbuild400.log,"Ours ExRaBitQ4 block16 provider. Graph build and search run through DiskANN3 in-memory provider/prune storage. Encode, ExRaBitQ4 symmetric build distance, paper-prune active Float32-to-ExRaBitQ4 query traversal, and residual4 block16 mse/fp16 rerank call the existing RaBitQSpace kernels through a native bridge. Graph construction uses ExRaBitQ4 symmetric distance on 4-bit payloads; the index stores no fp32 base vectors (fp32_base_bytes=0), unlike fp32-graph baselines."
02_diskann_fair,agnews,Ours,done,ExRaBitQ4_symmetric,built_in_run,,L2,10,4,1177.000000,,1153.073114,710517066,8192,498559536,0,5728.410156,89262.222262,83628.573062,54.864031,5628.268794,64,400,1.2,efSearch,18,1,0.975500,2724.267823,347.864801,448.566000,12.282469,301.765990,32.374431,0.000000,0.000000,139.158959,103.602160,990.855000,281.897500,1628912.063187,0.002851,0.106747,0.975500,0.005917,NaN,NaN,0,64,aggregate,20260813,/home/kai3/coco/quantization_graph/results/02_diskann_fair/agnews/logs/Ours/agnews_Ours_R64_Lbuild400.log,"Ours ExRaBitQ4 block16 provider. Graph build and search run through DiskANN3 in-memory provider/prune storage. Encode, ExRaBitQ4 symmetric build distance, paper-prune active Float32-to-ExRaBitQ4 query traversal, and residual4 block16 mse/fp16 rerank call the existing RaBitQSpace kernels through a native bridge. Graph construction uses ExRaBitQ4 symmetric distance on 4-bit payloads; the index stores no fp32 base vectors (fp32_base_bytes=0), unlike fp32-graph baselines."
02_diskann_fair,agnews,Ours,done,ExRaBitQ4_symmetric,built_in_run,,L2,10,4,1177.000000,,1153.073114,710517066,8192,498559536,0,5728.410156,89262.222262,83628.573062,54.864031,5628.268794,64,400,1.2,efSearch,19,1,0.976250,2655.011529,358.098030,463.547000,12.329561,310.743449,33.491366,0.000000,0.000000,142.989395,106.090042,1018.366250,291.028750,1628912.063188,0.002851,0.106826,0.976250,0.005889,NaN,NaN,0,64,aggregate,20260813,/home/kai3/coco/quantization_graph/results/02_diskann_fair/agnews/logs/Ours/agnews_Ours_R64_Lbuild400.log,"Ours ExRaBitQ4 block16 provider. Graph build and search run through DiskANN3 in-memory provider/prune storage. Encode, ExRaBitQ4 symmetric build distance, paper-prune active Float32-to-ExRaBitQ4 query traversal, and residual4 block16 mse/fp16 rerank call the existing RaBitQSpace kernels through a native bridge. Graph construction uses ExRaBitQ4 symmetric distance on 4-bit payloads; the index stores no fp32 base vectors (fp32_base_bytes=0), unlike fp32-graph baselines."
02_diskann_fair,agnews,Ours,done,ExRaBitQ4_symmetric,built_in_run,,L2,10,4,1177.000000,,1153.073114,710517066,8192,498559536,0,5728.410156,89262.222262,83628.573062,54.864031,5628.268794,64,400,1.2,efSearch,20,1,0.977375,2559.646703,371.606075,474.022000,12.322024,322.449834,35.267927,0.000000,0.000000,148.824654,108.531023,1046.815000,300.035000,1628912.063188,0.002851,0.106822,0.977375,0.005889,NaN,NaN,0,64,aggregate,20260813,/home/kai3/coco/quantization_graph/results/02_diskann_fair/agnews/logs/Ours/agnews_Ours_R64_Lbuild400.log,"Ours ExRaBitQ4 block16 provider. Graph build and search run through DiskANN3 in-memory provider/prune storage. Encode, ExRaBitQ4 symmetric build distance, paper-prune active Float32-to-ExRaBitQ4 query traversal, and residual4 block16 mse/fp16 rerank call the existing RaBitQSpace kernels through a native bridge. Graph construction uses ExRaBitQ4 symmetric distance on 4-bit payloads; the index stores no fp32 base vectors (fp32_base_bytes=0), unlike fp32-graph baselines."
02_diskann_fair,agnews,Ours,done,ExRaBitQ4_symmetric,built_in_run,,L2,10,4,1177.000000,,1153.073114,710517066,8192,498559536,0,5728.410156,89262.222262,83628.573062,54.864031,5628.268794,64,400,1.2,efSearch,21,1,0.978625,2527.716914,376.752910,483.397000,12.297042,325.720597,37.142938,0.000000,0.000000,151.113200,109.481930,1073.753750,308.838750,1628912.063188,0.002851,0.106812,0.978625,0.005861,NaN,NaN,0,64,aggregate,20260813,/home/kai3/coco/quantization_graph/results/02_diskann_fair/agnews/logs/Ours/agnews_Ours_R64_Lbuild400.log,"Ours ExRaBitQ4 block16 provider. Graph build and search run through DiskANN3 in-memory provider/prune storage. Encode, ExRaBitQ4 symmetric build distance, paper-prune active Float32-to-ExRaBitQ4 query traversal, and residual4 block16 mse/fp16 rerank call the existing RaBitQSpace kernels through a native bridge. Graph construction uses ExRaBitQ4 symmetric distance on 4-bit payloads; the index stores no fp32 base vectors (fp32_base_bytes=0), unlike fp32-graph baselines."
02_diskann_fair,agnews,Ours,done,ExRaBitQ4_symmetric,built_in_run,,L2,10,4,1177.000000,,1153.073114,710517066,8192,498559536,0,5728.410156,89262.222262,83628.573062,54.864031,5628.268794,64,400,1.2,efSearch,22,1,0.979500,2460.653353,387.444245,495.847000,12.327524,334.753841,38.748090,0.000000,0.000000,155.674705,111.867895,1101.536250,317.467500,1628912.063188,0.002851,0.106790,0.979500,0.005861,NaN,NaN,0,64,aggregate,20260813,/home/kai3/coco/quantization_graph/results/02_diskann_fair/agnews/logs/Ours/agnews_Ours_R64_Lbuild400.log,"Ours ExRaBitQ4 block16 provider. Graph build and search run through DiskANN3 in-memory provider/prune storage. Encode, ExRaBitQ4 symmetric build distance, paper-prune active Float32-to-ExRaBitQ4 query traversal, and residual4 block16 mse/fp16 rerank call the existing RaBitQSpace kernels through a native bridge. Graph construction uses ExRaBitQ4 symmetric distance on 4-bit payloads; the index stores no fp32 base vectors (fp32_base_bytes=0), unlike fp32-graph baselines."
02_diskann_fair,agnews,Ours,done,ExRaBitQ4_symmetric,built_in_run,,L2,10,4,1177.000000,,1153.073114,710517066,8192,498559536,0,5728.410156,89262.222262,83628.573062,54.864031,5628.268794,64,400,1.2,efSearch,23,1,0.980125,2403.875314,397.117233,509.060000,12.381589,341.924721,41.157950,0.000000,0.000000,159.313344,113.825729,1128.781250,325.891250,1628912.063187,0.002851,0.106754,0.980125,0.005861,NaN,NaN,0,64,aggregate,20260813,/home/kai3/coco/quantization_graph/results/02_diskann_fair/agnews/logs/Ours/agnews_Ours_R64_Lbuild400.log,"Ours ExRaBitQ4 block16 provider. Graph build and search run through DiskANN3 in-memory provider/prune storage. Encode, ExRaBitQ4 symmetric build distance, paper-prune active Float32-to-ExRaBitQ4 query traversal, and residual4 block16 mse/fp16 rerank call the existing RaBitQSpace kernels through a native bridge. Graph construction uses ExRaBitQ4 symmetric distance on 4-bit payloads; the index stores no fp32 base vectors (fp32_base_bytes=0), unlike fp32-graph baselines."
02_diskann_fair,agnews,Ours,done,ExRaBitQ4_symmetric,built_in_run,,L2,10,4,1177.000000,,1153.073114,710517066,8192,498559536,0,5728.410156,89262.222262,83628.573062,54.864031,5628.268794,64,400,1.2,efSearch,24,1,0.981125,2350.306787,406.448254,523.530000,12.384250,350.705173,41.673225,0.000000,0.000000,163.914399,116.061536,1155.263750,334.317500,1628912.063187,0.002851,0.106761,0.981125,0.005889,NaN,NaN,0,64,aggregate,20260813,/home/kai3/coco/quantization_graph/results/02_diskann_fair/agnews/logs/Ours/agnews_Ours_R64_Lbuild400.log,"Ours ExRaBitQ4 block16 provider. Graph build and search run through DiskANN3 in-memory provider/prune storage. Encode, ExRaBitQ4 symmetric build distance, paper-prune active Float32-to-ExRaBitQ4 query traversal, and residual4 block16 mse/fp16 rerank call the existing RaBitQSpace kernels through a native bridge. Graph construction uses ExRaBitQ4 symmetric distance on 4-bit payloads; the index stores no fp32 base vectors (fp32_base_bytes=0), unlike fp32-graph baselines."
02_diskann_fair,agnews,Ours,done,ExRaBitQ4_symmetric,built_in_run,,L2,10,4,1177.000000,,1153.073114,710517066,8192,498559536,0,5728.410156,89262.222262,83628.573062,54.864031,5628.268794,64,400,1.2,efSearch,25,1,0.981750,2297.487016,416.421699,531.563000,12.391284,359.008419,43.299870,0.000000,0.000000,167.881734,118.019615,1182.212500,342.115000,1628912.063187,0.002851,0.106743,0.981750,0.005889,NaN,NaN,0,64,aggregate,20260813,/home/kai3/coco/quantization_graph/results/02_diskann_fair/agnews/logs/Ours/agnews_Ours_R64_Lbuild400.log,"Ours ExRaBitQ4 block16 provider. Graph build and search run through DiskANN3 in-memory provider/prune storage. Encode, ExRaBitQ4 symmetric build distance, paper-prune active Float32-to-ExRaBitQ4 query traversal, and residual4 block16 mse/fp16 rerank call the existing RaBitQSpace kernels through a native bridge. Graph construction uses ExRaBitQ4 symmetric distance on 4-bit payloads; the index stores no fp32 base vectors (fp32_base_bytes=0), unlike fp32-graph baselines."
02_diskann_fair,agnews,Ours,done,ExRaBitQ4_symmetric,built_in_run,,L2,10,4,1177.000000,,1153.073114,710517066,8192,498559536,0,5728.410156,89262.222262,83628.573062,54.864031,5628.268794,64,400,1.2,efSearch,26,1,0.982375,2231.568589,429.101765,549.323000,12.404537,368.323991,46.599200,0.000000,0.000000,172.707233,120.480788,1209.583750,349.723750,1628912.063187,0.002851,0.106741,0.982375,0.005861,NaN,NaN,0,64,aggregate,20260813,/home/kai3/coco/quantization_graph/results/02_diskann_fair/agnews/logs/Ours/agnews_Ours_R64_Lbuild400.log,"Ours ExRaBitQ4 block16 provider. Graph build and search run through DiskANN3 in-memory provider/prune storage. Encode, ExRaBitQ4 symmetric build distance, paper-prune active Float32-to-ExRaBitQ4 query traversal, and residual4 block16 mse/fp16 rerank call the existing RaBitQSpace kernels through a native bridge. Graph construction uses ExRaBitQ4 symmetric distance on 4-bit payloads; the index stores no fp32 base vectors (fp32_base_bytes=0), unlike fp32-graph baselines."
02_diskann_fair,agnews,Ours,done,ExRaBitQ4_symmetric,built_in_run,,L2,10,4,1177.000000,,1153.073114,710517066,8192,498559536,0,5728.410156,89262.222262,83628.573062,54.864031,5628.268794,64,400,1.2,efSearch,27,1,0.982875,2197.273072,436.297030,553.418000,12.411290,376.001561,46.138041,0.000000,0.000000,176.332909,122.540752,1236.310000,357.326250,1628912.063188,0.002851,0.106798,0.982875,0.005833,NaN,NaN,0,64,aggregate,20260813,/home/kai3/coco/quantization_graph/results/02_diskann_fair/agnews/logs/Ours/agnews_Ours_R64_Lbuild400.log,"Ours ExRaBitQ4 block16 provider. Graph build and search run through DiskANN3 in-memory provider/prune storage. Encode, ExRaBitQ4 symmetric build distance, paper-prune active Float32-to-ExRaBitQ4 query traversal, and residual4 block16 mse/fp16 rerank call the existing RaBitQSpace kernels through a native bridge. Graph construction uses ExRaBitQ4 symmetric distance on 4-bit payloads; the index stores no fp32 base vectors (fp32_base_bytes=0), unlike fp32-graph baselines."
02_diskann_fair,agnews,Ours,done,ExRaBitQ4_symmetric,built_in_run,,L2,10,4,1177.000000,,1153.073114,710517066,8192,498559536,0,5728.410156,89262.222262,83628.573062,54.864031,5628.268794,64,400,1.2,efSearch,28,1,0.983375,2151.359251,445.797329,567.000000,12.423142,383.716956,47.856424,0.000000,0.000000,180.489260,124.047594,1263.563750,364.756250,1628912.063188,0.002851,0.106841,0.983375,0.005833,NaN,NaN,0,64,aggregate,20260813,/home/kai3/coco/quantization_graph/results/02_diskann_fair/agnews/logs/Ours/agnews_Ours_R64_Lbuild400.log,"Ours ExRaBitQ4 block16 provider. Graph build and search run through DiskANN3 in-memory provider/prune storage. Encode, ExRaBitQ4 symmetric build distance, paper-prune active Float32-to-ExRaBitQ4 query traversal, and residual4 block16 mse/fp16 rerank call the existing RaBitQSpace kernels through a native bridge. Graph construction uses ExRaBitQ4 symmetric distance on 4-bit payloads; the index stores no fp32 base vectors (fp32_base_bytes=0), unlike fp32-graph baselines."
02_diskann_fair,agnews,Ours,done,ExRaBitQ4_symmetric,built_in_run,,L2,10,4,1177.000000,,1153.073114,710517066,8192,498559536,0,5728.410156,89262.222262,83628.573062,54.864031,5628.268794,64,400,1.2,efSearch,29,1,0.983875,2103.681472,456.541668,582.573000,12.420825,393.189218,49.137334,0.000000,0.000000,185.356858,126.731960,1290.055000,372.165000,1628912.063188,0.002851,0.106867,0.983875,0.005833,NaN,NaN,0,64,aggregate,20260813,/home/kai3/coco/quantization_graph/results/02_diskann_fair/agnews/logs/Ours/agnews_Ours_R64_Lbuild400.log,"Ours ExRaBitQ4 block16 provider. Graph build and search run through DiskANN3 in-memory provider/prune storage. Encode, ExRaBitQ4 symmetric build distance, paper-prune active Float32-to-ExRaBitQ4 query traversal, and residual4 block16 mse/fp16 rerank call the existing RaBitQSpace kernels through a native bridge. Graph construction uses ExRaBitQ4 symmetric distance on 4-bit payloads; the index stores no fp32 base vectors (fp32_base_bytes=0), unlike fp32-graph baselines."
02_diskann_fair,agnews,Ours,done,ExRaBitQ4_symmetric,built_in_run,,L2,10,4,1177.000000,,1153.073114,710517066,8192,498559536,0,5728.410156,89262.222262,83628.573062,54.864031,5628.268794,64,400,1.2,efSearch,30,1,0.984125,2063.291684,465.800634,595.617000,12.414975,400.954893,50.602490,0.000000,0.000000,189.087322,128.968964,1315.471250,379.228750,1628912.063188,0.002851,0.106865,0.984125,0.005833,NaN,NaN,0,64,aggregate,20260813,/home/kai3/coco/quantization_graph/results/02_diskann_fair/agnews/logs/Ours/agnews_Ours_R64_Lbuild400.log,"Ours ExRaBitQ4 block16 provider. Graph build and search run through DiskANN3 in-memory provider/prune storage. Encode, ExRaBitQ4 symmetric build distance, paper-prune active Float32-to-ExRaBitQ4 query traversal, and residual4 block16 mse/fp16 rerank call the existing RaBitQSpace kernels through a native bridge. Graph construction uses ExRaBitQ4 symmetric distance on 4-bit payloads; the index stores no fp32 base vectors (fp32_base_bytes=0), unlike fp32-graph baselines."
02_diskann_fair,agnews,Ours,done,ExRaBitQ4_symmetric,built_in_run,,L2,10,4,1177.000000,,1153.073114,710517066,8192,498559536,0,5728.410156,89262.222262,83628.573062,54.864031,5628.268794,64,400,1.2,efSearch,40,1,0.986750,1567.639948,618.673264,782.607000,12.577250,505.014997,98.940939,0.000000,0.000000,231.522111,169.496297,1574.177500,445.947500,1628912.063188,0.002851,0.106810,0.986750,0.005944,NaN,NaN,0,64,aggregate,20260813,/home/kai3/coco/quantization_graph/results/02_diskann_fair/agnews/logs/Ours/agnews_Ours_R64_Lbuild400.log,"Ours ExRaBitQ4 block16 provider. Graph build and search run through DiskANN3 in-memory provider/prune storage. Encode, ExRaBitQ4 symmetric build distance, paper-prune active Float32-to-ExRaBitQ4 query traversal, and residual4 block16 mse/fp16 rerank call the existing RaBitQSpace kernels through a native bridge. Graph construction uses ExRaBitQ4 symmetric distance on 4-bit payloads; the index stores no fp32 base vectors (fp32_base_bytes=0), unlike fp32-graph baselines."
02_diskann_fair,agnews,Ours,done,ExRaBitQ4_symmetric,built_in_run,,L2,10,4,1177.000000,,1153.073114,710517066,8192,498559536,0,5728.410156,89262.222262,83628.573062,54.864031,5628.268794,64,400,1.2,efSearch,50,1,0.989125,1395.385878,697.350910,883.456000,12.603730,570.613296,111.893081,0.000000,0.000000,269.813713,180.306885,1822.643750,503.960000,1628912.063188,0.002851,0.106853,0.989125,0.005972,NaN,NaN,0,64,aggregate,20260813,/home/kai3/coco/quantization_graph/results/02_diskann_fair/agnews/logs/Ours/agnews_Ours_R64_Lbuild400.log,"Ours ExRaBitQ4 block16 provider. Graph build and search run through DiskANN3 in-memory provider/prune storage. Encode, ExRaBitQ4 symmetric build distance, paper-prune active Float32-to-ExRaBitQ4 query traversal, and residual4 block16 mse/fp16 rerank call the existing RaBitQSpace kernels through a native bridge. Graph construction uses ExRaBitQ4 symmetric distance on 4-bit payloads; the index stores no fp32 base vectors (fp32_base_bytes=0), unlike fp32-graph baselines."
02_diskann_fair,agnews,Ours,done,ExRaBitQ4_symmetric,built_in_run,,L2,10,4,1177.000000,,1153.073114,710517066,8192,498559536,0,5728.410156,89262.222262,83628.573062,54.864031,5628.268794,64,400,1.2,efSearch,60,1,0.990875,1257.141775,776.366881,991.743000,12.645295,637.259070,124.018089,0.000000,0.000000,307.939349,193.942226,2066.855000,555.031250,1628912.063188,0.002851,0.106820,0.990875,0.006000,NaN,NaN,0,64,aggregate,20260813,/home/kai3/coco/quantization_graph/results/02_diskann_fair/agnews/logs/Ours/agnews_Ours_R64_Lbuild400.log,"Ours ExRaBitQ4 block16 provider. Graph build and search run through DiskANN3 in-memory provider/prune storage. Encode, ExRaBitQ4 symmetric build distance, paper-prune active Float32-to-ExRaBitQ4 query traversal, and residual4 block16 mse/fp16 rerank call the existing RaBitQSpace kernels through a native bridge. Graph construction uses ExRaBitQ4 symmetric distance on 4-bit payloads; the index stores no fp32 base vectors (fp32_base_bytes=0), unlike fp32-graph baselines."
02_diskann_fair,agnews,Ours,done,ExRaBitQ4_symmetric,built_in_run,,L2,10,4,1177.000000,,1153.073114,710517066,8192,498559536,0,5728.410156,89262.222262,83628.573062,54.864031,5628.268794,64,400,1.2,efSearch,70,1,0.991500,1138.783806,859.204487,1094.094000,12.636399,706.816286,136.832163,0.000000,0.000000,345.463104,208.226543,2305.742500,601.458750,1628912.063188,0.002851,0.106846,0.991500,0.006028,NaN,NaN,0,64,aggregate,20260813,/home/kai3/coco/quantization_graph/results/02_diskann_fair/agnews/logs/Ours/agnews_Ours_R64_Lbuild400.log,"Ours ExRaBitQ4 block16 provider. Graph build and search run through DiskANN3 in-memory provider/prune storage. Encode, ExRaBitQ4 symmetric build distance, paper-prune active Float32-to-ExRaBitQ4 query traversal, and residual4 block16 mse/fp16 rerank call the existing RaBitQSpace kernels through a native bridge. Graph construction uses ExRaBitQ4 symmetric distance on 4-bit payloads; the index stores no fp32 base vectors (fp32_base_bytes=0), unlike fp32-graph baselines."
02_diskann_fair,agnews,Ours,done,ExRaBitQ4_symmetric,built_in_run,,L2,10,4,1177.000000,,1153.073114,710517066,8192,498559536,0,5728.410156,89262.222262,83628.573062,54.864031,5628.268794,64,400,1.2,efSearch,80,1,0.992000,1038.767281,943.837893,1204.634000,12.656766,776.984426,151.108517,0.000000,0.000000,382.785847,223.822037,2537.187500,645.166250,1628912.063188,0.002851,0.106855,0.992000,0.006056,NaN,NaN,0,64,aggregate,20260813,/home/kai3/coco/quantization_graph/results/02_diskann_fair/agnews/logs/Ours/agnews_Ours_R64_Lbuild400.log,"Ours ExRaBitQ4 block16 provider. Graph build and search run through DiskANN3 in-memory provider/prune storage. Encode, ExRaBitQ4 symmetric build distance, paper-prune active Float32-to-ExRaBitQ4 query traversal, and residual4 block16 mse/fp16 rerank call the existing RaBitQSpace kernels through a native bridge. Graph construction uses ExRaBitQ4 symmetric distance on 4-bit payloads; the index stores no fp32 base vectors (fp32_base_bytes=0), unlike fp32-graph baselines."
02_diskann_fair,agnews,Ours,done,ExRaBitQ4_symmetric,built_in_run,,L2,10,4,1177.000000,,1153.073114,710517066,8192,498559536,0,5728.410156,89262.222262,83628.573062,54.864031,5628.268794,64,400,1.2,efSearch,90,1,0.992125,956.681980,1026.344730,1315.718000,12.675886,845.754459,164.558128,0.000000,0.000000,419.637295,238.680896,2765.937500,687.585000,1628912.063188,0.002851,0.106845,0.992125,0.006056,NaN,NaN,0,64,aggregate,20260813,/home/kai3/coco/quantization_graph/results/02_diskann_fair/agnews/logs/Ours/agnews_Ours_R64_Lbuild400.log,"Ours ExRaBitQ4 block16 provider. Graph build and search run through DiskANN3 in-memory provider/prune storage. Encode, ExRaBitQ4 symmetric build distance, paper-prune active Float32-to-ExRaBitQ4 query traversal, and residual4 block16 mse/fp16 rerank call the existing RaBitQSpace kernels through a native bridge. Graph construction uses ExRaBitQ4 symmetric distance on 4-bit payloads; the index stores no fp32 base vectors (fp32_base_bytes=0), unlike fp32-graph baselines."
02_diskann_fair,agnews,Ours,done,ExRaBitQ4_symmetric,built_in_run,,L2,10,4,1177.000000,,1153.073114,710517066,8192,498559536,0,5728.410156,89262.222262,83628.573062,54.864031,5628.268794,64,400,1.2,efSearch,100,1,0.992750,886.887470,1108.306995,1422.066000,12.695949,912.896861,179.204828,0.000000,0.000000,455.590436,253.572147,2989.337500,727.617500,1628912.063188,0.002851,0.106847,0.992750,0.006056,NaN,NaN,0,64,aggregate,20260813,/home/kai3/coco/quantization_graph/results/02_diskann_fair/agnews/logs/Ours/agnews_Ours_R64_Lbuild400.log,"Ours ExRaBitQ4 block16 provider. Graph build and search run through DiskANN3 in-memory provider/prune storage. Encode, ExRaBitQ4 symmetric build distance, paper-prune active Float32-to-ExRaBitQ4 query traversal, and residual4 block16 mse/fp16 rerank call the existing RaBitQSpace kernels through a native bridge. Graph construction uses ExRaBitQ4 symmetric distance on 4-bit payloads; the index stores no fp32 base vectors (fp32_base_bytes=0), unlike fp32-graph baselines."
02_diskann_fair,agnews,Ours,done,ExRaBitQ4_symmetric,built_in_run,,L2,10,4,1177.000000,,1153.073114,710517066,8192,498559536,0,5728.410156,89262.222262,83628.573062,54.864031,5628.268794,64,400,1.2,efSearch,140,1,0.993625,723.044878,1363.025175,1786.773000,12.703215,1190.153343,156.105295,0.000000,0.000000,598.468738,325.820984,3856.537500,879.665000,1628912.063188,0.002851,0.106851,0.993625,0.006083,NaN,NaN,0,64,aggregate,20260813,/home/kai3/coco/quantization_graph/results/02_diskann_fair/agnews/logs/Ours/agnews_Ours_R64_Lbuild400.log,"Ours ExRaBitQ4 block16 provider. Graph build and search run through DiskANN3 in-memory provider/prune storage. Encode, ExRaBitQ4 symmetric build distance, paper-prune active Float32-to-ExRaBitQ4 query traversal, and residual4 block16 mse/fp16 rerank call the existing RaBitQSpace kernels through a native bridge. Graph construction uses ExRaBitQ4 symmetric distance on 4-bit payloads; the index stores no fp32 base vectors (fp32_base_bytes=0), unlike fp32-graph baselines."
02_diskann_fair,agnews,Ours,done,ExRaBitQ4_symmetric,built_in_run,,L2,10,4,1177.000000,,1153.073114,710517066,8192,498559536,0,5728.410156,89262.222262,83628.573062,54.864031,5628.268794,64,400,1.2,efSearch,180,1,0.993750,615.097180,1606.928569,2130.244000,12.705655,1438.390855,151.200699,0.000000,0.000000,733.938005,375.401876,4681.743750,1024.862500,1628912.063188,0.002851,0.106873,0.993750,0.006083,NaN,NaN,0,64,aggregate,20260813,/home/kai3/coco/quantization_graph/results/02_diskann_fair/agnews/logs/Ours/agnews_Ours_R64_Lbuild400.log,"Ours ExRaBitQ4 block16 provider. Graph build and search run through DiskANN3 in-memory provider/prune storage. Encode, ExRaBitQ4 symmetric build distance, paper-prune active Float32-to-ExRaBitQ4 query traversal, and residual4 block16 mse/fp16 rerank call the existing RaBitQSpace kernels through a native bridge. Graph construction uses ExRaBitQ4 symmetric distance on 4-bit payloads; the index stores no fp32 base vectors (fp32_base_bytes=0), unlike fp32-graph baselines."
02_diskann_fair,agnews,Ours,done,ExRaBitQ4_symmetric,built_in_run,,L2,10,4,1177.000000,,1153.073114,710517066,8192,498559536,0,5728.410156,89262.222262,83628.573062,54.864031,5628.268794,64,400,1.2,efSearch,220,1,0.994250,534.526310,1851.758627,2483.736000,12.748263,1682.847607,150.949700,0.000000,0.000000,860.385834,435.602591,5478.533750,1167.275000,1628912.063188,0.002851,0.106914,0.994250,0.006056,NaN,NaN,0,64,aggregate,20260813,/home/kai3/coco/quantization_graph/results/02_diskann_fair/agnews/logs/Ours/agnews_Ours_R64_Lbuild400.log,"Ours ExRaBitQ4 block16 provider. Graph build and search run through DiskANN3 in-memory provider/prune storage. Encode, ExRaBitQ4 symmetric build distance, paper-prune active Float32-to-ExRaBitQ4 query traversal, and residual4 block16 mse/fp16 rerank call the existing RaBitQSpace kernels through a native bridge. Graph construction uses ExRaBitQ4 symmetric distance on 4-bit payloads; the index stores no fp32 base vectors (fp32_base_bytes=0), unlike fp32-graph baselines."
02_diskann_fair,agnews,Ours,done,ExRaBitQ4_symmetric,built_in_run,,L2,10,4,1177.000000,,1153.073114,710517066,8192,498559536,0,5728.410156,89262.222262,83628.573062,54.864031,5628.268794,64,400,1.2,efSearch,260,1,0.994250,471.543781,2101.802766,2836.007000,12.727371,1934.406248,148.885522,0.000000,0.000000,990.454187,495.503795,6254.790000,1308.737500,1628912.063188,0.002851,0.106914,0.994250,0.006056,NaN,NaN,0,64,aggregate,20260813,/home/kai3/coco/quantization_graph/results/02_diskann_fair/agnews/logs/Ours/agnews_Ours_R64_Lbuild400.log,"Ours ExRaBitQ4 block16 provider. Graph build and search run through DiskANN3 in-memory provider/prune storage. Encode, ExRaBitQ4 symmetric build distance, paper-prune active Float32-to-ExRaBitQ4 query traversal, and residual4 block16 mse/fp16 rerank call the existing RaBitQSpace kernels through a native bridge. Graph construction uses ExRaBitQ4 symmetric distance on 4-bit payloads; the index stores no fp32 base vectors (fp32_base_bytes=0), unlike fp32-graph baselines."
02_diskann_fair,agnews,Ours,done,ExRaBitQ4_symmetric,built_in_run,,L2,10,4,1177.000000,,1153.073114,710517066,8192,498559536,0,5728.410156,89262.222262,83628.573062,54.864031,5628.268794,64,400,1.2,efSearch,300,1,0.994250,420.456785,2358.076921,3187.024000,12.757711,2189.598470,149.329081,0.000000,0.000000,1121.637867,557.484608,7016.945000,1449.777500,1628912.063188,0.002851,0.106914,0.994250,0.006056,NaN,NaN,0,64,aggregate,20260813,/home/kai3/coco/quantization_graph/results/02_diskann_fair/agnews/logs/Ours/agnews_Ours_R64_Lbuild400.log,"Ours ExRaBitQ4 block16 provider. Graph build and search run through DiskANN3 in-memory provider/prune storage. Encode, ExRaBitQ4 symmetric build distance, paper-prune active Float32-to-ExRaBitQ4 query traversal, and residual4 block16 mse/fp16 rerank call the existing RaBitQSpace kernels through a native bridge. Graph construction uses ExRaBitQ4 symmetric distance on 4-bit payloads; the index stores no fp32 base vectors (fp32_base_bytes=0), unlike fp32-graph baselines."
02_diskann_fair,agnews,Ours,done,ExRaBitQ4_symmetric,built_in_run,,L2,10,4,1177.000000,,1153.073114,710517066,8192,498559536,0,5728.410156,89262.222262,83628.573062,54.864031,5628.268794,64,400,1.2,efSearch,340,1,0.994250,380.987217,2605.908401,3539.329000,12.743933,2436.826121,149.435730,0.000000,0.000000,1244.676399,619.809946,7763.703750,1590.152500,1628912.063188,0.002851,0.106914,0.994250,0.006056,NaN,NaN,0,64,aggregate,20260813,/home/kai3/coco/quantization_graph/results/02_diskann_fair/agnews/logs/Ours/agnews_Ours_R64_Lbuild400.log,"Ours ExRaBitQ4 block16 provider. Graph build and search run through DiskANN3 in-memory provider/prune storage. Encode, ExRaBitQ4 symmetric build distance, paper-prune active Float32-to-ExRaBitQ4 query traversal, and residual4 block16 mse/fp16 rerank call the existing RaBitQSpace kernels through a native bridge. Graph construction uses ExRaBitQ4 symmetric distance on 4-bit payloads; the index stores no fp32 base vectors (fp32_base_bytes=0), unlike fp32-graph baselines."
02_diskann_fair,agnews,Ours,done,ExRaBitQ4_symmetric,built_in_run,,L2,10,4,1177.000000,,1153.073114,710517066,8192,498559536,0,5728.410156,89262.222262,83628.573062,54.864031,5628.268794,64,400,1.2,efSearch,380,1,0.994250,345.970471,2871.693998,3919.580000,12.730541,2701.824611,149.697782,0.000000,0.000000,1376.227699,683.447340,8488.866250,1728.740000,1628912.063188,0.002851,0.106914,0.994250,0.006056,NaN,NaN,0,64,aggregate,20260813,/home/kai3/coco/quantization_graph/results/02_diskann_fair/agnews/logs/Ours/agnews_Ours_R64_Lbuild400.log,"Ours ExRaBitQ4 block16 provider. Graph build and search run through DiskANN3 in-memory provider/prune storage. Encode, ExRaBitQ4 symmetric build distance, paper-prune active Float32-to-ExRaBitQ4 query traversal, and residual4 block16 mse/fp16 rerank call the existing RaBitQSpace kernels through a native bridge. Graph construction uses ExRaBitQ4 symmetric distance on 4-bit payloads; the index stores no fp32 base vectors (fp32_base_bytes=0), unlike fp32-graph baselines."
02_diskann_fair,agnews,Ours,done,ExRaBitQ4_symmetric,built_in_run,,L2,10,4,1177.000000,,1153.073114,710517066,8192,498559536,0,5728.410156,89262.222262,83628.573062,54.864031,5628.268794,64,400,1.2,efSearch,420,1,0.994250,316.265828,3141.544195,4260.871000,12.738785,2964.650505,155.893126,0.000000,0.000000,1499.138117,765.536384,9206.242500,1867.122500,1628912.063188,0.002851,0.106914,0.994250,0.006056,NaN,NaN,0,64,aggregate,20260813,/home/kai3/coco/quantization_graph/results/02_diskann_fair/agnews/logs/Ours/agnews_Ours_R64_Lbuild400.log,"Ours ExRaBitQ4 block16 provider. Graph build and search run through DiskANN3 in-memory provider/prune storage. Encode, ExRaBitQ4 symmetric build distance, paper-prune active Float32-to-ExRaBitQ4 query traversal, and residual4 block16 mse/fp16 rerank call the existing RaBitQSpace kernels through a native bridge. Graph construction uses ExRaBitQ4 symmetric distance on 4-bit payloads; the index stores no fp32 base vectors (fp32_base_bytes=0), unlike fp32-graph baselines."
02_diskann_fair,agnews,Ours,done,ExRaBitQ4_symmetric,built_in_run,,L2,10,4,1177.000000,,1153.073114,710517066,8192,498559536,0,5728.410156,89262.222262,83628.573062,54.864031,5628.268794,64,400,1.2,efSearch,460,1,0.994250,293.107363,3392.721790,4626.758000,12.768538,3214.671095,156.453985,0.000000,0.000000,1617.206951,830.352075,9907.597500,2004.375000,1628912.063188,0.002851,0.106914,0.994250,0.006056,NaN,NaN,0,64,aggregate,20260813,/home/kai3/coco/quantization_graph/results/02_diskann_fair/agnews/logs/Ours/agnews_Ours_R64_Lbuild400.log,"Ours ExRaBitQ4 block16 provider. Graph build and search run through DiskANN3 in-memory provider/prune storage. Encode, ExRaBitQ4 symmetric build distance, paper-prune active Float32-to-ExRaBitQ4 query traversal, and residual4 block16 mse/fp16 rerank call the existing RaBitQSpace kernels through a native bridge. Graph construction uses ExRaBitQ4 symmetric distance on 4-bit payloads; the index stores no fp32 base vectors (fp32_base_bytes=0), unlike fp32-graph baselines."
