layer,dataset,method,storage_mode,phase,run_id,repeat_id,workers,search_dram_budget_gib,config_id,search_param,search_width,ablation,cache_mode,beam_width,recall,qps,latency_mean_us,latency_p50_us,latency_p95_us,latency_p99_us,fixed_candidate_recall_at_10,mean_relative_error,p95_relative_error,pairwise_flip_rate,index_size_mb,resident_bytes,cache_bytes,cache_nodes,peak_rss_bytes,ours_4bit_payload_bytes,ours_8bit_payload_bytes,ours_adjacency_bytes,ours_fp32_base_bytes,io_requests_per_query,sectors_4k_per_query,bytes_read_per_query,io_wait_us,distance_compute_us,query_prep_us,queue_compute_us,rerank_us,visited_nodes,distance_evaluations,db1_checks,db1_survivors,full4_candidates,full4_page_reads,rerank_candidates,rerank_page_reads,query_count,source_suite,source_kernel,implementation_fingerprint,native_binary_sha256,input_manifest_sha256,source_index_manifest_sha256,query_split_sha256,query_order_sha256,query_order_seed,shared_graph_sha256,source_graph_sha256,graph_role,direct_io,native_aio,page_size,formal_ready,artifact_path,method_display,layer_display
05a,gist,PQ_4bit,resident,test,gist_test_20260829_204245,0,32,2.0,fixed_candidates_k10,rerank_candidates=10,10,,c0,1,1.0,256441.358144,100.560879,89.81,112.016,632.935,1.0,0.0249584473096,0.0351930614628,0.137644444444,457.824241638,480002048,,,1460985856,,,,,0.0,0.0,0.0,0.0,98.615596,0.0,1.807459,0.0,0.0,10.0,,,,,,,1000,01_quantizer_fair,faiss::ProductQuantizer,05a-faiss-pq4-native-odirect-v1,b3e97b4e71dbf2d0553be4307d13f95e3c3df537147d5a1b5c5b0ff591393d18,ffc67dab09e9b01edefc1bc2f186a10d426ce6599531f0954be14881710ce5ca,07d438f07429c8f2458e827c8191ed2372b7aceaf52eee4ea7f7ffcf4ff084dd,55d659f16ae506e790d914053d78fec74699e80b47fe6d1fefd31f58b83ff6e9,b92fae6ca12d310618d7bb738af1a11fcfe1af1d0a8fa843af640e89d0ab3a51,20260813,,,,False,False,4096,True,/home/kai3/coco/quantization_graph/results/disk_environment/.test_runs/gist/gist_test_20260829_204245/runs/gist_test_20260829_204245/05A_disk_quantizer_io/gist/artifacts/test/PQ_4bit__resident__B2__c0__w32__r0.json,PQ,05A quantizer I/O
05a,gist,PQ_4bit,resident,test,gist_test_20260829_204245,0,32,2.0,fixed_candidates_k11,rerank_candidates=11,11,,c0,1,0.9451,239382.030501,107.776721,109.432,124.179,555.491,0.9451,0.0241057321958,0.0348033158115,0.137254545455,457.824241638,480002048,,,1460985856,,,,,0.0,0.0,0.0,0.0,105.982979,0.0,1.660777,0.0,0.0,11.0,,,,,,,1000,01_quantizer_fair,faiss::ProductQuantizer,05a-faiss-pq4-native-odirect-v1,b3e97b4e71dbf2d0553be4307d13f95e3c3df537147d5a1b5c5b0ff591393d18,ffc67dab09e9b01edefc1bc2f186a10d426ce6599531f0954be14881710ce5ca,07d438f07429c8f2458e827c8191ed2372b7aceaf52eee4ea7f7ffcf4ff084dd,55d659f16ae506e790d914053d78fec74699e80b47fe6d1fefd31f58b83ff6e9,b92fae6ca12d310618d7bb738af1a11fcfe1af1d0a8fa843af640e89d0ab3a51,20260813,,,,False,False,4096,True,/home/kai3/coco/quantization_graph/results/disk_environment/.test_runs/gist/gist_test_20260829_204245/runs/gist_test_20260829_204245/05A_disk_quantizer_io/gist/artifacts/test/PQ_4bit__resident__B2__c0__w32__r0.json,PQ,05A quantizer I/O
05a,gist,PQ_4bit,resident,test,gist_test_20260829_204245,0,32,2.0,fixed_candidates_k12,rerank_candidates=12,12,,c0,1,0.9157,231139.053254,112.704844,127.189,134.406,263.175,0.9157,0.0232749190988,0.034544043227,0.136409090909,457.824241638,480002048,,,1460985856,,,,,0.0,0.0,0.0,0.0,111.043214,0.0,1.527032,0.0,0.0,12.0,,,,,,,1000,01_quantizer_fair,faiss::ProductQuantizer,05a-faiss-pq4-native-odirect-v1,b3e97b4e71dbf2d0553be4307d13f95e3c3df537147d5a1b5c5b0ff591393d18,ffc67dab09e9b01edefc1bc2f186a10d426ce6599531f0954be14881710ce5ca,07d438f07429c8f2458e827c8191ed2372b7aceaf52eee4ea7f7ffcf4ff084dd,55d659f16ae506e790d914053d78fec74699e80b47fe6d1fefd31f58b83ff6e9,b92fae6ca12d310618d7bb738af1a11fcfe1af1d0a8fa843af640e89d0ab3a51,20260813,,,,False,False,4096,True,/home/kai3/coco/quantization_graph/results/disk_environment/.test_runs/gist/gist_test_20260829_204245/runs/gist_test_20260829_204245/05A_disk_quantizer_io/gist/artifacts/test/PQ_4bit__resident__B2__c0__w32__r0.json,PQ,05A quantizer I/O
05a,gist,PQ_4bit,resident,test,gist_test_20260829_204245,0,32,2.0,fixed_candidates_k13,rerank_candidates=13,13,,c0,1,0.8984,217753.437782,122.612384,134.443,145.955,314.692,0.8984,0.0226316825306,0.034404840431,0.136230769231,457.824241638,480002048,,,1460985856,,,,,0.0,0.0,0.0,0.0,120.980117,0.0,1.503649,0.0,0.0,13.0,,,,,,,1000,01_quantizer_fair,faiss::ProductQuantizer,05a-faiss-pq4-native-odirect-v1,b3e97b4e71dbf2d0553be4307d13f95e3c3df537147d5a1b5c5b0ff591393d18,ffc67dab09e9b01edefc1bc2f186a10d426ce6599531f0954be14881710ce5ca,07d438f07429c8f2458e827c8191ed2372b7aceaf52eee4ea7f7ffcf4ff084dd,55d659f16ae506e790d914053d78fec74699e80b47fe6d1fefd31f58b83ff6e9,b92fae6ca12d310618d7bb738af1a11fcfe1af1d0a8fa843af640e89d0ab3a51,20260813,,,,False,False,4096,True,/home/kai3/coco/quantization_graph/results/disk_environment/.test_runs/gist/gist_test_20260829_204245/runs/gist_test_20260829_204245/05A_disk_quantizer_io/gist/artifacts/test/PQ_4bit__resident__B2__c0__w32__r0.json,PQ,05A quantizer I/O
05a,gist,PQ_4bit,resident,test,gist_test_20260829_204245,0,32,2.0,fixed_candidates_k14,rerank_candidates=14,14,,c0,1,0.8898,203511.344028,131.109645,143.854,156.722,272.902,0.8898,0.0220539668635,0.0341646949858,0.135076923077,457.824241638,480002048,,,1460985856,,,,,0.0,0.0,0.0,0.0,129.551432,0.0,1.434936,0.0,0.0,14.0,,,,,,,1000,01_quantizer_fair,faiss::ProductQuantizer,05a-faiss-pq4-native-odirect-v1,b3e97b4e71dbf2d0553be4307d13f95e3c3df537147d5a1b5c5b0ff591393d18,ffc67dab09e9b01edefc1bc2f186a10d426ce6599531f0954be14881710ce5ca,07d438f07429c8f2458e827c8191ed2372b7aceaf52eee4ea7f7ffcf4ff084dd,55d659f16ae506e790d914053d78fec74699e80b47fe6d1fefd31f58b83ff6e9,b92fae6ca12d310618d7bb738af1a11fcfe1af1d0a8fa843af640e89d0ab3a51,20260813,,,,False,False,4096,True,/home/kai3/coco/quantization_graph/results/disk_environment/.test_runs/gist/gist_test_20260829_204245/runs/gist_test_20260829_204245/05A_disk_quantizer_io/gist/artifacts/test/PQ_4bit__resident__B2__c0__w32__r0.json,PQ,05A quantizer I/O
05a,gist,PQ_4bit,resident,test,gist_test_20260829_204245,0,32,2.0,fixed_candidates_k15,rerank_candidates=15,15,,c0,1,0.8839,193811.032305,139.810331,154.631,170.116,253.846,0.8839,0.0215106079293,0.0339548495306,0.133723809524,457.824241638,480002048,,,1460985856,,,,,0.0,0.0,0.0,0.0,138.240523,0.0,1.443216,0.0,0.0,15.0,,,,,,,1000,01_quantizer_fair,faiss::ProductQuantizer,05a-faiss-pq4-native-odirect-v1,b3e97b4e71dbf2d0553be4307d13f95e3c3df537147d5a1b5c5b0ff591393d18,ffc67dab09e9b01edefc1bc2f186a10d426ce6599531f0954be14881710ce5ca,07d438f07429c8f2458e827c8191ed2372b7aceaf52eee4ea7f7ffcf4ff084dd,55d659f16ae506e790d914053d78fec74699e80b47fe6d1fefd31f58b83ff6e9,b92fae6ca12d310618d7bb738af1a11fcfe1af1d0a8fa843af640e89d0ab3a51,20260813,,,,False,False,4096,True,/home/kai3/coco/quantization_graph/results/disk_environment/.test_runs/gist/gist_test_20260829_204245/runs/gist_test_20260829_204245/05A_disk_quantizer_io/gist/artifacts/test/PQ_4bit__resident__B2__c0__w32__r0.json,PQ,05A quantizer I/O
05a,gist,PQ_4bit,resident,test,gist_test_20260829_204245,0,32,2.0,fixed_candidates_k16,rerank_candidates=16,16,,c0,1,0.8791,183723.055866,149.095992,169.09,183.202,215.351,0.8791,0.0210030419711,0.0336812669789,0.132533333333,457.824241638,480002048,,,1460985856,,,,,0.0,0.0,0.0,0.0,147.475002,0.0,1.499272,0.0,0.0,16.0,,,,,,,1000,01_quantizer_fair,faiss::ProductQuantizer,05a-faiss-pq4-native-odirect-v1,b3e97b4e71dbf2d0553be4307d13f95e3c3df537147d5a1b5c5b0ff591393d18,ffc67dab09e9b01edefc1bc2f186a10d426ce6599531f0954be14881710ce5ca,07d438f07429c8f2458e827c8191ed2372b7aceaf52eee4ea7f7ffcf4ff084dd,55d659f16ae506e790d914053d78fec74699e80b47fe6d1fefd31f58b83ff6e9,b92fae6ca12d310618d7bb738af1a11fcfe1af1d0a8fa843af640e89d0ab3a51,20260813,,,,False,False,4096,True,/home/kai3/coco/quantization_graph/results/disk_environment/.test_runs/gist/gist_test_20260829_204245/runs/gist_test_20260829_204245/05A_disk_quantizer_io/gist/artifacts/test/PQ_4bit__resident__B2__c0__w32__r0.json,PQ,05A quantizer I/O
05a,gist,PQ_4bit,resident,test,gist_test_20260829_204245,0,32,2.0,fixed_candidates_k17,rerank_candidates=17,17,,c0,1,0.8762,174180.311807,158.24413,179.47,190.488,249.419,0.8762,0.0205622849568,0.0335278459774,0.132154411765,457.824241638,480002048,,,1460985856,,,,,0.0,0.0,0.0,0.0,156.578386,0.0,1.537307,0.0,0.0,17.0,,,,,,,1000,01_quantizer_fair,faiss::ProductQuantizer,05a-faiss-pq4-native-odirect-v1,b3e97b4e71dbf2d0553be4307d13f95e3c3df537147d5a1b5c5b0ff591393d18,ffc67dab09e9b01edefc1bc2f186a10d426ce6599531f0954be14881710ce5ca,07d438f07429c8f2458e827c8191ed2372b7aceaf52eee4ea7f7ffcf4ff084dd,55d659f16ae506e790d914053d78fec74699e80b47fe6d1fefd31f58b83ff6e9,b92fae6ca12d310618d7bb738af1a11fcfe1af1d0a8fa843af640e89d0ab3a51,20260813,,,,False,False,4096,True,/home/kai3/coco/quantization_graph/results/disk_environment/.test_runs/gist/gist_test_20260829_204245/runs/gist_test_20260829_204245/05A_disk_quantizer_io/gist/artifacts/test/PQ_4bit__resident__B2__c0__w32__r0.json,PQ,05A quantizer I/O
05a,gist,PQ_4bit,resident,test,gist_test_20260829_204245,0,32,2.0,fixed_candidates_k18,rerank_candidates=18,18,,c0,1,0.8742,165175.599005,167.268025,190.479,200.077,234.174,0.8742,0.0201714489381,0.0334419627065,0.131137254902,457.824241638,480002048,,,1460985856,,,,,0.0,0.0,0.0,0.0,165.510754,0.0,1.626587,0.0,0.0,18.0,,,,,,,1000,01_quantizer_fair,faiss::ProductQuantizer,05a-faiss-pq4-native-odirect-v1,b3e97b4e71dbf2d0553be4307d13f95e3c3df537147d5a1b5c5b0ff591393d18,ffc67dab09e9b01edefc1bc2f186a10d426ce6599531f0954be14881710ce5ca,07d438f07429c8f2458e827c8191ed2372b7aceaf52eee4ea7f7ffcf4ff084dd,55d659f16ae506e790d914053d78fec74699e80b47fe6d1fefd31f58b83ff6e9,b92fae6ca12d310618d7bb738af1a11fcfe1af1d0a8fa843af640e89d0ab3a51,20260813,,,,False,False,4096,True,/home/kai3/coco/quantization_graph/results/disk_environment/.test_runs/gist/gist_test_20260829_204245/runs/gist_test_20260829_204245/05A_disk_quantizer_io/gist/artifacts/test/PQ_4bit__resident__B2__c0__w32__r0.json,PQ,05A quantizer I/O
05a,gist,PQ_4bit,resident,test,gist_test_20260829_204245,0,32,2.0,fixed_candidates_k19,rerank_candidates=19,19,,c0,1,0.8724,156491.069602,177.967653,201.385,214.758,268.505,0.8724,0.0197753408353,0.0331443971033,0.131339181287,457.824241638,480002048,,,1460985856,,,,,0.0,0.0,0.0,0.0,176.101991,0.0,1.738922,0.0,0.0,19.0,,,,,,,1000,01_quantizer_fair,faiss::ProductQuantizer,05a-faiss-pq4-native-odirect-v1,b3e97b4e71dbf2d0553be4307d13f95e3c3df537147d5a1b5c5b0ff591393d18,ffc67dab09e9b01edefc1bc2f186a10d426ce6599531f0954be14881710ce5ca,07d438f07429c8f2458e827c8191ed2372b7aceaf52eee4ea7f7ffcf4ff084dd,55d659f16ae506e790d914053d78fec74699e80b47fe6d1fefd31f58b83ff6e9,b92fae6ca12d310618d7bb738af1a11fcfe1af1d0a8fa843af640e89d0ab3a51,20260813,,,,False,False,4096,True,/home/kai3/coco/quantization_graph/results/disk_environment/.test_runs/gist/gist_test_20260829_204245/runs/gist_test_20260829_204245/05A_disk_quantizer_io/gist/artifacts/test/PQ_4bit__resident__B2__c0__w32__r0.json,PQ,05A quantizer I/O
05a,gist,PQ_4bit,resident,test,gist_test_20260829_204245,0,32,2.0,fixed_candidates_k20,rerank_candidates=20,20,,c0,1,0.8712,150460.174922,185.882781,205.197,221.648,265.604,0.8712,0.0194363989181,0.0331108766581,0.130089473684,457.824241638,480002048,,,1460985856,,,,,0.0,0.0,0.0,0.0,183.926896,0.0,1.826593,0.0,0.0,20.0,,,,,,,1000,01_quantizer_fair,faiss::ProductQuantizer,05a-faiss-pq4-native-odirect-v1,b3e97b4e71dbf2d0553be4307d13f95e3c3df537147d5a1b5c5b0ff591393d18,ffc67dab09e9b01edefc1bc2f186a10d426ce6599531f0954be14881710ce5ca,07d438f07429c8f2458e827c8191ed2372b7aceaf52eee4ea7f7ffcf4ff084dd,55d659f16ae506e790d914053d78fec74699e80b47fe6d1fefd31f58b83ff6e9,b92fae6ca12d310618d7bb738af1a11fcfe1af1d0a8fa843af640e89d0ab3a51,20260813,,,,False,False,4096,True,/home/kai3/coco/quantization_graph/results/disk_environment/.test_runs/gist/gist_test_20260829_204245/runs/gist_test_20260829_204245/05A_disk_quantizer_io/gist/artifacts/test/PQ_4bit__resident__B2__c0__w32__r0.json,PQ,05A quantizer I/O
05a,gist,PQ_4bit,resident,test,gist_test_20260829_204245,0,32,2.0,fixed_candidates_k21,rerank_candidates=21,21,,c0,1,0.8704,141565.799855,196.451444,217.054,235.873,401.767,0.8704,0.0191070100931,0.0329114667737,0.129571428571,457.824241638,480002048,,,1460985856,,,,,0.0,0.0,0.0,0.0,194.365468,0.0,1.956303,0.0,0.0,21.0,,,,,,,1000,01_quantizer_fair,faiss::ProductQuantizer,05a-faiss-pq4-native-odirect-v1,b3e97b4e71dbf2d0553be4307d13f95e3c3df537147d5a1b5c5b0ff591393d18,ffc67dab09e9b01edefc1bc2f186a10d426ce6599531f0954be14881710ce5ca,07d438f07429c8f2458e827c8191ed2372b7aceaf52eee4ea7f7ffcf4ff084dd,55d659f16ae506e790d914053d78fec74699e80b47fe6d1fefd31f58b83ff6e9,b92fae6ca12d310618d7bb738af1a11fcfe1af1d0a8fa843af640e89d0ab3a51,20260813,,,,False,False,4096,True,/home/kai3/coco/quantization_graph/results/disk_environment/.test_runs/gist/gist_test_20260829_204245/runs/gist_test_20260829_204245/05A_disk_quantizer_io/gist/artifacts/test/PQ_4bit__resident__B2__c0__w32__r0.json,PQ,05A quantizer I/O
05a,gist,PQ_4bit,resident,test,gist_test_20260829_204245,0,32,2.0,fixed_candidates_k22,rerank_candidates=22,22,,c0,1,0.869,138781.64152,204.16606,225.323,242.128,267.632,0.869,0.018806049994,0.0328197657898,0.129285714286,457.824241638,480002048,,,1460985856,,,,,0.0,0.0,0.0,0.0,201.951357,0.0,2.083863,0.0,0.0,22.0,,,,,,,1000,01_quantizer_fair,faiss::ProductQuantizer,05a-faiss-pq4-native-odirect-v1,b3e97b4e71dbf2d0553be4307d13f95e3c3df537147d5a1b5c5b0ff591393d18,ffc67dab09e9b01edefc1bc2f186a10d426ce6599531f0954be14881710ce5ca,07d438f07429c8f2458e827c8191ed2372b7aceaf52eee4ea7f7ffcf4ff084dd,55d659f16ae506e790d914053d78fec74699e80b47fe6d1fefd31f58b83ff6e9,b92fae6ca12d310618d7bb738af1a11fcfe1af1d0a8fa843af640e89d0ab3a51,20260813,,,,False,False,4096,True,/home/kai3/coco/quantization_graph/results/disk_environment/.test_runs/gist/gist_test_20260829_204245/runs/gist_test_20260829_204245/05A_disk_quantizer_io/gist/artifacts/test/PQ_4bit__resident__B2__c0__w32__r0.json,PQ,05A quantizer I/O
05a,gist,PQ_4bit,resident,test,gist_test_20260829_204245,0,32,2.0,fixed_candidates_k23,rerank_candidates=23,23,,c0,1,0.8684,132113.782202,214.384849,238.069,258.648,300.522,0.8684,0.0185288261527,0.0326204140118,0.128723320158,457.824241638,480002048,,,1460985856,,,,,0.0,0.0,0.0,0.0,212.021417,0.0,2.231852,0.0,0.0,23.0,,,,,,,1000,01_quantizer_fair,faiss::ProductQuantizer,05a-faiss-pq4-native-odirect-v1,b3e97b4e71dbf2d0553be4307d13f95e3c3df537147d5a1b5c5b0ff591393d18,ffc67dab09e9b01edefc1bc2f186a10d426ce6599531f0954be14881710ce5ca,07d438f07429c8f2458e827c8191ed2372b7aceaf52eee4ea7f7ffcf4ff084dd,55d659f16ae506e790d914053d78fec74699e80b47fe6d1fefd31f58b83ff6e9,b92fae6ca12d310618d7bb738af1a11fcfe1af1d0a8fa843af640e89d0ab3a51,20260813,,,,False,False,4096,True,/home/kai3/coco/quantization_graph/results/disk_environment/.test_runs/gist/gist_test_20260829_204245/runs/gist_test_20260829_204245/05A_disk_quantizer_io/gist/artifacts/test/PQ_4bit__resident__B2__c0__w32__r0.json,PQ,05A quantizer I/O
05a,gist,PQ_4bit,resident,test,gist_test_20260829_204245,0,32,2.0,fixed_candidates_k24,rerank_candidates=24,24,,c0,1,0.868,127851.307906,223.774213,246.913,270.25,302.966,0.868,0.0182783006564,0.0325963803974,0.128293478261,457.824241638,480002048,,,1460985856,,,,,0.0,0.0,0.0,0.0,221.282207,0.0,2.353501,0.0,0.0,24.0,,,,,,,1000,01_quantizer_fair,faiss::ProductQuantizer,05a-faiss-pq4-native-odirect-v1,b3e97b4e71dbf2d0553be4307d13f95e3c3df537147d5a1b5c5b0ff591393d18,ffc67dab09e9b01edefc1bc2f186a10d426ce6599531f0954be14881710ce5ca,07d438f07429c8f2458e827c8191ed2372b7aceaf52eee4ea7f7ffcf4ff084dd,55d659f16ae506e790d914053d78fec74699e80b47fe6d1fefd31f58b83ff6e9,b92fae6ca12d310618d7bb738af1a11fcfe1af1d0a8fa843af640e89d0ab3a51,20260813,,,,False,False,4096,True,/home/kai3/coco/quantization_graph/results/disk_environment/.test_runs/gist/gist_test_20260829_204245/runs/gist_test_20260829_204245/05A_disk_quantizer_io/gist/artifacts/test/PQ_4bit__resident__B2__c0__w32__r0.json,PQ,05A quantizer I/O
05a,gist,PQ_4bit,resident,test,gist_test_20260829_204245,0,32,2.0,fixed_candidates_k25,rerank_candidates=25,25,,c0,1,0.8677,123362.973344,232.068278,256.617,284.985,300.42,0.8677,0.0180536874486,0.0325955487886,0.128356666667,457.824241638,480002048,,,1460985856,,,,,0.0,0.0,0.0,0.0,229.464761,0.0,2.473889,0.0,0.0,25.0,,,,,,,1000,01_quantizer_fair,faiss::ProductQuantizer,05a-faiss-pq4-native-odirect-v1,b3e97b4e71dbf2d0553be4307d13f95e3c3df537147d5a1b5c5b0ff591393d18,ffc67dab09e9b01edefc1bc2f186a10d426ce6599531f0954be14881710ce5ca,07d438f07429c8f2458e827c8191ed2372b7aceaf52eee4ea7f7ffcf4ff084dd,55d659f16ae506e790d914053d78fec74699e80b47fe6d1fefd31f58b83ff6e9,b92fae6ca12d310618d7bb738af1a11fcfe1af1d0a8fa843af640e89d0ab3a51,20260813,,,,False,False,4096,True,/home/kai3/coco/quantization_graph/results/disk_environment/.test_runs/gist/gist_test_20260829_204245/runs/gist_test_20260829_204245/05A_disk_quantizer_io/gist/artifacts/test/PQ_4bit__resident__B2__c0__w32__r0.json,PQ,05A quantizer I/O
05a,gist,PQ_4bit,resident,test,gist_test_20260829_204245,0,32,2.0,fixed_candidates_k26,rerank_candidates=26,26,,c0,1,0.8673,118477.235784,242.482034,274.659,286.928,327.137,0.8673,0.0178306038017,0.0325182427572,0.127636923077,457.824241638,480002048,,,1460985856,,,,,0.0,0.0,0.0,0.0,239.749646,0.0,2.598801,0.0,0.0,26.0,,,,,,,1000,01_quantizer_fair,faiss::ProductQuantizer,05a-faiss-pq4-native-odirect-v1,b3e97b4e71dbf2d0553be4307d13f95e3c3df537147d5a1b5c5b0ff591393d18,ffc67dab09e9b01edefc1bc2f186a10d426ce6599531f0954be14881710ce5ca,07d438f07429c8f2458e827c8191ed2372b7aceaf52eee4ea7f7ffcf4ff084dd,55d659f16ae506e790d914053d78fec74699e80b47fe6d1fefd31f58b83ff6e9,b92fae6ca12d310618d7bb738af1a11fcfe1af1d0a8fa843af640e89d0ab3a51,20260813,,,,False,False,4096,True,/home/kai3/coco/quantization_graph/results/disk_environment/.test_runs/gist/gist_test_20260829_204245/runs/gist_test_20260829_204245/05A_disk_quantizer_io/gist/artifacts/test/PQ_4bit__resident__B2__c0__w32__r0.json,PQ,05A quantizer I/O
05a,gist,PQ_4bit,resident,test,gist_test_20260829_204245,0,32,2.0,fixed_candidates_k27,rerank_candidates=27,27,,c0,1,0.867,114996.497782,250.983086,277.34,297.164,371.021,0.867,0.0176234169601,0.0324893339574,0.12692022792,457.824241638,480002048,,,1460985856,,,,,0.0,0.0,0.0,0.0,248.058005,0.0,2.793953,0.0,0.0,27.0,,,,,,,1000,01_quantizer_fair,faiss::ProductQuantizer,05a-faiss-pq4-native-odirect-v1,b3e97b4e71dbf2d0553be4307d13f95e3c3df537147d5a1b5c5b0ff591393d18,ffc67dab09e9b01edefc1bc2f186a10d426ce6599531f0954be14881710ce5ca,07d438f07429c8f2458e827c8191ed2372b7aceaf52eee4ea7f7ffcf4ff084dd,55d659f16ae506e790d914053d78fec74699e80b47fe6d1fefd31f58b83ff6e9,b92fae6ca12d310618d7bb738af1a11fcfe1af1d0a8fa843af640e89d0ab3a51,20260813,,,,False,False,4096,True,/home/kai3/coco/quantization_graph/results/disk_environment/.test_runs/gist/gist_test_20260829_204245/runs/gist_test_20260829_204245/05A_disk_quantizer_io/gist/artifacts/test/PQ_4bit__resident__B2__c0__w32__r0.json,PQ,05A quantizer I/O
05a,gist,PQ_4bit,resident,test,gist_test_20260829_204245,0,32,2.0,fixed_candidates_k28,rerank_candidates=28,28,,c0,1,0.8667,111458.986994,260.224471,295.613,316.889,337.104,0.8667,0.017447276989,0.0324536986817,0.126976190476,457.824241638,480002048,,,1460985856,,,,,0.0,0.0,0.0,0.0,257.167171,0.0,2.927657,0.0,0.0,28.0,,,,,,,1000,01_quantizer_fair,faiss::ProductQuantizer,05a-faiss-pq4-native-odirect-v1,b3e97b4e71dbf2d0553be4307d13f95e3c3df537147d5a1b5c5b0ff591393d18,ffc67dab09e9b01edefc1bc2f186a10d426ce6599531f0954be14881710ce5ca,07d438f07429c8f2458e827c8191ed2372b7aceaf52eee4ea7f7ffcf4ff084dd,55d659f16ae506e790d914053d78fec74699e80b47fe6d1fefd31f58b83ff6e9,b92fae6ca12d310618d7bb738af1a11fcfe1af1d0a8fa843af640e89d0ab3a51,20260813,,,,False,False,4096,True,/home/kai3/coco/quantization_graph/results/disk_environment/.test_runs/gist/gist_test_20260829_204245/runs/gist_test_20260829_204245/05A_disk_quantizer_io/gist/artifacts/test/PQ_4bit__resident__B2__c0__w32__r0.json,PQ,05A quantizer I/O
05a,gist,PQ_4bit,resident,test,gist_test_20260829_204245,0,32,2.0,fixed_candidates_k29,rerank_candidates=29,29,,c0,1,0.8665,107914.049481,269.638257,298.183,319.58,339.985,0.8665,0.0172504001162,0.0323662744321,0.126615763547,457.824241638,480002048,,,1460985856,,,,,0.0,0.0,0.0,0.0,266.42185,0.0,3.084749,0.0,0.0,29.0,,,,,,,1000,01_quantizer_fair,faiss::ProductQuantizer,05a-faiss-pq4-native-odirect-v1,b3e97b4e71dbf2d0553be4307d13f95e3c3df537147d5a1b5c5b0ff591393d18,ffc67dab09e9b01edefc1bc2f186a10d426ce6599531f0954be14881710ce5ca,07d438f07429c8f2458e827c8191ed2372b7aceaf52eee4ea7f7ffcf4ff084dd,55d659f16ae506e790d914053d78fec74699e80b47fe6d1fefd31f58b83ff6e9,b92fae6ca12d310618d7bb738af1a11fcfe1af1d0a8fa843af640e89d0ab3a51,20260813,,,,False,False,4096,True,/home/kai3/coco/quantization_graph/results/disk_environment/.test_runs/gist/gist_test_20260829_204245/runs/gist_test_20260829_204245/05A_disk_quantizer_io/gist/artifacts/test/PQ_4bit__resident__B2__c0__w32__r0.json,PQ,05A quantizer I/O
05a,gist,PQ_4bit,resident,test,gist_test_20260829_204245,0,32,2.0,fixed_candidates_k30,rerank_candidates=30,30,,c0,1,0.8662,104475.380533,279.619296,314.972,330.52,364.934,0.8662,0.0170684172905,0.0321726406077,0.126498850575,457.824241638,480002048,,,1460985856,,,,,0.0,0.0,0.0,0.0,276.272269,0.0,3.213834,0.0,0.0,30.0,,,,,,,1000,01_quantizer_fair,faiss::ProductQuantizer,05a-faiss-pq4-native-odirect-v1,b3e97b4e71dbf2d0553be4307d13f95e3c3df537147d5a1b5c5b0ff591393d18,ffc67dab09e9b01edefc1bc2f186a10d426ce6599531f0954be14881710ce5ca,07d438f07429c8f2458e827c8191ed2372b7aceaf52eee4ea7f7ffcf4ff084dd,55d659f16ae506e790d914053d78fec74699e80b47fe6d1fefd31f58b83ff6e9,b92fae6ca12d310618d7bb738af1a11fcfe1af1d0a8fa843af640e89d0ab3a51,20260813,,,,False,False,4096,True,/home/kai3/coco/quantization_graph/results/disk_environment/.test_runs/gist/gist_test_20260829_204245/runs/gist_test_20260829_204245/05A_disk_quantizer_io/gist/artifacts/test/PQ_4bit__resident__B2__c0__w32__r0.json,PQ,05A quantizer I/O
05a,gist,PQ_4bit,resident,test,gist_test_20260829_204245,0,32,2.0,fixed_candidates_k40,rerank_candidates=40,40,,c0,1,0.8647,79336.1720345,373.775396,423.206,440.448,490.264,0.8647,0.0157736565699,0.0315959751003,0.122733333333,457.824241638,480002048,,,1460985856,,,,,0.0,0.0,0.0,0.0,368.938394,0.0,4.686835,0.0,0.0,40.0,,,,,,,1000,01_quantizer_fair,faiss::ProductQuantizer,05a-faiss-pq4-native-odirect-v1,b3e97b4e71dbf2d0553be4307d13f95e3c3df537147d5a1b5c5b0ff591393d18,ffc67dab09e9b01edefc1bc2f186a10d426ce6599531f0954be14881710ce5ca,07d438f07429c8f2458e827c8191ed2372b7aceaf52eee4ea7f7ffcf4ff084dd,55d659f16ae506e790d914053d78fec74699e80b47fe6d1fefd31f58b83ff6e9,b92fae6ca12d310618d7bb738af1a11fcfe1af1d0a8fa843af640e89d0ab3a51,20260813,,,,False,False,4096,True,/home/kai3/coco/quantization_graph/results/disk_environment/.test_runs/gist/gist_test_20260829_204245/runs/gist_test_20260829_204245/05A_disk_quantizer_io/gist/artifacts/test/PQ_4bit__resident__B2__c0__w32__r0.json,PQ,05A quantizer I/O
05a,gist,PQ_4bit,resident,test,gist_test_20260829_204245,0,32,2.0,fixed_candidates_k50,rerank_candidates=50,50,,c0,1,0.8643,64544.187015,464.528166,512.698,550.37,567.403,0.8643,0.0149345383897,0.0311208421064,0.121091428571,457.824241638,480002048,,,1460985856,,,,,0.0,0.0,0.0,0.0,458.196893,0.0,6.168403,0.0,0.0,50.0,,,,,,,1000,01_quantizer_fair,faiss::ProductQuantizer,05a-faiss-pq4-native-odirect-v1,b3e97b4e71dbf2d0553be4307d13f95e3c3df537147d5a1b5c5b0ff591393d18,ffc67dab09e9b01edefc1bc2f186a10d426ce6599531f0954be14881710ce5ca,07d438f07429c8f2458e827c8191ed2372b7aceaf52eee4ea7f7ffcf4ff084dd,55d659f16ae506e790d914053d78fec74699e80b47fe6d1fefd31f58b83ff6e9,b92fae6ca12d310618d7bb738af1a11fcfe1af1d0a8fa843af640e89d0ab3a51,20260813,,,,False,False,4096,True,/home/kai3/coco/quantization_graph/results/disk_environment/.test_runs/gist/gist_test_20260829_204245/runs/gist_test_20260829_204245/05A_disk_quantizer_io/gist/artifacts/test/PQ_4bit__resident__B2__c0__w32__r0.json,PQ,05A quantizer I/O
05a,gist,PQ_4bit,resident,test,gist_test_20260829_204245,0,32,2.0,fixed_candidates_k60,rerank_candidates=60,60,,c0,1,0.8638,55986.0948456,541.010397,613.302,625.136,653.086,0.8638,0.0143488969783,0.0308623563052,0.119889265537,457.824241638,480002048,,,1460985856,,,,,0.0,0.0,0.0,0.0,533.244503,0.0,7.599118,0.0,0.0,60.0,,,,,,,1000,01_quantizer_fair,faiss::ProductQuantizer,05a-faiss-pq4-native-odirect-v1,b3e97b4e71dbf2d0553be4307d13f95e3c3df537147d5a1b5c5b0ff591393d18,ffc67dab09e9b01edefc1bc2f186a10d426ce6599531f0954be14881710ce5ca,07d438f07429c8f2458e827c8191ed2372b7aceaf52eee4ea7f7ffcf4ff084dd,55d659f16ae506e790d914053d78fec74699e80b47fe6d1fefd31f58b83ff6e9,b92fae6ca12d310618d7bb738af1a11fcfe1af1d0a8fa843af640e89d0ab3a51,20260813,,,,False,False,4096,True,/home/kai3/coco/quantization_graph/results/disk_environment/.test_runs/gist/gist_test_20260829_204245/runs/gist_test_20260829_204245/05A_disk_quantizer_io/gist/artifacts/test/PQ_4bit__resident__B2__c0__w32__r0.json,PQ,05A quantizer I/O
05a,gist,PQ_4bit,resident,test,gist_test_20260829_204245,0,32,2.0,fixed_candidates_k70,rerank_candidates=70,70,,c0,1,0.8633,49590.2211258,617.070404,693.983,718.397,736.837,0.8633,0.0138833691276,0.0303889406886,0.118886956522,457.824241638,480002048,,,1460985856,,,,,0.0,0.0,0.0,0.0,607.822426,0.0,9.063124,0.0,0.0,70.0,,,,,,,1000,01_quantizer_fair,faiss::ProductQuantizer,05a-faiss-pq4-native-odirect-v1,b3e97b4e71dbf2d0553be4307d13f95e3c3df537147d5a1b5c5b0ff591393d18,ffc67dab09e9b01edefc1bc2f186a10d426ce6599531f0954be14881710ce5ca,07d438f07429c8f2458e827c8191ed2372b7aceaf52eee4ea7f7ffcf4ff084dd,55d659f16ae506e790d914053d78fec74699e80b47fe6d1fefd31f58b83ff6e9,b92fae6ca12d310618d7bb738af1a11fcfe1af1d0a8fa843af640e89d0ab3a51,20260813,,,,False,False,4096,True,/home/kai3/coco/quantization_graph/results/disk_environment/.test_runs/gist/gist_test_20260829_204245/runs/gist_test_20260829_204245/05A_disk_quantizer_io/gist/artifacts/test/PQ_4bit__resident__B2__c0__w32__r0.json,PQ,05A quantizer I/O
05a,gist,PQ_4bit,resident,test,gist_test_20260829_204245,0,32,2.0,fixed_candidates_k80,rerank_candidates=80,80,,c0,1,0.8632,43634.8797331,696.67585,781.248,816.202,834.283,0.8632,0.013535337985,0.0301902517976,0.118507911392,457.824241638,480002048,,,1460985856,,,,,0.0,0.0,0.0,0.0,686.017741,0.0,10.455208,0.0,0.0,80.0,,,,,,,1000,01_quantizer_fair,faiss::ProductQuantizer,05a-faiss-pq4-native-odirect-v1,b3e97b4e71dbf2d0553be4307d13f95e3c3df537147d5a1b5c5b0ff591393d18,ffc67dab09e9b01edefc1bc2f186a10d426ce6599531f0954be14881710ce5ca,07d438f07429c8f2458e827c8191ed2372b7aceaf52eee4ea7f7ffcf4ff084dd,55d659f16ae506e790d914053d78fec74699e80b47fe6d1fefd31f58b83ff6e9,b92fae6ca12d310618d7bb738af1a11fcfe1af1d0a8fa843af640e89d0ab3a51,20260813,,,,False,False,4096,True,/home/kai3/coco/quantization_graph/results/disk_environment/.test_runs/gist/gist_test_20260829_204245/runs/gist_test_20260829_204245/05A_disk_quantizer_io/gist/artifacts/test/PQ_4bit__resident__B2__c0__w32__r0.json,PQ,05A quantizer I/O
05a,gist,PQ_4bit,resident,test,gist_test_20260829_204245,0,32,2.0,fixed_candidates_k90,rerank_candidates=90,90,,c0,1,0.8632,39511.2396438,775.609252,866.296,909.896,947.345,0.8632,0.0132507326438,0.029937682549,0.117471660424,457.824241638,480002048,,,1460985856,,,,,0.0,0.0,0.0,0.0,763.518577,0.0,11.874296,0.0,0.0,90.0,,,,,,,1000,01_quantizer_fair,faiss::ProductQuantizer,05a-faiss-pq4-native-odirect-v1,b3e97b4e71dbf2d0553be4307d13f95e3c3df537147d5a1b5c5b0ff591393d18,ffc67dab09e9b01edefc1bc2f186a10d426ce6599531f0954be14881710ce5ca,07d438f07429c8f2458e827c8191ed2372b7aceaf52eee4ea7f7ffcf4ff084dd,55d659f16ae506e790d914053d78fec74699e80b47fe6d1fefd31f58b83ff6e9,b92fae6ca12d310618d7bb738af1a11fcfe1af1d0a8fa843af640e89d0ab3a51,20260813,,,,False,False,4096,True,/home/kai3/coco/quantization_graph/results/disk_environment/.test_runs/gist/gist_test_20260829_204245/runs/gist_test_20260829_204245/05A_disk_quantizer_io/gist/artifacts/test/PQ_4bit__resident__B2__c0__w32__r0.json,PQ,05A quantizer I/O
05a,gist,PQ_4bit,resident,test,gist_test_20260829_204245,0,32,2.0,fixed_candidates_k100,rerank_candidates=100,100,,c0,1,0.8631,35620.2710973,858.838492,960.898,998.98,1041.841,0.8631,0.0129939775596,0.0296507136976,0.117306868687,457.824241638,480002048,,,1460985856,,,,,0.0,0.0,0.0,0.0,845.319959,0.0,13.301687,0.0,0.0,100.0,,,,,,,1000,01_quantizer_fair,faiss::ProductQuantizer,05a-faiss-pq4-native-odirect-v1,b3e97b4e71dbf2d0553be4307d13f95e3c3df537147d5a1b5c5b0ff591393d18,ffc67dab09e9b01edefc1bc2f186a10d426ce6599531f0954be14881710ce5ca,07d438f07429c8f2458e827c8191ed2372b7aceaf52eee4ea7f7ffcf4ff084dd,55d659f16ae506e790d914053d78fec74699e80b47fe6d1fefd31f58b83ff6e9,b92fae6ca12d310618d7bb738af1a11fcfe1af1d0a8fa843af640e89d0ab3a51,20260813,,,,False,False,4096,True,/home/kai3/coco/quantization_graph/results/disk_environment/.test_runs/gist/gist_test_20260829_204245/runs/gist_test_20260829_204245/05A_disk_quantizer_io/gist/artifacts/test/PQ_4bit__resident__B2__c0__w32__r0.json,PQ,05A quantizer I/O
05a,gist,PQ_4bit,resident,test,gist_test_20260829_204245,0,32,2.0,fixed_candidates_k140,rerank_candidates=140,140,,c0,1,0.8628,44.0329839328,721362.233194,735113.707,1088111.506,1290358.379,0.8628,0.0122687528342,0.0289104201992,0.117306868687,457.824241638,480002048,,,1460985856,,,,,0.0,0.0,0.0,0.0,720583.205076,0.0,778.436993,0.0,0.0,140.0,,,,,,,1000,01_quantizer_fair,faiss::ProductQuantizer,05a-faiss-pq4-native-odirect-v1,b3e97b4e71dbf2d0553be4307d13f95e3c3df537147d5a1b5c5b0ff591393d18,ffc67dab09e9b01edefc1bc2f186a10d426ce6599531f0954be14881710ce5ca,07d438f07429c8f2458e827c8191ed2372b7aceaf52eee4ea7f7ffcf4ff084dd,55d659f16ae506e790d914053d78fec74699e80b47fe6d1fefd31f58b83ff6e9,b92fae6ca12d310618d7bb738af1a11fcfe1af1d0a8fa843af640e89d0ab3a51,20260813,,,,False,False,4096,True,/home/kai3/coco/quantization_graph/results/disk_environment/.test_runs/gist/gist_test_20260829_204245/runs/gist_test_20260829_204245/05A_disk_quantizer_io/gist/artifacts/test/PQ_4bit__resident__B2__c0__w32__r0.json,PQ,05A quantizer I/O
05a,gist,PQ_4bit,resident,test,gist_test_20260829_204245,0,32,2.0,fixed_candidates_k180,rerank_candidates=180,180,,c0,1,0.8624,78.5541682461,399964.393043,284406.507,922590.651,1363774.366,0.8624,0.0118285620099,0.0284674307897,0.117306868687,457.824241638,480002048,,,1460985856,,,,,0.0,0.0,0.0,0.0,399861.806903,0.0,102.049057,0.0,0.0,180.0,,,,,,,1000,01_quantizer_fair,faiss::ProductQuantizer,05a-faiss-pq4-native-odirect-v1,b3e97b4e71dbf2d0553be4307d13f95e3c3df537147d5a1b5c5b0ff591393d18,ffc67dab09e9b01edefc1bc2f186a10d426ce6599531f0954be14881710ce5ca,07d438f07429c8f2458e827c8191ed2372b7aceaf52eee4ea7f7ffcf4ff084dd,55d659f16ae506e790d914053d78fec74699e80b47fe6d1fefd31f58b83ff6e9,b92fae6ca12d310618d7bb738af1a11fcfe1af1d0a8fa843af640e89d0ab3a51,20260813,,,,False,False,4096,True,/home/kai3/coco/quantization_graph/results/disk_environment/.test_runs/gist/gist_test_20260829_204245/runs/gist_test_20260829_204245/05A_disk_quantizer_io/gist/artifacts/test/PQ_4bit__resident__B2__c0__w32__r0.json,PQ,05A quantizer I/O
05a,gist,PQ_4bit,resident,test,gist_test_20260829_204245,0,32,2.0,fixed_candidates_k220,rerank_candidates=220,220,,c0,1,0.8621,42.7530961928,740708.501666,728082.074,1058573.703,1399658.41,0.8621,0.0115234775863,0.0280703326959,0.117306868687,457.824241638,480002048,,,1460985856,,,,,0.0,0.0,0.0,0.0,740387.714809,0.0,320.13451,0.0,0.0,220.0,,,,,,,1000,01_quantizer_fair,faiss::ProductQuantizer,05a-faiss-pq4-native-odirect-v1,b3e97b4e71dbf2d0553be4307d13f95e3c3df537147d5a1b5c5b0ff591393d18,ffc67dab09e9b01edefc1bc2f186a10d426ce6599531f0954be14881710ce5ca,07d438f07429c8f2458e827c8191ed2372b7aceaf52eee4ea7f7ffcf4ff084dd,55d659f16ae506e790d914053d78fec74699e80b47fe6d1fefd31f58b83ff6e9,b92fae6ca12d310618d7bb738af1a11fcfe1af1d0a8fa843af640e89d0ab3a51,20260813,,,,False,False,4096,True,/home/kai3/coco/quantization_graph/results/disk_environment/.test_runs/gist/gist_test_20260829_204245/runs/gist_test_20260829_204245/05A_disk_quantizer_io/gist/artifacts/test/PQ_4bit__resident__B2__c0__w32__r0.json,PQ,05A quantizer I/O
05a,gist,PQ_4bit,resident,test,gist_test_20260829_204245,0,32,2.0,fixed_candidates_k260,rerank_candidates=260,260,,c0,1,0.8617,38.4244265661,828817.889494,794512.111,1134840.578,1818722.644,0.8617,0.011290020661,0.0277347355106,0.117306868687,457.824241638,480002048,,,1460985856,,,,,0.0,0.0,0.0,0.0,824598.206933,0.0,4218.975145,0.0,0.0,260.0,,,,,,,1000,01_quantizer_fair,faiss::ProductQuantizer,05a-faiss-pq4-native-odirect-v1,b3e97b4e71dbf2d0553be4307d13f95e3c3df537147d5a1b5c5b0ff591393d18,ffc67dab09e9b01edefc1bc2f186a10d426ce6599531f0954be14881710ce5ca,07d438f07429c8f2458e827c8191ed2372b7aceaf52eee4ea7f7ffcf4ff084dd,55d659f16ae506e790d914053d78fec74699e80b47fe6d1fefd31f58b83ff6e9,b92fae6ca12d310618d7bb738af1a11fcfe1af1d0a8fa843af640e89d0ab3a51,20260813,,,,False,False,4096,True,/home/kai3/coco/quantization_graph/results/disk_environment/.test_runs/gist/gist_test_20260829_204245/runs/gist_test_20260829_204245/05A_disk_quantizer_io/gist/artifacts/test/PQ_4bit__resident__B2__c0__w32__r0.json,PQ,05A quantizer I/O
05a,gist,PQ_4bit,resident,test,gist_test_20260829_204245,0,32,2.0,fixed_candidates_k300,rerank_candidates=300,300,,c0,1,0.8616,37.6921740209,838754.758448,824045.067,1187814.277,1651503.552,0.8616,0.0110929205842,0.0274171377937,0.117306868687,457.824241638,480002048,,,1460985856,,,,,0.0,0.0,0.0,0.0,829723.264526,0.0,9030.650809,0.0,0.0,300.0,,,,,,,1000,01_quantizer_fair,faiss::ProductQuantizer,05a-faiss-pq4-native-odirect-v1,b3e97b4e71dbf2d0553be4307d13f95e3c3df537147d5a1b5c5b0ff591393d18,ffc67dab09e9b01edefc1bc2f186a10d426ce6599531f0954be14881710ce5ca,07d438f07429c8f2458e827c8191ed2372b7aceaf52eee4ea7f7ffcf4ff084dd,55d659f16ae506e790d914053d78fec74699e80b47fe6d1fefd31f58b83ff6e9,b92fae6ca12d310618d7bb738af1a11fcfe1af1d0a8fa843af640e89d0ab3a51,20260813,,,,False,False,4096,True,/home/kai3/coco/quantization_graph/results/disk_environment/.test_runs/gist/gist_test_20260829_204245/runs/gist_test_20260829_204245/05A_disk_quantizer_io/gist/artifacts/test/PQ_4bit__resident__B2__c0__w32__r0.json,PQ,05A quantizer I/O
05a,gist,PQ_4bit,resident,test,gist_test_20260829_204245,0,32,2.0,fixed_candidates_k340,rerank_candidates=340,340,,c0,1,0.8616,36.9515993241,849198.135267,866173.445,1167790.514,1366928.973,0.8616,0.010939024108,0.0271955353953,0.117306868687,457.824241638,480002048,,,1460985856,,,,,0.0,0.0,0.0,0.0,842528.457639,0.0,6629.820808,0.0,0.0,340.0,,,,,,,1000,01_quantizer_fair,faiss::ProductQuantizer,05a-faiss-pq4-native-odirect-v1,b3e97b4e71dbf2d0553be4307d13f95e3c3df537147d5a1b5c5b0ff591393d18,ffc67dab09e9b01edefc1bc2f186a10d426ce6599531f0954be14881710ce5ca,07d438f07429c8f2458e827c8191ed2372b7aceaf52eee4ea7f7ffcf4ff084dd,55d659f16ae506e790d914053d78fec74699e80b47fe6d1fefd31f58b83ff6e9,b92fae6ca12d310618d7bb738af1a11fcfe1af1d0a8fa843af640e89d0ab3a51,20260813,,,,False,False,4096,True,/home/kai3/coco/quantization_graph/results/disk_environment/.test_runs/gist/gist_test_20260829_204245/runs/gist_test_20260829_204245/05A_disk_quantizer_io/gist/artifacts/test/PQ_4bit__resident__B2__c0__w32__r0.json,PQ,05A quantizer I/O
05a,gist,PQ_4bit,resident,test,gist_test_20260829_204245,0,32,2.0,fixed_candidates_k380,rerank_candidates=380,380,,c0,1,0.8616,35.8118652414,882700.930531,861287.275,1204730.713,1521994.316,0.8616,0.0108140171398,0.0270132719424,0.117306868687,457.824241638,480002048,,,1460985856,,,,,0.0,0.0,0.0,0.0,878668.647287,0.0,4031.349273,0.0,0.0,380.0,,,,,,,1000,01_quantizer_fair,faiss::ProductQuantizer,05a-faiss-pq4-native-odirect-v1,b3e97b4e71dbf2d0553be4307d13f95e3c3df537147d5a1b5c5b0ff591393d18,ffc67dab09e9b01edefc1bc2f186a10d426ce6599531f0954be14881710ce5ca,07d438f07429c8f2458e827c8191ed2372b7aceaf52eee4ea7f7ffcf4ff084dd,55d659f16ae506e790d914053d78fec74699e80b47fe6d1fefd31f58b83ff6e9,b92fae6ca12d310618d7bb738af1a11fcfe1af1d0a8fa843af640e89d0ab3a51,20260813,,,,False,False,4096,True,/home/kai3/coco/quantization_graph/results/disk_environment/.test_runs/gist/gist_test_20260829_204245/runs/gist_test_20260829_204245/05A_disk_quantizer_io/gist/artifacts/test/PQ_4bit__resident__B2__c0__w32__r0.json,PQ,05A quantizer I/O
05a,gist,PQ_4bit,resident,test,gist_test_20260829_204245,0,32,2.0,fixed_candidates_k420,rerank_candidates=420,420,,c0,1,0.8616,34.8864568609,911367.949869,884171.082,1215884.483,2449443.536,0.8616,0.0107054257761,0.0268235447018,0.117306868687,457.824241638,480002048,,,1460985856,,,,,0.0,0.0,0.0,0.0,908751.177049,0.0,2615.777757,0.0,0.0,420.0,,,,,,,1000,01_quantizer_fair,faiss::ProductQuantizer,05a-faiss-pq4-native-odirect-v1,b3e97b4e71dbf2d0553be4307d13f95e3c3df537147d5a1b5c5b0ff591393d18,ffc67dab09e9b01edefc1bc2f186a10d426ce6599531f0954be14881710ce5ca,07d438f07429c8f2458e827c8191ed2372b7aceaf52eee4ea7f7ffcf4ff084dd,55d659f16ae506e790d914053d78fec74699e80b47fe6d1fefd31f58b83ff6e9,b92fae6ca12d310618d7bb738af1a11fcfe1af1d0a8fa843af640e89d0ab3a51,20260813,,,,False,False,4096,True,/home/kai3/coco/quantization_graph/results/disk_environment/.test_runs/gist/gist_test_20260829_204245/runs/gist_test_20260829_204245/05A_disk_quantizer_io/gist/artifacts/test/PQ_4bit__resident__B2__c0__w32__r0.json,PQ,05A quantizer I/O
05a,gist,PQ_4bit,resident,test,gist_test_20260829_204245,0,32,2.0,fixed_candidates_k460,rerank_candidates=460,460,,c0,1,0.8616,34.7576449922,906412.624409,884586.526,1189960.37,3216596.743,0.8616,0.0106111237656,0.0266498051529,0.117306868687,457.824241638,480002048,,,1460985856,,,,,0.0,0.0,0.0,0.0,900062.877983,0.0,6348.82917,0.0,0.0,460.0,,,,,,,1000,01_quantizer_fair,faiss::ProductQuantizer,05a-faiss-pq4-native-odirect-v1,b3e97b4e71dbf2d0553be4307d13f95e3c3df537147d5a1b5c5b0ff591393d18,ffc67dab09e9b01edefc1bc2f186a10d426ce6599531f0954be14881710ce5ca,07d438f07429c8f2458e827c8191ed2372b7aceaf52eee4ea7f7ffcf4ff084dd,55d659f16ae506e790d914053d78fec74699e80b47fe6d1fefd31f58b83ff6e9,b92fae6ca12d310618d7bb738af1a11fcfe1af1d0a8fa843af640e89d0ab3a51,20260813,,,,False,False,4096,True,/home/kai3/coco/quantization_graph/results/disk_environment/.test_runs/gist/gist_test_20260829_204245/runs/gist_test_20260829_204245/05A_disk_quantizer_io/gist/artifacts/test/PQ_4bit__resident__B2__c0__w32__r0.json,PQ,05A quantizer I/O
05a,gist,PQ_4bit,payload_on_ssd,test,gist_test_20260829_204245,0,32,2.0,fixed_candidates_k10,rerank_candidates=10,10,,c0,1,1.0,3291.35576589,5406.17967,1312.215,15946.177,91079.818,1.0,0.0249584473096,0.0351930614628,0.137644444444,457.824241638,0,,,2038747136,,,,,9.836,11.025,45158.4,5274.814256,127.689484,0.0,2.122934,0.0,0.0,10.0,,,,,,,1000,01_quantizer_fair,faiss::ProductQuantizer,05a-faiss-pq4-native-odirect-v1,b3e97b4e71dbf2d0553be4307d13f95e3c3df537147d5a1b5c5b0ff591393d18,ffc67dab09e9b01edefc1bc2f186a10d426ce6599531f0954be14881710ce5ca,07d438f07429c8f2458e827c8191ed2372b7aceaf52eee4ea7f7ffcf4ff084dd,55d659f16ae506e790d914053d78fec74699e80b47fe6d1fefd31f58b83ff6e9,b92fae6ca12d310618d7bb738af1a11fcfe1af1d0a8fa843af640e89d0ab3a51,20260813,,,,True,True,4096,True,/home/kai3/coco/quantization_graph/results/disk_environment/.test_runs/gist/gist_test_20260829_204245/runs/gist_test_20260829_204245/05A_disk_quantizer_io/gist/artifacts/test/PQ_4bit__payload_on_ssd__B2__c0__w32__r0.json,PQ,05A quantizer I/O
05a,gist,PQ_4bit,payload_on_ssd,test,gist_test_20260829_204245,0,32,2.0,fixed_candidates_k11,rerank_candidates=11,11,,c0,1,0.9451,3376.81315703,5686.463031,1402.367,16172.39,93517.507,0.9451,0.0241057321958,0.0348033158115,0.137254545455,457.824241638,0,,,2038747136,,,,,10.824,12.128,49676.288,5534.646889,147.586601,0.0,2.429905,0.0,0.0,11.0,,,,,,,1000,01_quantizer_fair,faiss::ProductQuantizer,05a-faiss-pq4-native-odirect-v1,b3e97b4e71dbf2d0553be4307d13f95e3c3df537147d5a1b5c5b0ff591393d18,ffc67dab09e9b01edefc1bc2f186a10d426ce6599531f0954be14881710ce5ca,07d438f07429c8f2458e827c8191ed2372b7aceaf52eee4ea7f7ffcf4ff084dd,55d659f16ae506e790d914053d78fec74699e80b47fe6d1fefd31f58b83ff6e9,b92fae6ca12d310618d7bb738af1a11fcfe1af1d0a8fa843af640e89d0ab3a51,20260813,,,,True,True,4096,True,/home/kai3/coco/quantization_graph/results/disk_environment/.test_runs/gist/gist_test_20260829_204245/runs/gist_test_20260829_204245/05A_disk_quantizer_io/gist/artifacts/test/PQ_4bit__payload_on_ssd__B2__c0__w32__r0.json,PQ,05A quantizer I/O
05a,gist,PQ_4bit,payload_on_ssd,test,gist_test_20260829_204245,0,32,2.0,fixed_candidates_k12,rerank_candidates=12,12,,c0,1,0.9157,3675.3800138,5239.759167,1375.06,15240.564,74012.899,0.9157,0.0232749190988,0.034544043227,0.136409090909,457.824241638,0,,,2038747136,,,,,11.797,13.23,54190.08,5086.041786,149.35186,0.0,2.540395,0.0,0.0,12.0,,,,,,,1000,01_quantizer_fair,faiss::ProductQuantizer,05a-faiss-pq4-native-odirect-v1,b3e97b4e71dbf2d0553be4307d13f95e3c3df537147d5a1b5c5b0ff591393d18,ffc67dab09e9b01edefc1bc2f186a10d426ce6599531f0954be14881710ce5ca,07d438f07429c8f2458e827c8191ed2372b7aceaf52eee4ea7f7ffcf4ff084dd,55d659f16ae506e790d914053d78fec74699e80b47fe6d1fefd31f58b83ff6e9,b92fae6ca12d310618d7bb738af1a11fcfe1af1d0a8fa843af640e89d0ab3a51,20260813,,,,True,True,4096,True,/home/kai3/coco/quantization_graph/results/disk_environment/.test_runs/gist/gist_test_20260829_204245/runs/gist_test_20260829_204245/05A_disk_quantizer_io/gist/artifacts/test/PQ_4bit__payload_on_ssd__B2__c0__w32__r0.json,PQ,05A quantizer I/O
05a,gist,PQ_4bit,payload_on_ssd,test,gist_test_20260829_204245,0,32,2.0,fixed_candidates_k13,rerank_candidates=13,13,,c0,1,0.8984,3678.7834881,4782.825623,1692.179,13323.665,72845.865,0.8984,0.0226316825306,0.034404840431,0.136230769231,457.824241638,0,,,2038747136,,,,,12.78,14.331,58699.776,4637.684039,140.788418,0.0,2.64012,0.0,0.0,13.0,,,,,,,1000,01_quantizer_fair,faiss::ProductQuantizer,05a-faiss-pq4-native-odirect-v1,b3e97b4e71dbf2d0553be4307d13f95e3c3df537147d5a1b5c5b0ff591393d18,ffc67dab09e9b01edefc1bc2f186a10d426ce6599531f0954be14881710ce5ca,07d438f07429c8f2458e827c8191ed2372b7aceaf52eee4ea7f7ffcf4ff084dd,55d659f16ae506e790d914053d78fec74699e80b47fe6d1fefd31f58b83ff6e9,b92fae6ca12d310618d7bb738af1a11fcfe1af1d0a8fa843af640e89d0ab3a51,20260813,,,,True,True,4096,True,/home/kai3/coco/quantization_graph/results/disk_environment/.test_runs/gist/gist_test_20260829_204245/runs/gist_test_20260829_204245/05A_disk_quantizer_io/gist/artifacts/test/PQ_4bit__payload_on_ssd__B2__c0__w32__r0.json,PQ,05A quantizer I/O
05a,gist,PQ_4bit,payload_on_ssd,test,gist_test_20260829_204245,0,32,2.0,fixed_candidates_k14,rerank_candidates=14,14,,c0,1,0.8898,2777.14175832,6561.246396,2004.225,19445.798,100186.179,0.8898,0.0220539668635,0.0341646949858,0.135076923077,457.824241638,0,,,2038747136,,,,,13.761,15.436,63225.856,6368.314076,187.563011,0.0,3.286587,0.0,0.0,14.0,,,,,,,1000,01_quantizer_fair,faiss::ProductQuantizer,05a-faiss-pq4-native-odirect-v1,b3e97b4e71dbf2d0553be4307d13f95e3c3df537147d5a1b5c5b0ff591393d18,ffc67dab09e9b01edefc1bc2f186a10d426ce6599531f0954be14881710ce5ca,07d438f07429c8f2458e827c8191ed2372b7aceaf52eee4ea7f7ffcf4ff084dd,55d659f16ae506e790d914053d78fec74699e80b47fe6d1fefd31f58b83ff6e9,b92fae6ca12d310618d7bb738af1a11fcfe1af1d0a8fa843af640e89d0ab3a51,20260813,,,,True,True,4096,True,/home/kai3/coco/quantization_graph/results/disk_environment/.test_runs/gist/gist_test_20260829_204245/runs/gist_test_20260829_204245/05A_disk_quantizer_io/gist/artifacts/test/PQ_4bit__payload_on_ssd__B2__c0__w32__r0.json,PQ,05A quantizer I/O
05a,gist,PQ_4bit,payload_on_ssd,test,gist_test_20260829_204245,0,32,2.0,fixed_candidates_k15,rerank_candidates=15,15,,c0,1,0.8839,3423.45529178,5745.041307,1983.789,14549.208,82862.058,0.8839,0.0215106079293,0.0339548495306,0.133723809524,457.824241638,0,,,2038747136,,,,,14.74,16.513,67637.248,5552.800698,186.469126,0.0,3.54701,0.0,0.0,15.0,,,,,,,1000,01_quantizer_fair,faiss::ProductQuantizer,05a-faiss-pq4-native-odirect-v1,b3e97b4e71dbf2d0553be4307d13f95e3c3df537147d5a1b5c5b0ff591393d18,ffc67dab09e9b01edefc1bc2f186a10d426ce6599531f0954be14881710ce5ca,07d438f07429c8f2458e827c8191ed2372b7aceaf52eee4ea7f7ffcf4ff084dd,55d659f16ae506e790d914053d78fec74699e80b47fe6d1fefd31f58b83ff6e9,b92fae6ca12d310618d7bb738af1a11fcfe1af1d0a8fa843af640e89d0ab3a51,20260813,,,,True,True,4096,True,/home/kai3/coco/quantization_graph/results/disk_environment/.test_runs/gist/gist_test_20260829_204245/runs/gist_test_20260829_204245/05A_disk_quantizer_io/gist/artifacts/test/PQ_4bit__payload_on_ssd__B2__c0__w32__r0.json,PQ,05A quantizer I/O
05a,gist,PQ_4bit,payload_on_ssd,test,gist_test_20260829_204245,0,32,2.0,fixed_candidates_k16,rerank_candidates=16,16,,c0,1,0.8791,3086.16867802,6478.276463,1970.337,16586.736,89092.985,0.8791,0.0210030419711,0.0336812669789,0.132533333333,457.824241638,0,,,2038747136,,,,,15.721,17.605,72110.08,6274.45928,197.793184,0.0,3.685843,0.0,0.0,16.0,,,,,,,1000,01_quantizer_fair,faiss::ProductQuantizer,05a-faiss-pq4-native-odirect-v1,b3e97b4e71dbf2d0553be4307d13f95e3c3df537147d5a1b5c5b0ff591393d18,ffc67dab09e9b01edefc1bc2f186a10d426ce6599531f0954be14881710ce5ca,07d438f07429c8f2458e827c8191ed2372b7aceaf52eee4ea7f7ffcf4ff084dd,55d659f16ae506e790d914053d78fec74699e80b47fe6d1fefd31f58b83ff6e9,b92fae6ca12d310618d7bb738af1a11fcfe1af1d0a8fa843af640e89d0ab3a51,20260813,,,,True,True,4096,True,/home/kai3/coco/quantization_graph/results/disk_environment/.test_runs/gist/gist_test_20260829_204245/runs/gist_test_20260829_204245/05A_disk_quantizer_io/gist/artifacts/test/PQ_4bit__payload_on_ssd__B2__c0__w32__r0.json,PQ,05A quantizer I/O
05a,gist,PQ_4bit,payload_on_ssd,test,gist_test_20260829_204245,0,32,2.0,fixed_candidates_k17,rerank_candidates=17,17,,c0,1,0.8762,3047.94222935,6851.223436,2769.191,20061.091,81540.462,0.8762,0.0205622849568,0.0335278459774,0.132154411765,457.824241638,0,,,2038747136,,,,,16.704,18.711,76640.256,6633.775951,211.140918,0.0,3.983755,0.0,0.0,17.0,,,,,,,1000,01_quantizer_fair,faiss::ProductQuantizer,05a-faiss-pq4-native-odirect-v1,b3e97b4e71dbf2d0553be4307d13f95e3c3df537147d5a1b5c5b0ff591393d18,ffc67dab09e9b01edefc1bc2f186a10d426ce6599531f0954be14881710ce5ca,07d438f07429c8f2458e827c8191ed2372b7aceaf52eee4ea7f7ffcf4ff084dd,55d659f16ae506e790d914053d78fec74699e80b47fe6d1fefd31f58b83ff6e9,b92fae6ca12d310618d7bb738af1a11fcfe1af1d0a8fa843af640e89d0ab3a51,20260813,,,,True,True,4096,True,/home/kai3/coco/quantization_graph/results/disk_environment/.test_runs/gist/gist_test_20260829_204245/runs/gist_test_20260829_204245/05A_disk_quantizer_io/gist/artifacts/test/PQ_4bit__payload_on_ssd__B2__c0__w32__r0.json,PQ,05A quantizer I/O
05a,gist,PQ_4bit,payload_on_ssd,test,gist_test_20260829_204245,0,32,2.0,fixed_candidates_k18,rerank_candidates=18,18,,c0,1,0.8742,3519.35303142,5620.408267,2935.903,13928.627,47826.57,0.8742,0.0201714489381,0.0334419627065,0.131137254902,457.824241638,0,,,2038747136,,,,,17.684,19.799,81096.704,5359.883465,253.121198,0.0,4.687063,0.0,0.0,18.0,,,,,,,1000,01_quantizer_fair,faiss::ProductQuantizer,05a-faiss-pq4-native-odirect-v1,b3e97b4e71dbf2d0553be4307d13f95e3c3df537147d5a1b5c5b0ff591393d18,ffc67dab09e9b01edefc1bc2f186a10d426ce6599531f0954be14881710ce5ca,07d438f07429c8f2458e827c8191ed2372b7aceaf52eee4ea7f7ffcf4ff084dd,55d659f16ae506e790d914053d78fec74699e80b47fe6d1fefd31f58b83ff6e9,b92fae6ca12d310618d7bb738af1a11fcfe1af1d0a8fa843af640e89d0ab3a51,20260813,,,,True,True,4096,True,/home/kai3/coco/quantization_graph/results/disk_environment/.test_runs/gist/gist_test_20260829_204245/runs/gist_test_20260829_204245/05A_disk_quantizer_io/gist/artifacts/test/PQ_4bit__payload_on_ssd__B2__c0__w32__r0.json,PQ,05A quantizer I/O
05a,gist,PQ_4bit,payload_on_ssd,test,gist_test_20260829_204245,0,32,2.0,fixed_candidates_k19,rerank_candidates=19,19,,c0,1,0.8724,2874.20395939,6637.954643,2736.975,17918.663,97388.355,0.8724,0.0197753408353,0.0331443971033,0.131339181287,457.824241638,0,,,2038747136,,,,,18.667,20.902,85614.592,6372.512039,257.992868,0.0,4.775702,0.0,0.0,19.0,,,,,,,1000,01_quantizer_fair,faiss::ProductQuantizer,05a-faiss-pq4-native-odirect-v1,b3e97b4e71dbf2d0553be4307d13f95e3c3df537147d5a1b5c5b0ff591393d18,ffc67dab09e9b01edefc1bc2f186a10d426ce6599531f0954be14881710ce5ca,07d438f07429c8f2458e827c8191ed2372b7aceaf52eee4ea7f7ffcf4ff084dd,55d659f16ae506e790d914053d78fec74699e80b47fe6d1fefd31f58b83ff6e9,b92fae6ca12d310618d7bb738af1a11fcfe1af1d0a8fa843af640e89d0ab3a51,20260813,,,,True,True,4096,True,/home/kai3/coco/quantization_graph/results/disk_environment/.test_runs/gist/gist_test_20260829_204245/runs/gist_test_20260829_204245/05A_disk_quantizer_io/gist/artifacts/test/PQ_4bit__payload_on_ssd__B2__c0__w32__r0.json,PQ,05A quantizer I/O
05a,gist,PQ_4bit,payload_on_ssd,test,gist_test_20260829_204245,0,32,2.0,fixed_candidates_k20,rerank_candidates=20,20,,c0,1,0.8712,2576.45127707,9347.300928,4328.61,38541.639,84388.629,0.8712,0.0194363989181,0.0331108766581,0.130089473684,457.824241638,0,,,2038747136,,,,,19.641,21.996,90095.616,9068.116393,271.192677,0.0,5.062784,0.0,0.0,20.0,,,,,,,1000,01_quantizer_fair,faiss::ProductQuantizer,05a-faiss-pq4-native-odirect-v1,b3e97b4e71dbf2d0553be4307d13f95e3c3df537147d5a1b5c5b0ff591393d18,ffc67dab09e9b01edefc1bc2f186a10d426ce6599531f0954be14881710ce5ca,07d438f07429c8f2458e827c8191ed2372b7aceaf52eee4ea7f7ffcf4ff084dd,55d659f16ae506e790d914053d78fec74699e80b47fe6d1fefd31f58b83ff6e9,b92fae6ca12d310618d7bb738af1a11fcfe1af1d0a8fa843af640e89d0ab3a51,20260813,,,,True,True,4096,True,/home/kai3/coco/quantization_graph/results/disk_environment/.test_runs/gist/gist_test_20260829_204245/runs/gist_test_20260829_204245/05A_disk_quantizer_io/gist/artifacts/test/PQ_4bit__payload_on_ssd__B2__c0__w32__r0.json,PQ,05A quantizer I/O
05a,gist,PQ_4bit,payload_on_ssd,test,gist_test_20260829_204245,0,32,2.0,fixed_candidates_k21,rerank_candidates=21,21,,c0,1,0.8704,2871.68626609,7421.100719,3772.426,19687.358,94138.433,0.8704,0.0191070100931,0.0329114667737,0.129571428571,457.824241638,0,,,2038747136,,,,,20.623,23.094,94593.024,7140.348772,272.806606,0.0,5.133572,0.0,0.0,21.0,,,,,,,1000,01_quantizer_fair,faiss::ProductQuantizer,05a-faiss-pq4-native-odirect-v1,b3e97b4e71dbf2d0553be4307d13f95e3c3df537147d5a1b5c5b0ff591393d18,ffc67dab09e9b01edefc1bc2f186a10d426ce6599531f0954be14881710ce5ca,07d438f07429c8f2458e827c8191ed2372b7aceaf52eee4ea7f7ffcf4ff084dd,55d659f16ae506e790d914053d78fec74699e80b47fe6d1fefd31f58b83ff6e9,b92fae6ca12d310618d7bb738af1a11fcfe1af1d0a8fa843af640e89d0ab3a51,20260813,,,,True,True,4096,True,/home/kai3/coco/quantization_graph/results/disk_environment/.test_runs/gist/gist_test_20260829_204245/runs/gist_test_20260829_204245/05A_disk_quantizer_io/gist/artifacts/test/PQ_4bit__payload_on_ssd__B2__c0__w32__r0.json,PQ,05A quantizer I/O
05a,gist,PQ_4bit,payload_on_ssd,test,gist_test_20260829_204245,0,32,2.0,fixed_candidates_k22,rerank_candidates=22,22,,c0,1,0.869,2602.60538809,8322.886292,3062.264,35157.758,92764.838,0.869,0.018806049994,0.0328197657898,0.129285714286,457.824241638,0,,,2038747136,,,,,21.599,24.184,99057.664,7974.957062,338.439593,0.0,6.098657,0.0,0.0,22.0,,,,,,,1000,01_quantizer_fair,faiss::ProductQuantizer,05a-faiss-pq4-native-odirect-v1,b3e97b4e71dbf2d0553be4307d13f95e3c3df537147d5a1b5c5b0ff591393d18,ffc67dab09e9b01edefc1bc2f186a10d426ce6599531f0954be14881710ce5ca,07d438f07429c8f2458e827c8191ed2372b7aceaf52eee4ea7f7ffcf4ff084dd,55d659f16ae506e790d914053d78fec74699e80b47fe6d1fefd31f58b83ff6e9,b92fae6ca12d310618d7bb738af1a11fcfe1af1d0a8fa843af640e89d0ab3a51,20260813,,,,True,True,4096,True,/home/kai3/coco/quantization_graph/results/disk_environment/.test_runs/gist/gist_test_20260829_204245/runs/gist_test_20260829_204245/05A_disk_quantizer_io/gist/artifacts/test/PQ_4bit__payload_on_ssd__B2__c0__w32__r0.json,PQ,05A quantizer I/O
05a,gist,PQ_4bit,payload_on_ssd,test,gist_test_20260829_204245,0,32,2.0,fixed_candidates_k23,rerank_candidates=23,23,,c0,1,0.8684,2602.56692842,8683.324084,3947.838,25606.801,103883.085,0.8684,0.0185288261527,0.0326204140118,0.128723320158,457.824241638,0,,,2038747136,,,,,22.573,25.283,103559.168,8341.4681,332.365207,0.0,6.178318,0.0,0.0,23.0,,,,,,,1000,01_quantizer_fair,faiss::ProductQuantizer,05a-faiss-pq4-native-odirect-v1,b3e97b4e71dbf2d0553be4307d13f95e3c3df537147d5a1b5c5b0ff591393d18,ffc67dab09e9b01edefc1bc2f186a10d426ce6599531f0954be14881710ce5ca,07d438f07429c8f2458e827c8191ed2372b7aceaf52eee4ea7f7ffcf4ff084dd,55d659f16ae506e790d914053d78fec74699e80b47fe6d1fefd31f58b83ff6e9,b92fae6ca12d310618d7bb738af1a11fcfe1af1d0a8fa843af640e89d0ab3a51,20260813,,,,True,True,4096,True,/home/kai3/coco/quantization_graph/results/disk_environment/.test_runs/gist/gist_test_20260829_204245/runs/gist_test_20260829_204245/05A_disk_quantizer_io/gist/artifacts/test/PQ_4bit__payload_on_ssd__B2__c0__w32__r0.json,PQ,05A quantizer I/O
05a,gist,PQ_4bit,payload_on_ssd,test,gist_test_20260829_204245,0,32,2.0,fixed_candidates_k24,rerank_candidates=24,24,,c0,1,0.868,2633.15161796,8636.512961,3660.695,19838.431,139949.986,0.868,0.0182783006564,0.0325963803974,0.128293478261,457.824241638,0,,,2038747136,,,,,23.554,26.388,108085.248,8289.431026,337.26655,0.0,6.372378,0.0,0.0,24.0,,,,,,,1000,01_quantizer_fair,faiss::ProductQuantizer,05a-faiss-pq4-native-odirect-v1,b3e97b4e71dbf2d0553be4307d13f95e3c3df537147d5a1b5c5b0ff591393d18,ffc67dab09e9b01edefc1bc2f186a10d426ce6599531f0954be14881710ce5ca,07d438f07429c8f2458e827c8191ed2372b7aceaf52eee4ea7f7ffcf4ff084dd,55d659f16ae506e790d914053d78fec74699e80b47fe6d1fefd31f58b83ff6e9,b92fae6ca12d310618d7bb738af1a11fcfe1af1d0a8fa843af640e89d0ab3a51,20260813,,,,True,True,4096,True,/home/kai3/coco/quantization_graph/results/disk_environment/.test_runs/gist/gist_test_20260829_204245/runs/gist_test_20260829_204245/05A_disk_quantizer_io/gist/artifacts/test/PQ_4bit__payload_on_ssd__B2__c0__w32__r0.json,PQ,05A quantizer I/O
05a,gist,PQ_4bit,payload_on_ssd,test,gist_test_20260829_204245,0,32,2.0,fixed_candidates_k25,rerank_candidates=25,25,,c0,1,0.8677,2524.61952153,8748.066172,4355.428,25319.048,118198.962,0.8677,0.0180536874486,0.0325955487886,0.128356666667,457.824241638,0,,,2038747136,,,,,24.536,27.487,112586.752,8418.969428,319.736612,0.0,6.205293,0.0,0.0,25.0,,,,,,,1000,01_quantizer_fair,faiss::ProductQuantizer,05a-faiss-pq4-native-odirect-v1,b3e97b4e71dbf2d0553be4307d13f95e3c3df537147d5a1b5c5b0ff591393d18,ffc67dab09e9b01edefc1bc2f186a10d426ce6599531f0954be14881710ce5ca,07d438f07429c8f2458e827c8191ed2372b7aceaf52eee4ea7f7ffcf4ff084dd,55d659f16ae506e790d914053d78fec74699e80b47fe6d1fefd31f58b83ff6e9,b92fae6ca12d310618d7bb738af1a11fcfe1af1d0a8fa843af640e89d0ab3a51,20260813,,,,True,True,4096,True,/home/kai3/coco/quantization_graph/results/disk_environment/.test_runs/gist/gist_test_20260829_204245/runs/gist_test_20260829_204245/05A_disk_quantizer_io/gist/artifacts/test/PQ_4bit__payload_on_ssd__B2__c0__w32__r0.json,PQ,05A quantizer I/O
05a,gist,PQ_4bit,payload_on_ssd,test,gist_test_20260829_204245,0,32,2.0,fixed_candidates_k26,rerank_candidates=26,26,,c0,1,0.8673,2137.02737492,10653.759771,4285.393,43678.598,113860.906,0.8673,0.0178306038017,0.0325182427572,0.127636923077,457.824241638,0,,,2038747136,,,,,25.517,28.593,117116.928,10262.91612,379.957507,0.0,7.218576,0.0,0.0,26.0,,,,,,,1000,01_quantizer_fair,faiss::ProductQuantizer,05a-faiss-pq4-native-odirect-v1,b3e97b4e71dbf2d0553be4307d13f95e3c3df537147d5a1b5c5b0ff591393d18,ffc67dab09e9b01edefc1bc2f186a10d426ce6599531f0954be14881710ce5ca,07d438f07429c8f2458e827c8191ed2372b7aceaf52eee4ea7f7ffcf4ff084dd,55d659f16ae506e790d914053d78fec74699e80b47fe6d1fefd31f58b83ff6e9,b92fae6ca12d310618d7bb738af1a11fcfe1af1d0a8fa843af640e89d0ab3a51,20260813,,,,True,True,4096,True,/home/kai3/coco/quantization_graph/results/disk_environment/.test_runs/gist/gist_test_20260829_204245/runs/gist_test_20260829_204245/05A_disk_quantizer_io/gist/artifacts/test/PQ_4bit__payload_on_ssd__B2__c0__w32__r0.json,PQ,05A quantizer I/O
05a,gist,PQ_4bit,payload_on_ssd,test,gist_test_20260829_204245,0,32,2.0,fixed_candidates_k27,rerank_candidates=27,27,,c0,1,0.867,2174.50954927,10407.781116,4782.192,39691.101,119608.022,0.867,0.0176234169601,0.0324893339574,0.12692022792,457.824241638,0,,,2038747136,,,,,26.495,29.692,121618.432,9952.069424,443.368443,0.0,8.223285,0.0,0.0,27.0,,,,,,,1000,01_quantizer_fair,faiss::ProductQuantizer,05a-faiss-pq4-native-odirect-v1,b3e97b4e71dbf2d0553be4307d13f95e3c3df537147d5a1b5c5b0ff591393d18,ffc67dab09e9b01edefc1bc2f186a10d426ce6599531f0954be14881710ce5ca,07d438f07429c8f2458e827c8191ed2372b7aceaf52eee4ea7f7ffcf4ff084dd,55d659f16ae506e790d914053d78fec74699e80b47fe6d1fefd31f58b83ff6e9,b92fae6ca12d310618d7bb738af1a11fcfe1af1d0a8fa843af640e89d0ab3a51,20260813,,,,True,True,4096,True,/home/kai3/coco/quantization_graph/results/disk_environment/.test_runs/gist/gist_test_20260829_204245/runs/gist_test_20260829_204245/05A_disk_quantizer_io/gist/artifacts/test/PQ_4bit__payload_on_ssd__B2__c0__w32__r0.json,PQ,05A quantizer I/O
05a,gist,PQ_4bit,payload_on_ssd,test,gist_test_20260829_204245,0,32,2.0,fixed_candidates_k28,rerank_candidates=28,28,,c0,1,0.8667,3012.25603844,7065.472633,4476.521,15837.23,50732.621,0.8667,0.017447276989,0.0324536986817,0.126976190476,457.824241638,0,,,2038747136,,,,,27.477,30.78,126074.88,6675.72234,378.385858,0.0,7.469037,0.0,0.0,28.0,,,,,,,1000,01_quantizer_fair,faiss::ProductQuantizer,05a-faiss-pq4-native-odirect-v1,b3e97b4e71dbf2d0553be4307d13f95e3c3df537147d5a1b5c5b0ff591393d18,ffc67dab09e9b01edefc1bc2f186a10d426ce6599531f0954be14881710ce5ca,07d438f07429c8f2458e827c8191ed2372b7aceaf52eee4ea7f7ffcf4ff084dd,55d659f16ae506e790d914053d78fec74699e80b47fe6d1fefd31f58b83ff6e9,b92fae6ca12d310618d7bb738af1a11fcfe1af1d0a8fa843af640e89d0ab3a51,20260813,,,,True,True,4096,True,/home/kai3/coco/quantization_graph/results/disk_environment/.test_runs/gist/gist_test_20260829_204245/runs/gist_test_20260829_204245/05A_disk_quantizer_io/gist/artifacts/test/PQ_4bit__payload_on_ssd__B2__c0__w32__r0.json,PQ,05A quantizer I/O
05a,gist,PQ_4bit,payload_on_ssd,test,gist_test_20260829_204245,0,32,2.0,fixed_candidates_k29,rerank_candidates=29,29,,c0,1,0.8665,2500.2199631,8132.74591,4792.152,22399.444,63934.512,0.8665,0.0172504001162,0.0323662744321,0.126615763547,457.824241638,0,,,2038747136,,,,,28.457,31.879,130576.384,7689.401192,430.782128,0.0,8.270254,0.0,0.0,29.0,,,,,,,1000,01_quantizer_fair,faiss::ProductQuantizer,05a-faiss-pq4-native-odirect-v1,b3e97b4e71dbf2d0553be4307d13f95e3c3df537147d5a1b5c5b0ff591393d18,ffc67dab09e9b01edefc1bc2f186a10d426ce6599531f0954be14881710ce5ca,07d438f07429c8f2458e827c8191ed2372b7aceaf52eee4ea7f7ffcf4ff084dd,55d659f16ae506e790d914053d78fec74699e80b47fe6d1fefd31f58b83ff6e9,b92fae6ca12d310618d7bb738af1a11fcfe1af1d0a8fa843af640e89d0ab3a51,20260813,,,,True,True,4096,True,/home/kai3/coco/quantization_graph/results/disk_environment/.test_runs/gist/gist_test_20260829_204245/runs/gist_test_20260829_204245/05A_disk_quantizer_io/gist/artifacts/test/PQ_4bit__payload_on_ssd__B2__c0__w32__r0.json,PQ,05A quantizer I/O
05a,gist,PQ_4bit,payload_on_ssd,test,gist_test_20260829_204245,0,32,2.0,fixed_candidates_k30,rerank_candidates=30,30,,c0,1,0.8662,2499.89734797,9783.407387,5082.569,28033.881,123193.801,0.8662,0.0170684172905,0.0321726406077,0.126498850575,457.824241638,0,,,2038747136,,,,,29.431,32.962,135012.352,9348.463505,422.420657,0.0,8.357593,0.0,0.0,30.0,,,,,,,1000,01_quantizer_fair,faiss::ProductQuantizer,05a-faiss-pq4-native-odirect-v1,b3e97b4e71dbf2d0553be4307d13f95e3c3df537147d5a1b5c5b0ff591393d18,ffc67dab09e9b01edefc1bc2f186a10d426ce6599531f0954be14881710ce5ca,07d438f07429c8f2458e827c8191ed2372b7aceaf52eee4ea7f7ffcf4ff084dd,55d659f16ae506e790d914053d78fec74699e80b47fe6d1fefd31f58b83ff6e9,b92fae6ca12d310618d7bb738af1a11fcfe1af1d0a8fa843af640e89d0ab3a51,20260813,,,,True,True,4096,True,/home/kai3/coco/quantization_graph/results/disk_environment/.test_runs/gist/gist_test_20260829_204245/runs/gist_test_20260829_204245/05A_disk_quantizer_io/gist/artifacts/test/PQ_4bit__payload_on_ssd__B2__c0__w32__r0.json,PQ,05A quantizer I/O
05a,gist,PQ_4bit,payload_on_ssd,test,gist_test_20260829_204245,0,32,2.0,fixed_candidates_k40,rerank_candidates=40,40,,c0,1,0.8647,1656.04481455,14801.215922,5988.965,75391.896,185741.986,0.8647,0.0157736565699,0.0315959751003,0.122733333333,457.824241638,0,,,2038747136,,,,,39.187,43.957,180047.872,14113.074216,669.641251,0.0,12.575458,0.0,0.0,40.0,,,,,,,1000,01_quantizer_fair,faiss::ProductQuantizer,05a-faiss-pq4-native-odirect-v1,b3e97b4e71dbf2d0553be4307d13f95e3c3df537147d5a1b5c5b0ff591393d18,ffc67dab09e9b01edefc1bc2f186a10d426ce6599531f0954be14881710ce5ca,07d438f07429c8f2458e827c8191ed2372b7aceaf52eee4ea7f7ffcf4ff084dd,55d659f16ae506e790d914053d78fec74699e80b47fe6d1fefd31f58b83ff6e9,b92fae6ca12d310618d7bb738af1a11fcfe1af1d0a8fa843af640e89d0ab3a51,20260813,,,,True,True,4096,True,/home/kai3/coco/quantization_graph/results/disk_environment/.test_runs/gist/gist_test_20260829_204245/runs/gist_test_20260829_204245/05A_disk_quantizer_io/gist/artifacts/test/PQ_4bit__payload_on_ssd__B2__c0__w32__r0.json,PQ,05A quantizer I/O
05a,gist,PQ_4bit,payload_on_ssd,test,gist_test_20260829_204245,0,32,2.0,fixed_candidates_k50,rerank_candidates=50,50,,c0,1,0.8643,1515.08728922,17444.385524,9213.504,70882.106,143687.124,0.8643,0.0149345383897,0.0311208421064,0.121091428571,457.824241638,0,,,2038747136,,,,,48.959,54.946,225058.816,16559.687282,860.643151,0.0,16.529958,0.0,0.0,50.0,,,,,,,1000,01_quantizer_fair,faiss::ProductQuantizer,05a-faiss-pq4-native-odirect-v1,b3e97b4e71dbf2d0553be4307d13f95e3c3df537147d5a1b5c5b0ff591393d18,ffc67dab09e9b01edefc1bc2f186a10d426ce6599531f0954be14881710ce5ca,07d438f07429c8f2458e827c8191ed2372b7aceaf52eee4ea7f7ffcf4ff084dd,55d659f16ae506e790d914053d78fec74699e80b47fe6d1fefd31f58b83ff6e9,b92fae6ca12d310618d7bb738af1a11fcfe1af1d0a8fa843af640e89d0ab3a51,20260813,,,,True,True,4096,True,/home/kai3/coco/quantization_graph/results/disk_environment/.test_runs/gist/gist_test_20260829_204245/runs/gist_test_20260829_204245/05A_disk_quantizer_io/gist/artifacts/test/PQ_4bit__payload_on_ssd__B2__c0__w32__r0.json,PQ,05A quantizer I/O
05a,gist,PQ_4bit,payload_on_ssd,test,gist_test_20260829_204245,0,32,2.0,fixed_candidates_k60,rerank_candidates=60,60,,c0,1,0.8638,1337.05737149,18286.846649,8912.443,61938.582,164617.731,0.8638,0.0143488969783,0.0308623563052,0.119889265537,457.824241638,0,,,2038747136,,,,,58.707,65.892,269893.632,17297.750394,961.691741,0.0,19.220987,0.0,0.0,60.0,,,,,,,1000,01_quantizer_fair,faiss::ProductQuantizer,05a-faiss-pq4-native-odirect-v1,b3e97b4e71dbf2d0553be4307d13f95e3c3df537147d5a1b5c5b0ff591393d18,ffc67dab09e9b01edefc1bc2f186a10d426ce6599531f0954be14881710ce5ca,07d438f07429c8f2458e827c8191ed2372b7aceaf52eee4ea7f7ffcf4ff084dd,55d659f16ae506e790d914053d78fec74699e80b47fe6d1fefd31f58b83ff6e9,b92fae6ca12d310618d7bb738af1a11fcfe1af1d0a8fa843af640e89d0ab3a51,20260813,,,,True,True,4096,True,/home/kai3/coco/quantization_graph/results/disk_environment/.test_runs/gist/gist_test_20260829_204245/runs/gist_test_20260829_204245/05A_disk_quantizer_io/gist/artifacts/test/PQ_4bit__payload_on_ssd__B2__c0__w32__r0.json,PQ,05A quantizer I/O
05a,gist,PQ_4bit,payload_on_ssd,test,gist_test_20260829_204245,0,32,2.0,fixed_candidates_k70,rerank_candidates=70,70,,c0,1,0.8633,1337.15092776,20079.608945,11438.688,78140.664,175519.803,0.8633,0.0138833691276,0.0303889406886,0.118886956522,457.824241638,0,,,2038747136,,,,,68.429,76.808,314605.568,19067.899416,982.862926,0.0,20.147354,0.0,0.0,70.0,,,,,,,1000,01_quantizer_fair,faiss::ProductQuantizer,05a-faiss-pq4-native-odirect-v1,b3e97b4e71dbf2d0553be4307d13f95e3c3df537147d5a1b5c5b0ff591393d18,ffc67dab09e9b01edefc1bc2f186a10d426ce6599531f0954be14881710ce5ca,07d438f07429c8f2458e827c8191ed2372b7aceaf52eee4ea7f7ffcf4ff084dd,55d659f16ae506e790d914053d78fec74699e80b47fe6d1fefd31f58b83ff6e9,b92fae6ca12d310618d7bb738af1a11fcfe1af1d0a8fa843af640e89d0ab3a51,20260813,,,,True,True,4096,True,/home/kai3/coco/quantization_graph/results/disk_environment/.test_runs/gist/gist_test_20260829_204245/runs/gist_test_20260829_204245/05A_disk_quantizer_io/gist/artifacts/test/PQ_4bit__payload_on_ssd__B2__c0__w32__r0.json,PQ,05A quantizer I/O
05a,gist,PQ_4bit,payload_on_ssd,test,gist_test_20260829_204245,0,32,2.0,fixed_candidates_k80,rerank_candidates=80,80,,c0,1,0.8632,1131.41117707,23355.820375,13194.683,82718.708,223065.804,0.8632,0.013535337985,0.0301902517976,0.118507911392,457.824241638,0,,,2038747136,,,,,78.148,87.777,359534.592,22231.979345,1090.823121,0.0,22.711081,0.0,0.0,80.0,,,,,,,1000,01_quantizer_fair,faiss::ProductQuantizer,05a-faiss-pq4-native-odirect-v1,b3e97b4e71dbf2d0553be4307d13f95e3c3df537147d5a1b5c5b0ff591393d18,ffc67dab09e9b01edefc1bc2f186a10d426ce6599531f0954be14881710ce5ca,07d438f07429c8f2458e827c8191ed2372b7aceaf52eee4ea7f7ffcf4ff084dd,55d659f16ae506e790d914053d78fec74699e80b47fe6d1fefd31f58b83ff6e9,b92fae6ca12d310618d7bb738af1a11fcfe1af1d0a8fa843af640e89d0ab3a51,20260813,,,,True,True,4096,True,/home/kai3/coco/quantization_graph/results/disk_environment/.test_runs/gist/gist_test_20260829_204245/runs/gist_test_20260829_204245/05A_disk_quantizer_io/gist/artifacts/test/PQ_4bit__payload_on_ssd__B2__c0__w32__r0.json,PQ,05A quantizer I/O
05a,gist,PQ_4bit,payload_on_ssd,test,gist_test_20260829_204245,0,32,2.0,fixed_candidates_k90,rerank_candidates=90,90,,c0,1,0.8632,1096.44459792,24316.286643,15519.627,81096.783,236953.482,0.8632,0.0132507326438,0.029937682549,0.117471660424,457.824241638,0,,,2038747136,,,,,87.899,98.742,404447.232,23142.94063,1138.558678,0.0,24.061812,0.0,0.0,90.0,,,,,,,1000,01_quantizer_fair,faiss::ProductQuantizer,05a-faiss-pq4-native-odirect-v1,b3e97b4e71dbf2d0553be4307d13f95e3c3df537147d5a1b5c5b0ff591393d18,ffc67dab09e9b01edefc1bc2f186a10d426ce6599531f0954be14881710ce5ca,07d438f07429c8f2458e827c8191ed2372b7aceaf52eee4ea7f7ffcf4ff084dd,55d659f16ae506e790d914053d78fec74699e80b47fe6d1fefd31f58b83ff6e9,b92fae6ca12d310618d7bb738af1a11fcfe1af1d0a8fa843af640e89d0ab3a51,20260813,,,,True,True,4096,True,/home/kai3/coco/quantization_graph/results/disk_environment/.test_runs/gist/gist_test_20260829_204245/runs/gist_test_20260829_204245/05A_disk_quantizer_io/gist/artifacts/test/PQ_4bit__payload_on_ssd__B2__c0__w32__r0.json,PQ,05A quantizer I/O
05a,gist,PQ_4bit,payload_on_ssd,test,gist_test_20260829_204245,0,32,2.0,fixed_candidates_k100,rerank_candidates=100,100,,c0,1,0.8631,902.477751494,31536.252646,18681.46,92159.259,210556.119,0.8631,0.0129939775596,0.0296507136976,0.117306868687,457.824241638,0,,,2038747136,,,,,97.615,109.618,448995.328,30025.161841,1468.956273,0.0,28.956206,0.0,0.0,100.0,,,,,,,1000,01_quantizer_fair,faiss::ProductQuantizer,05a-faiss-pq4-native-odirect-v1,b3e97b4e71dbf2d0553be4307d13f95e3c3df537147d5a1b5c5b0ff591393d18,ffc67dab09e9b01edefc1bc2f186a10d426ce6599531f0954be14881710ce5ca,07d438f07429c8f2458e827c8191ed2372b7aceaf52eee4ea7f7ffcf4ff084dd,55d659f16ae506e790d914053d78fec74699e80b47fe6d1fefd31f58b83ff6e9,b92fae6ca12d310618d7bb738af1a11fcfe1af1d0a8fa843af640e89d0ab3a51,20260813,,,,True,True,4096,True,/home/kai3/coco/quantization_graph/results/disk_environment/.test_runs/gist/gist_test_20260829_204245/runs/gist_test_20260829_204245/05A_disk_quantizer_io/gist/artifacts/test/PQ_4bit__payload_on_ssd__B2__c0__w32__r0.json,PQ,05A quantizer I/O
05a,gist,PQ_4bit,payload_on_ssd,test,gist_test_20260829_204245,0,32,2.0,fixed_candidates_k140,rerank_candidates=140,140,,c0,1,0.8628,39.2531715818,804148.321554,782317.893,1104328.316,1349399.804,0.8628,0.0122687528342,0.0289104201992,0.117306868687,457.824241638,0,,,2038747136,,,,,136.409,153.277,627822.592,25584.908759,778409.227189,0.0,46.92233,0.0,0.0,140.0,,,,,,,1000,01_quantizer_fair,faiss::ProductQuantizer,05a-faiss-pq4-native-odirect-v1,b3e97b4e71dbf2d0553be4307d13f95e3c3df537147d5a1b5c5b0ff591393d18,ffc67dab09e9b01edefc1bc2f186a10d426ce6599531f0954be14881710ce5ca,07d438f07429c8f2458e827c8191ed2372b7aceaf52eee4ea7f7ffcf4ff084dd,55d659f16ae506e790d914053d78fec74699e80b47fe6d1fefd31f58b83ff6e9,b92fae6ca12d310618d7bb738af1a11fcfe1af1d0a8fa843af640e89d0ab3a51,20260813,,,,True,True,4096,True,/home/kai3/coco/quantization_graph/results/disk_environment/.test_runs/gist/gist_test_20260829_204245/runs/gist_test_20260829_204245/05A_disk_quantizer_io/gist/artifacts/test/PQ_4bit__payload_on_ssd__B2__c0__w32__r0.json,PQ,05A quantizer I/O
05a,gist,PQ_4bit,payload_on_ssd,test,gist_test_20260829_204245,0,32,2.0,fixed_candidates_k180,rerank_candidates=180,180,,c0,1,0.8624,63.3603235407,494324.594621,407371.185,991481.734,1322390.77,0.8624,0.0118285620099,0.0284674307897,0.117306868687,457.824241638,0,,,2038747136,,,,,175.099,196.941,806670.336,31625.436756,462601.473038,0.0,60.612861,0.0,0.0,180.0,,,,,,,1000,01_quantizer_fair,faiss::ProductQuantizer,05a-faiss-pq4-native-odirect-v1,b3e97b4e71dbf2d0553be4307d13f95e3c3df537147d5a1b5c5b0ff591393d18,ffc67dab09e9b01edefc1bc2f186a10d426ce6599531f0954be14881710ce5ca,07d438f07429c8f2458e827c8191ed2372b7aceaf52eee4ea7f7ffcf4ff084dd,55d659f16ae506e790d914053d78fec74699e80b47fe6d1fefd31f58b83ff6e9,b92fae6ca12d310618d7bb738af1a11fcfe1af1d0a8fa843af640e89d0ab3a51,20260813,,,,True,True,4096,True,/home/kai3/coco/quantization_graph/results/disk_environment/.test_runs/gist/gist_test_20260829_204245/runs/gist_test_20260829_204245/05A_disk_quantizer_io/gist/artifacts/test/PQ_4bit__payload_on_ssd__B2__c0__w32__r0.json,PQ,05A quantizer I/O
05a,gist,PQ_4bit,payload_on_ssd,test,gist_test_20260829_204245,0,32,2.0,fixed_candidates_k220,rerank_candidates=220,220,,c0,1,0.8621,95.7900839089,323586.847515,307158.32,583121.33,784669.387,0.8621,0.0115234775863,0.0280703326959,0.117306868687,457.824241638,0,,,2038747136,,,,,213.625,240.59,985456.64,37582.1708,285846.563421,0.0,126.48188,0.0,0.0,220.0,,,,,,,1000,01_quantizer_fair,faiss::ProductQuantizer,05a-faiss-pq4-native-odirect-v1,b3e97b4e71dbf2d0553be4307d13f95e3c3df537147d5a1b5c5b0ff591393d18,ffc67dab09e9b01edefc1bc2f186a10d426ce6599531f0954be14881710ce5ca,07d438f07429c8f2458e827c8191ed2372b7aceaf52eee4ea7f7ffcf4ff084dd,55d659f16ae506e790d914053d78fec74699e80b47fe6d1fefd31f58b83ff6e9,b92fae6ca12d310618d7bb738af1a11fcfe1af1d0a8fa843af640e89d0ab3a51,20260813,,,,True,True,4096,True,/home/kai3/coco/quantization_graph/results/disk_environment/.test_runs/gist/gist_test_20260829_204245/runs/gist_test_20260829_204245/05A_disk_quantizer_io/gist/artifacts/test/PQ_4bit__payload_on_ssd__B2__c0__w32__r0.json,PQ,05A quantizer I/O
05a,gist,PQ_4bit,payload_on_ssd,test,gist_test_20260829_204245,0,32,2.0,fixed_candidates_k260,rerank_candidates=260,260,,c0,1,0.8617,89.0105764506,349924.067196,336187.502,616781.202,719588.4,0.8617,0.011290020661,0.0277347355106,0.117306868687,457.824241638,0,,,2038747136,,,,,252.078,284.195,1164062.72,50364.888125,299343.63,0.0,177.117362,0.0,0.0,260.0,,,,,,,1000,01_quantizer_fair,faiss::ProductQuantizer,05a-faiss-pq4-native-odirect-v1,b3e97b4e71dbf2d0553be4307d13f95e3c3df537147d5a1b5c5b0ff591393d18,ffc67dab09e9b01edefc1bc2f186a10d426ce6599531f0954be14881710ce5ca,07d438f07429c8f2458e827c8191ed2372b7aceaf52eee4ea7f7ffcf4ff084dd,55d659f16ae506e790d914053d78fec74699e80b47fe6d1fefd31f58b83ff6e9,b92fae6ca12d310618d7bb738af1a11fcfe1af1d0a8fa843af640e89d0ab3a51,20260813,,,,True,True,4096,True,/home/kai3/coco/quantization_graph/results/disk_environment/.test_runs/gist/gist_test_20260829_204245/runs/gist_test_20260829_204245/05A_disk_quantizer_io/gist/artifacts/test/PQ_4bit__payload_on_ssd__B2__c0__w32__r0.json,PQ,05A quantizer I/O
05a,gist,PQ_4bit,payload_on_ssd,test,gist_test_20260829_204245,0,32,2.0,fixed_candidates_k300,rerank_candidates=300,300,,c0,1,0.8616,80.3896500293,389339.78798,364452.808,669696.547,945233.457,0.8616,0.0110929205842,0.0274171377937,0.117306868687,457.824241638,0,,,2038747136,,,,,290.38,327.777,1342574.592,54416.834239,334771.062184,0.0,101.025458,0.0,0.0,300.0,,,,,,,1000,01_quantizer_fair,faiss::ProductQuantizer,05a-faiss-pq4-native-odirect-v1,b3e97b4e71dbf2d0553be4307d13f95e3c3df537147d5a1b5c5b0ff591393d18,ffc67dab09e9b01edefc1bc2f186a10d426ce6599531f0954be14881710ce5ca,07d438f07429c8f2458e827c8191ed2372b7aceaf52eee4ea7f7ffcf4ff084dd,55d659f16ae506e790d914053d78fec74699e80b47fe6d1fefd31f58b83ff6e9,b92fae6ca12d310618d7bb738af1a11fcfe1af1d0a8fa843af640e89d0ab3a51,20260813,,,,True,True,4096,True,/home/kai3/coco/quantization_graph/results/disk_environment/.test_runs/gist/gist_test_20260829_204245/runs/gist_test_20260829_204245/05A_disk_quantizer_io/gist/artifacts/test/PQ_4bit__payload_on_ssd__B2__c0__w32__r0.json,PQ,05A quantizer I/O
05a,gist,PQ_4bit,payload_on_ssd,test,gist_test_20260829_204245,0,32,2.0,fixed_candidates_k340,rerank_candidates=340,340,,c0,1,0.8616,39.0600533957,811019.556188,799343.994,1161681.984,1417710.091,0.8616,0.010939024108,0.0271955353953,0.117306868687,457.824241638,0,,,2038747136,,,,,328.635,371.315,1520906.24,44730.914333,764763.033543,0.0,145.33615,0.0,0.0,340.0,,,,,,,1000,01_quantizer_fair,faiss::ProductQuantizer,05a-faiss-pq4-native-odirect-v1,b3e97b4e71dbf2d0553be4307d13f95e3c3df537147d5a1b5c5b0ff591393d18,ffc67dab09e9b01edefc1bc2f186a10d426ce6599531f0954be14881710ce5ca,07d438f07429c8f2458e827c8191ed2372b7aceaf52eee4ea7f7ffcf4ff084dd,55d659f16ae506e790d914053d78fec74699e80b47fe6d1fefd31f58b83ff6e9,b92fae6ca12d310618d7bb738af1a11fcfe1af1d0a8fa843af640e89d0ab3a51,20260813,,,,True,True,4096,True,/home/kai3/coco/quantization_graph/results/disk_environment/.test_runs/gist/gist_test_20260829_204245/runs/gist_test_20260829_204245/05A_disk_quantizer_io/gist/artifacts/test/PQ_4bit__payload_on_ssd__B2__c0__w32__r0.json,PQ,05A quantizer I/O
05a,gist,PQ_4bit,payload_on_ssd,test,gist_test_20260829_204245,0,32,2.0,fixed_candidates_k380,rerank_candidates=380,380,,c0,1,0.8616,67.0423933349,468022.404992,411488.532,902557.258,1453462.993,0.8616,0.0108140171398,0.0270132719424,0.117306868687,457.824241638,0,,,2038747136,,,,,366.714,414.856,1699250.176,72811.003145,386211.98597,0.0,126.706966,0.0,0.0,380.0,,,,,,,1000,01_quantizer_fair,faiss::ProductQuantizer,05a-faiss-pq4-native-odirect-v1,b3e97b4e71dbf2d0553be4307d13f95e3c3df537147d5a1b5c5b0ff591393d18,ffc67dab09e9b01edefc1bc2f186a10d426ce6599531f0954be14881710ce5ca,07d438f07429c8f2458e827c8191ed2372b7aceaf52eee4ea7f7ffcf4ff084dd,55d659f16ae506e790d914053d78fec74699e80b47fe6d1fefd31f58b83ff6e9,b92fae6ca12d310618d7bb738af1a11fcfe1af1d0a8fa843af640e89d0ab3a51,20260813,,,,True,True,4096,True,/home/kai3/coco/quantization_graph/results/disk_environment/.test_runs/gist/gist_test_20260829_204245/runs/gist_test_20260829_204245/05A_disk_quantizer_io/gist/artifacts/test/PQ_4bit__payload_on_ssd__B2__c0__w32__r0.json,PQ,05A quantizer I/O
05a,gist,PQ_4bit,payload_on_ssd,test,gist_test_20260829_204245,0,32,2.0,fixed_candidates_k420,rerank_candidates=420,420,,c0,1,0.8616,74.1212203807,421398.828683,388258.927,724710.284,1194013.922,0.8616,0.0107054257761,0.0268235447018,0.117306868687,457.824241638,0,,,2038747136,,,,,404.717,458.24,1876951.04,77831.541108,343242.712481,0.0,166.159731,0.0,0.0,420.0,,,,,,,1000,01_quantizer_fair,faiss::ProductQuantizer,05a-faiss-pq4-native-odirect-v1,b3e97b4e71dbf2d0553be4307d13f95e3c3df537147d5a1b5c5b0ff591393d18,ffc67dab09e9b01edefc1bc2f186a10d426ce6599531f0954be14881710ce5ca,07d438f07429c8f2458e827c8191ed2372b7aceaf52eee4ea7f7ffcf4ff084dd,55d659f16ae506e790d914053d78fec74699e80b47fe6d1fefd31f58b83ff6e9,b92fae6ca12d310618d7bb738af1a11fcfe1af1d0a8fa843af640e89d0ab3a51,20260813,,,,True,True,4096,True,/home/kai3/coco/quantization_graph/results/disk_environment/.test_runs/gist/gist_test_20260829_204245/runs/gist_test_20260829_204245/05A_disk_quantizer_io/gist/artifacts/test/PQ_4bit__payload_on_ssd__B2__c0__w32__r0.json,PQ,05A quantizer I/O
05a,gist,PQ_4bit,payload_on_ssd,test,gist_test_20260829_204245,0,32,2.0,fixed_candidates_k460,rerank_candidates=460,460,,c0,1,0.8616,49.6511420001,634581.300659,583862.066,1049430.46,1839423.792,0.8616,0.0106111237656,0.0266498051529,0.117306868687,457.824241638,0,,,2038747136,,,,,442.622,501.59,2054512.64,110923.368474,520886.264639,0.0,2194.623108,0.0,0.0,460.0,,,,,,,1000,01_quantizer_fair,faiss::ProductQuantizer,05a-faiss-pq4-native-odirect-v1,b3e97b4e71dbf2d0553be4307d13f95e3c3df537147d5a1b5c5b0ff591393d18,ffc67dab09e9b01edefc1bc2f186a10d426ce6599531f0954be14881710ce5ca,07d438f07429c8f2458e827c8191ed2372b7aceaf52eee4ea7f7ffcf4ff084dd,55d659f16ae506e790d914053d78fec74699e80b47fe6d1fefd31f58b83ff6e9,b92fae6ca12d310618d7bb738af1a11fcfe1af1d0a8fa843af640e89d0ab3a51,20260813,,,,True,True,4096,True,/home/kai3/coco/quantization_graph/results/disk_environment/.test_runs/gist/gist_test_20260829_204245/runs/gist_test_20260829_204245/05A_disk_quantizer_io/gist/artifacts/test/PQ_4bit__payload_on_ssd__B2__c0__w32__r0.json,PQ,05A quantizer I/O
05a,gist,SQ_4bit,resident,test,gist_test_20260829_204245,0,32,2.0,fixed_candidates_k10,rerank_candidates=10,10,,c0,1,1.0,524004.653161,39.111166,28.508,65.188,135.171,1.0,0.169383714641,0.322198162651,0.247911111111,457.772972107,480002048,,,547057664,,,,,0.0,0.0,0.0,0.0,37.067071,0.0,1.894363,0.0,0.0,10.0,,,,,,,1000,01_quantizer_fair,faiss::ScalarQuantizer(QT_4bit),05a-faiss-sq4-native-odirect-v1,b3e97b4e71dbf2d0553be4307d13f95e3c3df537147d5a1b5c5b0ff591393d18,ffc67dab09e9b01edefc1bc2f186a10d426ce6599531f0954be14881710ce5ca,e21c05456fc3849b419cdc75d16a18d2ec13a0814663cee0dcd66dee05953c4e,55d659f16ae506e790d914053d78fec74699e80b47fe6d1fefd31f58b83ff6e9,b92fae6ca12d310618d7bb738af1a11fcfe1af1d0a8fa843af640e89d0ab3a51,20260813,,,,False,False,4096,True,/home/kai3/coco/quantization_graph/results/disk_environment/.test_runs/gist/gist_test_20260829_204245/runs/gist_test_20260829_204245/05A_disk_quantizer_io/gist/artifacts/test/SQ_4bit__resident__B2__c0__w32__r0.json,SQ,05A quantizer I/O
05a,gist,SQ_4bit,resident,test,gist_test_20260829_204245,0,32,2.0,fixed_candidates_k11,rerank_candidates=11,11,,c0,1,0.929,513815.734374,40.452449,30.971,60.496,62.428,0.929,0.167637417534,0.320610064499,0.245054545455,457.772972107,480002048,,,547057664,,,,,0.0,0.0,0.0,0.0,38.688458,0.0,1.620042,0.0,0.0,11.0,,,,,,,1000,01_quantizer_fair,faiss::ScalarQuantizer(QT_4bit),05a-faiss-sq4-native-odirect-v1,b3e97b4e71dbf2d0553be4307d13f95e3c3df537147d5a1b5c5b0ff591393d18,ffc67dab09e9b01edefc1bc2f186a10d426ce6599531f0954be14881710ce5ca,e21c05456fc3849b419cdc75d16a18d2ec13a0814663cee0dcd66dee05953c4e,55d659f16ae506e790d914053d78fec74699e80b47fe6d1fefd31f58b83ff6e9,b92fae6ca12d310618d7bb738af1a11fcfe1af1d0a8fa843af640e89d0ab3a51,20260813,,,,False,False,4096,True,/home/kai3/coco/quantization_graph/results/disk_environment/.test_runs/gist/gist_test_20260829_204245/runs/gist_test_20260829_204245/05A_disk_quantizer_io/gist/artifacts/test/SQ_4bit__resident__B2__c0__w32__r0.json,SQ,05A quantizer I/O
05a,gist,SQ_4bit,resident,test,gist_test_20260829_204245,0,32,2.0,fixed_candidates_k12,rerank_candidates=12,12,,c0,1,0.8825,473387.34683,46.171537,33.104,65.605,77.344,0.8825,0.165991688707,0.318657492803,0.244560606061,457.772972107,480002048,,,547057664,,,,,0.0,0.0,0.0,0.0,44.582097,0.0,1.450117,0.0,0.0,12.0,,,,,,,1000,01_quantizer_fair,faiss::ScalarQuantizer(QT_4bit),05a-faiss-sq4-native-odirect-v1,b3e97b4e71dbf2d0553be4307d13f95e3c3df537147d5a1b5c5b0ff591393d18,ffc67dab09e9b01edefc1bc2f186a10d426ce6599531f0954be14881710ce5ca,e21c05456fc3849b419cdc75d16a18d2ec13a0814663cee0dcd66dee05953c4e,55d659f16ae506e790d914053d78fec74699e80b47fe6d1fefd31f58b83ff6e9,b92fae6ca12d310618d7bb738af1a11fcfe1af1d0a8fa843af640e89d0ab3a51,20260813,,,,False,False,4096,True,/home/kai3/coco/quantization_graph/results/disk_environment/.test_runs/gist/gist_test_20260829_204245/runs/gist_test_20260829_204245/05A_disk_quantizer_io/gist/artifacts/test/SQ_4bit__resident__B2__c0__w32__r0.json,SQ,05A quantizer I/O
05a,gist,SQ_4bit,resident,test,gist_test_20260829_204245,0,32,2.0,fixed_candidates_k13,rerank_candidates=13,13,,c0,1,0.8501,450051.080798,49.686816,35.803,70.748,82.575,0.8501,0.164516591119,0.317645586133,0.245320512821,457.772972107,480002048,,,547057664,,,,,0.0,0.0,0.0,0.0,48.180842,0.0,1.368421,0.0,0.0,13.0,,,,,,,1000,01_quantizer_fair,faiss::ScalarQuantizer(QT_4bit),05a-faiss-sq4-native-odirect-v1,b3e97b4e71dbf2d0553be4307d13f95e3c3df537147d5a1b5c5b0ff591393d18,ffc67dab09e9b01edefc1bc2f186a10d426ce6599531f0954be14881710ce5ca,e21c05456fc3849b419cdc75d16a18d2ec13a0814663cee0dcd66dee05953c4e,55d659f16ae506e790d914053d78fec74699e80b47fe6d1fefd31f58b83ff6e9,b92fae6ca12d310618d7bb738af1a11fcfe1af1d0a8fa843af640e89d0ab3a51,20260813,,,,False,False,4096,True,/home/kai3/coco/quantization_graph/results/disk_environment/.test_runs/gist/gist_test_20260829_204245/runs/gist_test_20260829_204245/05A_disk_quantizer_io/gist/artifacts/test/SQ_4bit__resident__B2__c0__w32__r0.json,SQ,05A quantizer I/O
05a,gist,SQ_4bit,resident,test,gist_test_20260829_204245,0,32,2.0,fixed_candidates_k14,rerank_candidates=14,14,,c0,1,0.8263,427931.975933,54.119998,38.461,75.969,85.995,0.8263,0.163243470947,0.316767256016,0.245164835165,457.772972107,480002048,,,547057664,,,,,0.0,0.0,0.0,0.0,52.646853,0.0,1.341551,0.0,0.0,14.0,,,,,,,1000,01_quantizer_fair,faiss::ScalarQuantizer(QT_4bit),05a-faiss-sq4-native-odirect-v1,b3e97b4e71dbf2d0553be4307d13f95e3c3df537147d5a1b5c5b0ff591393d18,ffc67dab09e9b01edefc1bc2f186a10d426ce6599531f0954be14881710ce5ca,e21c05456fc3849b419cdc75d16a18d2ec13a0814663cee0dcd66dee05953c4e,55d659f16ae506e790d914053d78fec74699e80b47fe6d1fefd31f58b83ff6e9,b92fae6ca12d310618d7bb738af1a11fcfe1af1d0a8fa843af640e89d0ab3a51,20260813,,,,False,False,4096,True,/home/kai3/coco/quantization_graph/results/disk_environment/.test_runs/gist/gist_test_20260829_204245/runs/gist_test_20260829_204245/05A_disk_quantizer_io/gist/artifacts/test/SQ_4bit__resident__B2__c0__w32__r0.json,SQ,05A quantizer I/O
05a,gist,SQ_4bit,resident,test,gist_test_20260829_204245,0,32,2.0,fixed_candidates_k15,rerank_candidates=15,15,,c0,1,0.8064,405410.445643,58.282934,41.187,81.317,89.709,0.8064,0.162033671442,0.315069696002,0.245866666667,457.772972107,480002048,,,547057664,,,,,0.0,0.0,0.0,0.0,56.836286,0.0,1.315664,0.0,0.0,15.0,,,,,,,1000,01_quantizer_fair,faiss::ScalarQuantizer(QT_4bit),05a-faiss-sq4-native-odirect-v1,b3e97b4e71dbf2d0553be4307d13f95e3c3df537147d5a1b5c5b0ff591393d18,ffc67dab09e9b01edefc1bc2f186a10d426ce6599531f0954be14881710ce5ca,e21c05456fc3849b419cdc75d16a18d2ec13a0814663cee0dcd66dee05953c4e,55d659f16ae506e790d914053d78fec74699e80b47fe6d1fefd31f58b83ff6e9,b92fae6ca12d310618d7bb738af1a11fcfe1af1d0a8fa843af640e89d0ab3a51,20260813,,,,False,False,4096,True,/home/kai3/coco/quantization_graph/results/disk_environment/.test_runs/gist/gist_test_20260829_204245/runs/gist_test_20260829_204245/05A_disk_quantizer_io/gist/artifacts/test/SQ_4bit__resident__B2__c0__w32__r0.json,SQ,05A quantizer I/O
05a,gist,SQ_4bit,resident,test,gist_test_20260829_204245,0,32,2.0,fixed_candidates_k16,rerank_candidates=16,16,,c0,1,0.7932,385166.914008,62.346667,43.758,86.495,96.369,0.7932,0.161039724371,0.312759809089,0.24515,457.772972107,480002048,,,547057664,,,,,0.0,0.0,0.0,0.0,60.874111,0.0,1.339815,0.0,0.0,16.0,,,,,,,1000,01_quantizer_fair,faiss::ScalarQuantizer(QT_4bit),05a-faiss-sq4-native-odirect-v1,b3e97b4e71dbf2d0553be4307d13f95e3c3df537147d5a1b5c5b0ff591393d18,ffc67dab09e9b01edefc1bc2f186a10d426ce6599531f0954be14881710ce5ca,e21c05456fc3849b419cdc75d16a18d2ec13a0814663cee0dcd66dee05953c4e,55d659f16ae506e790d914053d78fec74699e80b47fe6d1fefd31f58b83ff6e9,b92fae6ca12d310618d7bb738af1a11fcfe1af1d0a8fa843af640e89d0ab3a51,20260813,,,,False,False,4096,True,/home/kai3/coco/quantization_graph/results/disk_environment/.test_runs/gist/gist_test_20260829_204245/runs/gist_test_20260829_204245/05A_disk_quantizer_io/gist/artifacts/test/SQ_4bit__resident__B2__c0__w32__r0.json,SQ,05A quantizer I/O
05a,gist,SQ_4bit,resident,test,gist_test_20260829_204245,0,32,2.0,fixed_candidates_k17,rerank_candidates=17,17,,c0,1,0.7791,374270.12647,65.822256,45.624,91.802,103.313,0.7791,0.160087512877,0.312650477053,0.24575,457.772972107,480002048,,,547057664,,,,,0.0,0.0,0.0,0.0,64.315955,0.0,1.368805,0.0,0.0,17.0,,,,,,,1000,01_quantizer_fair,faiss::ScalarQuantizer(QT_4bit),05a-faiss-sq4-native-odirect-v1,b3e97b4e71dbf2d0553be4307d13f95e3c3df537147d5a1b5c5b0ff591393d18,ffc67dab09e9b01edefc1bc2f186a10d426ce6599531f0954be14881710ce5ca,e21c05456fc3849b419cdc75d16a18d2ec13a0814663cee0dcd66dee05953c4e,55d659f16ae506e790d914053d78fec74699e80b47fe6d1fefd31f58b83ff6e9,b92fae6ca12d310618d7bb738af1a11fcfe1af1d0a8fa843af640e89d0ab3a51,20260813,,,,False,False,4096,True,/home/kai3/coco/quantization_graph/results/disk_environment/.test_runs/gist/gist_test_20260829_204245/runs/gist_test_20260829_204245/05A_disk_quantizer_io/gist/artifacts/test/SQ_4bit__resident__B2__c0__w32__r0.json,SQ,05A quantizer I/O
05a,gist,SQ_4bit,resident,test,gist_test_20260829_204245,0,32,2.0,fixed_candidates_k18,rerank_candidates=18,18,,c0,1,0.7682,356957.494216,70.063149,52.634,97.141,110.405,0.7682,0.159186571279,0.311672930039,0.24577124183,457.772972107,480002048,,,547057664,,,,,0.0,0.0,0.0,0.0,68.508315,0.0,1.407472,0.0,0.0,18.0,,,,,,,1000,01_quantizer_fair,faiss::ScalarQuantizer(QT_4bit),05a-faiss-sq4-native-odirect-v1,b3e97b4e71dbf2d0553be4307d13f95e3c3df537147d5a1b5c5b0ff591393d18,ffc67dab09e9b01edefc1bc2f186a10d426ce6599531f0954be14881710ce5ca,e21c05456fc3849b419cdc75d16a18d2ec13a0814663cee0dcd66dee05953c4e,55d659f16ae506e790d914053d78fec74699e80b47fe6d1fefd31f58b83ff6e9,b92fae6ca12d310618d7bb738af1a11fcfe1af1d0a8fa843af640e89d0ab3a51,20260813,,,,False,False,4096,True,/home/kai3/coco/quantization_graph/results/disk_environment/.test_runs/gist/gist_test_20260829_204245/runs/gist_test_20260829_204245/05A_disk_quantizer_io/gist/artifacts/test/SQ_4bit__resident__B2__c0__w32__r0.json,SQ,05A quantizer I/O
05a,gist,SQ_4bit,resident,test,gist_test_20260829_204245,0,32,2.0,fixed_candidates_k19,rerank_candidates=19,19,,c0,1,0.7603,341646.737274,74.568539,73.62,102.554,112.742,0.7603,0.158331285858,0.310257191801,0.24565497076,457.772972107,480002048,,,547057664,,,,,0.0,0.0,0.0,0.0,72.950296,0.0,1.477946,0.0,0.0,19.0,,,,,,,1000,01_quantizer_fair,faiss::ScalarQuantizer(QT_4bit),05a-faiss-sq4-native-odirect-v1,b3e97b4e71dbf2d0553be4307d13f95e3c3df537147d5a1b5c5b0ff591393d18,ffc67dab09e9b01edefc1bc2f186a10d426ce6599531f0954be14881710ce5ca,e21c05456fc3849b419cdc75d16a18d2ec13a0814663cee0dcd66dee05953c4e,55d659f16ae506e790d914053d78fec74699e80b47fe6d1fefd31f58b83ff6e9,b92fae6ca12d310618d7bb738af1a11fcfe1af1d0a8fa843af640e89d0ab3a51,20260813,,,,False,False,4096,True,/home/kai3/coco/quantization_graph/results/disk_environment/.test_runs/gist/gist_test_20260829_204245/runs/gist_test_20260829_204245/05A_disk_quantizer_io/gist/artifacts/test/SQ_4bit__resident__B2__c0__w32__r0.json,SQ,05A quantizer I/O
05a,gist,SQ_4bit,resident,test,gist_test_20260829_204245,0,32,2.0,fixed_candidates_k20,rerank_candidates=20,20,,c0,1,0.7546,330253.390216,77.738793,82.791,107.105,114.735,0.7546,0.157632416749,0.310168391952,0.244894736842,457.772972107,480002048,,,547057664,,,,,0.0,0.0,0.0,0.0,76.073839,0.0,1.525935,0.0,0.0,20.0,,,,,,,1000,01_quantizer_fair,faiss::ScalarQuantizer(QT_4bit),05a-faiss-sq4-native-odirect-v1,b3e97b4e71dbf2d0553be4307d13f95e3c3df537147d5a1b5c5b0ff591393d18,ffc67dab09e9b01edefc1bc2f186a10d426ce6599531f0954be14881710ce5ca,e21c05456fc3849b419cdc75d16a18d2ec13a0814663cee0dcd66dee05953c4e,55d659f16ae506e790d914053d78fec74699e80b47fe6d1fefd31f58b83ff6e9,b92fae6ca12d310618d7bb738af1a11fcfe1af1d0a8fa843af640e89d0ab3a51,20260813,,,,False,False,4096,True,/home/kai3/coco/quantization_graph/results/disk_environment/.test_runs/gist/gist_test_20260829_204245/runs/gist_test_20260829_204245/05A_disk_quantizer_io/gist/artifacts/test/SQ_4bit__resident__B2__c0__w32__r0.json,SQ,05A quantizer I/O
05a,gist,SQ_4bit,resident,test,gist_test_20260829_204245,0,32,2.0,fixed_candidates_k21,rerank_candidates=21,21,,c0,1,0.7482,315493.839352,81.754679,82.848,109.147,126.141,0.7482,0.157004747818,0.309649604422,0.244323809524,457.772972107,480002048,,,547057664,,,,,0.0,0.0,0.0,0.0,80.018092,0.0,1.595081,0.0,0.0,21.0,,,,,,,1000,01_quantizer_fair,faiss::ScalarQuantizer(QT_4bit),05a-faiss-sq4-native-odirect-v1,b3e97b4e71dbf2d0553be4307d13f95e3c3df537147d5a1b5c5b0ff591393d18,ffc67dab09e9b01edefc1bc2f186a10d426ce6599531f0954be14881710ce5ca,e21c05456fc3849b419cdc75d16a18d2ec13a0814663cee0dcd66dee05953c4e,55d659f16ae506e790d914053d78fec74699e80b47fe6d1fefd31f58b83ff6e9,b92fae6ca12d310618d7bb738af1a11fcfe1af1d0a8fa843af640e89d0ab3a51,20260813,,,,False,False,4096,True,/home/kai3/coco/quantization_graph/results/disk_environment/.test_runs/gist/gist_test_20260829_204245/runs/gist_test_20260829_204245/05A_disk_quantizer_io/gist/artifacts/test/SQ_4bit__resident__B2__c0__w32__r0.json,SQ,05A quantizer I/O
05a,gist,SQ_4bit,resident,test,gist_test_20260829_204245,0,32,2.0,fixed_candidates_k22,rerank_candidates=22,22,,c0,1,0.7432,302074.648687,85.686952,94.059,114.289,124.806,0.7432,0.156382745006,0.309464051588,0.243774891775,457.772972107,480002048,,,547057664,,,,,0.0,0.0,0.0,0.0,83.886305,0.0,1.659238,0.0,0.0,22.0,,,,,,,1000,01_quantizer_fair,faiss::ScalarQuantizer(QT_4bit),05a-faiss-sq4-native-odirect-v1,b3e97b4e71dbf2d0553be4307d13f95e3c3df537147d5a1b5c5b0ff591393d18,ffc67dab09e9b01edefc1bc2f186a10d426ce6599531f0954be14881710ce5ca,e21c05456fc3849b419cdc75d16a18d2ec13a0814663cee0dcd66dee05953c4e,55d659f16ae506e790d914053d78fec74699e80b47fe6d1fefd31f58b83ff6e9,b92fae6ca12d310618d7bb738af1a11fcfe1af1d0a8fa843af640e89d0ab3a51,20260813,,,,False,False,4096,True,/home/kai3/coco/quantization_graph/results/disk_environment/.test_runs/gist/gist_test_20260829_204245/runs/gist_test_20260829_204245/05A_disk_quantizer_io/gist/artifacts/test/SQ_4bit__resident__B2__c0__w32__r0.json,SQ,05A quantizer I/O
05a,gist,SQ_4bit,resident,test,gist_test_20260829_204245,0,32,2.0,fixed_candidates_k23,rerank_candidates=23,23,,c0,1,0.7381,292812.049801,89.351601,106.779,119.118,125.819,0.7381,0.15578592329,0.308485934023,0.243391304348,457.772972107,480002048,,,547057664,,,,,0.0,0.0,0.0,0.0,87.497722,0.0,1.712737,0.0,0.0,23.0,,,,,,,1000,01_quantizer_fair,faiss::ScalarQuantizer(QT_4bit),05a-faiss-sq4-native-odirect-v1,b3e97b4e71dbf2d0553be4307d13f95e3c3df537147d5a1b5c5b0ff591393d18,ffc67dab09e9b01edefc1bc2f186a10d426ce6599531f0954be14881710ce5ca,e21c05456fc3849b419cdc75d16a18d2ec13a0814663cee0dcd66dee05953c4e,55d659f16ae506e790d914053d78fec74699e80b47fe6d1fefd31f58b83ff6e9,b92fae6ca12d310618d7bb738af1a11fcfe1af1d0a8fa843af640e89d0ab3a51,20260813,,,,False,False,4096,True,/home/kai3/coco/quantization_graph/results/disk_environment/.test_runs/gist/gist_test_20260829_204245/runs/gist_test_20260829_204245/05A_disk_quantizer_io/gist/artifacts/test/SQ_4bit__resident__B2__c0__w32__r0.json,SQ,05A quantizer I/O
05a,gist,SQ_4bit,resident,test,gist_test_20260829_204245,0,32,2.0,fixed_candidates_k24,rerank_candidates=24,24,,c0,1,0.7343,281220.463063,93.460086,123.103,124.255,134.889,0.7343,0.155322744045,0.308399941647,0.242130434783,457.772972107,480002048,,,547057664,,,,,0.0,0.0,0.0,0.0,91.546079,0.0,1.774409,0.0,0.0,24.0,,,,,,,1000,01_quantizer_fair,faiss::ScalarQuantizer(QT_4bit),05a-faiss-sq4-native-odirect-v1,b3e97b4e71dbf2d0553be4307d13f95e3c3df537147d5a1b5c5b0ff591393d18,ffc67dab09e9b01edefc1bc2f186a10d426ce6599531f0954be14881710ce5ca,e21c05456fc3849b419cdc75d16a18d2ec13a0814663cee0dcd66dee05953c4e,55d659f16ae506e790d914053d78fec74699e80b47fe6d1fefd31f58b83ff6e9,b92fae6ca12d310618d7bb738af1a11fcfe1af1d0a8fa843af640e89d0ab3a51,20260813,,,,False,False,4096,True,/home/kai3/coco/quantization_graph/results/disk_environment/.test_runs/gist/gist_test_20260829_204245/runs/gist_test_20260829_204245/05A_disk_quantizer_io/gist/artifacts/test/SQ_4bit__resident__B2__c0__w32__r0.json,SQ,05A quantizer I/O
05a,gist,SQ_4bit,resident,test,gist_test_20260829_204245,0,32,2.0,fixed_candidates_k25,rerank_candidates=25,25,,c0,1,0.7311,271371.30433,97.972689,128.333,129.452,140.84,0.7311,0.154827977974,0.308352870916,0.24206,457.772972107,480002048,,,547057664,,,,,0.0,0.0,0.0,0.0,95.983048,0.0,1.850107,0.0,0.0,25.0,,,,,,,1000,01_quantizer_fair,faiss::ScalarQuantizer(QT_4bit),05a-faiss-sq4-native-odirect-v1,b3e97b4e71dbf2d0553be4307d13f95e3c3df537147d5a1b5c5b0ff591393d18,ffc67dab09e9b01edefc1bc2f186a10d426ce6599531f0954be14881710ce5ca,e21c05456fc3849b419cdc75d16a18d2ec13a0814663cee0dcd66dee05953c4e,55d659f16ae506e790d914053d78fec74699e80b47fe6d1fefd31f58b83ff6e9,b92fae6ca12d310618d7bb738af1a11fcfe1af1d0a8fa843af640e89d0ab3a51,20260813,,,,False,False,4096,True,/home/kai3/coco/quantization_graph/results/disk_environment/.test_runs/gist/gist_test_20260829_204245/runs/gist_test_20260829_204245/05A_disk_quantizer_io/gist/artifacts/test/SQ_4bit__resident__B2__c0__w32__r0.json,SQ,05A quantizer I/O
05a,gist,SQ_4bit,resident,test,gist_test_20260829_204245,0,32,2.0,fixed_candidates_k26,rerank_candidates=26,26,,c0,1,0.7286,261116.717867,101.776753,133.31,134.605,146.55,0.7286,0.15434119447,0.307349959182,0.241836923077,457.772972107,480002048,,,547057664,,,,,0.0,0.0,0.0,0.0,99.711171,0.0,1.926626,0.0,0.0,26.0,,,,,,,1000,01_quantizer_fair,faiss::ScalarQuantizer(QT_4bit),05a-faiss-sq4-native-odirect-v1,b3e97b4e71dbf2d0553be4307d13f95e3c3df537147d5a1b5c5b0ff591393d18,ffc67dab09e9b01edefc1bc2f186a10d426ce6599531f0954be14881710ce5ca,e21c05456fc3849b419cdc75d16a18d2ec13a0814663cee0dcd66dee05953c4e,55d659f16ae506e790d914053d78fec74699e80b47fe6d1fefd31f58b83ff6e9,b92fae6ca12d310618d7bb738af1a11fcfe1af1d0a8fa843af640e89d0ab3a51,20260813,,,,False,False,4096,True,/home/kai3/coco/quantization_graph/results/disk_environment/.test_runs/gist/gist_test_20260829_204245/runs/gist_test_20260829_204245/05A_disk_quantizer_io/gist/artifacts/test/SQ_4bit__resident__B2__c0__w32__r0.json,SQ,05A quantizer I/O
05a,gist,SQ_4bit,resident,test,gist_test_20260829_204245,0,32,2.0,fixed_candidates_k27,rerank_candidates=27,27,,c0,1,0.7256,252913.884087,105.57232,138.623,139.819,152.005,0.7256,0.153954168151,0.306634907652,0.240820512821,457.772972107,480002048,,,547057664,,,,,0.0,0.0,0.0,0.0,103.424398,0.0,2.006792,0.0,0.0,27.0,,,,,,,1000,01_quantizer_fair,faiss::ScalarQuantizer(QT_4bit),05a-faiss-sq4-native-odirect-v1,b3e97b4e71dbf2d0553be4307d13f95e3c3df537147d5a1b5c5b0ff591393d18,ffc67dab09e9b01edefc1bc2f186a10d426ce6599531f0954be14881710ce5ca,e21c05456fc3849b419cdc75d16a18d2ec13a0814663cee0dcd66dee05953c4e,55d659f16ae506e790d914053d78fec74699e80b47fe6d1fefd31f58b83ff6e9,b92fae6ca12d310618d7bb738af1a11fcfe1af1d0a8fa843af640e89d0ab3a51,20260813,,,,False,False,4096,True,/home/kai3/coco/quantization_graph/results/disk_environment/.test_runs/gist/gist_test_20260829_204245/runs/gist_test_20260829_204245/05A_disk_quantizer_io/gist/artifacts/test/SQ_4bit__resident__B2__c0__w32__r0.json,SQ,05A quantizer I/O
05a,gist,SQ_4bit,resident,test,gist_test_20260829_204245,0,32,2.0,fixed_candidates_k28,rerank_candidates=28,28,,c0,1,0.7231,244312.705604,109.992853,143.582,145.18,158.123,0.7231,0.153593926693,0.305981234153,0.239830687831,457.772972107,480002048,,,547057664,,,,,0.0,0.0,0.0,0.0,107.73118,0.0,2.116128,0.0,0.0,28.0,,,,,,,1000,01_quantizer_fair,faiss::ScalarQuantizer(QT_4bit),05a-faiss-sq4-native-odirect-v1,b3e97b4e71dbf2d0553be4307d13f95e3c3df537147d5a1b5c5b0ff591393d18,ffc67dab09e9b01edefc1bc2f186a10d426ce6599531f0954be14881710ce5ca,e21c05456fc3849b419cdc75d16a18d2ec13a0814663cee0dcd66dee05953c4e,55d659f16ae506e790d914053d78fec74699e80b47fe6d1fefd31f58b83ff6e9,b92fae6ca12d310618d7bb738af1a11fcfe1af1d0a8fa843af640e89d0ab3a51,20260813,,,,False,False,4096,True,/home/kai3/coco/quantization_graph/results/disk_environment/.test_runs/gist/gist_test_20260829_204245/runs/gist_test_20260829_204245/05A_disk_quantizer_io/gist/artifacts/test/SQ_4bit__resident__B2__c0__w32__r0.json,SQ,05A quantizer I/O
05a,gist,SQ_4bit,resident,test,gist_test_20260829_204245,0,32,2.0,fixed_candidates_k29,rerank_candidates=29,29,,c0,1,0.7203,236211.842339,114.291506,148.942,150.536,168.731,0.7203,0.15314752828,0.304665563718,0.239736453202,457.772972107,480002048,,,547057664,,,,,0.0,0.0,0.0,0.0,111.900165,0.0,2.247811,0.0,0.0,29.0,,,,,,,1000,01_quantizer_fair,faiss::ScalarQuantizer(QT_4bit),05a-faiss-sq4-native-odirect-v1,b3e97b4e71dbf2d0553be4307d13f95e3c3df537147d5a1b5c5b0ff591393d18,ffc67dab09e9b01edefc1bc2f186a10d426ce6599531f0954be14881710ce5ca,e21c05456fc3849b419cdc75d16a18d2ec13a0814663cee0dcd66dee05953c4e,55d659f16ae506e790d914053d78fec74699e80b47fe6d1fefd31f58b83ff6e9,b92fae6ca12d310618d7bb738af1a11fcfe1af1d0a8fa843af640e89d0ab3a51,20260813,,,,False,False,4096,True,/home/kai3/coco/quantization_graph/results/disk_environment/.test_runs/gist/gist_test_20260829_204245/runs/gist_test_20260829_204245/05A_disk_quantizer_io/gist/artifacts/test/SQ_4bit__resident__B2__c0__w32__r0.json,SQ,05A quantizer I/O
05a,gist,SQ_4bit,resident,test,gist_test_20260829_204245,0,32,2.0,fixed_candidates_k30,rerank_candidates=30,30,,c0,1,0.7177,230325.376052,117.640924,154.003,155.333,161.061,0.7177,0.152766542789,0.304056778637,0.239377011494,457.772972107,480002048,,,547057664,,,,,0.0,0.0,0.0,0.0,115.215302,0.0,2.28329,0.0,0.0,30.0,,,,,,,1000,01_quantizer_fair,faiss::ScalarQuantizer(QT_4bit),05a-faiss-sq4-native-odirect-v1,b3e97b4e71dbf2d0553be4307d13f95e3c3df537147d5a1b5c5b0ff591393d18,ffc67dab09e9b01edefc1bc2f186a10d426ce6599531f0954be14881710ce5ca,e21c05456fc3849b419cdc75d16a18d2ec13a0814663cee0dcd66dee05953c4e,55d659f16ae506e790d914053d78fec74699e80b47fe6d1fefd31f58b83ff6e9,b92fae6ca12d310618d7bb738af1a11fcfe1af1d0a8fa843af640e89d0ab3a51,20260813,,,,False,False,4096,True,/home/kai3/coco/quantization_graph/results/disk_environment/.test_runs/gist/gist_test_20260829_204245/runs/gist_test_20260829_204245/05A_disk_quantizer_io/gist/artifacts/test/SQ_4bit__resident__B2__c0__w32__r0.json,SQ,05A quantizer I/O
05a,gist,SQ_4bit,resident,test,gist_test_20260829_204245,0,32,2.0,fixed_candidates_k40,rerank_candidates=40,40,,c0,1,0.7046,175590.744331,160.001043,206.0,211.46,226.382,0.7046,0.149781178211,0.298379897528,0.237162820513,457.772972107,480002048,,,547057664,,,,,0.0,0.0,0.0,0.0,156.204438,0.0,3.637757,0.0,0.0,40.0,,,,,,,1000,01_quantizer_fair,faiss::ScalarQuantizer(QT_4bit),05a-faiss-sq4-native-odirect-v1,b3e97b4e71dbf2d0553be4307d13f95e3c3df537147d5a1b5c5b0ff591393d18,ffc67dab09e9b01edefc1bc2f186a10d426ce6599531f0954be14881710ce5ca,e21c05456fc3849b419cdc75d16a18d2ec13a0814663cee0dcd66dee05953c4e,55d659f16ae506e790d914053d78fec74699e80b47fe6d1fefd31f58b83ff6e9,b92fae6ca12d310618d7bb738af1a11fcfe1af1d0a8fa843af640e89d0ab3a51,20260813,,,,False,False,4096,True,/home/kai3/coco/quantization_graph/results/disk_environment/.test_runs/gist/gist_test_20260829_204245/runs/gist_test_20260829_204245/05A_disk_quantizer_io/gist/artifacts/test/SQ_4bit__resident__B2__c0__w32__r0.json,SQ,05A quantizer I/O
05a,gist,SQ_4bit,resident,test,gist_test_20260829_204245,0,32,2.0,fixed_candidates_k50,rerank_candidates=50,50,,c0,1,0.6969,143965.346965,199.316898,248.987,260.304,278.143,0.6969,0.147674532195,0.295685482147,0.235143673469,457.772972107,480002048,,,547057664,,,,,0.0,0.0,0.0,0.0,194.230606,0.0,4.931196,0.0,0.0,50.0,,,,,,,1000,01_quantizer_fair,faiss::ScalarQuantizer(QT_4bit),05a-faiss-sq4-native-odirect-v1,b3e97b4e71dbf2d0553be4307d13f95e3c3df537147d5a1b5c5b0ff591393d18,ffc67dab09e9b01edefc1bc2f186a10d426ce6599531f0954be14881710ce5ca,e21c05456fc3849b419cdc75d16a18d2ec13a0814663cee0dcd66dee05953c4e,55d659f16ae506e790d914053d78fec74699e80b47fe6d1fefd31f58b83ff6e9,b92fae6ca12d310618d7bb738af1a11fcfe1af1d0a8fa843af640e89d0ab3a51,20260813,,,,False,False,4096,True,/home/kai3/coco/quantization_graph/results/disk_environment/.test_runs/gist/gist_test_20260829_204245/runs/gist_test_20260829_204245/05A_disk_quantizer_io/gist/artifacts/test/SQ_4bit__resident__B2__c0__w32__r0.json,SQ,05A quantizer I/O
05a,gist,SQ_4bit,resident,test,gist_test_20260829_204245,0,32,2.0,fixed_candidates_k60,rerank_candidates=60,60,,c0,1,0.6922,123075.196237,236.258962,298.528,312.025,320.913,0.6922,0.145956560245,0.292010494245,0.234661016949,457.772972107,480002048,,,547057664,,,,,0.0,0.0,0.0,0.0,229.983635,0.0,6.120837,0.0,0.0,60.0,,,,,,,1000,01_quantizer_fair,faiss::ScalarQuantizer(QT_4bit),05a-faiss-sq4-native-odirect-v1,b3e97b4e71dbf2d0553be4307d13f95e3c3df537147d5a1b5c5b0ff591393d18,ffc67dab09e9b01edefc1bc2f186a10d426ce6599531f0954be14881710ce5ca,e21c05456fc3849b419cdc75d16a18d2ec13a0814663cee0dcd66dee05953c4e,55d659f16ae506e790d914053d78fec74699e80b47fe6d1fefd31f58b83ff6e9,b92fae6ca12d310618d7bb738af1a11fcfe1af1d0a8fa843af640e89d0ab3a51,20260813,,,,False,False,4096,True,/home/kai3/coco/quantization_graph/results/disk_environment/.test_runs/gist/gist_test_20260829_204245/runs/gist_test_20260829_204245/05A_disk_quantizer_io/gist/artifacts/test/SQ_4bit__resident__B2__c0__w32__r0.json,SQ,05A quantizer I/O
05a,gist,SQ_4bit,resident,test,gist_test_20260829_204245,0,32,2.0,fixed_candidates_k70,rerank_candidates=70,70,,c0,1,0.6886,108851.759796,269.106424,336.349,350.12,358.546,0.6886,0.144545142646,0.28978969278,0.233952795031,457.772972107,480002048,,,547057664,,,,,0.0,0.0,0.0,0.0,261.513389,0.0,7.420718,0.0,0.0,70.0,,,,,,,1000,01_quantizer_fair,faiss::ScalarQuantizer(QT_4bit),05a-faiss-sq4-native-odirect-v1,b3e97b4e71dbf2d0553be4307d13f95e3c3df537147d5a1b5c5b0ff591393d18,ffc67dab09e9b01edefc1bc2f186a10d426ce6599531f0954be14881710ce5ca,e21c05456fc3849b419cdc75d16a18d2ec13a0814663cee0dcd66dee05953c4e,55d659f16ae506e790d914053d78fec74699e80b47fe6d1fefd31f58b83ff6e9,b92fae6ca12d310618d7bb738af1a11fcfe1af1d0a8fa843af640e89d0ab3a51,20260813,,,,False,False,4096,True,/home/kai3/coco/quantization_graph/results/disk_environment/.test_runs/gist/gist_test_20260829_204245/runs/gist_test_20260829_204245/05A_disk_quantizer_io/gist/artifacts/test/SQ_4bit__resident__B2__c0__w32__r0.json,SQ,05A quantizer I/O
05a,gist,SQ_4bit,resident,test,gist_test_20260829_204245,0,32,2.0,fixed_candidates_k80,rerank_candidates=80,80,,c0,1,0.6867,97001.0571175,306.000993,384.304,400.342,407.738,0.6867,0.14332554931,0.286597428257,0.23347278481,457.772972107,480002048,,,547057664,,,,,0.0,0.0,0.0,0.0,297.206721,0.0,8.612038,0.0,0.0,80.0,,,,,,,1000,01_quantizer_fair,faiss::ScalarQuantizer(QT_4bit),05a-faiss-sq4-native-odirect-v1,b3e97b4e71dbf2d0553be4307d13f95e3c3df537147d5a1b5c5b0ff591393d18,ffc67dab09e9b01edefc1bc2f186a10d426ce6599531f0954be14881710ce5ca,e21c05456fc3849b419cdc75d16a18d2ec13a0814663cee0dcd66dee05953c4e,55d659f16ae506e790d914053d78fec74699e80b47fe6d1fefd31f58b83ff6e9,b92fae6ca12d310618d7bb738af1a11fcfe1af1d0a8fa843af640e89d0ab3a51,20260813,,,,False,False,4096,True,/home/kai3/coco/quantization_graph/results/disk_environment/.test_runs/gist/gist_test_20260829_204245/runs/gist_test_20260829_204245/05A_disk_quantizer_io/gist/artifacts/test/SQ_4bit__resident__B2__c0__w32__r0.json,SQ,05A quantizer I/O
05a,gist,SQ_4bit,resident,test,gist_test_20260829_204245,0,32,2.0,fixed_candidates_k90,rerank_candidates=90,90,,c0,1,0.6854,87562.0092259,341.478219,431.791,439.823,444.911,0.6854,0.142302626044,0.284525352594,0.23243071161,457.772972107,480002048,,,547057664,,,,,0.0,0.0,0.0,0.0,331.380182,0.0,9.904619,0.0,0.0,90.0,,,,,,,1000,01_quantizer_fair,faiss::ScalarQuantizer(QT_4bit),05a-faiss-sq4-native-odirect-v1,b3e97b4e71dbf2d0553be4307d13f95e3c3df537147d5a1b5c5b0ff591393d18,ffc67dab09e9b01edefc1bc2f186a10d426ce6599531f0954be14881710ce5ca,e21c05456fc3849b419cdc75d16a18d2ec13a0814663cee0dcd66dee05953c4e,55d659f16ae506e790d914053d78fec74699e80b47fe6d1fefd31f58b83ff6e9,b92fae6ca12d310618d7bb738af1a11fcfe1af1d0a8fa843af640e89d0ab3a51,20260813,,,,False,False,4096,True,/home/kai3/coco/quantization_graph/results/disk_environment/.test_runs/gist/gist_test_20260829_204245/runs/gist_test_20260829_204245/05A_disk_quantizer_io/gist/artifacts/test/SQ_4bit__resident__B2__c0__w32__r0.json,SQ,05A quantizer I/O
05a,gist,SQ_4bit,resident,test,gist_test_20260829_204245,0,32,2.0,fixed_candidates_k100,rerank_candidates=100,100,,c0,1,0.6846,79424.0296449,377.056175,465.499,491.01,501.299,0.6846,0.141410257384,0.283044470644,0.231835353535,457.772972107,480002048,,,547057664,,,,,0.0,0.0,0.0,0.0,365.670237,0.0,11.198927,0.0,0.0,100.0,,,,,,,1000,01_quantizer_fair,faiss::ScalarQuantizer(QT_4bit),05a-faiss-sq4-native-odirect-v1,b3e97b4e71dbf2d0553be4307d13f95e3c3df537147d5a1b5c5b0ff591393d18,ffc67dab09e9b01edefc1bc2f186a10d426ce6599531f0954be14881710ce5ca,e21c05456fc3849b419cdc75d16a18d2ec13a0814663cee0dcd66dee05953c4e,55d659f16ae506e790d914053d78fec74699e80b47fe6d1fefd31f58b83ff6e9,b92fae6ca12d310618d7bb738af1a11fcfe1af1d0a8fa843af640e89d0ab3a51,20260813,,,,False,False,4096,True,/home/kai3/coco/quantization_graph/results/disk_environment/.test_runs/gist/gist_test_20260829_204245/runs/gist_test_20260829_204245/05A_disk_quantizer_io/gist/artifacts/test/SQ_4bit__resident__B2__c0__w32__r0.json,SQ,05A quantizer I/O
05a,gist,SQ_4bit,resident,test,gist_test_20260829_204245,0,32,2.0,fixed_candidates_k140,rerank_candidates=140,140,,c0,1,0.6807,57830.97302,524.999167,650.102,677.721,727.043,0.6807,0.138741481647,0.27805290316,0.231835353535,457.772972107,480002048,,,547057664,,,,,0.0,0.0,0.0,0.0,508.526783,0.0,16.291577,0.0,0.0,140.0,,,,,,,1000,01_quantizer_fair,faiss::ScalarQuantizer(QT_4bit),05a-faiss-sq4-native-odirect-v1,b3e97b4e71dbf2d0553be4307d13f95e3c3df537147d5a1b5c5b0ff591393d18,ffc67dab09e9b01edefc1bc2f186a10d426ce6599531f0954be14881710ce5ca,e21c05456fc3849b419cdc75d16a18d2ec13a0814663cee0dcd66dee05953c4e,55d659f16ae506e790d914053d78fec74699e80b47fe6d1fefd31f58b83ff6e9,b92fae6ca12d310618d7bb738af1a11fcfe1af1d0a8fa843af640e89d0ab3a51,20260813,,,,False,False,4096,True,/home/kai3/coco/quantization_graph/results/disk_environment/.test_runs/gist/gist_test_20260829_204245/runs/gist_test_20260829_204245/05A_disk_quantizer_io/gist/artifacts/test/SQ_4bit__resident__B2__c0__w32__r0.json,SQ,05A quantizer I/O
05a,gist,SQ_4bit,resident,test,gist_test_20260829_204245,0,32,2.0,fixed_candidates_k180,rerank_candidates=180,180,,c0,1,0.6783,47132.5810282,644.618007,785.196,841.496,931.802,0.6783,0.136822779054,0.274099139641,0.231835353535,457.772972107,480002048,,,547057664,,,,,0.0,0.0,0.0,0.0,622.899454,0.0,21.5294,0.0,0.0,180.0,,,,,,,1000,01_quantizer_fair,faiss::ScalarQuantizer(QT_4bit),05a-faiss-sq4-native-odirect-v1,b3e97b4e71dbf2d0553be4307d13f95e3c3df537147d5a1b5c5b0ff591393d18,ffc67dab09e9b01edefc1bc2f186a10d426ce6599531f0954be14881710ce5ca,e21c05456fc3849b419cdc75d16a18d2ec13a0814663cee0dcd66dee05953c4e,55d659f16ae506e790d914053d78fec74699e80b47fe6d1fefd31f58b83ff6e9,b92fae6ca12d310618d7bb738af1a11fcfe1af1d0a8fa843af640e89d0ab3a51,20260813,,,,False,False,4096,True,/home/kai3/coco/quantization_graph/results/disk_environment/.test_runs/gist/gist_test_20260829_204245/runs/gist_test_20260829_204245/05A_disk_quantizer_io/gist/artifacts/test/SQ_4bit__resident__B2__c0__w32__r0.json,SQ,05A quantizer I/O
05a,gist,SQ_4bit,resident,test,gist_test_20260829_204245,0,32,2.0,fixed_candidates_k220,rerank_candidates=220,220,,c0,1,0.6773,35769.9360698,865.84569,959.998,1149.295,1159.999,0.6773,0.135301245894,0.270933009531,0.231835353535,457.772972107,480002048,,,547057664,,,,,0.0,0.0,0.0,0.0,838.912831,0.0,26.710175,0.0,0.0,220.0,,,,,,,1000,01_quantizer_fair,faiss::ScalarQuantizer(QT_4bit),05a-faiss-sq4-native-odirect-v1,b3e97b4e71dbf2d0553be4307d13f95e3c3df537147d5a1b5c5b0ff591393d18,ffc67dab09e9b01edefc1bc2f186a10d426ce6599531f0954be14881710ce5ca,e21c05456fc3849b419cdc75d16a18d2ec13a0814663cee0dcd66dee05953c4e,55d659f16ae506e790d914053d78fec74699e80b47fe6d1fefd31f58b83ff6e9,b92fae6ca12d310618d7bb738af1a11fcfe1af1d0a8fa843af640e89d0ab3a51,20260813,,,,False,False,4096,True,/home/kai3/coco/quantization_graph/results/disk_environment/.test_runs/gist/gist_test_20260829_204245/runs/gist_test_20260829_204245/05A_disk_quantizer_io/gist/artifacts/test/SQ_4bit__resident__B2__c0__w32__r0.json,SQ,05A quantizer I/O
05a,gist,SQ_4bit,resident,test,gist_test_20260829_204245,0,32,2.0,fixed_candidates_k260,rerank_candidates=260,260,,c0,1,0.6763,30772.8941639,1011.766245,1107.646,1358.242,1368.146,0.6763,0.134150869958,0.268582252095,0.231835353535,457.772972107,480002048,,,547057664,,,,,0.0,0.0,0.0,0.0,979.610257,0.0,31.92217,0.0,0.0,260.0,,,,,,,1000,01_quantizer_fair,faiss::ScalarQuantizer(QT_4bit),05a-faiss-sq4-native-odirect-v1,b3e97b4e71dbf2d0553be4307d13f95e3c3df537147d5a1b5c5b0ff591393d18,ffc67dab09e9b01edefc1bc2f186a10d426ce6599531f0954be14881710ce5ca,e21c05456fc3849b419cdc75d16a18d2ec13a0814663cee0dcd66dee05953c4e,55d659f16ae506e790d914053d78fec74699e80b47fe6d1fefd31f58b83ff6e9,b92fae6ca12d310618d7bb738af1a11fcfe1af1d0a8fa843af640e89d0ab3a51,20260813,,,,False,False,4096,True,/home/kai3/coco/quantization_graph/results/disk_environment/.test_runs/gist/gist_test_20260829_204245/runs/gist_test_20260829_204245/05A_disk_quantizer_io/gist/artifacts/test/SQ_4bit__resident__B2__c0__w32__r0.json,SQ,05A quantizer I/O
05a,gist,SQ_4bit,resident,test,gist_test_20260829_204245,0,32,2.0,fixed_candidates_k300,rerank_candidates=300,300,,c0,1,0.6758,26155.1972509,1182.022843,1273.237,1565.173,1586.103,0.6758,0.133147640102,0.266540871844,0.231835353535,457.772972107,480002048,,,547057664,,,,,0.0,0.0,0.0,0.0,1144.656879,0.0,37.090854,0.0,0.0,300.0,,,,,,,1000,01_quantizer_fair,faiss::ScalarQuantizer(QT_4bit),05a-faiss-sq4-native-odirect-v1,b3e97b4e71dbf2d0553be4307d13f95e3c3df537147d5a1b5c5b0ff591393d18,ffc67dab09e9b01edefc1bc2f186a10d426ce6599531f0954be14881710ce5ca,e21c05456fc3849b419cdc75d16a18d2ec13a0814663cee0dcd66dee05953c4e,55d659f16ae506e790d914053d78fec74699e80b47fe6d1fefd31f58b83ff6e9,b92fae6ca12d310618d7bb738af1a11fcfe1af1d0a8fa843af640e89d0ab3a51,20260813,,,,False,False,4096,True,/home/kai3/coco/quantization_graph/results/disk_environment/.test_runs/gist/gist_test_20260829_204245/runs/gist_test_20260829_204245/05A_disk_quantizer_io/gist/artifacts/test/SQ_4bit__resident__B2__c0__w32__r0.json,SQ,05A quantizer I/O
05a,gist,SQ_4bit,resident,test,gist_test_20260829_204245,0,32,2.0,fixed_candidates_k340,rerank_candidates=340,340,,c0,1,0.6754,23904.5523734,1292.714812,1440.371,1769.533,1778.595,0.6754,0.132216063418,0.264745053813,0.231835353535,457.772972107,480002048,,,547057664,,,,,0.0,0.0,0.0,0.0,1250.112013,0.0,42.28799,0.0,0.0,340.0,,,,,,,1000,01_quantizer_fair,faiss::ScalarQuantizer(QT_4bit),05a-faiss-sq4-native-odirect-v1,b3e97b4e71dbf2d0553be4307d13f95e3c3df537147d5a1b5c5b0ff591393d18,ffc67dab09e9b01edefc1bc2f186a10d426ce6599531f0954be14881710ce5ca,e21c05456fc3849b419cdc75d16a18d2ec13a0814663cee0dcd66dee05953c4e,55d659f16ae506e790d914053d78fec74699e80b47fe6d1fefd31f58b83ff6e9,b92fae6ca12d310618d7bb738af1a11fcfe1af1d0a8fa843af640e89d0ab3a51,20260813,,,,False,False,4096,True,/home/kai3/coco/quantization_graph/results/disk_environment/.test_runs/gist/gist_test_20260829_204245/runs/gist_test_20260829_204245/05A_disk_quantizer_io/gist/artifacts/test/SQ_4bit__resident__B2__c0__w32__r0.json,SQ,05A quantizer I/O
05a,gist,SQ_4bit,resident,test,gist_test_20260829_204245,0,32,2.0,fixed_candidates_k380,rerank_candidates=380,380,,c0,1,0.6749,21590.7326357,1441.022442,1610.417,1909.821,1925.796,0.6749,0.131450130239,0.263277903234,0.231835353535,457.772972107,480002048,,,547057664,,,,,0.0,0.0,0.0,0.0,1393.17063,0.0,47.51018,0.0,0.0,380.0,,,,,,,1000,01_quantizer_fair,faiss::ScalarQuantizer(QT_4bit),05a-faiss-sq4-native-odirect-v1,b3e97b4e71dbf2d0553be4307d13f95e3c3df537147d5a1b5c5b0ff591393d18,ffc67dab09e9b01edefc1bc2f186a10d426ce6599531f0954be14881710ce5ca,e21c05456fc3849b419cdc75d16a18d2ec13a0814663cee0dcd66dee05953c4e,55d659f16ae506e790d914053d78fec74699e80b47fe6d1fefd31f58b83ff6e9,b92fae6ca12d310618d7bb738af1a11fcfe1af1d0a8fa843af640e89d0ab3a51,20260813,,,,False,False,4096,True,/home/kai3/coco/quantization_graph/results/disk_environment/.test_runs/gist/gist_test_20260829_204245/runs/gist_test_20260829_204245/05A_disk_quantizer_io/gist/artifacts/test/SQ_4bit__resident__B2__c0__w32__r0.json,SQ,05A quantizer I/O
05a,gist,SQ_4bit,resident,test,gist_test_20260829_204245,0,32,2.0,fixed_candidates_k420,rerank_candidates=420,420,,c0,1,0.6747,19726.6132074,1577.827129,1779.632,2113.817,2187.657,0.6747,0.130771263714,0.262049805205,0.231835353535,457.772972107,480002048,,,547057664,,,,,0.0,0.0,0.0,0.0,1524.506242,0.0,52.953068,0.0,0.0,420.0,,,,,,,1000,01_quantizer_fair,faiss::ScalarQuantizer(QT_4bit),05a-faiss-sq4-native-odirect-v1,b3e97b4e71dbf2d0553be4307d13f95e3c3df537147d5a1b5c5b0ff591393d18,ffc67dab09e9b01edefc1bc2f186a10d426ce6599531f0954be14881710ce5ca,e21c05456fc3849b419cdc75d16a18d2ec13a0814663cee0dcd66dee05953c4e,55d659f16ae506e790d914053d78fec74699e80b47fe6d1fefd31f58b83ff6e9,b92fae6ca12d310618d7bb738af1a11fcfe1af1d0a8fa843af640e89d0ab3a51,20260813,,,,False,False,4096,True,/home/kai3/coco/quantization_graph/results/disk_environment/.test_runs/gist/gist_test_20260829_204245/runs/gist_test_20260829_204245/05A_disk_quantizer_io/gist/artifacts/test/SQ_4bit__resident__B2__c0__w32__r0.json,SQ,05A quantizer I/O
05a,gist,SQ_4bit,resident,test,gist_test_20260829_204245,0,32,2.0,fixed_candidates_k460,rerank_candidates=460,460,,c0,1,0.6742,18043.6243593,1731.013191,1951.378,2314.675,2350.745,0.6742,0.130131568597,0.260822297245,0.231835353535,457.772972107,480002048,,,547057664,,,,,0.0,0.0,0.0,0.0,1672.256301,0.0,58.354966,0.0,0.0,460.0,,,,,,,1000,01_quantizer_fair,faiss::ScalarQuantizer(QT_4bit),05a-faiss-sq4-native-odirect-v1,b3e97b4e71dbf2d0553be4307d13f95e3c3df537147d5a1b5c5b0ff591393d18,ffc67dab09e9b01edefc1bc2f186a10d426ce6599531f0954be14881710ce5ca,e21c05456fc3849b419cdc75d16a18d2ec13a0814663cee0dcd66dee05953c4e,55d659f16ae506e790d914053d78fec74699e80b47fe6d1fefd31f58b83ff6e9,b92fae6ca12d310618d7bb738af1a11fcfe1af1d0a8fa843af640e89d0ab3a51,20260813,,,,False,False,4096,True,/home/kai3/coco/quantization_graph/results/disk_environment/.test_runs/gist/gist_test_20260829_204245/runs/gist_test_20260829_204245/05A_disk_quantizer_io/gist/artifacts/test/SQ_4bit__resident__B2__c0__w32__r0.json,SQ,05A quantizer I/O
05a,gist,SQ_4bit,payload_on_ssd,test,gist_test_20260829_204245,0,32,2.0,fixed_candidates_k10,rerank_candidates=10,10,,c0,1,1.0,722.567737174,40126.294786,20096.887,148975.663,234625.328,1.0,0.169383714641,0.322198162651,0.247911111111,457.772972107,0,,,221794304,,,,,9.836,11.025,45158.4,40071.119665,50.391466,0.0,2.844375,0.0,0.0,10.0,,,,,,,1000,01_quantizer_fair,faiss::ScalarQuantizer(QT_4bit),05a-faiss-sq4-native-odirect-v1,b3e97b4e71dbf2d0553be4307d13f95e3c3df537147d5a1b5c5b0ff591393d18,ffc67dab09e9b01edefc1bc2f186a10d426ce6599531f0954be14881710ce5ca,e21c05456fc3849b419cdc75d16a18d2ec13a0814663cee0dcd66dee05953c4e,55d659f16ae506e790d914053d78fec74699e80b47fe6d1fefd31f58b83ff6e9,b92fae6ca12d310618d7bb738af1a11fcfe1af1d0a8fa843af640e89d0ab3a51,20260813,,,,True,True,4096,True,/home/kai3/coco/quantization_graph/results/disk_environment/.test_runs/gist/gist_test_20260829_204245/runs/gist_test_20260829_204245/05A_disk_quantizer_io/gist/artifacts/test/SQ_4bit__payload_on_ssd__B2__c0__w32__r0.json,SQ,05A quantizer I/O
05a,gist,SQ_4bit,payload_on_ssd,test,gist_test_20260829_204245,0,32,2.0,fixed_candidates_k11,rerank_candidates=11,11,,c0,1,0.929,3246.09778794,5387.890081,1500.67,21269.944,70009.167,0.929,0.167637417534,0.320610064499,0.245054545455,457.772972107,0,,,221794304,,,,,10.824,12.128,49676.288,5339.441766,44.385599,0.0,2.461478,0.0,0.0,11.0,,,,,,,1000,01_quantizer_fair,faiss::ScalarQuantizer(QT_4bit),05a-faiss-sq4-native-odirect-v1,b3e97b4e71dbf2d0553be4307d13f95e3c3df537147d5a1b5c5b0ff591393d18,ffc67dab09e9b01edefc1bc2f186a10d426ce6599531f0954be14881710ce5ca,e21c05456fc3849b419cdc75d16a18d2ec13a0814663cee0dcd66dee05953c4e,55d659f16ae506e790d914053d78fec74699e80b47fe6d1fefd31f58b83ff6e9,b92fae6ca12d310618d7bb738af1a11fcfe1af1d0a8fa843af640e89d0ab3a51,20260813,,,,True,True,4096,True,/home/kai3/coco/quantization_graph/results/disk_environment/.test_runs/gist/gist_test_20260829_204245/runs/gist_test_20260829_204245/05A_disk_quantizer_io/gist/artifacts/test/SQ_4bit__payload_on_ssd__B2__c0__w32__r0.json,SQ,05A quantizer I/O
05a,gist,SQ_4bit,payload_on_ssd,test,gist_test_20260829_204245,0,32,2.0,fixed_candidates_k12,rerank_candidates=12,12,,c0,1,0.8825,3086.5865526,6101.023961,1495.973,21237.802,74316.57,0.8825,0.165991688707,0.318657492803,0.244560606061,457.772972107,0,,,221794304,,,,,11.797,13.23,54190.08,6046.858035,49.663865,0.0,2.738951,0.0,0.0,12.0,,,,,,,1000,01_quantizer_fair,faiss::ScalarQuantizer(QT_4bit),05a-faiss-sq4-native-odirect-v1,b3e97b4e71dbf2d0553be4307d13f95e3c3df537147d5a1b5c5b0ff591393d18,ffc67dab09e9b01edefc1bc2f186a10d426ce6599531f0954be14881710ce5ca,e21c05456fc3849b419cdc75d16a18d2ec13a0814663cee0dcd66dee05953c4e,55d659f16ae506e790d914053d78fec74699e80b47fe6d1fefd31f58b83ff6e9,b92fae6ca12d310618d7bb738af1a11fcfe1af1d0a8fa843af640e89d0ab3a51,20260813,,,,True,True,4096,True,/home/kai3/coco/quantization_graph/results/disk_environment/.test_runs/gist/gist_test_20260829_204245/runs/gist_test_20260829_204245/05A_disk_quantizer_io/gist/artifacts/test/SQ_4bit__payload_on_ssd__B2__c0__w32__r0.json,SQ,05A quantizer I/O
05a,gist,SQ_4bit,payload_on_ssd,test,gist_test_20260829_204245,0,32,2.0,fixed_candidates_k13,rerank_candidates=13,13,,c0,1,0.8501,2905.4735417,6629.037701,1684.639,19209.411,88611.824,0.8501,0.164516591119,0.317645586133,0.245320512821,457.772972107,0,,,221794304,,,,,12.78,14.331,58699.776,6562.347856,61.38629,0.0,3.218415,0.0,0.0,13.0,,,,,,,1000,01_quantizer_fair,faiss::ScalarQuantizer(QT_4bit),05a-faiss-sq4-native-odirect-v1,b3e97b4e71dbf2d0553be4307d13f95e3c3df537147d5a1b5c5b0ff591393d18,ffc67dab09e9b01edefc1bc2f186a10d426ce6599531f0954be14881710ce5ca,e21c05456fc3849b419cdc75d16a18d2ec13a0814663cee0dcd66dee05953c4e,55d659f16ae506e790d914053d78fec74699e80b47fe6d1fefd31f58b83ff6e9,b92fae6ca12d310618d7bb738af1a11fcfe1af1d0a8fa843af640e89d0ab3a51,20260813,,,,True,True,4096,True,/home/kai3/coco/quantization_graph/results/disk_environment/.test_runs/gist/gist_test_20260829_204245/runs/gist_test_20260829_204245/05A_disk_quantizer_io/gist/artifacts/test/SQ_4bit__payload_on_ssd__B2__c0__w32__r0.json,SQ,05A quantizer I/O
05a,gist,SQ_4bit,payload_on_ssd,test,gist_test_20260829_204245,0,32,2.0,fixed_candidates_k14,rerank_candidates=14,14,,c0,1,0.8263,2941.24981152,6411.326125,1994.05,18082.077,88180.902,0.8263,0.163243470947,0.316767256016,0.245164835165,457.772972107,0,,,221794304,,,,,13.761,15.436,63225.856,6344.897133,60.952815,0.0,3.401717,0.0,0.0,14.0,,,,,,,1000,01_quantizer_fair,faiss::ScalarQuantizer(QT_4bit),05a-faiss-sq4-native-odirect-v1,b3e97b4e71dbf2d0553be4307d13f95e3c3df537147d5a1b5c5b0ff591393d18,ffc67dab09e9b01edefc1bc2f186a10d426ce6599531f0954be14881710ce5ca,e21c05456fc3849b419cdc75d16a18d2ec13a0814663cee0dcd66dee05953c4e,55d659f16ae506e790d914053d78fec74699e80b47fe6d1fefd31f58b83ff6e9,b92fae6ca12d310618d7bb738af1a11fcfe1af1d0a8fa843af640e89d0ab3a51,20260813,,,,True,True,4096,True,/home/kai3/coco/quantization_graph/results/disk_environment/.test_runs/gist/gist_test_20260829_204245/runs/gist_test_20260829_204245/05A_disk_quantizer_io/gist/artifacts/test/SQ_4bit__payload_on_ssd__B2__c0__w32__r0.json,SQ,05A quantizer I/O
05a,gist,SQ_4bit,payload_on_ssd,test,gist_test_20260829_204245,0,32,2.0,fixed_candidates_k15,rerank_candidates=15,15,,c0,1,0.8064,2426.07208841,7548.98508,2165.893,22253.376,104869.457,0.8064,0.162033671442,0.315069696002,0.245866666667,457.772972107,0,,,221794304,,,,,14.74,16.513,67637.248,7472.959642,69.946056,0.0,3.75439,0.0,0.0,15.0,,,,,,,1000,01_quantizer_fair,faiss::ScalarQuantizer(QT_4bit),05a-faiss-sq4-native-odirect-v1,b3e97b4e71dbf2d0553be4307d13f95e3c3df537147d5a1b5c5b0ff591393d18,ffc67dab09e9b01edefc1bc2f186a10d426ce6599531f0954be14881710ce5ca,e21c05456fc3849b419cdc75d16a18d2ec13a0814663cee0dcd66dee05953c4e,55d659f16ae506e790d914053d78fec74699e80b47fe6d1fefd31f58b83ff6e9,b92fae6ca12d310618d7bb738af1a11fcfe1af1d0a8fa843af640e89d0ab3a51,20260813,,,,True,True,4096,True,/home/kai3/coco/quantization_graph/results/disk_environment/.test_runs/gist/gist_test_20260829_204245/runs/gist_test_20260829_204245/05A_disk_quantizer_io/gist/artifacts/test/SQ_4bit__payload_on_ssd__B2__c0__w32__r0.json,SQ,05A quantizer I/O
05a,gist,SQ_4bit,payload_on_ssd,test,gist_test_20260829_204245,0,32,2.0,fixed_candidates_k16,rerank_candidates=16,16,,c0,1,0.7932,2499.78364373,8402.179725,2429.436,20321.643,126842.677,0.7932,0.161039724371,0.312759809089,0.24515,457.772972107,0,,,221794304,,,,,15.721,17.605,72110.08,8315.218297,80.102842,0.0,4.239733,0.0,0.0,16.0,,,,,,,1000,01_quantizer_fair,faiss::ScalarQuantizer(QT_4bit),05a-faiss-sq4-native-odirect-v1,b3e97b4e71dbf2d0553be4307d13f95e3c3df537147d5a1b5c5b0ff591393d18,ffc67dab09e9b01edefc1bc2f186a10d426ce6599531f0954be14881710ce5ca,e21c05456fc3849b419cdc75d16a18d2ec13a0814663cee0dcd66dee05953c4e,55d659f16ae506e790d914053d78fec74699e80b47fe6d1fefd31f58b83ff6e9,b92fae6ca12d310618d7bb738af1a11fcfe1af1d0a8fa843af640e89d0ab3a51,20260813,,,,True,True,4096,True,/home/kai3/coco/quantization_graph/results/disk_environment/.test_runs/gist/gist_test_20260829_204245/runs/gist_test_20260829_204245/05A_disk_quantizer_io/gist/artifacts/test/SQ_4bit__payload_on_ssd__B2__c0__w32__r0.json,SQ,05A quantizer I/O
05a,gist,SQ_4bit,payload_on_ssd,test,gist_test_20260829_204245,0,32,2.0,fixed_candidates_k17,rerank_candidates=17,17,,c0,1,0.7791,2632.0461702,7557.730254,2713.629,25304.115,82319.961,0.7791,0.160087512877,0.312650477053,0.24575,457.772972107,0,,,221794304,,,,,16.704,18.711,76640.256,7460.46667,89.744994,0.0,4.756383,0.0,0.0,17.0,,,,,,,1000,01_quantizer_fair,faiss::ScalarQuantizer(QT_4bit),05a-faiss-sq4-native-odirect-v1,b3e97b4e71dbf2d0553be4307d13f95e3c3df537147d5a1b5c5b0ff591393d18,ffc67dab09e9b01edefc1bc2f186a10d426ce6599531f0954be14881710ce5ca,e21c05456fc3849b419cdc75d16a18d2ec13a0814663cee0dcd66dee05953c4e,55d659f16ae506e790d914053d78fec74699e80b47fe6d1fefd31f58b83ff6e9,b92fae6ca12d310618d7bb738af1a11fcfe1af1d0a8fa843af640e89d0ab3a51,20260813,,,,True,True,4096,True,/home/kai3/coco/quantization_graph/results/disk_environment/.test_runs/gist/gist_test_20260829_204245/runs/gist_test_20260829_204245/05A_disk_quantizer_io/gist/artifacts/test/SQ_4bit__payload_on_ssd__B2__c0__w32__r0.json,SQ,05A quantizer I/O
05a,gist,SQ_4bit,payload_on_ssd,test,gist_test_20260829_204245,0,32,2.0,fixed_candidates_k18,rerank_candidates=18,18,,c0,1,0.7682,2155.33617289,10111.388863,3270.486,51416.614,128227.0,0.7682,0.159186571279,0.311672930039,0.24577124183,457.772972107,0,,,221794304,,,,,17.684,19.799,81096.704,10033.444749,71.546537,0.0,4.122776,0.0,0.0,18.0,,,,,,,1000,01_quantizer_fair,faiss::ScalarQuantizer(QT_4bit),05a-faiss-sq4-native-odirect-v1,b3e97b4e71dbf2d0553be4307d13f95e3c3df537147d5a1b5c5b0ff591393d18,ffc67dab09e9b01edefc1bc2f186a10d426ce6599531f0954be14881710ce5ca,e21c05456fc3849b419cdc75d16a18d2ec13a0814663cee0dcd66dee05953c4e,55d659f16ae506e790d914053d78fec74699e80b47fe6d1fefd31f58b83ff6e9,b92fae6ca12d310618d7bb738af1a11fcfe1af1d0a8fa843af640e89d0ab3a51,20260813,,,,True,True,4096,True,/home/kai3/coco/quantization_graph/results/disk_environment/.test_runs/gist/gist_test_20260829_204245/runs/gist_test_20260829_204245/05A_disk_quantizer_io/gist/artifacts/test/SQ_4bit__payload_on_ssd__B2__c0__w32__r0.json,SQ,05A quantizer I/O
05a,gist,SQ_4bit,payload_on_ssd,test,gist_test_20260829_204245,0,32,2.0,fixed_candidates_k19,rerank_candidates=19,19,,c0,1,0.7603,2577.79129022,8568.951136,3711.092,34586.724,101692.069,0.7603,0.158331285858,0.310257191801,0.24565497076,457.772972107,0,,,221794304,,,,,18.667,20.902,85614.592,8476.768615,84.717026,0.0,4.795935,0.0,0.0,19.0,,,,,,,1000,01_quantizer_fair,faiss::ScalarQuantizer(QT_4bit),05a-faiss-sq4-native-odirect-v1,b3e97b4e71dbf2d0553be4307d13f95e3c3df537147d5a1b5c5b0ff591393d18,ffc67dab09e9b01edefc1bc2f186a10d426ce6599531f0954be14881710ce5ca,e21c05456fc3849b419cdc75d16a18d2ec13a0814663cee0dcd66dee05953c4e,55d659f16ae506e790d914053d78fec74699e80b47fe6d1fefd31f58b83ff6e9,b92fae6ca12d310618d7bb738af1a11fcfe1af1d0a8fa843af640e89d0ab3a51,20260813,,,,True,True,4096,True,/home/kai3/coco/quantization_graph/results/disk_environment/.test_runs/gist/gist_test_20260829_204245/runs/gist_test_20260829_204245/05A_disk_quantizer_io/gist/artifacts/test/SQ_4bit__payload_on_ssd__B2__c0__w32__r0.json,SQ,05A quantizer I/O
05a,gist,SQ_4bit,payload_on_ssd,test,gist_test_20260829_204245,0,32,2.0,fixed_candidates_k20,rerank_candidates=20,20,,c0,1,0.7546,2337.96417795,9416.3807,2850.213,46010.032,115193.889,0.7546,0.157632416749,0.310168391952,0.244894736842,457.772972107,0,,,221794304,,,,,19.641,21.996,90095.616,9323.353411,85.463217,0.0,4.878944,0.0,0.0,20.0,,,,,,,1000,01_quantizer_fair,faiss::ScalarQuantizer(QT_4bit),05a-faiss-sq4-native-odirect-v1,b3e97b4e71dbf2d0553be4307d13f95e3c3df537147d5a1b5c5b0ff591393d18,ffc67dab09e9b01edefc1bc2f186a10d426ce6599531f0954be14881710ce5ca,e21c05456fc3849b419cdc75d16a18d2ec13a0814663cee0dcd66dee05953c4e,55d659f16ae506e790d914053d78fec74699e80b47fe6d1fefd31f58b83ff6e9,b92fae6ca12d310618d7bb738af1a11fcfe1af1d0a8fa843af640e89d0ab3a51,20260813,,,,True,True,4096,True,/home/kai3/coco/quantization_graph/results/disk_environment/.test_runs/gist/gist_test_20260829_204245/runs/gist_test_20260829_204245/05A_disk_quantizer_io/gist/artifacts/test/SQ_4bit__payload_on_ssd__B2__c0__w32__r0.json,SQ,05A quantizer I/O
05a,gist,SQ_4bit,payload_on_ssd,test,gist_test_20260829_204245,0,32,2.0,fixed_candidates_k21,rerank_candidates=21,21,,c0,1,0.7482,2576.85007625,8831.998738,4093.978,23515.106,112047.266,0.7482,0.157004747818,0.309649604422,0.244323809524,457.772972107,0,,,221794304,,,,,20.623,23.094,94593.024,8727.726143,95.99336,0.0,5.383664,0.0,0.0,21.0,,,,,,,1000,01_quantizer_fair,faiss::ScalarQuantizer(QT_4bit),05a-faiss-sq4-native-odirect-v1,b3e97b4e71dbf2d0553be4307d13f95e3c3df537147d5a1b5c5b0ff591393d18,ffc67dab09e9b01edefc1bc2f186a10d426ce6599531f0954be14881710ce5ca,e21c05456fc3849b419cdc75d16a18d2ec13a0814663cee0dcd66dee05953c4e,55d659f16ae506e790d914053d78fec74699e80b47fe6d1fefd31f58b83ff6e9,b92fae6ca12d310618d7bb738af1a11fcfe1af1d0a8fa843af640e89d0ab3a51,20260813,,,,True,True,4096,True,/home/kai3/coco/quantization_graph/results/disk_environment/.test_runs/gist/gist_test_20260829_204245/runs/gist_test_20260829_204245/05A_disk_quantizer_io/gist/artifacts/test/SQ_4bit__payload_on_ssd__B2__c0__w32__r0.json,SQ,05A quantizer I/O
05a,gist,SQ_4bit,payload_on_ssd,test,gist_test_20260829_204245,0,32,2.0,fixed_candidates_k22,rerank_candidates=22,22,,c0,1,0.7432,2271.97409266,9487.426483,3946.915,26251.956,123278.028,0.7432,0.156382745006,0.309464051588,0.243774891775,457.772972107,0,,,221794304,,,,,21.599,24.184,99057.664,9369.725256,108.425307,0.0,6.064841,0.0,0.0,22.0,,,,,,,1000,01_quantizer_fair,faiss::ScalarQuantizer(QT_4bit),05a-faiss-sq4-native-odirect-v1,b3e97b4e71dbf2d0553be4307d13f95e3c3df537147d5a1b5c5b0ff591393d18,ffc67dab09e9b01edefc1bc2f186a10d426ce6599531f0954be14881710ce5ca,e21c05456fc3849b419cdc75d16a18d2ec13a0814663cee0dcd66dee05953c4e,55d659f16ae506e790d914053d78fec74699e80b47fe6d1fefd31f58b83ff6e9,b92fae6ca12d310618d7bb738af1a11fcfe1af1d0a8fa843af640e89d0ab3a51,20260813,,,,True,True,4096,True,/home/kai3/coco/quantization_graph/results/disk_environment/.test_runs/gist/gist_test_20260829_204245/runs/gist_test_20260829_204245/05A_disk_quantizer_io/gist/artifacts/test/SQ_4bit__payload_on_ssd__B2__c0__w32__r0.json,SQ,05A quantizer I/O
05a,gist,SQ_4bit,payload_on_ssd,test,gist_test_20260829_204245,0,32,2.0,fixed_candidates_k23,rerank_candidates=23,23,,c0,1,0.7381,2293.93618821,10373.483322,3874.334,36712.377,119934.878,0.7381,0.15578592329,0.308485934023,0.243391304348,457.772972107,0,,,221794304,,,,,22.573,25.283,103559.168,10258.36627,105.925812,0.0,6.097426,0.0,0.0,23.0,,,,,,,1000,01_quantizer_fair,faiss::ScalarQuantizer(QT_4bit),05a-faiss-sq4-native-odirect-v1,b3e97b4e71dbf2d0553be4307d13f95e3c3df537147d5a1b5c5b0ff591393d18,ffc67dab09e9b01edefc1bc2f186a10d426ce6599531f0954be14881710ce5ca,e21c05456fc3849b419cdc75d16a18d2ec13a0814663cee0dcd66dee05953c4e,55d659f16ae506e790d914053d78fec74699e80b47fe6d1fefd31f58b83ff6e9,b92fae6ca12d310618d7bb738af1a11fcfe1af1d0a8fa843af640e89d0ab3a51,20260813,,,,True,True,4096,True,/home/kai3/coco/quantization_graph/results/disk_environment/.test_runs/gist/gist_test_20260829_204245/runs/gist_test_20260829_204245/05A_disk_quantizer_io/gist/artifacts/test/SQ_4bit__payload_on_ssd__B2__c0__w32__r0.json,SQ,05A quantizer I/O
05a,gist,SQ_4bit,payload_on_ssd,test,gist_test_20260829_204245,0,32,2.0,fixed_candidates_k24,rerank_candidates=24,24,,c0,1,0.7343,2016.30864633,11003.236393,5057.796,39058.659,116396.393,0.7343,0.155322744045,0.308399941647,0.242130434783,457.772972107,0,,,221794304,,,,,23.554,26.388,108085.248,10867.286286,125.219089,0.0,7.077524,0.0,0.0,24.0,,,,,,,1000,01_quantizer_fair,faiss::ScalarQuantizer(QT_4bit),05a-faiss-sq4-native-odirect-v1,b3e97b4e71dbf2d0553be4307d13f95e3c3df537147d5a1b5c5b0ff591393d18,ffc67dab09e9b01edefc1bc2f186a10d426ce6599531f0954be14881710ce5ca,e21c05456fc3849b419cdc75d16a18d2ec13a0814663cee0dcd66dee05953c4e,55d659f16ae506e790d914053d78fec74699e80b47fe6d1fefd31f58b83ff6e9,b92fae6ca12d310618d7bb738af1a11fcfe1af1d0a8fa843af640e89d0ab3a51,20260813,,,,True,True,4096,True,/home/kai3/coco/quantization_graph/results/disk_environment/.test_runs/gist/gist_test_20260829_204245/runs/gist_test_20260829_204245/05A_disk_quantizer_io/gist/artifacts/test/SQ_4bit__payload_on_ssd__B2__c0__w32__r0.json,SQ,05A quantizer I/O
05a,gist,SQ_4bit,payload_on_ssd,test,gist_test_20260829_204245,0,32,2.0,fixed_candidates_k25,rerank_candidates=25,25,,c0,1,0.7311,2475.1731654,9611.046977,4081.212,26615.101,127636.711,0.7311,0.154827977974,0.308352870916,0.24206,457.772972107,0,,,221794304,,,,,24.536,27.487,112586.752,9461.880249,137.567589,0.0,7.729608,0.0,0.0,25.0,,,,,,,1000,01_quantizer_fair,faiss::ScalarQuantizer(QT_4bit),05a-faiss-sq4-native-odirect-v1,b3e97b4e71dbf2d0553be4307d13f95e3c3df537147d5a1b5c5b0ff591393d18,ffc67dab09e9b01edefc1bc2f186a10d426ce6599531f0954be14881710ce5ca,e21c05456fc3849b419cdc75d16a18d2ec13a0814663cee0dcd66dee05953c4e,55d659f16ae506e790d914053d78fec74699e80b47fe6d1fefd31f58b83ff6e9,b92fae6ca12d310618d7bb738af1a11fcfe1af1d0a8fa843af640e89d0ab3a51,20260813,,,,True,True,4096,True,/home/kai3/coco/quantization_graph/results/disk_environment/.test_runs/gist/gist_test_20260829_204245/runs/gist_test_20260829_204245/05A_disk_quantizer_io/gist/artifacts/test/SQ_4bit__payload_on_ssd__B2__c0__w32__r0.json,SQ,05A quantizer I/O
05a,gist,SQ_4bit,payload_on_ssd,test,gist_test_20260829_204245,0,32,2.0,fixed_candidates_k26,rerank_candidates=26,26,,c0,1,0.7286,2193.18088129,10078.729909,4287.909,22284.835,146862.488,0.7286,0.15434119447,0.307349959182,0.241836923077,457.772972107,0,,,221794304,,,,,25.517,28.593,117116.928,9950.72048,117.512989,0.0,6.896978,0.0,0.0,26.0,,,,,,,1000,01_quantizer_fair,faiss::ScalarQuantizer(QT_4bit),05a-faiss-sq4-native-odirect-v1,b3e97b4e71dbf2d0553be4307d13f95e3c3df537147d5a1b5c5b0ff591393d18,ffc67dab09e9b01edefc1bc2f186a10d426ce6599531f0954be14881710ce5ca,e21c05456fc3849b419cdc75d16a18d2ec13a0814663cee0dcd66dee05953c4e,55d659f16ae506e790d914053d78fec74699e80b47fe6d1fefd31f58b83ff6e9,b92fae6ca12d310618d7bb738af1a11fcfe1af1d0a8fa843af640e89d0ab3a51,20260813,,,,True,True,4096,True,/home/kai3/coco/quantization_graph/results/disk_environment/.test_runs/gist/gist_test_20260829_204245/runs/gist_test_20260829_204245/05A_disk_quantizer_io/gist/artifacts/test/SQ_4bit__payload_on_ssd__B2__c0__w32__r0.json,SQ,05A quantizer I/O
05a,gist,SQ_4bit,payload_on_ssd,test,gist_test_20260829_204245,0,32,2.0,fixed_candidates_k27,rerank_candidates=27,27,,c0,1,0.7256,2314.77270953,9723.054834,3808.969,35957.748,128129.356,0.7256,0.153954168151,0.306634907652,0.240820512821,457.772972107,0,,,221794304,,,,,26.495,29.692,121618.432,9585.637688,126.263228,0.0,7.436415,0.0,0.0,27.0,,,,,,,1000,01_quantizer_fair,faiss::ScalarQuantizer(QT_4bit),05a-faiss-sq4-native-odirect-v1,b3e97b4e71dbf2d0553be4307d13f95e3c3df537147d5a1b5c5b0ff591393d18,ffc67dab09e9b01edefc1bc2f186a10d426ce6599531f0954be14881710ce5ca,e21c05456fc3849b419cdc75d16a18d2ec13a0814663cee0dcd66dee05953c4e,55d659f16ae506e790d914053d78fec74699e80b47fe6d1fefd31f58b83ff6e9,b92fae6ca12d310618d7bb738af1a11fcfe1af1d0a8fa843af640e89d0ab3a51,20260813,,,,True,True,4096,True,/home/kai3/coco/quantization_graph/results/disk_environment/.test_runs/gist/gist_test_20260829_204245/runs/gist_test_20260829_204245/05A_disk_quantizer_io/gist/artifacts/test/SQ_4bit__payload_on_ssd__B2__c0__w32__r0.json,SQ,05A quantizer I/O
05a,gist,SQ_4bit,payload_on_ssd,test,gist_test_20260829_204245,0,32,2.0,fixed_candidates_k28,rerank_candidates=28,28,,c0,1,0.7231,2192.78699996,10894.598187,5367.497,37155.152,106043.003,0.7231,0.153593926693,0.305981234153,0.239830687831,457.772972107,0,,,221794304,,,,,27.477,30.78,126074.88,10760.152157,123.151435,0.0,7.543262,0.0,0.0,28.0,,,,,,,1000,01_quantizer_fair,faiss::ScalarQuantizer(QT_4bit),05a-faiss-sq4-native-odirect-v1,b3e97b4e71dbf2d0553be4307d13f95e3c3df537147d5a1b5c5b0ff591393d18,ffc67dab09e9b01edefc1bc2f186a10d426ce6599531f0954be14881710ce5ca,e21c05456fc3849b419cdc75d16a18d2ec13a0814663cee0dcd66dee05953c4e,55d659f16ae506e790d914053d78fec74699e80b47fe6d1fefd31f58b83ff6e9,b92fae6ca12d310618d7bb738af1a11fcfe1af1d0a8fa843af640e89d0ab3a51,20260813,,,,True,True,4096,True,/home/kai3/coco/quantization_graph/results/disk_environment/.test_runs/gist/gist_test_20260829_204245/runs/gist_test_20260829_204245/05A_disk_quantizer_io/gist/artifacts/test/SQ_4bit__payload_on_ssd__B2__c0__w32__r0.json,SQ,05A quantizer I/O
05a,gist,SQ_4bit,payload_on_ssd,test,gist_test_20260829_204245,0,32,2.0,fixed_candidates_k29,rerank_candidates=29,29,,c0,1,0.7203,2211.86096108,9150.249971,4252.626,18125.712,116268.552,0.7203,0.15314752828,0.304665563718,0.239736453202,457.772972107,0,,,221794304,,,,,28.457,31.879,130576.384,9000.811598,137.089109,0.0,8.318895,0.0,0.0,29.0,,,,,,,1000,01_quantizer_fair,faiss::ScalarQuantizer(QT_4bit),05a-faiss-sq4-native-odirect-v1,b3e97b4e71dbf2d0553be4307d13f95e3c3df537147d5a1b5c5b0ff591393d18,ffc67dab09e9b01edefc1bc2f186a10d426ce6599531f0954be14881710ce5ca,e21c05456fc3849b419cdc75d16a18d2ec13a0814663cee0dcd66dee05953c4e,55d659f16ae506e790d914053d78fec74699e80b47fe6d1fefd31f58b83ff6e9,b92fae6ca12d310618d7bb738af1a11fcfe1af1d0a8fa843af640e89d0ab3a51,20260813,,,,True,True,4096,True,/home/kai3/coco/quantization_graph/results/disk_environment/.test_runs/gist/gist_test_20260829_204245/runs/gist_test_20260829_204245/05A_disk_quantizer_io/gist/artifacts/test/SQ_4bit__payload_on_ssd__B2__c0__w32__r0.json,SQ,05A quantizer I/O
05a,gist,SQ_4bit,payload_on_ssd,test,gist_test_20260829_204245,0,32,2.0,fixed_candidates_k30,rerank_candidates=30,30,,c0,1,0.7177,2357.46087272,9721.216108,4765.761,37296.007,105795.344,0.7177,0.152766542789,0.304056778637,0.239377011494,457.772972107,0,,,221794304,,,,,29.431,32.962,135012.352,9567.057154,141.609087,0.0,8.439479,0.0,0.0,30.0,,,,,,,1000,01_quantizer_fair,faiss::ScalarQuantizer(QT_4bit),05a-faiss-sq4-native-odirect-v1,b3e97b4e71dbf2d0553be4307d13f95e3c3df537147d5a1b5c5b0ff591393d18,ffc67dab09e9b01edefc1bc2f186a10d426ce6599531f0954be14881710ce5ca,e21c05456fc3849b419cdc75d16a18d2ec13a0814663cee0dcd66dee05953c4e,55d659f16ae506e790d914053d78fec74699e80b47fe6d1fefd31f58b83ff6e9,b92fae6ca12d310618d7bb738af1a11fcfe1af1d0a8fa843af640e89d0ab3a51,20260813,,,,True,True,4096,True,/home/kai3/coco/quantization_graph/results/disk_environment/.test_runs/gist/gist_test_20260829_204245/runs/gist_test_20260829_204245/05A_disk_quantizer_io/gist/artifacts/test/SQ_4bit__payload_on_ssd__B2__c0__w32__r0.json,SQ,05A quantizer I/O
05a,gist,SQ_4bit,payload_on_ssd,test,gist_test_20260829_204245,0,32,2.0,fixed_candidates_k40,rerank_candidates=40,40,,c0,1,0.7046,1322.82884297,19803.214165,5316.446,109744.689,263280.791,0.7046,0.149781178211,0.298379897528,0.237162820513,457.772972107,0,,,221794304,,,,,39.187,43.957,180047.872,19577.800815,207.713776,0.0,12.279261,0.0,0.0,40.0,,,,,,,1000,01_quantizer_fair,faiss::ScalarQuantizer(QT_4bit),05a-faiss-sq4-native-odirect-v1,b3e97b4e71dbf2d0553be4307d13f95e3c3df537147d5a1b5c5b0ff591393d18,ffc67dab09e9b01edefc1bc2f186a10d426ce6599531f0954be14881710ce5ca,e21c05456fc3849b419cdc75d16a18d2ec13a0814663cee0dcd66dee05953c4e,55d659f16ae506e790d914053d78fec74699e80b47fe6d1fefd31f58b83ff6e9,b92fae6ca12d310618d7bb738af1a11fcfe1af1d0a8fa843af640e89d0ab3a51,20260813,,,,True,True,4096,True,/home/kai3/coco/quantization_graph/results/disk_environment/.test_runs/gist/gist_test_20260829_204245/runs/gist_test_20260829_204245/05A_disk_quantizer_io/gist/artifacts/test/SQ_4bit__payload_on_ssd__B2__c0__w32__r0.json,SQ,05A quantizer I/O
05a,gist,SQ_4bit,payload_on_ssd,test,gist_test_20260829_204245,0,32,2.0,fixed_candidates_k50,rerank_candidates=50,50,,c0,1,0.6969,1196.20350177,21980.744167,9389.98,103207.977,200257.262,0.6969,0.147674532195,0.295685482147,0.235143673469,457.772972107,0,,,221794304,,,,,48.959,54.946,225058.816,21695.874989,262.035925,0.0,15.859361,0.0,0.0,50.0,,,,,,,1000,01_quantizer_fair,faiss::ScalarQuantizer(QT_4bit),05a-faiss-sq4-native-odirect-v1,b3e97b4e71dbf2d0553be4307d13f95e3c3df537147d5a1b5c5b0ff591393d18,ffc67dab09e9b01edefc1bc2f186a10d426ce6599531f0954be14881710ce5ca,e21c05456fc3849b419cdc75d16a18d2ec13a0814663cee0dcd66dee05953c4e,55d659f16ae506e790d914053d78fec74699e80b47fe6d1fefd31f58b83ff6e9,b92fae6ca12d310618d7bb738af1a11fcfe1af1d0a8fa843af640e89d0ab3a51,20260813,,,,True,True,4096,True,/home/kai3/coco/quantization_graph/results/disk_environment/.test_runs/gist/gist_test_20260829_204245/runs/gist_test_20260829_204245/05A_disk_quantizer_io/gist/artifacts/test/SQ_4bit__payload_on_ssd__B2__c0__w32__r0.json,SQ,05A quantizer I/O
05a,gist,SQ_4bit,payload_on_ssd,test,gist_test_20260829_204245,0,32,2.0,fixed_candidates_k60,rerank_candidates=60,60,,c0,1,0.6922,1157.41261844,22504.424363,11218.313,106667.703,190330.859,0.6922,0.145956560245,0.292010494245,0.234661016949,457.772972107,0,,,221794304,,,,,58.707,65.892,269893.632,22208.305676,270.653174,0.0,17.746951,0.0,0.0,60.0,,,,,,,1000,01_quantizer_fair,faiss::ScalarQuantizer(QT_4bit),05a-faiss-sq4-native-odirect-v1,b3e97b4e71dbf2d0553be4307d13f95e3c3df537147d5a1b5c5b0ff591393d18,ffc67dab09e9b01edefc1bc2f186a10d426ce6599531f0954be14881710ce5ca,e21c05456fc3849b419cdc75d16a18d2ec13a0814663cee0dcd66dee05953c4e,55d659f16ae506e790d914053d78fec74699e80b47fe6d1fefd31f58b83ff6e9,b92fae6ca12d310618d7bb738af1a11fcfe1af1d0a8fa843af640e89d0ab3a51,20260813,,,,True,True,4096,True,/home/kai3/coco/quantization_graph/results/disk_environment/.test_runs/gist/gist_test_20260829_204245/runs/gist_test_20260829_204245/05A_disk_quantizer_io/gist/artifacts/test/SQ_4bit__payload_on_ssd__B2__c0__w32__r0.json,SQ,05A quantizer I/O
05a,gist,SQ_4bit,payload_on_ssd,test,gist_test_20260829_204245,0,32,2.0,fixed_candidates_k70,rerank_candidates=70,70,,c0,1,0.6886,1136.5743017,24176.175323,12908.917,95050.903,271111.745,0.6886,0.144545142646,0.28978969278,0.233952795031,457.772972107,0,,,221794304,,,,,68.429,76.808,314605.568,23817.30581,327.799288,0.0,21.630571,0.0,0.0,70.0,,,,,,,1000,01_quantizer_fair,faiss::ScalarQuantizer(QT_4bit),05a-faiss-sq4-native-odirect-v1,b3e97b4e71dbf2d0553be4307d13f95e3c3df537147d5a1b5c5b0ff591393d18,ffc67dab09e9b01edefc1bc2f186a10d426ce6599531f0954be14881710ce5ca,e21c05456fc3849b419cdc75d16a18d2ec13a0814663cee0dcd66dee05953c4e,55d659f16ae506e790d914053d78fec74699e80b47fe6d1fefd31f58b83ff6e9,b92fae6ca12d310618d7bb738af1a11fcfe1af1d0a8fa843af640e89d0ab3a51,20260813,,,,True,True,4096,True,/home/kai3/coco/quantization_graph/results/disk_environment/.test_runs/gist/gist_test_20260829_204245/runs/gist_test_20260829_204245/05A_disk_quantizer_io/gist/artifacts/test/SQ_4bit__payload_on_ssd__B2__c0__w32__r0.json,SQ,05A quantizer I/O
05a,gist,SQ_4bit,payload_on_ssd,test,gist_test_20260829_204245,0,32,2.0,fixed_candidates_k80,rerank_candidates=80,80,,c0,1,0.6867,947.006987163,29431.292204,12168.796,124614.452,240671.027,0.6867,0.14332554931,0.286597428257,0.23347278481,457.772972107,0,,,221794304,,,,,78.148,87.777,359534.592,28970.021512,425.1129,0.0,25.442865,0.0,0.0,80.0,,,,,,,1000,01_quantizer_fair,faiss::ScalarQuantizer(QT_4bit),05a-faiss-sq4-native-odirect-v1,b3e97b4e71dbf2d0553be4307d13f95e3c3df537147d5a1b5c5b0ff591393d18,ffc67dab09e9b01edefc1bc2f186a10d426ce6599531f0954be14881710ce5ca,e21c05456fc3849b419cdc75d16a18d2ec13a0814663cee0dcd66dee05953c4e,55d659f16ae506e790d914053d78fec74699e80b47fe6d1fefd31f58b83ff6e9,b92fae6ca12d310618d7bb738af1a11fcfe1af1d0a8fa843af640e89d0ab3a51,20260813,,,,True,True,4096,True,/home/kai3/coco/quantization_graph/results/disk_environment/.test_runs/gist/gist_test_20260829_204245/runs/gist_test_20260829_204245/05A_disk_quantizer_io/gist/artifacts/test/SQ_4bit__payload_on_ssd__B2__c0__w32__r0.json,SQ,05A quantizer I/O
05a,gist,SQ_4bit,payload_on_ssd,test,gist_test_20260829_204245,0,32,2.0,fixed_candidates_k90,rerank_candidates=90,90,,c0,1,0.6854,822.326284946,36133.924812,12748.628,160313.669,319980.443,0.6854,0.142302626044,0.284525352594,0.23243071161,457.772972107,0,,,221794304,,,,,87.899,98.742,404447.232,35635.965383,458.885188,0.0,27.288824,0.0,0.0,90.0,,,,,,,1000,01_quantizer_fair,faiss::ScalarQuantizer(QT_4bit),05a-faiss-sq4-native-odirect-v1,b3e97b4e71dbf2d0553be4307d13f95e3c3df537147d5a1b5c5b0ff591393d18,ffc67dab09e9b01edefc1bc2f186a10d426ce6599531f0954be14881710ce5ca,e21c05456fc3849b419cdc75d16a18d2ec13a0814663cee0dcd66dee05953c4e,55d659f16ae506e790d914053d78fec74699e80b47fe6d1fefd31f58b83ff6e9,b92fae6ca12d310618d7bb738af1a11fcfe1af1d0a8fa843af640e89d0ab3a51,20260813,,,,True,True,4096,True,/home/kai3/coco/quantization_graph/results/disk_environment/.test_runs/gist/gist_test_20260829_204245/runs/gist_test_20260829_204245/05A_disk_quantizer_io/gist/artifacts/test/SQ_4bit__payload_on_ssd__B2__c0__w32__r0.json,SQ,05A quantizer I/O
05a,gist,SQ_4bit,payload_on_ssd,test,gist_test_20260829_204245,0,32,2.0,fixed_candidates_k100,rerank_candidates=100,100,,c0,1,0.6846,833.357208323,34048.080534,17409.529,126545.646,249316.384,0.6846,0.141410257384,0.283044470644,0.231835353535,457.772972107,0,,,221794304,,,,,97.615,109.618,448995.328,33520.976517,480.863665,0.0,31.373365,0.0,0.0,100.0,,,,,,,1000,01_quantizer_fair,faiss::ScalarQuantizer(QT_4bit),05a-faiss-sq4-native-odirect-v1,b3e97b4e71dbf2d0553be4307d13f95e3c3df537147d5a1b5c5b0ff591393d18,ffc67dab09e9b01edefc1bc2f186a10d426ce6599531f0954be14881710ce5ca,e21c05456fc3849b419cdc75d16a18d2ec13a0814663cee0dcd66dee05953c4e,55d659f16ae506e790d914053d78fec74699e80b47fe6d1fefd31f58b83ff6e9,b92fae6ca12d310618d7bb738af1a11fcfe1af1d0a8fa843af640e89d0ab3a51,20260813,,,,True,True,4096,True,/home/kai3/coco/quantization_graph/results/disk_environment/.test_runs/gist/gist_test_20260829_204245/runs/gist_test_20260829_204245/05A_disk_quantizer_io/gist/artifacts/test/SQ_4bit__payload_on_ssd__B2__c0__w32__r0.json,SQ,05A quantizer I/O
05a,gist,SQ_4bit,payload_on_ssd,test,gist_test_20260829_204245,0,32,2.0,fixed_candidates_k140,rerank_candidates=140,140,,c0,1,0.6807,626.699184383,46990.304685,26600.954,161091.564,231984.994,0.6807,0.138741481647,0.27805290316,0.231835353535,457.772972107,0,,,221794304,,,,,136.409,153.277,627822.592,46308.122667,627.044968,0.0,36.913873,0.0,0.0,140.0,,,,,,,1000,01_quantizer_fair,faiss::ScalarQuantizer(QT_4bit),05a-faiss-sq4-native-odirect-v1,b3e97b4e71dbf2d0553be4307d13f95e3c3df537147d5a1b5c5b0ff591393d18,ffc67dab09e9b01edefc1bc2f186a10d426ce6599531f0954be14881710ce5ca,e21c05456fc3849b419cdc75d16a18d2ec13a0814663cee0dcd66dee05953c4e,55d659f16ae506e790d914053d78fec74699e80b47fe6d1fefd31f58b83ff6e9,b92fae6ca12d310618d7bb738af1a11fcfe1af1d0a8fa843af640e89d0ab3a51,20260813,,,,True,True,4096,True,/home/kai3/coco/quantization_graph/results/disk_environment/.test_runs/gist/gist_test_20260829_204245/runs/gist_test_20260829_204245/05A_disk_quantizer_io/gist/artifacts/test/SQ_4bit__payload_on_ssd__B2__c0__w32__r0.json,SQ,05A quantizer I/O
05a,gist,SQ_4bit,payload_on_ssd,test,gist_test_20260829_204245,0,32,2.0,fixed_candidates_k180,rerank_candidates=180,180,,c0,1,0.6783,504.032597728,59549.172473,37313.71,179298.779,323516.817,0.6783,0.136822779054,0.274099139641,0.231835353535,457.772972107,0,,,221794304,,,,,175.099,196.941,806670.336,58618.454273,856.193782,0.0,49.779603,0.0,0.0,180.0,,,,,,,1000,01_quantizer_fair,faiss::ScalarQuantizer(QT_4bit),05a-faiss-sq4-native-odirect-v1,b3e97b4e71dbf2d0553be4307d13f95e3c3df537147d5a1b5c5b0ff591393d18,ffc67dab09e9b01edefc1bc2f186a10d426ce6599531f0954be14881710ce5ca,e21c05456fc3849b419cdc75d16a18d2ec13a0814663cee0dcd66dee05953c4e,55d659f16ae506e790d914053d78fec74699e80b47fe6d1fefd31f58b83ff6e9,b92fae6ca12d310618d7bb738af1a11fcfe1af1d0a8fa843af640e89d0ab3a51,20260813,,,,True,True,4096,True,/home/kai3/coco/quantization_graph/results/disk_environment/.test_runs/gist/gist_test_20260829_204245/runs/gist_test_20260829_204245/05A_disk_quantizer_io/gist/artifacts/test/SQ_4bit__payload_on_ssd__B2__c0__w32__r0.json,SQ,05A quantizer I/O
05a,gist,SQ_4bit,payload_on_ssd,test,gist_test_20260829_204245,0,32,2.0,fixed_candidates_k220,rerank_candidates=220,220,,c0,1,0.6773,473.505173784,63582.997532,37144.586,240333.45,353538.727,0.6773,0.135301245894,0.270933009531,0.231835353535,457.772972107,0,,,221794304,,,,,213.625,240.59,985456.64,62504.393623,988.327511,0.0,59.490488,0.0,0.0,220.0,,,,,,,1000,01_quantizer_fair,faiss::ScalarQuantizer(QT_4bit),05a-faiss-sq4-native-odirect-v1,b3e97b4e71dbf2d0553be4307d13f95e3c3df537147d5a1b5c5b0ff591393d18,ffc67dab09e9b01edefc1bc2f186a10d426ce6599531f0954be14881710ce5ca,e21c05456fc3849b419cdc75d16a18d2ec13a0814663cee0dcd66dee05953c4e,55d659f16ae506e790d914053d78fec74699e80b47fe6d1fefd31f58b83ff6e9,b92fae6ca12d310618d7bb738af1a11fcfe1af1d0a8fa843af640e89d0ab3a51,20260813,,,,True,True,4096,True,/home/kai3/coco/quantization_graph/results/disk_environment/.test_runs/gist/gist_test_20260829_204245/runs/gist_test_20260829_204245/05A_disk_quantizer_io/gist/artifacts/test/SQ_4bit__payload_on_ssd__B2__c0__w32__r0.json,SQ,05A quantizer I/O
05a,gist,SQ_4bit,payload_on_ssd,test,gist_test_20260829_204245,0,32,2.0,fixed_candidates_k260,rerank_candidates=260,260,,c0,1,0.6763,442.524117135,67654.352869,51949.205,177439.641,313970.872,0.6763,0.134150869958,0.268582252095,0.231835353535,457.772972107,0,,,221794304,,,,,252.078,284.195,1164062.72,66540.249455,1015.432938,0.0,63.56309,0.0,0.0,260.0,,,,,,,1000,01_quantizer_fair,faiss::ScalarQuantizer(QT_4bit),05a-faiss-sq4-native-odirect-v1,b3e97b4e71dbf2d0553be4307d13f95e3c3df537147d5a1b5c5b0ff591393d18,ffc67dab09e9b01edefc1bc2f186a10d426ce6599531f0954be14881710ce5ca,e21c05456fc3849b419cdc75d16a18d2ec13a0814663cee0dcd66dee05953c4e,55d659f16ae506e790d914053d78fec74699e80b47fe6d1fefd31f58b83ff6e9,b92fae6ca12d310618d7bb738af1a11fcfe1af1d0a8fa843af640e89d0ab3a51,20260813,,,,True,True,4096,True,/home/kai3/coco/quantization_graph/results/disk_environment/.test_runs/gist/gist_test_20260829_204245/runs/gist_test_20260829_204245/05A_disk_quantizer_io/gist/artifacts/test/SQ_4bit__payload_on_ssd__B2__c0__w32__r0.json,SQ,05A quantizer I/O
05a,gist,SQ_4bit,payload_on_ssd,test,gist_test_20260829_204245,0,32,2.0,fixed_candidates_k300,rerank_candidates=300,300,,c0,1,0.6758,386.45355556,78380.924276,55205.134,237072.981,361689.246,0.6758,0.133147640102,0.266540871844,0.231835353535,457.772972107,0,,,221794304,,,,,290.38,327.777,1342574.592,77055.275964,1210.97236,0.0,73.573467,0.0,0.0,300.0,,,,,,,1000,01_quantizer_fair,faiss::ScalarQuantizer(QT_4bit),05a-faiss-sq4-native-odirect-v1,b3e97b4e71dbf2d0553be4307d13f95e3c3df537147d5a1b5c5b0ff591393d18,ffc67dab09e9b01edefc1bc2f186a10d426ce6599531f0954be14881710ce5ca,e21c05456fc3849b419cdc75d16a18d2ec13a0814663cee0dcd66dee05953c4e,55d659f16ae506e790d914053d78fec74699e80b47fe6d1fefd31f58b83ff6e9,b92fae6ca12d310618d7bb738af1a11fcfe1af1d0a8fa843af640e89d0ab3a51,20260813,,,,True,True,4096,True,/home/kai3/coco/quantization_graph/results/disk_environment/.test_runs/gist/gist_test_20260829_204245/runs/gist_test_20260829_204245/05A_disk_quantizer_io/gist/artifacts/test/SQ_4bit__payload_on_ssd__B2__c0__w32__r0.json,SQ,05A quantizer I/O
05a,gist,SQ_4bit,payload_on_ssd,test,gist_test_20260829_204245,0,32,2.0,fixed_candidates_k340,rerank_candidates=340,340,,c0,1,0.6754,362.30159358,84998.695385,65328.498,228879.589,454097.0,0.6754,0.132216063418,0.264745053813,0.231835353535,457.772972107,0,,,221794304,,,,,328.635,371.315,1520906.24,83575.669589,1295.681286,0.0,80.964131,0.0,0.0,340.0,,,,,,,1000,01_quantizer_fair,faiss::ScalarQuantizer(QT_4bit),05a-faiss-sq4-native-odirect-v1,b3e97b4e71dbf2d0553be4307d13f95e3c3df537147d5a1b5c5b0ff591393d18,ffc67dab09e9b01edefc1bc2f186a10d426ce6599531f0954be14881710ce5ca,e21c05456fc3849b419cdc75d16a18d2ec13a0814663cee0dcd66dee05953c4e,55d659f16ae506e790d914053d78fec74699e80b47fe6d1fefd31f58b83ff6e9,b92fae6ca12d310618d7bb738af1a11fcfe1af1d0a8fa843af640e89d0ab3a51,20260813,,,,True,True,4096,True,/home/kai3/coco/quantization_graph/results/disk_environment/.test_runs/gist/gist_test_20260829_204245/runs/gist_test_20260829_204245/05A_disk_quantizer_io/gist/artifacts/test/SQ_4bit__payload_on_ssd__B2__c0__w32__r0.json,SQ,05A quantizer I/O
05a,gist,SQ_4bit,payload_on_ssd,test,gist_test_20260829_204245,0,32,2.0,fixed_candidates_k380,rerank_candidates=380,380,,c0,1,0.6749,280.906461037,110270.578523,79193.396,297404.316,478317.072,0.6749,0.131450130239,0.263277903234,0.231835353535,457.772972107,0,,,221794304,,,,,366.714,414.856,1699250.176,108175.16032,1903.756074,0.0,119.355137,0.0,0.0,380.0,,,,,,,1000,01_quantizer_fair,faiss::ScalarQuantizer(QT_4bit),05a-faiss-sq4-native-odirect-v1,b3e97b4e71dbf2d0553be4307d13f95e3c3df537147d5a1b5c5b0ff591393d18,ffc67dab09e9b01edefc1bc2f186a10d426ce6599531f0954be14881710ce5ca,e21c05456fc3849b419cdc75d16a18d2ec13a0814663cee0dcd66dee05953c4e,55d659f16ae506e790d914053d78fec74699e80b47fe6d1fefd31f58b83ff6e9,b92fae6ca12d310618d7bb738af1a11fcfe1af1d0a8fa843af640e89d0ab3a51,20260813,,,,True,True,4096,True,/home/kai3/coco/quantization_graph/results/disk_environment/.test_runs/gist/gist_test_20260829_204245/runs/gist_test_20260829_204245/05A_disk_quantizer_io/gist/artifacts/test/SQ_4bit__payload_on_ssd__B2__c0__w32__r0.json,SQ,05A quantizer I/O
05a,gist,SQ_4bit,payload_on_ssd,test,gist_test_20260829_204245,0,32,2.0,fixed_candidates_k420,rerank_candidates=420,420,,c0,1,0.6747,306.030803278,99781.641578,81179.202,218611.3,429849.107,0.6747,0.130771263714,0.262049805205,0.231835353535,457.772972107,0,,,221794304,,,,,404.717,458.24,1876951.04,97964.427836,1643.309379,0.0,108.089045,0.0,0.0,420.0,,,,,,,1000,01_quantizer_fair,faiss::ScalarQuantizer(QT_4bit),05a-faiss-sq4-native-odirect-v1,b3e97b4e71dbf2d0553be4307d13f95e3c3df537147d5a1b5c5b0ff591393d18,ffc67dab09e9b01edefc1bc2f186a10d426ce6599531f0954be14881710ce5ca,e21c05456fc3849b419cdc75d16a18d2ec13a0814663cee0dcd66dee05953c4e,55d659f16ae506e790d914053d78fec74699e80b47fe6d1fefd31f58b83ff6e9,b92fae6ca12d310618d7bb738af1a11fcfe1af1d0a8fa843af640e89d0ab3a51,20260813,,,,True,True,4096,True,/home/kai3/coco/quantization_graph/results/disk_environment/.test_runs/gist/gist_test_20260829_204245/runs/gist_test_20260829_204245/05A_disk_quantizer_io/gist/artifacts/test/SQ_4bit__payload_on_ssd__B2__c0__w32__r0.json,SQ,05A quantizer I/O
05a,gist,SQ_4bit,payload_on_ssd,test,gist_test_20260829_204245,0,32,2.0,fixed_candidates_k460,rerank_candidates=460,460,,c0,1,0.6742,273.844019168,112855.642033,89620.833,306000.257,444293.792,0.6742,0.130131568597,0.260822297245,0.231835353535,457.772972107,0,,,221794304,,,,,442.622,501.59,2054512.64,110708.7885,1950.04255,0.0,123.440725,0.0,0.0,460.0,,,,,,,1000,01_quantizer_fair,faiss::ScalarQuantizer(QT_4bit),05a-faiss-sq4-native-odirect-v1,b3e97b4e71dbf2d0553be4307d13f95e3c3df537147d5a1b5c5b0ff591393d18,ffc67dab09e9b01edefc1bc2f186a10d426ce6599531f0954be14881710ce5ca,e21c05456fc3849b419cdc75d16a18d2ec13a0814663cee0dcd66dee05953c4e,55d659f16ae506e790d914053d78fec74699e80b47fe6d1fefd31f58b83ff6e9,b92fae6ca12d310618d7bb738af1a11fcfe1af1d0a8fa843af640e89d0ab3a51,20260813,,,,True,True,4096,True,/home/kai3/coco/quantization_graph/results/disk_environment/.test_runs/gist/gist_test_20260829_204245/runs/gist_test_20260829_204245/05A_disk_quantizer_io/gist/artifacts/test/SQ_4bit__payload_on_ssd__B2__c0__w32__r0.json,SQ,05A quantizer I/O
05a,gist,SAQ_B4,resident,test,gist_test_20260829_204245,0,32,2.0,fixed_candidates_k10,rerank_candidates=10,10,,c0,1,1.0,162965.237233,152.131826,158.174,200.92,301.861,1.0,0.00120543681792,0.00236080354318,0.0175333333333,571.583329201,573448192,,,674062336,,,,,0.0,0.0,0.0,0.0,151.015475,0.0,0.985285,0.0,0.0,10.0,,,,,,,1000,01_quantizer_fair,official SAQ B=4 distance kernel,05a-saq-b4-native-odirect-v1,253a14eea355095ecdce40c9f4aae74c633a546b7592460e78e5db10b52a8696,ffc67dab09e9b01edefc1bc2f186a10d426ce6599531f0954be14881710ce5ca,5794d56f95bbcc080e9a51f1f90f872dc02c2b9bb64440298ef82318ee7a51d0,55d659f16ae506e790d914053d78fec74699e80b47fe6d1fefd31f58b83ff6e9,b92fae6ca12d310618d7bb738af1a11fcfe1af1d0a8fa843af640e89d0ab3a51,20260813,,,,False,False,4096,True,/home/kai3/coco/quantization_graph/results/disk_environment/.test_runs/gist/gist_test_20260829_204245/runs/gist_test_20260829_204245/05A_disk_quantizer_io/gist/artifacts/test/SAQ_B4__resident__B2__c0__w32__r0.json,SAQ,05A quantizer I/O
05a,gist,SAQ_B4,resident,test,gist_test_20260829_204245,0,32,2.0,fixed_candidates_k11,rerank_candidates=11,11,,c0,1,0.9855,169304.429681,152.802117,162.073,190.868,199.617,0.9855,0.00117479280429,0.00235572012661,0.0173272727273,571.583329201,573448192,,,674062336,,,,,0.0,0.0,0.0,0.0,151.686171,0.0,0.993563,0.0,0.0,11.0,,,,,,,1000,01_quantizer_fair,official SAQ B=4 distance kernel,05a-saq-b4-native-odirect-v1,253a14eea355095ecdce40c9f4aae74c633a546b7592460e78e5db10b52a8696,ffc67dab09e9b01edefc1bc2f186a10d426ce6599531f0954be14881710ce5ca,5794d56f95bbcc080e9a51f1f90f872dc02c2b9bb64440298ef82318ee7a51d0,55d659f16ae506e790d914053d78fec74699e80b47fe6d1fefd31f58b83ff6e9,b92fae6ca12d310618d7bb738af1a11fcfe1af1d0a8fa843af640e89d0ab3a51,20260813,,,,False,False,4096,True,/home/kai3/coco/quantization_graph/results/disk_environment/.test_runs/gist/gist_test_20260829_204245/runs/gist_test_20260829_204245/05A_disk_quantizer_io/gist/artifacts/test/SAQ_B4__resident__B2__c0__w32__r0.json,SAQ,05A quantizer I/O
05a,gist,SAQ_B4,resident,test,gist_test_20260829_204245,0,32,2.0,fixed_candidates_k12,rerank_candidates=12,12,,c0,1,0.9837,159478.441704,163.357697,172.22,204.752,215.443,0.9837,0.0011487435663,0.00234304162149,0.0170151515152,571.583329201,573448192,,,674062336,,,,,0.0,0.0,0.0,0.0,162.177842,0.0,1.057463,0.0,0.0,12.0,,,,,,,1000,01_quantizer_fair,official SAQ B=4 distance kernel,05a-saq-b4-native-odirect-v1,253a14eea355095ecdce40c9f4aae74c633a546b7592460e78e5db10b52a8696,ffc67dab09e9b01edefc1bc2f186a10d426ce6599531f0954be14881710ce5ca,5794d56f95bbcc080e9a51f1f90f872dc02c2b9bb64440298ef82318ee7a51d0,55d659f16ae506e790d914053d78fec74699e80b47fe6d1fefd31f58b83ff6e9,b92fae6ca12d310618d7bb738af1a11fcfe1af1d0a8fa843af640e89d0ab3a51,20260813,,,,False,False,4096,True,/home/kai3/coco/quantization_graph/results/disk_environment/.test_runs/gist/gist_test_20260829_204245/runs/gist_test_20260829_204245/05A_disk_quantizer_io/gist/artifacts/test/SAQ_B4__resident__B2__c0__w32__r0.json,SAQ,05A quantizer I/O
05a,gist,SAQ_B4,resident,test,gist_test_20260829_204245,0,32,2.0,fixed_candidates_k13,rerank_candidates=13,13,,c0,1,0.9835,150569.121164,174.170841,183.932,217.38,225.514,0.9835,0.00112591843026,0.00233272567922,0.0167179487179,571.583329201,573448192,,,674062336,,,,,0.0,0.0,0.0,0.0,172.899876,0.0,1.14776,0.0,0.0,13.0,,,,,,,1000,01_quantizer_fair,official SAQ B=4 distance kernel,05a-saq-b4-native-odirect-v1,253a14eea355095ecdce40c9f4aae74c633a546b7592460e78e5db10b52a8696,ffc67dab09e9b01edefc1bc2f186a10d426ce6599531f0954be14881710ce5ca,5794d56f95bbcc080e9a51f1f90f872dc02c2b9bb64440298ef82318ee7a51d0,55d659f16ae506e790d914053d78fec74699e80b47fe6d1fefd31f58b83ff6e9,b92fae6ca12d310618d7bb738af1a11fcfe1af1d0a8fa843af640e89d0ab3a51,20260813,,,,False,False,4096,True,/home/kai3/coco/quantization_graph/results/disk_environment/.test_runs/gist/gist_test_20260829_204245/runs/gist_test_20260829_204245/05A_disk_quantizer_io/gist/artifacts/test/SAQ_B4__resident__B2__c0__w32__r0.json,SAQ,05A quantizer I/O
05a,gist,SAQ_B4,resident,test,gist_test_20260829_204245,0,32,2.0,fixed_candidates_k14,rerank_candidates=14,14,,c0,1,0.9835,145136.511775,184.569866,195.025,229.382,239.323,0.9835,0.00110680839694,0.00232319062726,0.0162857142857,571.583329201,573448192,,,674062336,,,,,0.0,0.0,0.0,0.0,183.224565,0.0,1.216869,0.0,0.0,14.0,,,,,,,1000,01_quantizer_fair,official SAQ B=4 distance kernel,05a-saq-b4-native-odirect-v1,253a14eea355095ecdce40c9f4aae74c633a546b7592460e78e5db10b52a8696,ffc67dab09e9b01edefc1bc2f186a10d426ce6599531f0954be14881710ce5ca,5794d56f95bbcc080e9a51f1f90f872dc02c2b9bb64440298ef82318ee7a51d0,55d659f16ae506e790d914053d78fec74699e80b47fe6d1fefd31f58b83ff6e9,b92fae6ca12d310618d7bb738af1a11fcfe1af1d0a8fa843af640e89d0ab3a51,20260813,,,,False,False,4096,True,/home/kai3/coco/quantization_graph/results/disk_environment/.test_runs/gist/gist_test_20260829_204245/runs/gist_test_20260829_204245/05A_disk_quantizer_io/gist/artifacts/test/SAQ_B4__resident__B2__c0__w32__r0.json,SAQ,05A quantizer I/O
05a,gist,SAQ_B4,resident,test,gist_test_20260829_204245,0,32,2.0,fixed_candidates_k15,rerank_candidates=15,15,,c0,1,0.9835,136986.732972,195.609554,207.691,245.303,260.458,0.9835,0.00108987454397,0.00231349193819,0.0165142857143,571.583329201,573448192,,,674062336,,,,,0.0,0.0,0.0,0.0,194.164373,0.0,1.322638,0.0,0.0,15.0,,,,,,,1000,01_quantizer_fair,official SAQ B=4 distance kernel,05a-saq-b4-native-odirect-v1,253a14eea355095ecdce40c9f4aae74c633a546b7592460e78e5db10b52a8696,ffc67dab09e9b01edefc1bc2f186a10d426ce6599531f0954be14881710ce5ca,5794d56f95bbcc080e9a51f1f90f872dc02c2b9bb64440298ef82318ee7a51d0,55d659f16ae506e790d914053d78fec74699e80b47fe6d1fefd31f58b83ff6e9,b92fae6ca12d310618d7bb738af1a11fcfe1af1d0a8fa843af640e89d0ab3a51,20260813,,,,False,False,4096,True,/home/kai3/coco/quantization_graph/results/disk_environment/.test_runs/gist/gist_test_20260829_204245/runs/gist_test_20260829_204245/05A_disk_quantizer_io/gist/artifacts/test/SAQ_B4__resident__B2__c0__w32__r0.json,SAQ,05A quantizer I/O
05a,gist,SAQ_B4,resident,test,gist_test_20260829_204245,0,32,2.0,fixed_candidates_k16,rerank_candidates=16,16,,c0,1,0.9835,131295.401129,205.816165,220.017,256.51,265.174,0.9835,0.00107520295471,0.0023098062063,0.0165916666667,571.583329201,573448192,,,674062336,,,,,0.0,0.0,0.0,0.0,204.298687,0.0,1.394455,0.0,0.0,16.0,,,,,,,1000,01_quantizer_fair,official SAQ B=4 distance kernel,05a-saq-b4-native-odirect-v1,253a14eea355095ecdce40c9f4aae74c633a546b7592460e78e5db10b52a8696,ffc67dab09e9b01edefc1bc2f186a10d426ce6599531f0954be14881710ce5ca,5794d56f95bbcc080e9a51f1f90f872dc02c2b9bb64440298ef82318ee7a51d0,55d659f16ae506e790d914053d78fec74699e80b47fe6d1fefd31f58b83ff6e9,b92fae6ca12d310618d7bb738af1a11fcfe1af1d0a8fa843af640e89d0ab3a51,20260813,,,,False,False,4096,True,/home/kai3/coco/quantization_graph/results/disk_environment/.test_runs/gist/gist_test_20260829_204245/runs/gist_test_20260829_204245/05A_disk_quantizer_io/gist/artifacts/test/SAQ_B4__resident__B2__c0__w32__r0.json,SAQ,05A quantizer I/O
05a,gist,SAQ_B4,resident,test,gist_test_20260829_204245,0,32,2.0,fixed_candidates_k17,rerank_candidates=17,17,,c0,1,0.9835,125559.303919,216.83767,230.199,271.655,283.086,0.9835,0.00106100848272,0.00230442538609,0.0163823529412,571.583329201,573448192,,,674062336,,,,,0.0,0.0,0.0,0.0,215.06166,0.0,1.648679,0.0,0.0,17.0,,,,,,,1000,01_quantizer_fair,official SAQ B=4 distance kernel,05a-saq-b4-native-odirect-v1,253a14eea355095ecdce40c9f4aae74c633a546b7592460e78e5db10b52a8696,ffc67dab09e9b01edefc1bc2f186a10d426ce6599531f0954be14881710ce5ca,5794d56f95bbcc080e9a51f1f90f872dc02c2b9bb64440298ef82318ee7a51d0,55d659f16ae506e790d914053d78fec74699e80b47fe6d1fefd31f58b83ff6e9,b92fae6ca12d310618d7bb738af1a11fcfe1af1d0a8fa843af640e89d0ab3a51,20260813,,,,False,False,4096,True,/home/kai3/coco/quantization_graph/results/disk_environment/.test_runs/gist/gist_test_20260829_204245/runs/gist_test_20260829_204245/05A_disk_quantizer_io/gist/artifacts/test/SAQ_B4__resident__B2__c0__w32__r0.json,SAQ,05A quantizer I/O
05a,gist,SAQ_B4,resident,test,gist_test_20260829_204245,0,32,2.0,fixed_candidates_k18,rerank_candidates=18,18,,c0,1,0.9835,119869.007149,227.130745,242.692,284.747,293.033,0.9835,0.00104945911068,0.00229710753167,0.0161241830065,571.583329201,573448192,,,674062336,,,,,0.0,0.0,0.0,0.0,225.228175,0.0,1.769604,0.0,0.0,18.0,,,,,,,1000,01_quantizer_fair,official SAQ B=4 distance kernel,05a-saq-b4-native-odirect-v1,253a14eea355095ecdce40c9f4aae74c633a546b7592460e78e5db10b52a8696,ffc67dab09e9b01edefc1bc2f186a10d426ce6599531f0954be14881710ce5ca,5794d56f95bbcc080e9a51f1f90f872dc02c2b9bb64440298ef82318ee7a51d0,55d659f16ae506e790d914053d78fec74699e80b47fe6d1fefd31f58b83ff6e9,b92fae6ca12d310618d7bb738af1a11fcfe1af1d0a8fa843af640e89d0ab3a51,20260813,,,,False,False,4096,True,/home/kai3/coco/quantization_graph/results/disk_environment/.test_runs/gist/gist_test_20260829_204245/runs/gist_test_20260829_204245/05A_disk_quantizer_io/gist/artifacts/test/SAQ_B4__resident__B2__c0__w32__r0.json,SAQ,05A quantizer I/O
05a,gist,SAQ_B4,resident,test,gist_test_20260829_204245,0,32,2.0,fixed_candidates_k19,rerank_candidates=19,19,,c0,1,0.9835,115670.321078,236.844587,252.642,295.706,303.984,0.9835,0.0010402941945,0.00229511490864,0.0159473684211,571.583329201,573448192,,,674062336,,,,,0.0,0.0,0.0,0.0,234.881682,0.0,1.837972,0.0,0.0,19.0,,,,,,,1000,01_quantizer_fair,official SAQ B=4 distance kernel,05a-saq-b4-native-odirect-v1,253a14eea355095ecdce40c9f4aae74c633a546b7592460e78e5db10b52a8696,ffc67dab09e9b01edefc1bc2f186a10d426ce6599531f0954be14881710ce5ca,5794d56f95bbcc080e9a51f1f90f872dc02c2b9bb64440298ef82318ee7a51d0,55d659f16ae506e790d914053d78fec74699e80b47fe6d1fefd31f58b83ff6e9,b92fae6ca12d310618d7bb738af1a11fcfe1af1d0a8fa843af640e89d0ab3a51,20260813,,,,False,False,4096,True,/home/kai3/coco/quantization_graph/results/disk_environment/.test_runs/gist/gist_test_20260829_204245/runs/gist_test_20260829_204245/05A_disk_quantizer_io/gist/artifacts/test/SAQ_B4__resident__B2__c0__w32__r0.json,SAQ,05A quantizer I/O
05a,gist,SAQ_B4,resident,test,gist_test_20260829_204245,0,32,2.0,fixed_candidates_k20,rerank_candidates=20,20,,c0,1,0.9835,110630.018039,247.692009,262.803,308.915,321.142,0.9835,0.00103116666933,0.00229226917956,0.0159368421053,571.583329201,573448192,,,674062336,,,,,0.0,0.0,0.0,0.0,245.639113,0.0,1.928389,0.0,0.0,20.0,,,,,,,1000,01_quantizer_fair,official SAQ B=4 distance kernel,05a-saq-b4-native-odirect-v1,253a14eea355095ecdce40c9f4aae74c633a546b7592460e78e5db10b52a8696,ffc67dab09e9b01edefc1bc2f186a10d426ce6599531f0954be14881710ce5ca,5794d56f95bbcc080e9a51f1f90f872dc02c2b9bb64440298ef82318ee7a51d0,55d659f16ae506e790d914053d78fec74699e80b47fe6d1fefd31f58b83ff6e9,b92fae6ca12d310618d7bb738af1a11fcfe1af1d0a8fa843af640e89d0ab3a51,20260813,,,,False,False,4096,True,/home/kai3/coco/quantization_graph/results/disk_environment/.test_runs/gist/gist_test_20260829_204245/runs/gist_test_20260829_204245/05A_disk_quantizer_io/gist/artifacts/test/SAQ_B4__resident__B2__c0__w32__r0.json,SAQ,05A quantizer I/O
05a,gist,SAQ_B4,resident,test,gist_test_20260829_204245,0,32,2.0,fixed_candidates_k21,rerank_candidates=21,21,,c0,1,0.9835,107568.926134,257.498996,275.8,321.213,331.38,0.9835,0.00102330288113,0.00229299560484,0.0157761904762,571.583329201,573448192,,,674062336,,,,,0.0,0.0,0.0,0.0,255.362507,0.0,2.009581,0.0,0.0,21.0,,,,,,,1000,01_quantizer_fair,official SAQ B=4 distance kernel,05a-saq-b4-native-odirect-v1,253a14eea355095ecdce40c9f4aae74c633a546b7592460e78e5db10b52a8696,ffc67dab09e9b01edefc1bc2f186a10d426ce6599531f0954be14881710ce5ca,5794d56f95bbcc080e9a51f1f90f872dc02c2b9bb64440298ef82318ee7a51d0,55d659f16ae506e790d914053d78fec74699e80b47fe6d1fefd31f58b83ff6e9,b92fae6ca12d310618d7bb738af1a11fcfe1af1d0a8fa843af640e89d0ab3a51,20260813,,,,False,False,4096,True,/home/kai3/coco/quantization_graph/results/disk_environment/.test_runs/gist/gist_test_20260829_204245/runs/gist_test_20260829_204245/05A_disk_quantizer_io/gist/artifacts/test/SAQ_B4__resident__B2__c0__w32__r0.json,SAQ,05A quantizer I/O
05a,gist,SAQ_B4,resident,test,gist_test_20260829_204245,0,32,2.0,fixed_candidates_k22,rerank_candidates=22,22,,c0,1,0.9835,104079.380928,268.160054,286.917,334.549,344.854,0.9835,0.0010141113569,0.00228489248203,0.0156233766234,571.583329201,573448192,,,674062336,,,,,0.0,0.0,0.0,0.0,265.923981,0.0,2.111631,0.0,0.0,22.0,,,,,,,1000,01_quantizer_fair,official SAQ B=4 distance kernel,05a-saq-b4-native-odirect-v1,253a14eea355095ecdce40c9f4aae74c633a546b7592460e78e5db10b52a8696,ffc67dab09e9b01edefc1bc2f186a10d426ce6599531f0954be14881710ce5ca,5794d56f95bbcc080e9a51f1f90f872dc02c2b9bb64440298ef82318ee7a51d0,55d659f16ae506e790d914053d78fec74699e80b47fe6d1fefd31f58b83ff6e9,b92fae6ca12d310618d7bb738af1a11fcfe1af1d0a8fa843af640e89d0ab3a51,20260813,,,,False,False,4096,True,/home/kai3/coco/quantization_graph/results/disk_environment/.test_runs/gist/gist_test_20260829_204245/runs/gist_test_20260829_204245/05A_disk_quantizer_io/gist/artifacts/test/SAQ_B4__resident__B2__c0__w32__r0.json,SAQ,05A quantizer I/O
05a,gist,SAQ_B4,resident,test,gist_test_20260829_204245,0,32,2.0,fixed_candidates_k23,rerank_candidates=23,23,,c0,1,0.9835,100732.263113,278.583042,296.198,347.711,355.953,0.9835,0.00100598713439,0.00228190961942,0.0155256916996,571.583329201,573448192,,,674062336,,,,,0.0,0.0,0.0,0.0,276.238556,0.0,2.21855,0.0,0.0,23.0,,,,,,,1000,01_quantizer_fair,official SAQ B=4 distance kernel,05a-saq-b4-native-odirect-v1,253a14eea355095ecdce40c9f4aae74c633a546b7592460e78e5db10b52a8696,ffc67dab09e9b01edefc1bc2f186a10d426ce6599531f0954be14881710ce5ca,5794d56f95bbcc080e9a51f1f90f872dc02c2b9bb64440298ef82318ee7a51d0,55d659f16ae506e790d914053d78fec74699e80b47fe6d1fefd31f58b83ff6e9,b92fae6ca12d310618d7bb738af1a11fcfe1af1d0a8fa843af640e89d0ab3a51,20260813,,,,False,False,4096,True,/home/kai3/coco/quantization_graph/results/disk_environment/.test_runs/gist/gist_test_20260829_204245/runs/gist_test_20260829_204245/05A_disk_quantizer_io/gist/artifacts/test/SAQ_B4__resident__B2__c0__w32__r0.json,SAQ,05A quantizer I/O
05a,gist,SAQ_B4,resident,test,gist_test_20260829_204245,0,32,2.0,fixed_candidates_k24,rerank_candidates=24,24,,c0,1,0.9835,97585.5481268,288.080864,306.339,359.67,370.588,0.9835,0.000998478640381,0.00228190961942,0.0154492753623,571.583329201,573448192,,,674062336,,,,,0.0,0.0,0.0,0.0,285.631663,0.0,2.298889,0.0,0.0,24.0,,,,,,,1000,01_quantizer_fair,official SAQ B=4 distance kernel,05a-saq-b4-native-odirect-v1,253a14eea355095ecdce40c9f4aae74c633a546b7592460e78e5db10b52a8696,ffc67dab09e9b01edefc1bc2f186a10d426ce6599531f0954be14881710ce5ca,5794d56f95bbcc080e9a51f1f90f872dc02c2b9bb64440298ef82318ee7a51d0,55d659f16ae506e790d914053d78fec74699e80b47fe6d1fefd31f58b83ff6e9,b92fae6ca12d310618d7bb738af1a11fcfe1af1d0a8fa843af640e89d0ab3a51,20260813,,,,False,False,4096,True,/home/kai3/coco/quantization_graph/results/disk_environment/.test_runs/gist/gist_test_20260829_204245/runs/gist_test_20260829_204245/05A_disk_quantizer_io/gist/artifacts/test/SAQ_B4__resident__B2__c0__w32__r0.json,SAQ,05A quantizer I/O
05a,gist,SAQ_B4,resident,test,gist_test_20260829_204245,0,32,2.0,fixed_candidates_k25,rerank_candidates=25,25,,c0,1,0.9835,94516.1538504,298.50683,319.672,372.653,381.886,0.9835,0.000992401406489,0.00227780581099,0.01541,571.583329201,573448192,,,674062336,,,,,0.0,0.0,0.0,0.0,295.999592,0.0,2.381659,0.0,0.0,25.0,,,,,,,1000,01_quantizer_fair,official SAQ B=4 distance kernel,05a-saq-b4-native-odirect-v1,253a14eea355095ecdce40c9f4aae74c633a546b7592460e78e5db10b52a8696,ffc67dab09e9b01edefc1bc2f186a10d426ce6599531f0954be14881710ce5ca,5794d56f95bbcc080e9a51f1f90f872dc02c2b9bb64440298ef82318ee7a51d0,55d659f16ae506e790d914053d78fec74699e80b47fe6d1fefd31f58b83ff6e9,b92fae6ca12d310618d7bb738af1a11fcfe1af1d0a8fa843af640e89d0ab3a51,20260813,,,,False,False,4096,True,/home/kai3/coco/quantization_graph/results/disk_environment/.test_runs/gist/gist_test_20260829_204245/runs/gist_test_20260829_204245/05A_disk_quantizer_io/gist/artifacts/test/SAQ_B4__resident__B2__c0__w32__r0.json,SAQ,05A quantizer I/O
05a,gist,SAQ_B4,resident,test,gist_test_20260829_204245,0,32,2.0,fixed_candidates_k26,rerank_candidates=26,26,,c0,1,0.9835,91941.1554539,308.157439,327.35,382.552,395.003,0.9835,0.000984698188791,0.0022707985524,0.0152307692308,571.583329201,573448192,,,674062336,,,,,0.0,0.0,0.0,0.0,305.543772,0.0,2.488712,0.0,0.0,26.0,,,,,,,1000,01_quantizer_fair,official SAQ B=4 distance kernel,05a-saq-b4-native-odirect-v1,253a14eea355095ecdce40c9f4aae74c633a546b7592460e78e5db10b52a8696,ffc67dab09e9b01edefc1bc2f186a10d426ce6599531f0954be14881710ce5ca,5794d56f95bbcc080e9a51f1f90f872dc02c2b9bb64440298ef82318ee7a51d0,55d659f16ae506e790d914053d78fec74699e80b47fe6d1fefd31f58b83ff6e9,b92fae6ca12d310618d7bb738af1a11fcfe1af1d0a8fa843af640e89d0ab3a51,20260813,,,,False,False,4096,True,/home/kai3/coco/quantization_graph/results/disk_environment/.test_runs/gist/gist_test_20260829_204245/runs/gist_test_20260829_204245/05A_disk_quantizer_io/gist/artifacts/test/SAQ_B4__resident__B2__c0__w32__r0.json,SAQ,05A quantizer I/O
05a,gist,SAQ_B4,resident,test,gist_test_20260829_204245,0,32,2.0,fixed_candidates_k27,rerank_candidates=27,27,,c0,1,0.9835,89103.0689057,317.649592,339.083,398.074,412.332,0.9835,0.00098042778793,0.002266636044,0.0151680911681,571.583329201,573448192,,,674062336,,,,,0.0,0.0,0.0,0.0,314.931808,0.0,2.591338,0.0,0.0,27.0,,,,,,,1000,01_quantizer_fair,official SAQ B=4 distance kernel,05a-saq-b4-native-odirect-v1,253a14eea355095ecdce40c9f4aae74c633a546b7592460e78e5db10b52a8696,ffc67dab09e9b01edefc1bc2f186a10d426ce6599531f0954be14881710ce5ca,5794d56f95bbcc080e9a51f1f90f872dc02c2b9bb64440298ef82318ee7a51d0,55d659f16ae506e790d914053d78fec74699e80b47fe6d1fefd31f58b83ff6e9,b92fae6ca12d310618d7bb738af1a11fcfe1af1d0a8fa843af640e89d0ab3a51,20260813,,,,False,False,4096,True,/home/kai3/coco/quantization_graph/results/disk_environment/.test_runs/gist/gist_test_20260829_204245/runs/gist_test_20260829_204245/05A_disk_quantizer_io/gist/artifacts/test/SAQ_B4__resident__B2__c0__w32__r0.json,SAQ,05A quantizer I/O
05a,gist,SAQ_B4,resident,test,gist_test_20260829_204245,0,32,2.0,fixed_candidates_k28,rerank_candidates=28,28,,c0,1,0.9835,86995.9422483,327.685544,349.191,408.234,420.402,0.9835,0.000974523561256,0.00226578525156,0.0151455026455,571.583329201,573448192,,,674062336,,,,,0.0,0.0,0.0,0.0,324.896138,0.0,2.663097,0.0,0.0,28.0,,,,,,,1000,01_quantizer_fair,official SAQ B=4 distance kernel,05a-saq-b4-native-odirect-v1,253a14eea355095ecdce40c9f4aae74c633a546b7592460e78e5db10b52a8696,ffc67dab09e9b01edefc1bc2f186a10d426ce6599531f0954be14881710ce5ca,5794d56f95bbcc080e9a51f1f90f872dc02c2b9bb64440298ef82318ee7a51d0,55d659f16ae506e790d914053d78fec74699e80b47fe6d1fefd31f58b83ff6e9,b92fae6ca12d310618d7bb738af1a11fcfe1af1d0a8fa843af640e89d0ab3a51,20260813,,,,False,False,4096,True,/home/kai3/coco/quantization_graph/results/disk_environment/.test_runs/gist/gist_test_20260829_204245/runs/gist_test_20260829_204245/05A_disk_quantizer_io/gist/artifacts/test/SAQ_B4__resident__B2__c0__w32__r0.json,SAQ,05A quantizer I/O
05a,gist,SAQ_B4,resident,test,gist_test_20260829_204245,0,32,2.0,fixed_candidates_k29,rerank_candidates=29,29,,c0,1,0.9835,84192.8865767,338.434223,356.866,418.123,435.244,0.9835,0.000969021716923,0.00225746293171,0.0150837438424,571.583329201,573448192,,,674062336,,,,,0.0,0.0,0.0,0.0,335.536932,0.0,2.769858,0.0,0.0,29.0,,,,,,,1000,01_quantizer_fair,official SAQ B=4 distance kernel,05a-saq-b4-native-odirect-v1,253a14eea355095ecdce40c9f4aae74c633a546b7592460e78e5db10b52a8696,ffc67dab09e9b01edefc1bc2f186a10d426ce6599531f0954be14881710ce5ca,5794d56f95bbcc080e9a51f1f90f872dc02c2b9bb64440298ef82318ee7a51d0,55d659f16ae506e790d914053d78fec74699e80b47fe6d1fefd31f58b83ff6e9,b92fae6ca12d310618d7bb738af1a11fcfe1af1d0a8fa843af640e89d0ab3a51,20260813,,,,False,False,4096,True,/home/kai3/coco/quantization_graph/results/disk_environment/.test_runs/gist/gist_test_20260829_204245/runs/gist_test_20260829_204245/05A_disk_quantizer_io/gist/artifacts/test/SAQ_B4__resident__B2__c0__w32__r0.json,SAQ,05A quantizer I/O
05a,gist,SAQ_B4,resident,test,gist_test_20260829_204245,0,32,2.0,fixed_candidates_k30,rerank_candidates=30,30,,c0,1,0.9835,82507.2637332,347.579287,369.4,433.947,448.547,0.9835,0.000963130405096,0.00225048991434,0.0150091954023,571.583329201,573448192,,,674062336,,,,,0.0,0.0,0.0,0.0,344.584065,0.0,2.868359,0.0,0.0,30.0,,,,,,,1000,01_quantizer_fair,official SAQ B=4 distance kernel,05a-saq-b4-native-odirect-v1,253a14eea355095ecdce40c9f4aae74c633a546b7592460e78e5db10b52a8696,ffc67dab09e9b01edefc1bc2f186a10d426ce6599531f0954be14881710ce5ca,5794d56f95bbcc080e9a51f1f90f872dc02c2b9bb64440298ef82318ee7a51d0,55d659f16ae506e790d914053d78fec74699e80b47fe6d1fefd31f58b83ff6e9,b92fae6ca12d310618d7bb738af1a11fcfe1af1d0a8fa843af640e89d0ab3a51,20260813,,,,False,False,4096,True,/home/kai3/coco/quantization_graph/results/disk_environment/.test_runs/gist/gist_test_20260829_204245/runs/gist_test_20260829_204245/05A_disk_quantizer_io/gist/artifacts/test/SAQ_B4__resident__B2__c0__w32__r0.json,SAQ,05A quantizer I/O
05a,gist,SAQ_B4,resident,test,gist_test_20260829_204245,0,32,2.0,fixed_candidates_k40,rerank_candidates=40,40,,c0,1,0.9835,65672.9387826,445.171336,474.685,556.541,570.929,0.9835,0.000923123815088,0.00221650856369,0.0146884615385,571.583329201,573448192,,,674062336,,,,,0.0,0.0,0.0,0.0,441.155749,0.0,3.889876,0.0,0.0,40.0,,,,,,,1000,01_quantizer_fair,official SAQ B=4 distance kernel,05a-saq-b4-native-odirect-v1,253a14eea355095ecdce40c9f4aae74c633a546b7592460e78e5db10b52a8696,ffc67dab09e9b01edefc1bc2f186a10d426ce6599531f0954be14881710ce5ca,5794d56f95bbcc080e9a51f1f90f872dc02c2b9bb64440298ef82318ee7a51d0,55d659f16ae506e790d914053d78fec74699e80b47fe6d1fefd31f58b83ff6e9,b92fae6ca12d310618d7bb738af1a11fcfe1af1d0a8fa843af640e89d0ab3a51,20260813,,,,False,False,4096,True,/home/kai3/coco/quantization_graph/results/disk_environment/.test_runs/gist/gist_test_20260829_204245/runs/gist_test_20260829_204245/05A_disk_quantizer_io/gist/artifacts/test/SAQ_B4__resident__B2__c0__w32__r0.json,SAQ,05A quantizer I/O
05a,gist,SAQ_B4,resident,test,gist_test_20260829_204245,0,32,2.0,fixed_candidates_k50,rerank_candidates=50,50,,c0,1,0.9835,54755.9063827,539.516762,573.802,674.901,694.596,0.9835,0.000902098942345,0.00219541770375,0.0144734693878,571.583329201,573448192,,,674062336,,,,,0.0,0.0,0.0,0.0,534.526933,0.0,4.862629,0.0,0.0,50.0,,,,,,,1000,01_quantizer_fair,official SAQ B=4 distance kernel,05a-saq-b4-native-odirect-v1,253a14eea355095ecdce40c9f4aae74c633a546b7592460e78e5db10b52a8696,ffc67dab09e9b01edefc1bc2f186a10d426ce6599531f0954be14881710ce5ca,5794d56f95bbcc080e9a51f1f90f872dc02c2b9bb64440298ef82318ee7a51d0,55d659f16ae506e790d914053d78fec74699e80b47fe6d1fefd31f58b83ff6e9,b92fae6ca12d310618d7bb738af1a11fcfe1af1d0a8fa843af640e89d0ab3a51,20260813,,,,False,False,4096,True,/home/kai3/coco/quantization_graph/results/disk_environment/.test_runs/gist/gist_test_20260829_204245/runs/gist_test_20260829_204245/05A_disk_quantizer_io/gist/artifacts/test/SAQ_B4__resident__B2__c0__w32__r0.json,SAQ,05A quantizer I/O
05a,gist,SAQ_B4,resident,test,gist_test_20260829_204245,0,32,2.0,fixed_candidates_k60,rerank_candidates=60,60,,c0,1,0.9835,46841.9727497,634.124064,667.428,796.05,820.666,0.9835,0.000885497600623,0.00217647058824,0.0142209039548,571.583329201,573448192,,,674062336,,,,,0.0,0.0,0.0,0.0,628.098179,0.0,5.898055,0.0,0.0,60.0,,,,,,,1000,01_quantizer_fair,official SAQ B=4 distance kernel,05a-saq-b4-native-odirect-v1,253a14eea355095ecdce40c9f4aae74c633a546b7592460e78e5db10b52a8696,ffc67dab09e9b01edefc1bc2f186a10d426ce6599531f0954be14881710ce5ca,5794d56f95bbcc080e9a51f1f90f872dc02c2b9bb64440298ef82318ee7a51d0,55d659f16ae506e790d914053d78fec74699e80b47fe6d1fefd31f58b83ff6e9,b92fae6ca12d310618d7bb738af1a11fcfe1af1d0a8fa843af640e89d0ab3a51,20260813,,,,False,False,4096,True,/home/kai3/coco/quantization_graph/results/disk_environment/.test_runs/gist/gist_test_20260829_204245/runs/gist_test_20260829_204245/05A_disk_quantizer_io/gist/artifacts/test/SAQ_B4__resident__B2__c0__w32__r0.json,SAQ,05A quantizer I/O
05a,gist,SAQ_B4,resident,test,gist_test_20260829_204245,0,32,2.0,fixed_candidates_k70,rerank_candidates=70,70,,c0,1,0.9835,41448.7739163,723.726235,763.108,910.218,938.487,0.9835,0.000872342287861,0.0021684260921,0.0140517598344,571.583329201,573448192,,,674062336,,,,,0.0,0.0,0.0,0.0,716.623745,0.0,6.974686,0.0,0.0,70.0,,,,,,,1000,01_quantizer_fair,official SAQ B=4 distance kernel,05a-saq-b4-native-odirect-v1,253a14eea355095ecdce40c9f4aae74c633a546b7592460e78e5db10b52a8696,ffc67dab09e9b01edefc1bc2f186a10d426ce6599531f0954be14881710ce5ca,5794d56f95bbcc080e9a51f1f90f872dc02c2b9bb64440298ef82318ee7a51d0,55d659f16ae506e790d914053d78fec74699e80b47fe6d1fefd31f58b83ff6e9,b92fae6ca12d310618d7bb738af1a11fcfe1af1d0a8fa843af640e89d0ab3a51,20260813,,,,False,False,4096,True,/home/kai3/coco/quantization_graph/results/disk_environment/.test_runs/gist/gist_test_20260829_204245/runs/gist_test_20260829_204245/05A_disk_quantizer_io/gist/artifacts/test/SAQ_B4__resident__B2__c0__w32__r0.json,SAQ,05A quantizer I/O
05a,gist,SAQ_B4,resident,test,gist_test_20260829_204245,0,32,2.0,fixed_candidates_k80,rerank_candidates=80,80,,c0,1,0.9835,37069.2914394,812.994451,854.229,1025.928,1060.118,0.9835,0.000861918808517,0.00215350201772,0.0138215189873,571.583329201,573448192,,,674062336,,,,,0.0,0.0,0.0,0.0,804.841585,0.0,8.023667,0.0,0.0,80.0,,,,,,,1000,01_quantizer_fair,official SAQ B=4 distance kernel,05a-saq-b4-native-odirect-v1,253a14eea355095ecdce40c9f4aae74c633a546b7592460e78e5db10b52a8696,ffc67dab09e9b01edefc1bc2f186a10d426ce6599531f0954be14881710ce5ca,5794d56f95bbcc080e9a51f1f90f872dc02c2b9bb64440298ef82318ee7a51d0,55d659f16ae506e790d914053d78fec74699e80b47fe6d1fefd31f58b83ff6e9,b92fae6ca12d310618d7bb738af1a11fcfe1af1d0a8fa843af640e89d0ab3a51,20260813,,,,False,False,4096,True,/home/kai3/coco/quantization_graph/results/disk_environment/.test_runs/gist/gist_test_20260829_204245/runs/gist_test_20260829_204245/05A_disk_quantizer_io/gist/artifacts/test/SAQ_B4__resident__B2__c0__w32__r0.json,SAQ,05A quantizer I/O
05a,gist,SAQ_B4,resident,test,gist_test_20260829_204245,0,32,2.0,fixed_candidates_k90,rerank_candidates=90,90,,c0,1,0.9835,33838.9985118,901.100101,938.87,1140.114,1167.678,0.9835,0.00085312277561,0.00214516305847,0.0136074906367,571.583329201,573448192,,,674062336,,,,,0.0,0.0,0.0,0.0,891.790642,0.0,9.178226,0.0,0.0,90.0,,,,,,,1000,01_quantizer_fair,official SAQ B=4 distance kernel,05a-saq-b4-native-odirect-v1,253a14eea355095ecdce40c9f4aae74c633a546b7592460e78e5db10b52a8696,ffc67dab09e9b01edefc1bc2f186a10d426ce6599531f0954be14881710ce5ca,5794d56f95bbcc080e9a51f1f90f872dc02c2b9bb64440298ef82318ee7a51d0,55d659f16ae506e790d914053d78fec74699e80b47fe6d1fefd31f58b83ff6e9,b92fae6ca12d310618d7bb738af1a11fcfe1af1d0a8fa843af640e89d0ab3a51,20260813,,,,False,False,4096,True,/home/kai3/coco/quantization_graph/results/disk_environment/.test_runs/gist/gist_test_20260829_204245/runs/gist_test_20260829_204245/05A_disk_quantizer_io/gist/artifacts/test/SAQ_B4__resident__B2__c0__w32__r0.json,SAQ,05A quantizer I/O
05a,gist,SAQ_B4,resident,test,gist_test_20260829_204245,0,32,2.0,fixed_candidates_k100,rerank_candidates=100,100,,c0,1,0.9835,30826.4341975,987.681428,1019.049,1257.115,1290.856,0.9835,0.000846034728603,0.00213644311637,0.0134371717172,571.583329201,573448192,,,674062336,,,,,0.0,0.0,0.0,0.0,977.352841,0.0,10.197215,0.0,0.0,100.0,,,,,,,1000,01_quantizer_fair,official SAQ B=4 distance kernel,05a-saq-b4-native-odirect-v1,253a14eea355095ecdce40c9f4aae74c633a546b7592460e78e5db10b52a8696,ffc67dab09e9b01edefc1bc2f186a10d426ce6599531f0954be14881710ce5ca,5794d56f95bbcc080e9a51f1f90f872dc02c2b9bb64440298ef82318ee7a51d0,55d659f16ae506e790d914053d78fec74699e80b47fe6d1fefd31f58b83ff6e9,b92fae6ca12d310618d7bb738af1a11fcfe1af1d0a8fa843af640e89d0ab3a51,20260813,,,,False,False,4096,True,/home/kai3/coco/quantization_graph/results/disk_environment/.test_runs/gist/gist_test_20260829_204245/runs/gist_test_20260829_204245/05A_disk_quantizer_io/gist/artifacts/test/SAQ_B4__resident__B2__c0__w32__r0.json,SAQ,05A quantizer I/O
05a,gist,SAQ_B4,resident,test,gist_test_20260829_204245,0,32,2.0,fixed_candidates_k140,rerank_candidates=140,140,,c0,1,0.9835,23105.3161335,1328.435187,1374.841,1708.364,1750.528,0.9835,0.000824384297449,0.00210338964933,0.0134371717172,571.583329201,573448192,,,674062336,,,,,0.0,0.0,0.0,0.0,1313.680173,0.0,14.623396,0.0,0.0,140.0,,,,,,,1000,01_quantizer_fair,official SAQ B=4 distance kernel,05a-saq-b4-native-odirect-v1,253a14eea355095ecdce40c9f4aae74c633a546b7592460e78e5db10b52a8696,ffc67dab09e9b01edefc1bc2f186a10d426ce6599531f0954be14881710ce5ca,5794d56f95bbcc080e9a51f1f90f872dc02c2b9bb64440298ef82318ee7a51d0,55d659f16ae506e790d914053d78fec74699e80b47fe6d1fefd31f58b83ff6e9,b92fae6ca12d310618d7bb738af1a11fcfe1af1d0a8fa843af640e89d0ab3a51,20260813,,,,False,False,4096,True,/home/kai3/coco/quantization_graph/results/disk_environment/.test_runs/gist/gist_test_20260829_204245/runs/gist_test_20260829_204245/05A_disk_quantizer_io/gist/artifacts/test/SAQ_B4__resident__B2__c0__w32__r0.json,SAQ,05A quantizer I/O
05a,gist,SAQ_B4,resident,test,gist_test_20260829_204245,0,32,2.0,fixed_candidates_k180,rerank_candidates=180,180,,c0,1,0.9835,18760.5085816,1649.808696,1685.22,2133.641,2188.372,0.9835,0.000810152144323,0.00208483016993,0.0134371717172,571.583329201,573448192,,,674062336,,,,,0.0,0.0,0.0,0.0,1630.296692,0.0,19.3789,0.0,0.0,180.0,,,,,,,1000,01_quantizer_fair,official SAQ B=4 distance kernel,05a-saq-b4-native-odirect-v1,253a14eea355095ecdce40c9f4aae74c633a546b7592460e78e5db10b52a8696,ffc67dab09e9b01edefc1bc2f186a10d426ce6599531f0954be14881710ce5ca,5794d56f95bbcc080e9a51f1f90f872dc02c2b9bb64440298ef82318ee7a51d0,55d659f16ae506e790d914053d78fec74699e80b47fe6d1fefd31f58b83ff6e9,b92fae6ca12d310618d7bb738af1a11fcfe1af1d0a8fa843af640e89d0ab3a51,20260813,,,,False,False,4096,True,/home/kai3/coco/quantization_graph/results/disk_environment/.test_runs/gist/gist_test_20260829_204245/runs/gist_test_20260829_204245/05A_disk_quantizer_io/gist/artifacts/test/SAQ_B4__resident__B2__c0__w32__r0.json,SAQ,05A quantizer I/O
05a,gist,SAQ_B4,resident,test,gist_test_20260829_204245,0,32,2.0,fixed_candidates_k220,rerank_candidates=220,220,,c0,1,0.9835,15753.5586383,1962.403453,2023.98,2562.456,2634.305,0.9835,0.000799191943277,0.00206405242064,0.0134371717172,571.583329201,573448192,,,674062336,,,,,0.0,0.0,0.0,0.0,1938.221632,0.0,24.042829,0.0,0.0,220.0,,,,,,,1000,01_quantizer_fair,official SAQ B=4 distance kernel,05a-saq-b4-native-odirect-v1,253a14eea355095ecdce40c9f4aae74c633a546b7592460e78e5db10b52a8696,ffc67dab09e9b01edefc1bc2f186a10d426ce6599531f0954be14881710ce5ca,5794d56f95bbcc080e9a51f1f90f872dc02c2b9bb64440298ef82318ee7a51d0,55d659f16ae506e790d914053d78fec74699e80b47fe6d1fefd31f58b83ff6e9,b92fae6ca12d310618d7bb738af1a11fcfe1af1d0a8fa843af640e89d0ab3a51,20260813,,,,False,False,4096,True,/home/kai3/coco/quantization_graph/results/disk_environment/.test_runs/gist/gist_test_20260829_204245/runs/gist_test_20260829_204245/05A_disk_quantizer_io/gist/artifacts/test/SAQ_B4__resident__B2__c0__w32__r0.json,SAQ,05A quantizer I/O
05a,gist,SAQ_B4,resident,test,gist_test_20260829_204245,0,32,2.0,fixed_candidates_k260,rerank_candidates=260,260,,c0,1,0.9835,13721.7625851,2264.724783,2313.483,2970.291,3091.133,0.9835,0.00079175531097,0.00205108379038,0.0134371717172,571.583329201,573448192,,,674062336,,,,,0.0,0.0,0.0,0.0,2235.868409,0.0,28.715329,0.0,0.0,260.0,,,,,,,1000,01_quantizer_fair,official SAQ B=4 distance kernel,05a-saq-b4-native-odirect-v1,253a14eea355095ecdce40c9f4aae74c633a546b7592460e78e5db10b52a8696,ffc67dab09e9b01edefc1bc2f186a10d426ce6599531f0954be14881710ce5ca,5794d56f95bbcc080e9a51f1f90f872dc02c2b9bb64440298ef82318ee7a51d0,55d659f16ae506e790d914053d78fec74699e80b47fe6d1fefd31f58b83ff6e9,b92fae6ca12d310618d7bb738af1a11fcfe1af1d0a8fa843af640e89d0ab3a51,20260813,,,,False,False,4096,True,/home/kai3/coco/quantization_graph/results/disk_environment/.test_runs/gist/gist_test_20260829_204245/runs/gist_test_20260829_204245/05A_disk_quantizer_io/gist/artifacts/test/SAQ_B4__resident__B2__c0__w32__r0.json,SAQ,05A quantizer I/O
05a,gist,SAQ_B4,resident,test,gist_test_20260829_204245,0,32,2.0,fixed_candidates_k300,rerank_candidates=300,300,,c0,1,0.9835,12120.2357444,2566.641008,2594.437,3391.522,3519.918,0.9835,0.000785440631523,0.00203839821101,0.0134371717172,571.583329201,573448192,,,674062336,,,,,0.0,0.0,0.0,0.0,2533.037634,0.0,33.459245,0.0,0.0,300.0,,,,,,,1000,01_quantizer_fair,official SAQ B=4 distance kernel,05a-saq-b4-native-odirect-v1,253a14eea355095ecdce40c9f4aae74c633a546b7592460e78e5db10b52a8696,ffc67dab09e9b01edefc1bc2f186a10d426ce6599531f0954be14881710ce5ca,5794d56f95bbcc080e9a51f1f90f872dc02c2b9bb64440298ef82318ee7a51d0,55d659f16ae506e790d914053d78fec74699e80b47fe6d1fefd31f58b83ff6e9,b92fae6ca12d310618d7bb738af1a11fcfe1af1d0a8fa843af640e89d0ab3a51,20260813,,,,False,False,4096,True,/home/kai3/coco/quantization_graph/results/disk_environment/.test_runs/gist/gist_test_20260829_204245/runs/gist_test_20260829_204245/05A_disk_quantizer_io/gist/artifacts/test/SAQ_B4__resident__B2__c0__w32__r0.json,SAQ,05A quantizer I/O
05a,gist,SAQ_B4,resident,test,gist_test_20260829_204245,0,32,2.0,fixed_candidates_k340,rerank_candidates=340,340,,c0,1,0.9835,10921.1667808,2854.856209,2880.243,3810.553,3915.475,0.9835,0.000779675878837,0.00202671534606,0.0134371717172,571.583329201,573448192,,,674062336,,,,,0.0,0.0,0.0,0.0,2816.344753,0.0,38.365809,0.0,0.0,340.0,,,,,,,1000,01_quantizer_fair,official SAQ B=4 distance kernel,05a-saq-b4-native-odirect-v1,253a14eea355095ecdce40c9f4aae74c633a546b7592460e78e5db10b52a8696,ffc67dab09e9b01edefc1bc2f186a10d426ce6599531f0954be14881710ce5ca,5794d56f95bbcc080e9a51f1f90f872dc02c2b9bb64440298ef82318ee7a51d0,55d659f16ae506e790d914053d78fec74699e80b47fe6d1fefd31f58b83ff6e9,b92fae6ca12d310618d7bb738af1a11fcfe1af1d0a8fa843af640e89d0ab3a51,20260813,,,,False,False,4096,True,/home/kai3/coco/quantization_graph/results/disk_environment/.test_runs/gist/gist_test_20260829_204245/runs/gist_test_20260829_204245/05A_disk_quantizer_io/gist/artifacts/test/SAQ_B4__resident__B2__c0__w32__r0.json,SAQ,05A quantizer I/O
05a,gist,SAQ_B4,resident,test,gist_test_20260829_204245,0,32,2.0,fixed_candidates_k380,rerank_candidates=380,380,,c0,1,0.9835,9972.18657443,3137.700302,3160.331,4204.972,4358.784,0.9835,0.000774127500126,0.00201611928152,0.0134371717172,571.583329201,573448192,,,674062336,,,,,0.0,0.0,0.0,0.0,3094.337386,0.0,43.214151,0.0,0.0,380.0,,,,,,,1000,01_quantizer_fair,official SAQ B=4 distance kernel,05a-saq-b4-native-odirect-v1,253a14eea355095ecdce40c9f4aae74c633a546b7592460e78e5db10b52a8696,ffc67dab09e9b01edefc1bc2f186a10d426ce6599531f0954be14881710ce5ca,5794d56f95bbcc080e9a51f1f90f872dc02c2b9bb64440298ef82318ee7a51d0,55d659f16ae506e790d914053d78fec74699e80b47fe6d1fefd31f58b83ff6e9,b92fae6ca12d310618d7bb738af1a11fcfe1af1d0a8fa843af640e89d0ab3a51,20260813,,,,False,False,4096,True,/home/kai3/coco/quantization_graph/results/disk_environment/.test_runs/gist/gist_test_20260829_204245/runs/gist_test_20260829_204245/05A_disk_quantizer_io/gist/artifacts/test/SAQ_B4__resident__B2__c0__w32__r0.json,SAQ,05A quantizer I/O
05a,gist,SAQ_B4,resident,test,gist_test_20260829_204245,0,32,2.0,fixed_candidates_k420,rerank_candidates=420,420,,c0,1,0.9835,9127.1798398,3413.738206,3375.833,4621.585,4774.862,0.9835,0.00077020356619,0.00200805541266,0.0134371717172,571.583329201,573448192,,,674062336,,,,,0.0,0.0,0.0,0.0,3365.37816,0.0,48.211607,0.0,0.0,420.0,,,,,,,1000,01_quantizer_fair,official SAQ B=4 distance kernel,05a-saq-b4-native-odirect-v1,253a14eea355095ecdce40c9f4aae74c633a546b7592460e78e5db10b52a8696,ffc67dab09e9b01edefc1bc2f186a10d426ce6599531f0954be14881710ce5ca,5794d56f95bbcc080e9a51f1f90f872dc02c2b9bb64440298ef82318ee7a51d0,55d659f16ae506e790d914053d78fec74699e80b47fe6d1fefd31f58b83ff6e9,b92fae6ca12d310618d7bb738af1a11fcfe1af1d0a8fa843af640e89d0ab3a51,20260813,,,,False,False,4096,True,/home/kai3/coco/quantization_graph/results/disk_environment/.test_runs/gist/gist_test_20260829_204245/runs/gist_test_20260829_204245/05A_disk_quantizer_io/gist/artifacts/test/SAQ_B4__resident__B2__c0__w32__r0.json,SAQ,05A quantizer I/O
05a,gist,SAQ_B4,resident,test,gist_test_20260829_204245,0,32,2.0,fixed_candidates_k460,rerank_candidates=460,460,,c0,1,0.9835,8444.59117391,3690.553878,3719.236,4990.526,5204.873,0.9835,0.000766333855322,0.00199918585192,0.0134371717172,571.583329201,573448192,,,674062336,,,,,0.0,0.0,0.0,0.0,3637.442746,0.0,52.96351,0.0,0.0,460.0,,,,,,,1000,01_quantizer_fair,official SAQ B=4 distance kernel,05a-saq-b4-native-odirect-v1,253a14eea355095ecdce40c9f4aae74c633a546b7592460e78e5db10b52a8696,ffc67dab09e9b01edefc1bc2f186a10d426ce6599531f0954be14881710ce5ca,5794d56f95bbcc080e9a51f1f90f872dc02c2b9bb64440298ef82318ee7a51d0,55d659f16ae506e790d914053d78fec74699e80b47fe6d1fefd31f58b83ff6e9,b92fae6ca12d310618d7bb738af1a11fcfe1af1d0a8fa843af640e89d0ab3a51,20260813,,,,False,False,4096,True,/home/kai3/coco/quantization_graph/results/disk_environment/.test_runs/gist/gist_test_20260829_204245/runs/gist_test_20260829_204245/05A_disk_quantizer_io/gist/artifacts/test/SAQ_B4__resident__B2__c0__w32__r0.json,SAQ,05A quantizer I/O
05a,gist,SAQ_B4,payload_on_ssd,test,gist_test_20260829_204245,0,32,2.0,fixed_candidates_k10,rerank_candidates=10,10,,c0,1,1.0,877.337210537,32149.215039,21407.749,98253.674,142291.672,1.0,0.00120543681792,0.00236080354318,0.0175333333333,571.583329201,0,,,465256448,,,,,8.801,47.973,196497.408,31899.539401,247.590482,0.0,1.166862,0.0,0.0,10.0,,,,,,,1000,01_quantizer_fair,official SAQ B=4 distance kernel,05a-saq-b4-native-odirect-v1,253a14eea355095ecdce40c9f4aae74c633a546b7592460e78e5db10b52a8696,ffc67dab09e9b01edefc1bc2f186a10d426ce6599531f0954be14881710ce5ca,5794d56f95bbcc080e9a51f1f90f872dc02c2b9bb64440298ef82318ee7a51d0,55d659f16ae506e790d914053d78fec74699e80b47fe6d1fefd31f58b83ff6e9,b92fae6ca12d310618d7bb738af1a11fcfe1af1d0a8fa843af640e89d0ab3a51,20260813,,,,True,True,4096,True,/home/kai3/coco/quantization_graph/results/disk_environment/.test_runs/gist/gist_test_20260829_204245/runs/gist_test_20260829_204245/05A_disk_quantizer_io/gist/artifacts/test/SAQ_B4__payload_on_ssd__B2__c0__w32__r0.json,SAQ,05A quantizer I/O
05a,gist,SAQ_B4,payload_on_ssd,test,gist_test_20260829_204245,0,32,2.0,fixed_candidates_k11,rerank_candidates=11,11,,c0,1,0.9855,2550.00456311,8780.611379,1439.506,47657.961,94971.071,0.9855,0.00117479280429,0.00235572012661,0.0173272727273,571.583329201,0,,,465256448,,,,,9.59,52.516,215105.536,8558.45259,220.317177,0.0,1.082892,0.0,0.0,11.0,,,,,,,1000,01_quantizer_fair,official SAQ B=4 distance kernel,05a-saq-b4-native-odirect-v1,253a14eea355095ecdce40c9f4aae74c633a546b7592460e78e5db10b52a8696,ffc67dab09e9b01edefc1bc2f186a10d426ce6599531f0954be14881710ce5ca,5794d56f95bbcc080e9a51f1f90f872dc02c2b9bb64440298ef82318ee7a51d0,55d659f16ae506e790d914053d78fec74699e80b47fe6d1fefd31f58b83ff6e9,b92fae6ca12d310618d7bb738af1a11fcfe1af1d0a8fa843af640e89d0ab3a51,20260813,,,,True,True,4096,True,/home/kai3/coco/quantization_graph/results/disk_environment/.test_runs/gist/gist_test_20260829_204245/runs/gist_test_20260829_204245/05A_disk_quantizer_io/gist/artifacts/test/SAQ_B4__payload_on_ssd__B2__c0__w32__r0.json,SAQ,05A quantizer I/O
05a,gist,SAQ_B4,payload_on_ssd,test,gist_test_20260829_204245,0,32,2.0,fixed_candidates_k12,rerank_candidates=12,12,,c0,1,0.9837,2082.50142608,11834.519522,1808.087,62430.687,140290.434,0.9837,0.0011487435663,0.00234304162149,0.0170151515152,571.583329201,0,,,465256448,,,,,10.374,57.025,233574.4,11600.349037,232.224741,0.0,1.161293,0.0,0.0,12.0,,,,,,,1000,01_quantizer_fair,official SAQ B=4 distance kernel,05a-saq-b4-native-odirect-v1,253a14eea355095ecdce40c9f4aae74c633a546b7592460e78e5db10b52a8696,ffc67dab09e9b01edefc1bc2f186a10d426ce6599531f0954be14881710ce5ca,5794d56f95bbcc080e9a51f1f90f872dc02c2b9bb64440298ef82318ee7a51d0,55d659f16ae506e790d914053d78fec74699e80b47fe6d1fefd31f58b83ff6e9,b92fae6ca12d310618d7bb738af1a11fcfe1af1d0a8fa843af640e89d0ab3a51,20260813,,,,True,True,4096,True,/home/kai3/coco/quantization_graph/results/disk_environment/.test_runs/gist/gist_test_20260829_204245/runs/gist_test_20260829_204245/05A_disk_quantizer_io/gist/artifacts/test/SAQ_B4__payload_on_ssd__B2__c0__w32__r0.json,SAQ,05A quantizer I/O
05a,gist,SAQ_B4,payload_on_ssd,test,gist_test_20260829_204245,0,32,2.0,fixed_candidates_k13,rerank_candidates=13,13,,c0,1,0.9835,1747.74964606,14824.072955,3017.031,78474.911,135459.818,0.9835,0.00112591843026,0.00233272567922,0.0167179487179,571.583329201,0,,,465256448,,,,,11.161,61.545,252088.32,14544.184396,277.572892,0.0,1.34138,0.0,0.0,13.0,,,,,,,1000,01_quantizer_fair,official SAQ B=4 distance kernel,05a-saq-b4-native-odirect-v1,253a14eea355095ecdce40c9f4aae74c633a546b7592460e78e5db10b52a8696,ffc67dab09e9b01edefc1bc2f186a10d426ce6599531f0954be14881710ce5ca,5794d56f95bbcc080e9a51f1f90f872dc02c2b9bb64440298ef82318ee7a51d0,55d659f16ae506e790d914053d78fec74699e80b47fe6d1fefd31f58b83ff6e9,b92fae6ca12d310618d7bb738af1a11fcfe1af1d0a8fa843af640e89d0ab3a51,20260813,,,,True,True,4096,True,/home/kai3/coco/quantization_graph/results/disk_environment/.test_runs/gist/gist_test_20260829_204245/runs/gist_test_20260829_204245/05A_disk_quantizer_io/gist/artifacts/test/SAQ_B4__payload_on_ssd__B2__c0__w32__r0.json,SAQ,05A quantizer I/O
05a,gist,SAQ_B4,payload_on_ssd,test,gist_test_20260829_204245,0,32,2.0,fixed_candidates_k14,rerank_candidates=14,14,,c0,1,0.9835,1907.23012938,13007.759923,3638.286,61831.02,129874.946,0.9835,0.00110680839694,0.00232319062726,0.0162857142857,571.583329201,0,,,465256448,,,,,11.928,65.964,270188.544,12731.736175,273.745099,0.0,1.356897,0.0,0.0,14.0,,,,,,,1000,01_quantizer_fair,official SAQ B=4 distance kernel,05a-saq-b4-native-odirect-v1,253a14eea355095ecdce40c9f4aae74c633a546b7592460e78e5db10b52a8696,ffc67dab09e9b01edefc1bc2f186a10d426ce6599531f0954be14881710ce5ca,5794d56f95bbcc080e9a51f1f90f872dc02c2b9bb64440298ef82318ee7a51d0,55d659f16ae506e790d914053d78fec74699e80b47fe6d1fefd31f58b83ff6e9,b92fae6ca12d310618d7bb738af1a11fcfe1af1d0a8fa843af640e89d0ab3a51,20260813,,,,True,True,4096,True,/home/kai3/coco/quantization_graph/results/disk_environment/.test_runs/gist/gist_test_20260829_204245/runs/gist_test_20260829_204245/05A_disk_quantizer_io/gist/artifacts/test/SAQ_B4__payload_on_ssd__B2__c0__w32__r0.json,SAQ,05A quantizer I/O
05a,gist,SAQ_B4,payload_on_ssd,test,gist_test_20260829_204245,0,32,2.0,fixed_candidates_k15,rerank_candidates=15,15,,c0,1,0.9835,1879.67438837,13632.983542,4005.847,59535.687,115796.593,0.9835,0.00108987454397,0.00231349193819,0.0165142857143,571.583329201,0,,,465256448,,,,,12.691,70.445,288542.72,13333.289611,297.219791,0.0,1.480751,0.0,0.0,15.0,,,,,,,1000,01_quantizer_fair,official SAQ B=4 distance kernel,05a-saq-b4-native-odirect-v1,253a14eea355095ecdce40c9f4aae74c633a546b7592460e78e5db10b52a8696,ffc67dab09e9b01edefc1bc2f186a10d426ce6599531f0954be14881710ce5ca,5794d56f95bbcc080e9a51f1f90f872dc02c2b9bb64440298ef82318ee7a51d0,55d659f16ae506e790d914053d78fec74699e80b47fe6d1fefd31f58b83ff6e9,b92fae6ca12d310618d7bb738af1a11fcfe1af1d0a8fa843af640e89d0ab3a51,20260813,,,,True,True,4096,True,/home/kai3/coco/quantization_graph/results/disk_environment/.test_runs/gist/gist_test_20260829_204245/runs/gist_test_20260829_204245/05A_disk_quantizer_io/gist/artifacts/test/SAQ_B4__payload_on_ssd__B2__c0__w32__r0.json,SAQ,05A quantizer I/O
05a,gist,SAQ_B4,payload_on_ssd,test,gist_test_20260829_204245,0,32,2.0,fixed_candidates_k16,rerank_candidates=16,16,,c0,1,0.9835,1593.19270562,16313.322935,4904.785,77841.158,173499.133,0.9835,0.00107520295471,0.0023098062063,0.0165916666667,571.583329201,0,,,465256448,,,,,13.456,74.914,306847.744,15998.711523,312.116102,0.0,1.509479,0.0,0.0,16.0,,,,,,,1000,01_quantizer_fair,official SAQ B=4 distance kernel,05a-saq-b4-native-odirect-v1,253a14eea355095ecdce40c9f4aae74c633a546b7592460e78e5db10b52a8696,ffc67dab09e9b01edefc1bc2f186a10d426ce6599531f0954be14881710ce5ca,5794d56f95bbcc080e9a51f1f90f872dc02c2b9bb64440298ef82318ee7a51d0,55d659f16ae506e790d914053d78fec74699e80b47fe6d1fefd31f58b83ff6e9,b92fae6ca12d310618d7bb738af1a11fcfe1af1d0a8fa843af640e89d0ab3a51,20260813,,,,True,True,4096,True,/home/kai3/coco/quantization_graph/results/disk_environment/.test_runs/gist/gist_test_20260829_204245/runs/gist_test_20260829_204245/05A_disk_quantizer_io/gist/artifacts/test/SAQ_B4__payload_on_ssd__B2__c0__w32__r0.json,SAQ,05A quantizer I/O
05a,gist,SAQ_B4,payload_on_ssd,test,gist_test_20260829_204245,0,32,2.0,fixed_candidates_k17,rerank_candidates=17,17,,c0,1,0.9835,1553.25356888,17069.769002,6539.579,74324.064,145223.853,0.9835,0.00106100848272,0.00230442538609,0.0163823529412,571.583329201,0,,,465256448,,,,,14.218,79.38,325140.48,16721.495139,345.1229,0.0,2.027664,0.0,0.0,17.0,,,,,,,1000,01_quantizer_fair,official SAQ B=4 distance kernel,05a-saq-b4-native-odirect-v1,253a14eea355095ecdce40c9f4aae74c633a546b7592460e78e5db10b52a8696,ffc67dab09e9b01edefc1bc2f186a10d426ce6599531f0954be14881710ce5ca,5794d56f95bbcc080e9a51f1f90f872dc02c2b9bb64440298ef82318ee7a51d0,55d659f16ae506e790d914053d78fec74699e80b47fe6d1fefd31f58b83ff6e9,b92fae6ca12d310618d7bb738af1a11fcfe1af1d0a8fa843af640e89d0ab3a51,20260813,,,,True,True,4096,True,/home/kai3/coco/quantization_graph/results/disk_environment/.test_runs/gist/gist_test_20260829_204245/runs/gist_test_20260829_204245/05A_disk_quantizer_io/gist/artifacts/test/SAQ_B4__payload_on_ssd__B2__c0__w32__r0.json,SAQ,05A quantizer I/O
05a,gist,SAQ_B4,payload_on_ssd,test,gist_test_20260829_204245,0,32,2.0,fixed_candidates_k18,rerank_candidates=18,18,,c0,1,0.9835,1534.07764254,16966.441578,5913.317,69471.177,159772.642,0.9835,0.00104945911068,0.00229710753167,0.0161241830065,571.583329201,0,,,465256448,,,,,14.954,83.754,343056.384,16592.963721,370.08623,0.0,2.20345,0.0,0.0,18.0,,,,,,,1000,01_quantizer_fair,official SAQ B=4 distance kernel,05a-saq-b4-native-odirect-v1,253a14eea355095ecdce40c9f4aae74c633a546b7592460e78e5db10b52a8696,ffc67dab09e9b01edefc1bc2f186a10d426ce6599531f0954be14881710ce5ca,5794d56f95bbcc080e9a51f1f90f872dc02c2b9bb64440298ef82318ee7a51d0,55d659f16ae506e790d914053d78fec74699e80b47fe6d1fefd31f58b83ff6e9,b92fae6ca12d310618d7bb738af1a11fcfe1af1d0a8fa843af640e89d0ab3a51,20260813,,,,True,True,4096,True,/home/kai3/coco/quantization_graph/results/disk_environment/.test_runs/gist/gist_test_20260829_204245/runs/gist_test_20260829_204245/05A_disk_quantizer_io/gist/artifacts/test/SAQ_B4__payload_on_ssd__B2__c0__w32__r0.json,SAQ,05A quantizer I/O
05a,gist,SAQ_B4,payload_on_ssd,test,gist_test_20260829_204245,0,32,2.0,fixed_candidates_k19,rerank_candidates=19,19,,c0,1,0.9835,1622.73227485,16518.515578,6967.257,63661.672,132232.502,0.9835,0.0010402941945,0.00229511490864,0.0159473684211,571.583329201,0,,,465256448,,,,,15.686,88.079,360771.584,16121.728429,393.165678,0.0,2.379714,0.0,0.0,19.0,,,,,,,1000,01_quantizer_fair,official SAQ B=4 distance kernel,05a-saq-b4-native-odirect-v1,253a14eea355095ecdce40c9f4aae74c633a546b7592460e78e5db10b52a8696,ffc67dab09e9b01edefc1bc2f186a10d426ce6599531f0954be14881710ce5ca,5794d56f95bbcc080e9a51f1f90f872dc02c2b9bb64440298ef82318ee7a51d0,55d659f16ae506e790d914053d78fec74699e80b47fe6d1fefd31f58b83ff6e9,b92fae6ca12d310618d7bb738af1a11fcfe1af1d0a8fa843af640e89d0ab3a51,20260813,,,,True,True,4096,True,/home/kai3/coco/quantization_graph/results/disk_environment/.test_runs/gist/gist_test_20260829_204245/runs/gist_test_20260829_204245/05A_disk_quantizer_io/gist/artifacts/test/SAQ_B4__payload_on_ssd__B2__c0__w32__r0.json,SAQ,05A quantizer I/O
05a,gist,SAQ_B4,payload_on_ssd,test,gist_test_20260829_204245,0,32,2.0,fixed_candidates_k20,rerank_candidates=20,20,,c0,1,0.9835,1396.66966576,19599.757726,7269.627,86141.265,142248.848,0.9835,0.00103116666933,0.00229226917956,0.0159368421053,571.583329201,0,,,465256448,,,,,16.425,92.454,378691.584,19194.551046,401.465467,0.0,2.468292,0.0,0.0,20.0,,,,,,,1000,01_quantizer_fair,official SAQ B=4 distance kernel,05a-saq-b4-native-odirect-v1,253a14eea355095ecdce40c9f4aae74c633a546b7592460e78e5db10b52a8696,ffc67dab09e9b01edefc1bc2f186a10d426ce6599531f0954be14881710ce5ca,5794d56f95bbcc080e9a51f1f90f872dc02c2b9bb64440298ef82318ee7a51d0,55d659f16ae506e790d914053d78fec74699e80b47fe6d1fefd31f58b83ff6e9,b92fae6ca12d310618d7bb738af1a11fcfe1af1d0a8fa843af640e89d0ab3a51,20260813,,,,True,True,4096,True,/home/kai3/coco/quantization_graph/results/disk_environment/.test_runs/gist/gist_test_20260829_204245/runs/gist_test_20260829_204245/05A_disk_quantizer_io/gist/artifacts/test/SAQ_B4__payload_on_ssd__B2__c0__w32__r0.json,SAQ,05A quantizer I/O
05a,gist,SAQ_B4,payload_on_ssd,test,gist_test_20260829_204245,0,32,2.0,fixed_candidates_k21,rerank_candidates=21,21,,c0,1,0.9835,1322.84795889,20271.607208,7940.959,82610.933,146504.868,0.9835,0.00102330288113,0.00229299560484,0.0157761904762,571.583329201,0,,,465256448,,,,,17.146,96.835,396636.16,19842.138105,425.511227,0.0,2.621947,0.0,0.0,21.0,,,,,,,1000,01_quantizer_fair,official SAQ B=4 distance kernel,05a-saq-b4-native-odirect-v1,253a14eea355095ecdce40c9f4aae74c633a546b7592460e78e5db10b52a8696,ffc67dab09e9b01edefc1bc2f186a10d426ce6599531f0954be14881710ce5ca,5794d56f95bbcc080e9a51f1f90f872dc02c2b9bb64440298ef82318ee7a51d0,55d659f16ae506e790d914053d78fec74699e80b47fe6d1fefd31f58b83ff6e9,b92fae6ca12d310618d7bb738af1a11fcfe1af1d0a8fa843af640e89d0ab3a51,20260813,,,,True,True,4096,True,/home/kai3/coco/quantization_graph/results/disk_environment/.test_runs/gist/gist_test_20260829_204245/runs/gist_test_20260829_204245/05A_disk_quantizer_io/gist/artifacts/test/SAQ_B4__payload_on_ssd__B2__c0__w32__r0.json,SAQ,05A quantizer I/O
05a,gist,SAQ_B4,payload_on_ssd,test,gist_test_20260829_204245,0,32,2.0,fixed_candidates_k22,rerank_candidates=22,22,,c0,1,0.9835,1268.71711076,21394.293799,8216.764,82412.675,147870.371,0.9835,0.0010141113569,0.00228489248203,0.0156233766234,571.583329201,0,,,465256448,,,,,17.878,101.222,414605.312,20934.416939,455.577794,0.0,2.827498,0.0,0.0,22.0,,,,,,,1000,01_quantizer_fair,official SAQ B=4 distance kernel,05a-saq-b4-native-odirect-v1,253a14eea355095ecdce40c9f4aae74c633a546b7592460e78e5db10b52a8696,ffc67dab09e9b01edefc1bc2f186a10d426ce6599531f0954be14881710ce5ca,5794d56f95bbcc080e9a51f1f90f872dc02c2b9bb64440298ef82318ee7a51d0,55d659f16ae506e790d914053d78fec74699e80b47fe6d1fefd31f58b83ff6e9,b92fae6ca12d310618d7bb738af1a11fcfe1af1d0a8fa843af640e89d0ab3a51,20260813,,,,True,True,4096,True,/home/kai3/coco/quantization_graph/results/disk_environment/.test_runs/gist/gist_test_20260829_204245/runs/gist_test_20260829_204245/05A_disk_quantizer_io/gist/artifacts/test/SAQ_B4__payload_on_ssd__B2__c0__w32__r0.json,SAQ,05A quantizer I/O
05a,gist,SAQ_B4,payload_on_ssd,test,gist_test_20260829_204245,0,32,2.0,fixed_candidates_k23,rerank_candidates=23,23,,c0,1,0.9835,1282.02348351,21036.919525,7828.926,79533.784,171108.734,0.9835,0.00100598713439,0.00228190961942,0.0155256916996,571.583329201,0,,,465256448,,,,,18.59,105.517,432197.632,20569.63858,462.901852,0.0,2.937342,0.0,0.0,23.0,,,,,,,1000,01_quantizer_fair,official SAQ B=4 distance kernel,05a-saq-b4-native-odirect-v1,253a14eea355095ecdce40c9f4aae74c633a546b7592460e78e5db10b52a8696,ffc67dab09e9b01edefc1bc2f186a10d426ce6599531f0954be14881710ce5ca,5794d56f95bbcc080e9a51f1f90f872dc02c2b9bb64440298ef82318ee7a51d0,55d659f16ae506e790d914053d78fec74699e80b47fe6d1fefd31f58b83ff6e9,b92fae6ca12d310618d7bb738af1a11fcfe1af1d0a8fa843af640e89d0ab3a51,20260813,,,,True,True,4096,True,/home/kai3/coco/quantization_graph/results/disk_environment/.test_runs/gist/gist_test_20260829_204245/runs/gist_test_20260829_204245/05A_disk_quantizer_io/gist/artifacts/test/SAQ_B4__payload_on_ssd__B2__c0__w32__r0.json,SAQ,05A quantizer I/O
05a,gist,SAQ_B4,payload_on_ssd,test,gist_test_20260829_204245,0,32,2.0,fixed_candidates_k24,rerank_candidates=24,24,,c0,1,0.9835,1213.63583553,23175.693497,10283.894,90148.164,134809.215,0.9835,0.000998478640381,0.00228190961942,0.0154492753623,571.583329201,0,,,465256448,,,,,19.285,109.764,449593.344,22683.600872,487.489113,0.0,3.097479,0.0,0.0,24.0,,,,,,,1000,01_quantizer_fair,official SAQ B=4 distance kernel,05a-saq-b4-native-odirect-v1,253a14eea355095ecdce40c9f4aae74c633a546b7592460e78e5db10b52a8696,ffc67dab09e9b01edefc1bc2f186a10d426ce6599531f0954be14881710ce5ca,5794d56f95bbcc080e9a51f1f90f872dc02c2b9bb64440298ef82318ee7a51d0,55d659f16ae506e790d914053d78fec74699e80b47fe6d1fefd31f58b83ff6e9,b92fae6ca12d310618d7bb738af1a11fcfe1af1d0a8fa843af640e89d0ab3a51,20260813,,,,True,True,4096,True,/home/kai3/coco/quantization_graph/results/disk_environment/.test_runs/gist/gist_test_20260829_204245/runs/gist_test_20260829_204245/05A_disk_quantizer_io/gist/artifacts/test/SAQ_B4__payload_on_ssd__B2__c0__w32__r0.json,SAQ,05A quantizer I/O
05a,gist,SAQ_B4,payload_on_ssd,test,gist_test_20260829_204245,0,32,2.0,fixed_candidates_k25,rerank_candidates=25,25,,c0,1,0.9835,1173.34248616,23727.894873,10475.692,91304.99,159374.536,0.9835,0.000992401406489,0.00227780581099,0.01541,571.583329201,0,,,465256448,,,,,20.015,114.08,467271.68,23214.464145,508.601117,0.0,3.252168,0.0,0.0,25.0,,,,,,,1000,01_quantizer_fair,official SAQ B=4 distance kernel,05a-saq-b4-native-odirect-v1,253a14eea355095ecdce40c9f4aae74c633a546b7592460e78e5db10b52a8696,ffc67dab09e9b01edefc1bc2f186a10d426ce6599531f0954be14881710ce5ca,5794d56f95bbcc080e9a51f1f90f872dc02c2b9bb64440298ef82318ee7a51d0,55d659f16ae506e790d914053d78fec74699e80b47fe6d1fefd31f58b83ff6e9,b92fae6ca12d310618d7bb738af1a11fcfe1af1d0a8fa843af640e89d0ab3a51,20260813,,,,True,True,4096,True,/home/kai3/coco/quantization_graph/results/disk_environment/.test_runs/gist/gist_test_20260829_204245/runs/gist_test_20260829_204245/05A_disk_quantizer_io/gist/artifacts/test/SAQ_B4__payload_on_ssd__B2__c0__w32__r0.json,SAQ,05A quantizer I/O
05a,gist,SAQ_B4,payload_on_ssd,test,gist_test_20260829_204245,0,32,2.0,fixed_candidates_k26,rerank_candidates=26,26,,c0,1,0.9835,1091.85517031,25943.47557,10281.497,104343.519,177849.876,0.9835,0.000984698188791,0.0022707985524,0.0152307692308,571.583329201,0,,,465256448,,,,,20.716,118.339,484716.544,25428.34699,510.227096,0.0,3.316111,0.0,0.0,26.0,,,,,,,1000,01_quantizer_fair,official SAQ B=4 distance kernel,05a-saq-b4-native-odirect-v1,253a14eea355095ecdce40c9f4aae74c633a546b7592460e78e5db10b52a8696,ffc67dab09e9b01edefc1bc2f186a10d426ce6599531f0954be14881710ce5ca,5794d56f95bbcc080e9a51f1f90f872dc02c2b9bb64440298ef82318ee7a51d0,55d659f16ae506e790d914053d78fec74699e80b47fe6d1fefd31f58b83ff6e9,b92fae6ca12d310618d7bb738af1a11fcfe1af1d0a8fa843af640e89d0ab3a51,20260813,,,,True,True,4096,True,/home/kai3/coco/quantization_graph/results/disk_environment/.test_runs/gist/gist_test_20260829_204245/runs/gist_test_20260829_204245/05A_disk_quantizer_io/gist/artifacts/test/SAQ_B4__payload_on_ssd__B2__c0__w32__r0.json,SAQ,05A quantizer I/O
05a,gist,SAQ_B4,payload_on_ssd,test,gist_test_20260829_204245,0,32,2.0,fixed_candidates_k27,rerank_candidates=27,27,,c0,1,0.9835,1126.0888219,24418.868149,10241.08,95152.8,153165.589,0.9835,0.00098042778793,0.002266636044,0.0151680911681,571.583329201,0,,,465256448,,,,,21.418,122.582,502095.872,23876.215306,537.523423,0.0,3.49216,0.0,0.0,27.0,,,,,,,1000,01_quantizer_fair,official SAQ B=4 distance kernel,05a-saq-b4-native-odirect-v1,253a14eea355095ecdce40c9f4aae74c633a546b7592460e78e5db10b52a8696,ffc67dab09e9b01edefc1bc2f186a10d426ce6599531f0954be14881710ce5ca,5794d56f95bbcc080e9a51f1f90f872dc02c2b9bb64440298ef82318ee7a51d0,55d659f16ae506e790d914053d78fec74699e80b47fe6d1fefd31f58b83ff6e9,b92fae6ca12d310618d7bb738af1a11fcfe1af1d0a8fa843af640e89d0ab3a51,20260813,,,,True,True,4096,True,/home/kai3/coco/quantization_graph/results/disk_environment/.test_runs/gist/gist_test_20260829_204245/runs/gist_test_20260829_204245/05A_disk_quantizer_io/gist/artifacts/test/SAQ_B4__payload_on_ssd__B2__c0__w32__r0.json,SAQ,05A quantizer I/O
05a,gist,SAQ_B4,payload_on_ssd,test,gist_test_20260829_204245,0,32,2.0,fixed_candidates_k28,rerank_candidates=28,28,,c0,1,0.9835,1168.00422988,23939.915153,10581.663,87519.732,156403.734,0.9835,0.000974523561256,0.00226578525156,0.0151455026455,571.583329201,0,,,465256448,,,,,22.096,126.855,519598.08,23393.830456,540.896368,0.0,3.563875,0.0,0.0,28.0,,,,,,,1000,01_quantizer_fair,official SAQ B=4 distance kernel,05a-saq-b4-native-odirect-v1,253a14eea355095ecdce40c9f4aae74c633a546b7592460e78e5db10b52a8696,ffc67dab09e9b01edefc1bc2f186a10d426ce6599531f0954be14881710ce5ca,5794d56f95bbcc080e9a51f1f90f872dc02c2b9bb64440298ef82318ee7a51d0,55d659f16ae506e790d914053d78fec74699e80b47fe6d1fefd31f58b83ff6e9,b92fae6ca12d310618d7bb738af1a11fcfe1af1d0a8fa843af640e89d0ab3a51,20260813,,,,True,True,4096,True,/home/kai3/coco/quantization_graph/results/disk_environment/.test_runs/gist/gist_test_20260829_204245/runs/gist_test_20260829_204245/05A_disk_quantizer_io/gist/artifacts/test/SAQ_B4__payload_on_ssd__B2__c0__w32__r0.json,SAQ,05A quantizer I/O
05a,gist,SAQ_B4,payload_on_ssd,test,gist_test_20260829_204245,0,32,2.0,fixed_candidates_k29,rerank_candidates=29,29,,c0,1,0.9835,1028.88959204,26205.449736,12101.917,100633.019,165478.524,0.9835,0.000969021716923,0.00225746293171,0.0150837438424,571.583329201,0,,,465256448,,,,,22.797,131.07,536862.72,25629.847073,570.052973,0.0,3.817978,0.0,0.0,29.0,,,,,,,1000,01_quantizer_fair,official SAQ B=4 distance kernel,05a-saq-b4-native-odirect-v1,253a14eea355095ecdce40c9f4aae74c633a546b7592460e78e5db10b52a8696,ffc67dab09e9b01edefc1bc2f186a10d426ce6599531f0954be14881710ce5ca,5794d56f95bbcc080e9a51f1f90f872dc02c2b9bb64440298ef82318ee7a51d0,55d659f16ae506e790d914053d78fec74699e80b47fe6d1fefd31f58b83ff6e9,b92fae6ca12d310618d7bb738af1a11fcfe1af1d0a8fa843af640e89d0ab3a51,20260813,,,,True,True,4096,True,/home/kai3/coco/quantization_graph/results/disk_environment/.test_runs/gist/gist_test_20260829_204245/runs/gist_test_20260829_204245/05A_disk_quantizer_io/gist/artifacts/test/SAQ_B4__payload_on_ssd__B2__c0__w32__r0.json,SAQ,05A quantizer I/O
05a,gist,SAQ_B4,payload_on_ssd,test,gist_test_20260829_204245,0,32,2.0,fixed_candidates_k30,rerank_candidates=30,30,,c0,1,0.9835,1037.35386904,27228.311186,12188.224,96198.009,188122.217,0.9835,0.000963130405096,0.00225048991434,0.0150091954023,571.583329201,0,,,465256448,,,,,23.506,135.398,554590.208,26637.850804,584.762311,0.0,3.945902,0.0,0.0,30.0,,,,,,,1000,01_quantizer_fair,official SAQ B=4 distance kernel,05a-saq-b4-native-odirect-v1,253a14eea355095ecdce40c9f4aae74c633a546b7592460e78e5db10b52a8696,ffc67dab09e9b01edefc1bc2f186a10d426ce6599531f0954be14881710ce5ca,5794d56f95bbcc080e9a51f1f90f872dc02c2b9bb64440298ef82318ee7a51d0,55d659f16ae506e790d914053d78fec74699e80b47fe6d1fefd31f58b83ff6e9,b92fae6ca12d310618d7bb738af1a11fcfe1af1d0a8fa843af640e89d0ab3a51,20260813,,,,True,True,4096,True,/home/kai3/coco/quantization_graph/results/disk_environment/.test_runs/gist/gist_test_20260829_204245/runs/gist_test_20260829_204245/05A_disk_quantizer_io/gist/artifacts/test/SAQ_B4__payload_on_ssd__B2__c0__w32__r0.json,SAQ,05A quantizer I/O
05a,gist,SAQ_B4,payload_on_ssd,test,gist_test_20260829_204245,0,32,2.0,fixed_candidates_k40,rerank_candidates=40,40,,c0,1,0.9835,778.971479212,38128.804422,21993.709,127011.448,242336.032,0.9835,0.000923123815088,0.00221650856369,0.0146884615385,571.583329201,0,,,465256448,,,,,30.228,176.888,724533.248,37374.837382,746.399878,0.0,5.373665,0.0,0.0,40.0,,,,,,,1000,01_quantizer_fair,official SAQ B=4 distance kernel,05a-saq-b4-native-odirect-v1,253a14eea355095ecdce40c9f4aae74c633a546b7592460e78e5db10b52a8696,ffc67dab09e9b01edefc1bc2f186a10d426ce6599531f0954be14881710ce5ca,5794d56f95bbcc080e9a51f1f90f872dc02c2b9bb64440298ef82318ee7a51d0,55d659f16ae506e790d914053d78fec74699e80b47fe6d1fefd31f58b83ff6e9,b92fae6ca12d310618d7bb738af1a11fcfe1af1d0a8fa843af640e89d0ab3a51,20260813,,,,True,True,4096,True,/home/kai3/coco/quantization_graph/results/disk_environment/.test_runs/gist/gist_test_20260829_204245/runs/gist_test_20260829_204245/05A_disk_quantizer_io/gist/artifacts/test/SAQ_B4__payload_on_ssd__B2__c0__w32__r0.json,SAQ,05A quantizer I/O
05a,gist,SAQ_B4,payload_on_ssd,test,gist_test_20260829_204245,0,32,2.0,fixed_candidates_k50,rerank_candidates=50,50,,c0,1,0.9835,700.38173459,41470.68599,26522.405,131880.573,194346.343,0.9835,0.000902098942345,0.00219541770375,0.0144734693878,571.583329201,0,,,465256448,,,,,36.605,217.358,890298.368,40551.930882,909.218861,0.0,6.919261,0.0,0.0,50.0,,,,,,,1000,01_quantizer_fair,official SAQ B=4 distance kernel,05a-saq-b4-native-odirect-v1,253a14eea355095ecdce40c9f4aae74c633a546b7592460e78e5db10b52a8696,ffc67dab09e9b01edefc1bc2f186a10d426ce6599531f0954be14881710ce5ca,5794d56f95bbcc080e9a51f1f90f872dc02c2b9bb64440298ef82318ee7a51d0,55d659f16ae506e790d914053d78fec74699e80b47fe6d1fefd31f58b83ff6e9,b92fae6ca12d310618d7bb738af1a11fcfe1af1d0a8fa843af640e89d0ab3a51,20260813,,,,True,True,4096,True,/home/kai3/coco/quantization_graph/results/disk_environment/.test_runs/gist/gist_test_20260829_204245/runs/gist_test_20260829_204245/05A_disk_quantizer_io/gist/artifacts/test/SAQ_B4__payload_on_ssd__B2__c0__w32__r0.json,SAQ,05A quantizer I/O
05a,gist,SAQ_B4,payload_on_ssd,test,gist_test_20260829_204245,0,32,2.0,fixed_candidates_k60,rerank_candidates=60,60,,c0,1,0.9835,625.050832259,47776.5515,32702.749,139308.854,220042.779,0.9835,0.000885497600623,0.00217647058824,0.0142209039548,571.583329201,0,,,465256448,,,,,42.669,256.698,1051435.008,46661.764513,1102.861958,0.0,8.785854,0.0,0.0,60.0,,,,,,,1000,01_quantizer_fair,official SAQ B=4 distance kernel,05a-saq-b4-native-odirect-v1,253a14eea355095ecdce40c9f4aae74c633a546b7592460e78e5db10b52a8696,ffc67dab09e9b01edefc1bc2f186a10d426ce6599531f0954be14881710ce5ca,5794d56f95bbcc080e9a51f1f90f872dc02c2b9bb64440298ef82318ee7a51d0,55d659f16ae506e790d914053d78fec74699e80b47fe6d1fefd31f58b83ff6e9,b92fae6ca12d310618d7bb738af1a11fcfe1af1d0a8fa843af640e89d0ab3a51,20260813,,,,True,True,4096,True,/home/kai3/coco/quantization_graph/results/disk_environment/.test_runs/gist/gist_test_20260829_204245/runs/gist_test_20260829_204245/05A_disk_quantizer_io/gist/artifacts/test/SAQ_B4__payload_on_ssd__B2__c0__w32__r0.json,SAQ,05A quantizer I/O
05a,gist,SAQ_B4,payload_on_ssd,test,gist_test_20260829_204245,0,32,2.0,fixed_candidates_k70,rerank_candidates=70,70,,c0,1,0.9835,580.180433806,51895.576571,35862.845,166134.209,247683.275,0.9835,0.000872342287861,0.0021684260921,0.0140517598344,571.583329201,0,,,465256448,,,,,48.52,295.302,1209556.992,50616.885578,1264.642326,0.0,10.464775,0.0,0.0,70.0,,,,,,,1000,01_quantizer_fair,official SAQ B=4 distance kernel,05a-saq-b4-native-odirect-v1,253a14eea355095ecdce40c9f4aae74c633a546b7592460e78e5db10b52a8696,ffc67dab09e9b01edefc1bc2f186a10d426ce6599531f0954be14881710ce5ca,5794d56f95bbcc080e9a51f1f90f872dc02c2b9bb64440298ef82318ee7a51d0,55d659f16ae506e790d914053d78fec74699e80b47fe6d1fefd31f58b83ff6e9,b92fae6ca12d310618d7bb738af1a11fcfe1af1d0a8fa843af640e89d0ab3a51,20260813,,,,True,True,4096,True,/home/kai3/coco/quantization_graph/results/disk_environment/.test_runs/gist/gist_test_20260829_204245/runs/gist_test_20260829_204245/05A_disk_quantizer_io/gist/artifacts/test/SAQ_B4__payload_on_ssd__B2__c0__w32__r0.json,SAQ,05A quantizer I/O
05a,gist,SAQ_B4,payload_on_ssd,test,gist_test_20260829_204245,0,32,2.0,fixed_candidates_k80,rerank_candidates=80,80,,c0,1,0.9835,461.233697896,65092.459481,39835.118,223974.607,381501.516,0.9835,0.000861918808517,0.00215350201772,0.0138215189873,571.583329201,0,,,465256448,,,,,54.134,333.014,1364025.344,63707.333232,1369.500534,0.0,11.766414,0.0,0.0,80.0,,,,,,,1000,01_quantizer_fair,official SAQ B=4 distance kernel,05a-saq-b4-native-odirect-v1,253a14eea355095ecdce40c9f4aae74c633a546b7592460e78e5db10b52a8696,ffc67dab09e9b01edefc1bc2f186a10d426ce6599531f0954be14881710ce5ca,5794d56f95bbcc080e9a51f1f90f872dc02c2b9bb64440298ef82318ee7a51d0,55d659f16ae506e790d914053d78fec74699e80b47fe6d1fefd31f58b83ff6e9,b92fae6ca12d310618d7bb738af1a11fcfe1af1d0a8fa843af640e89d0ab3a51,20260813,,,,True,True,4096,True,/home/kai3/coco/quantization_graph/results/disk_environment/.test_runs/gist/gist_test_20260829_204245/runs/gist_test_20260829_204245/05A_disk_quantizer_io/gist/artifacts/test/SAQ_B4__payload_on_ssd__B2__c0__w32__r0.json,SAQ,05A quantizer I/O
05a,gist,SAQ_B4,payload_on_ssd,test,gist_test_20260829_204245,0,32,2.0,fixed_candidates_k90,rerank_candidates=90,90,,c0,1,0.9835,448.833448094,67923.78643,45516.85,209072.0,330608.055,0.9835,0.00085312277561,0.00214516305847,0.0136074906367,571.583329201,0,,,465256448,,,,,59.461,369.419,1513140.224,66391.003593,1515.109097,0.0,13.447373,0.0,0.0,90.0,,,,,,,1000,01_quantizer_fair,official SAQ B=4 distance kernel,05a-saq-b4-native-odirect-v1,253a14eea355095ecdce40c9f4aae74c633a546b7592460e78e5db10b52a8696,ffc67dab09e9b01edefc1bc2f186a10d426ce6599531f0954be14881710ce5ca,5794d56f95bbcc080e9a51f1f90f872dc02c2b9bb64440298ef82318ee7a51d0,55d659f16ae506e790d914053d78fec74699e80b47fe6d1fefd31f58b83ff6e9,b92fae6ca12d310618d7bb738af1a11fcfe1af1d0a8fa843af640e89d0ab3a51,20260813,,,,True,True,4096,True,/home/kai3/coco/quantization_graph/results/disk_environment/.test_runs/gist/gist_test_20260829_204245/runs/gist_test_20260829_204245/05A_disk_quantizer_io/gist/artifacts/test/SAQ_B4__payload_on_ssd__B2__c0__w32__r0.json,SAQ,05A quantizer I/O
05a,gist,SAQ_B4,payload_on_ssd,test,gist_test_20260829_204245,0,32,2.0,fixed_candidates_k100,rerank_candidates=100,100,,c0,1,0.9835,412.584245949,73887.689094,56037.825,205619.08,280947.982,0.9835,0.000846034728603,0.00213644311637,0.0134371717172,571.583329201,0,,,465256448,,,,,64.801,405.843,1662332.928,72196.867832,1671.007923,0.0,15.184386,0.0,0.0,100.0,,,,,,,1000,01_quantizer_fair,official SAQ B=4 distance kernel,05a-saq-b4-native-odirect-v1,253a14eea355095ecdce40c9f4aae74c633a546b7592460e78e5db10b52a8696,ffc67dab09e9b01edefc1bc2f186a10d426ce6599531f0954be14881710ce5ca,5794d56f95bbcc080e9a51f1f90f872dc02c2b9bb64440298ef82318ee7a51d0,55d659f16ae506e790d914053d78fec74699e80b47fe6d1fefd31f58b83ff6e9,b92fae6ca12d310618d7bb738af1a11fcfe1af1d0a8fa843af640e89d0ab3a51,20260813,,,,True,True,4096,True,/home/kai3/coco/quantization_graph/results/disk_environment/.test_runs/gist/gist_test_20260829_204245/runs/gist_test_20260829_204245/05A_disk_quantizer_io/gist/artifacts/test/SAQ_B4__payload_on_ssd__B2__c0__w32__r0.json,SAQ,05A quantizer I/O
05a,gist,SAQ_B4,payload_on_ssd,test,gist_test_20260829_204245,0,32,2.0,fixed_candidates_k140,rerank_candidates=140,140,,c0,1,0.9835,323.016137393,95451.036785,71758.551,257558.3,422907.345,0.9835,0.000824384297449,0.00210338964933,0.0134371717172,571.583329201,0,,,465256448,,,,,84.653,546.927,2240212.992,93195.915276,2227.029937,0.0,21.988105,0.0,0.0,140.0,,,,,,,1000,01_quantizer_fair,official SAQ B=4 distance kernel,05a-saq-b4-native-odirect-v1,253a14eea355095ecdce40c9f4aae74c633a546b7592460e78e5db10b52a8696,ffc67dab09e9b01edefc1bc2f186a10d426ce6599531f0954be14881710ce5ca,5794d56f95bbcc080e9a51f1f90f872dc02c2b9bb64440298ef82318ee7a51d0,55d659f16ae506e790d914053d78fec74699e80b47fe6d1fefd31f58b83ff6e9,b92fae6ca12d310618d7bb738af1a11fcfe1af1d0a8fa843af640e89d0ab3a51,20260813,,,,True,True,4096,True,/home/kai3/coco/quantization_graph/results/disk_environment/.test_runs/gist/gist_test_20260829_204245/runs/gist_test_20260829_204245/05A_disk_quantizer_io/gist/artifacts/test/SAQ_B4__payload_on_ssd__B2__c0__w32__r0.json,SAQ,05A quantizer I/O
05a,gist,SAQ_B4,payload_on_ssd,test,gist_test_20260829_204245,0,32,2.0,fixed_candidates_k180,rerank_candidates=180,180,,c0,1,0.9835,266.81740128,116034.311922,96545.939,297311.478,409147.692,0.9835,0.000810152144323,0.00208483016993,0.0134371717172,571.583329201,0,,,465256448,,,,,102.929,680.979,2789289.984,113183.945455,2813.060154,0.0,29.571423,0.0,0.0,180.0,,,,,,,1000,01_quantizer_fair,official SAQ B=4 distance kernel,05a-saq-b4-native-odirect-v1,253a14eea355095ecdce40c9f4aae74c633a546b7592460e78e5db10b52a8696,ffc67dab09e9b01edefc1bc2f186a10d426ce6599531f0954be14881710ce5ca,5794d56f95bbcc080e9a51f1f90f872dc02c2b9bb64440298ef82318ee7a51d0,55d659f16ae506e790d914053d78fec74699e80b47fe6d1fefd31f58b83ff6e9,b92fae6ca12d310618d7bb738af1a11fcfe1af1d0a8fa843af640e89d0ab3a51,20260813,,,,True,True,4096,True,/home/kai3/coco/quantization_graph/results/disk_environment/.test_runs/gist/gist_test_20260829_204245/runs/gist_test_20260829_204245/05A_disk_quantizer_io/gist/artifacts/test/SAQ_B4__payload_on_ssd__B2__c0__w32__r0.json,SAQ,05A quantizer I/O
05a,gist,SAQ_B4,payload_on_ssd,test,gist_test_20260829_204245,0,32,2.0,fixed_candidates_k220,rerank_candidates=220,220,,c0,1,0.9835,226.866456524,137221.376665,110093.969,330872.736,502640.111,0.9835,0.000799191943277,0.00206405242064,0.0134371717172,571.583329201,0,,,465256448,,,,,120.019,809.047,3313856.512,133873.112483,3302.527307,0.0,36.577789,0.0,0.0,220.0,,,,,,,1000,01_quantizer_fair,official SAQ B=4 distance kernel,05a-saq-b4-native-odirect-v1,253a14eea355095ecdce40c9f4aae74c633a546b7592460e78e5db10b52a8696,ffc67dab09e9b01edefc1bc2f186a10d426ce6599531f0954be14881710ce5ca,5794d56f95bbcc080e9a51f1f90f872dc02c2b9bb64440298ef82318ee7a51d0,55d659f16ae506e790d914053d78fec74699e80b47fe6d1fefd31f58b83ff6e9,b92fae6ca12d310618d7bb738af1a11fcfe1af1d0a8fa843af640e89d0ab3a51,20260813,,,,True,True,4096,True,/home/kai3/coco/quantization_graph/results/disk_environment/.test_runs/gist/gist_test_20260829_204245/runs/gist_test_20260829_204245/05A_disk_quantizer_io/gist/artifacts/test/SAQ_B4__payload_on_ssd__B2__c0__w32__r0.json,SAQ,05A quantizer I/O
05a,gist,SAQ_B4,payload_on_ssd,test,gist_test_20260829_204245,0,32,2.0,fixed_candidates_k260,rerank_candidates=260,260,,c0,1,0.9835,198.89485043,156834.367881,127652.634,399075.704,534722.003,0.9835,0.00079175531097,0.00205108379038,0.0134371717172,571.583329201,0,,,465256448,,,,,136.138,933.103,3821989.888,152881.978222,3896.366909,0.0,45.208577,0.0,0.0,260.0,,,,,,,1000,01_quantizer_fair,official SAQ B=4 distance kernel,05a-saq-b4-native-odirect-v1,253a14eea355095ecdce40c9f4aae74c633a546b7592460e78e5db10b52a8696,ffc67dab09e9b01edefc1bc2f186a10d426ce6599531f0954be14881710ce5ca,5794d56f95bbcc080e9a51f1f90f872dc02c2b9bb64440298ef82318ee7a51d0,55d659f16ae506e790d914053d78fec74699e80b47fe6d1fefd31f58b83ff6e9,b92fae6ca12d310618d7bb738af1a11fcfe1af1d0a8fa843af640e89d0ab3a51,20260813,,,,True,True,4096,True,/home/kai3/coco/quantization_graph/results/disk_environment/.test_runs/gist/gist_test_20260829_204245/runs/gist_test_20260829_204245/05A_disk_quantizer_io/gist/artifacts/test/SAQ_B4__payload_on_ssd__B2__c0__w32__r0.json,SAQ,05A quantizer I/O
05a,gist,SAQ_B4,payload_on_ssd,test,gist_test_20260829_204245,0,32,2.0,fixed_candidates_k300,rerank_candidates=300,300,,c0,1,0.9835,176.070586416,177489.084453,148152.265,414918.459,576923.204,0.9835,0.000785440631523,0.00203839821101,0.0134371717172,571.583329201,0,,,465256448,,,,,151.594,1054.519,4319309.824,172908.554998,4513.687391,0.0,54.205829,0.0,0.0,300.0,,,,,,,1000,01_quantizer_fair,official SAQ B=4 distance kernel,05a-saq-b4-native-odirect-v1,253a14eea355095ecdce40c9f4aae74c633a546b7592460e78e5db10b52a8696,ffc67dab09e9b01edefc1bc2f186a10d426ce6599531f0954be14881710ce5ca,5794d56f95bbcc080e9a51f1f90f872dc02c2b9bb64440298ef82318ee7a51d0,55d659f16ae506e790d914053d78fec74699e80b47fe6d1fefd31f58b83ff6e9,b92fae6ca12d310618d7bb738af1a11fcfe1af1d0a8fa843af640e89d0ab3a51,20260813,,,,True,True,4096,True,/home/kai3/coco/quantization_graph/results/disk_environment/.test_runs/gist/gist_test_20260829_204245/runs/gist_test_20260829_204245/05A_disk_quantizer_io/gist/artifacts/test/SAQ_B4__payload_on_ssd__B2__c0__w32__r0.json,SAQ,05A quantizer I/O
05a,gist,SAQ_B4,payload_on_ssd,test,gist_test_20260829_204245,0,32,2.0,fixed_candidates_k340,rerank_candidates=340,340,,c0,1,0.9835,171.701759023,182225.365581,156953.485,408352.821,641560.122,0.9835,0.000779675878837,0.00202671534606,0.0134371717172,571.583329201,0,,,465256448,,,,,166.116,1170.868,4795875.328,177159.158374,4990.046505,0.0,62.224955,0.0,0.0,340.0,,,,,,,1000,01_quantizer_fair,official SAQ B=4 distance kernel,05a-saq-b4-native-odirect-v1,253a14eea355095ecdce40c9f4aae74c633a546b7592460e78e5db10b52a8696,ffc67dab09e9b01edefc1bc2f186a10d426ce6599531f0954be14881710ce5ca,5794d56f95bbcc080e9a51f1f90f872dc02c2b9bb64440298ef82318ee7a51d0,55d659f16ae506e790d914053d78fec74699e80b47fe6d1fefd31f58b83ff6e9,b92fae6ca12d310618d7bb738af1a11fcfe1af1d0a8fa843af640e89d0ab3a51,20260813,,,,True,True,4096,True,/home/kai3/coco/quantization_graph/results/disk_environment/.test_runs/gist/gist_test_20260829_204245/runs/gist_test_20260829_204245/05A_disk_quantizer_io/gist/artifacts/test/SAQ_B4__payload_on_ssd__B2__c0__w32__r0.json,SAQ,05A quantizer I/O
05a,gist,SAQ_B4,payload_on_ssd,test,gist_test_20260829_204245,0,32,2.0,fixed_candidates_k380,rerank_candidates=380,380,,c0,1,0.9835,156.644583103,198138.929815,173571.873,444562.334,633756.258,0.9835,0.000774127500126,0.00201611928152,0.0134371717172,571.583329201,0,,,465256448,,,,,179.837,1283.595,5257605.12,192620.851189,5433.150331,0.0,69.701025,0.0,0.0,380.0,,,,,,,1000,01_quantizer_fair,official SAQ B=4 distance kernel,05a-saq-b4-native-odirect-v1,253a14eea355095ecdce40c9f4aae74c633a546b7592460e78e5db10b52a8696,ffc67dab09e9b01edefc1bc2f186a10d426ce6599531f0954be14881710ce5ca,5794d56f95bbcc080e9a51f1f90f872dc02c2b9bb64440298ef82318ee7a51d0,55d659f16ae506e790d914053d78fec74699e80b47fe6d1fefd31f58b83ff6e9,b92fae6ca12d310618d7bb738af1a11fcfe1af1d0a8fa843af640e89d0ab3a51,20260813,,,,True,True,4096,True,/home/kai3/coco/quantization_graph/results/disk_environment/.test_runs/gist/gist_test_20260829_204245/runs/gist_test_20260829_204245/05A_disk_quantizer_io/gist/artifacts/test/SAQ_B4__payload_on_ssd__B2__c0__w32__r0.json,SAQ,05A quantizer I/O
05a,gist,SAQ_B4,payload_on_ssd,test,gist_test_20260829_204245,0,32,2.0,fixed_candidates_k420,rerank_candidates=420,420,,c0,1,0.9835,151.799624402,206652.409825,184472.353,469699.369,660983.436,0.9835,0.00077020356619,0.00200805541266,0.0134371717172,571.583329201,0,,,465256448,,,,,193.036,1394.056,5710053.376,200618.440204,5939.431045,0.0,77.932831,0.0,0.0,420.0,,,,,,,1000,01_quantizer_fair,official SAQ B=4 distance kernel,05a-saq-b4-native-odirect-v1,253a14eea355095ecdce40c9f4aae74c633a546b7592460e78e5db10b52a8696,ffc67dab09e9b01edefc1bc2f186a10d426ce6599531f0954be14881710ce5ca,5794d56f95bbcc080e9a51f1f90f872dc02c2b9bb64440298ef82318ee7a51d0,55d659f16ae506e790d914053d78fec74699e80b47fe6d1fefd31f58b83ff6e9,b92fae6ca12d310618d7bb738af1a11fcfe1af1d0a8fa843af640e89d0ab3a51,20260813,,,,True,True,4096,True,/home/kai3/coco/quantization_graph/results/disk_environment/.test_runs/gist/gist_test_20260829_204245/runs/gist_test_20260829_204245/05A_disk_quantizer_io/gist/artifacts/test/SAQ_B4__payload_on_ssd__B2__c0__w32__r0.json,SAQ,05A quantizer I/O
05a,gist,SAQ_B4,payload_on_ssd,test,gist_test_20260829_204245,0,32,2.0,fixed_candidates_k460,rerank_candidates=460,460,,c0,1,0.9835,134.265333334,233690.385228,198024.093,530861.075,738628.902,0.9835,0.000766333855322,0.00199918585192,0.0134371717172,571.583329201,0,,,465256448,,,,,205.846,1502.656,6154878.976,227170.647834,6414.494563,0.0,87.057974,0.0,0.0,460.0,,,,,,,1000,01_quantizer_fair,official SAQ B=4 distance kernel,05a-saq-b4-native-odirect-v1,253a14eea355095ecdce40c9f4aae74c633a546b7592460e78e5db10b52a8696,ffc67dab09e9b01edefc1bc2f186a10d426ce6599531f0954be14881710ce5ca,5794d56f95bbcc080e9a51f1f90f872dc02c2b9bb64440298ef82318ee7a51d0,55d659f16ae506e790d914053d78fec74699e80b47fe6d1fefd31f58b83ff6e9,b92fae6ca12d310618d7bb738af1a11fcfe1af1d0a8fa843af640e89d0ab3a51,20260813,,,,True,True,4096,True,/home/kai3/coco/quantization_graph/results/disk_environment/.test_runs/gist/gist_test_20260829_204245/runs/gist_test_20260829_204245/05A_disk_quantizer_io/gist/artifacts/test/SAQ_B4__payload_on_ssd__B2__c0__w32__r0.json,SAQ,05A quantizer I/O
05a,gist,Ours_RaBitQ_K1,resident,test,gist_test_20260829_204245,0,32,2.0,fixed_candidates_k10,rerank_candidates=10,10,,c0,1,1.0,591880.231851,19.494982,16.605,35.32,53.003,1.0,0.0108450304325,0.0271053659287,0.141822222222,1244.54689789,1305001984,,,1384738816,,,,,0.0,0.0,0.0,0.0,15.432584,0.0,3.932157,0.0,0.0,10.0,,,,,,,1000,01_quantizer_fair,hnswlib::RaBitQSpace K=1,05a-rabitq-k1-native-odirect-v1,b3e97b4e71dbf2d0553be4307d13f95e3c3df537147d5a1b5c5b0ff591393d18,ffc67dab09e9b01edefc1bc2f186a10d426ce6599531f0954be14881710ce5ca,e70a5e8a443fb8f5f610e0d4dcca65c0448bf3465d144ec337c4ed579df2090b,55d659f16ae506e790d914053d78fec74699e80b47fe6d1fefd31f58b83ff6e9,b92fae6ca12d310618d7bb738af1a11fcfe1af1d0a8fa843af640e89d0ab3a51,20260813,,,,False,False,4096,True,/home/kai3/coco/quantization_graph/results/disk_environment/.test_runs/gist/gist_test_20260829_204245/runs/gist_test_20260829_204245/05A_disk_quantizer_io/gist/artifacts/test/Ours_RaBitQ_K1__resident__B2__c0__w32__r0.json,Ours,05A quantizer I/O
05a,gist,Ours_RaBitQ_K1,resident,test,gist_test_20260829_204245,0,32,2.0,fixed_candidates_k11,rerank_candidates=11,11,,c0,1,0.941,691713.138261,19.465384,17.171,30.664,42.298,0.941,0.0108422559058,0.0270732595844,0.141309090909,1244.54689789,1305001984,,,1384738816,,,,,0.0,0.0,0.0,0.0,15.237561,0.0,4.096324,0.0,0.0,11.0,,,,,,,1000,01_quantizer_fair,hnswlib::RaBitQSpace K=1,05a-rabitq-k1-native-odirect-v1,b3e97b4e71dbf2d0553be4307d13f95e3c3df537147d5a1b5c5b0ff591393d18,ffc67dab09e9b01edefc1bc2f186a10d426ce6599531f0954be14881710ce5ca,e70a5e8a443fb8f5f610e0d4dcca65c0448bf3465d144ec337c4ed579df2090b,55d659f16ae506e790d914053d78fec74699e80b47fe6d1fefd31f58b83ff6e9,b92fae6ca12d310618d7bb738af1a11fcfe1af1d0a8fa843af640e89d0ab3a51,20260813,,,,False,False,4096,True,/home/kai3/coco/quantization_graph/results/disk_environment/.test_runs/gist/gist_test_20260829_204245/runs/gist_test_20260829_204245/05A_disk_quantizer_io/gist/artifacts/test/Ours_RaBitQ_K1__resident__B2__c0__w32__r0.json,Ours,05A quantizer I/O
05a,gist,Ours_RaBitQ_K1,resident,test,gist_test_20260829_204245,0,32,2.0,fixed_candidates_k12,rerank_candidates=12,12,,c0,1,0.9128,681756.203981,18.93263,17.087,28.511,37.302,0.9128,0.0107974226573,0.0269839377978,0.140651515152,1244.54689789,1305001984,,,1384738816,,,,,0.0,0.0,0.0,0.0,14.905147,0.0,3.894782,0.0,0.0,12.0,,,,,,,1000,01_quantizer_fair,hnswlib::RaBitQSpace K=1,05a-rabitq-k1-native-odirect-v1,b3e97b4e71dbf2d0553be4307d13f95e3c3df537147d5a1b5c5b0ff591393d18,ffc67dab09e9b01edefc1bc2f186a10d426ce6599531f0954be14881710ce5ca,e70a5e8a443fb8f5f610e0d4dcca65c0448bf3465d144ec337c4ed579df2090b,55d659f16ae506e790d914053d78fec74699e80b47fe6d1fefd31f58b83ff6e9,b92fae6ca12d310618d7bb738af1a11fcfe1af1d0a8fa843af640e89d0ab3a51,20260813,,,,False,False,4096,True,/home/kai3/coco/quantization_graph/results/disk_environment/.test_runs/gist/gist_test_20260829_204245/runs/gist_test_20260829_204245/05A_disk_quantizer_io/gist/artifacts/test/Ours_RaBitQ_K1__resident__B2__c0__w32__r0.json,Ours,05A quantizer I/O
05a,gist,Ours_RaBitQ_K1,resident,test,gist_test_20260829_204245,0,32,2.0,fixed_candidates_k13,rerank_candidates=13,13,,c0,1,0.8946,674078.837565,18.769878,16.762,28.533,41.088,0.8946,0.0107807604423,0.0269001506925,0.140487179487,1244.54689789,1305001984,,,1384738816,,,,,0.0,0.0,0.0,0.0,14.895785,0.0,3.751241,0.0,0.0,13.0,,,,,,,1000,01_quantizer_fair,hnswlib::RaBitQSpace K=1,05a-rabitq-k1-native-odirect-v1,b3e97b4e71dbf2d0553be4307d13f95e3c3df537147d5a1b5c5b0ff591393d18,ffc67dab09e9b01edefc1bc2f186a10d426ce6599531f0954be14881710ce5ca,e70a5e8a443fb8f5f610e0d4dcca65c0448bf3465d144ec337c4ed579df2090b,55d659f16ae506e790d914053d78fec74699e80b47fe6d1fefd31f58b83ff6e9,b92fae6ca12d310618d7bb738af1a11fcfe1af1d0a8fa843af640e89d0ab3a51,20260813,,,,False,False,4096,True,/home/kai3/coco/quantization_graph/results/disk_environment/.test_runs/gist/gist_test_20260829_204245/runs/gist_test_20260829_204245/05A_disk_quantizer_io/gist/artifacts/test/Ours_RaBitQ_K1__resident__B2__c0__w32__r0.json,Ours,05A quantizer I/O
05a,gist,Ours_RaBitQ_K1,resident,test,gist_test_20260829_204245,0,32,2.0,fixed_candidates_k14,rerank_candidates=14,14,,c0,1,0.8821,705815.425031,19.665654,17.433,30.244,37.866,0.8821,0.0107846658409,0.0268256406713,0.140648351648,1244.54689789,1305001984,,,1384738816,,,,,0.0,0.0,0.0,0.0,15.517693,0.0,4.024453,0.0,0.0,14.0,,,,,,,1000,01_quantizer_fair,hnswlib::RaBitQSpace K=1,05a-rabitq-k1-native-odirect-v1,b3e97b4e71dbf2d0553be4307d13f95e3c3df537147d5a1b5c5b0ff591393d18,ffc67dab09e9b01edefc1bc2f186a10d426ce6599531f0954be14881710ce5ca,e70a5e8a443fb8f5f610e0d4dcca65c0448bf3465d144ec337c4ed579df2090b,55d659f16ae506e790d914053d78fec74699e80b47fe6d1fefd31f58b83ff6e9,b92fae6ca12d310618d7bb738af1a11fcfe1af1d0a8fa843af640e89d0ab3a51,20260813,,,,False,False,4096,True,/home/kai3/coco/quantization_graph/results/disk_environment/.test_runs/gist/gist_test_20260829_204245/runs/gist_test_20260829_204245/05A_disk_quantizer_io/gist/artifacts/test/Ours_RaBitQ_K1__resident__B2__c0__w32__r0.json,Ours,05A quantizer I/O
05a,gist,Ours_RaBitQ_K1,resident,test,gist_test_20260829_204245,0,32,2.0,fixed_candidates_k15,rerank_candidates=15,15,,c0,1,0.8749,719351.490245,19.619271,17.283,29.641,41.818,0.8749,0.0107576448263,0.0266712824079,0.140419047619,1244.54689789,1305001984,,,1384738816,,,,,0.0,0.0,0.0,0.0,15.526352,0.0,3.966184,0.0,0.0,15.0,,,,,,,1000,01_quantizer_fair,hnswlib::RaBitQSpace K=1,05a-rabitq-k1-native-odirect-v1,b3e97b4e71dbf2d0553be4307d13f95e3c3df537147d5a1b5c5b0ff591393d18,ffc67dab09e9b01edefc1bc2f186a10d426ce6599531f0954be14881710ce5ca,e70a5e8a443fb8f5f610e0d4dcca65c0448bf3465d144ec337c4ed579df2090b,55d659f16ae506e790d914053d78fec74699e80b47fe6d1fefd31f58b83ff6e9,b92fae6ca12d310618d7bb738af1a11fcfe1af1d0a8fa843af640e89d0ab3a51,20260813,,,,False,False,4096,True,/home/kai3/coco/quantization_graph/results/disk_environment/.test_runs/gist/gist_test_20260829_204245/runs/gist_test_20260829_204245/05A_disk_quantizer_io/gist/artifacts/test/Ours_RaBitQ_K1__resident__B2__c0__w32__r0.json,Ours,05A quantizer I/O
05a,gist,Ours_RaBitQ_K1,resident,test,gist_test_20260829_204245,0,32,2.0,fixed_candidates_k16,rerank_candidates=16,16,,c0,1,0.8697,690249.262814,20.193858,18.053,29.358,42.099,0.8697,0.0106931688734,0.026523511927,0.140816666667,1244.54689789,1305001984,,,1384738816,,,,,0.0,0.0,0.0,0.0,15.748536,0.0,4.318104,0.0,0.0,16.0,,,,,,,1000,01_quantizer_fair,hnswlib::RaBitQSpace K=1,05a-rabitq-k1-native-odirect-v1,b3e97b4e71dbf2d0553be4307d13f95e3c3df537147d5a1b5c5b0ff591393d18,ffc67dab09e9b01edefc1bc2f186a10d426ce6599531f0954be14881710ce5ca,e70a5e8a443fb8f5f610e0d4dcca65c0448bf3465d144ec337c4ed579df2090b,55d659f16ae506e790d914053d78fec74699e80b47fe6d1fefd31f58b83ff6e9,b92fae6ca12d310618d7bb738af1a11fcfe1af1d0a8fa843af640e89d0ab3a51,20260813,,,,False,False,4096,True,/home/kai3/coco/quantization_graph/results/disk_environment/.test_runs/gist/gist_test_20260829_204245/runs/gist_test_20260829_204245/05A_disk_quantizer_io/gist/artifacts/test/Ours_RaBitQ_K1__resident__B2__c0__w32__r0.json,Ours,05A quantizer I/O
05a,gist,Ours_RaBitQ_K1,resident,test,gist_test_20260829_204245,0,32,2.0,fixed_candidates_k17,rerank_candidates=17,17,,c0,1,0.8665,699106.611661,20.710397,18.622,30.223,41.134,0.8665,0.0106868813188,0.0265136016554,0.140977941176,1244.54689789,1305001984,,,1384738816,,,,,0.0,0.0,0.0,0.0,15.941367,0.0,4.63152,0.0,0.0,17.0,,,,,,,1000,01_quantizer_fair,hnswlib::RaBitQSpace K=1,05a-rabitq-k1-native-odirect-v1,b3e97b4e71dbf2d0553be4307d13f95e3c3df537147d5a1b5c5b0ff591393d18,ffc67dab09e9b01edefc1bc2f186a10d426ce6599531f0954be14881710ce5ca,e70a5e8a443fb8f5f610e0d4dcca65c0448bf3465d144ec337c4ed579df2090b,55d659f16ae506e790d914053d78fec74699e80b47fe6d1fefd31f58b83ff6e9,b92fae6ca12d310618d7bb738af1a11fcfe1af1d0a8fa843af640e89d0ab3a51,20260813,,,,False,False,4096,True,/home/kai3/coco/quantization_graph/results/disk_environment/.test_runs/gist/gist_test_20260829_204245/runs/gist_test_20260829_204245/05A_disk_quantizer_io/gist/artifacts/test/Ours_RaBitQ_K1__resident__B2__c0__w32__r0.json,Ours,05A quantizer I/O
05a,gist,Ours_RaBitQ_K1,resident,test,gist_test_20260829_204245,0,32,2.0,fixed_candidates_k18,rerank_candidates=18,18,,c0,1,0.8642,690452.7644,21.102197,19.078,30.734,39.864,0.8642,0.0106570322156,0.0264414538084,0.140294117647,1244.54689789,1305001984,,,1384738816,,,,,0.0,0.0,0.0,0.0,16.122136,0.0,4.847816,0.0,0.0,18.0,,,,,,,1000,01_quantizer_fair,hnswlib::RaBitQSpace K=1,05a-rabitq-k1-native-odirect-v1,b3e97b4e71dbf2d0553be4307d13f95e3c3df537147d5a1b5c5b0ff591393d18,ffc67dab09e9b01edefc1bc2f186a10d426ce6599531f0954be14881710ce5ca,e70a5e8a443fb8f5f610e0d4dcca65c0448bf3465d144ec337c4ed579df2090b,55d659f16ae506e790d914053d78fec74699e80b47fe6d1fefd31f58b83ff6e9,b92fae6ca12d310618d7bb738af1a11fcfe1af1d0a8fa843af640e89d0ab3a51,20260813,,,,False,False,4096,True,/home/kai3/coco/quantization_graph/results/disk_environment/.test_runs/gist/gist_test_20260829_204245/runs/gist_test_20260829_204245/05A_disk_quantizer_io/gist/artifacts/test/Ours_RaBitQ_K1__resident__B2__c0__w32__r0.json,Ours,05A quantizer I/O
05a,gist,Ours_RaBitQ_K1,resident,test,gist_test_20260829_204245,0,32,2.0,fixed_candidates_k19,rerank_candidates=19,19,,c0,1,0.8622,678671.920492,21.621956,19.428,32.472,44.676,0.8622,0.010632540055,0.0263732097632,0.140064327485,1244.54689789,1305001984,,,1384738816,,,,,0.0,0.0,0.0,0.0,16.327838,0.0,5.154438,0.0,0.0,19.0,,,,,,,1000,01_quantizer_fair,hnswlib::RaBitQSpace K=1,05a-rabitq-k1-native-odirect-v1,b3e97b4e71dbf2d0553be4307d13f95e3c3df537147d5a1b5c5b0ff591393d18,ffc67dab09e9b01edefc1bc2f186a10d426ce6599531f0954be14881710ce5ca,e70a5e8a443fb8f5f610e0d4dcca65c0448bf3465d144ec337c4ed579df2090b,55d659f16ae506e790d914053d78fec74699e80b47fe6d1fefd31f58b83ff6e9,b92fae6ca12d310618d7bb738af1a11fcfe1af1d0a8fa843af640e89d0ab3a51,20260813,,,,False,False,4096,True,/home/kai3/coco/quantization_graph/results/disk_environment/.test_runs/gist/gist_test_20260829_204245/runs/gist_test_20260829_204245/05A_disk_quantizer_io/gist/artifacts/test/Ours_RaBitQ_K1__resident__B2__c0__w32__r0.json,Ours,05A quantizer I/O
05a,gist,Ours_RaBitQ_K1,resident,test,gist_test_20260829_204245,0,32,2.0,fixed_candidates_k20,rerank_candidates=20,20,,c0,1,0.8606,685715.382859,22.012444,19.886,31.372,41.29,0.8606,0.0106174255273,0.0264064274891,0.139768421053,1244.54689789,1305001984,,,1384738816,,,,,0.0,0.0,0.0,0.0,16.427615,0.0,5.450015,0.0,0.0,20.0,,,,,,,1000,01_quantizer_fair,hnswlib::RaBitQSpace K=1,05a-rabitq-k1-native-odirect-v1,b3e97b4e71dbf2d0553be4307d13f95e3c3df537147d5a1b5c5b0ff591393d18,ffc67dab09e9b01edefc1bc2f186a10d426ce6599531f0954be14881710ce5ca,e70a5e8a443fb8f5f610e0d4dcca65c0448bf3465d144ec337c4ed579df2090b,55d659f16ae506e790d914053d78fec74699e80b47fe6d1fefd31f58b83ff6e9,b92fae6ca12d310618d7bb738af1a11fcfe1af1d0a8fa843af640e89d0ab3a51,20260813,,,,False,False,4096,True,/home/kai3/coco/quantization_graph/results/disk_environment/.test_runs/gist/gist_test_20260829_204245/runs/gist_test_20260829_204245/05A_disk_quantizer_io/gist/artifacts/test/Ours_RaBitQ_K1__resident__B2__c0__w32__r0.json,Ours,05A quantizer I/O
05a,gist,Ours_RaBitQ_K1,resident,test,gist_test_20260829_204245,0,32,2.0,fixed_candidates_k21,rerank_candidates=21,21,,c0,1,0.8592,665807.774637,22.90846,20.795,32.652,43.959,0.8592,0.0105904477923,0.0263600476181,0.1387,1244.54689789,1305001984,,,1384738816,,,,,0.0,0.0,0.0,0.0,16.81967,0.0,5.95041,0.0,0.0,21.0,,,,,,,1000,01_quantizer_fair,hnswlib::RaBitQSpace K=1,05a-rabitq-k1-native-odirect-v1,b3e97b4e71dbf2d0553be4307d13f95e3c3df537147d5a1b5c5b0ff591393d18,ffc67dab09e9b01edefc1bc2f186a10d426ce6599531f0954be14881710ce5ca,e70a5e8a443fb8f5f610e0d4dcca65c0448bf3465d144ec337c4ed579df2090b,55d659f16ae506e790d914053d78fec74699e80b47fe6d1fefd31f58b83ff6e9,b92fae6ca12d310618d7bb738af1a11fcfe1af1d0a8fa843af640e89d0ab3a51,20260813,,,,False,False,4096,True,/home/kai3/coco/quantization_graph/results/disk_environment/.test_runs/gist/gist_test_20260829_204245/runs/gist_test_20260829_204245/05A_disk_quantizer_io/gist/artifacts/test/Ours_RaBitQ_K1__resident__B2__c0__w32__r0.json,Ours,05A quantizer I/O
05a,gist,Ours_RaBitQ_K1,resident,test,gist_test_20260829_204245,0,32,2.0,fixed_candidates_k22,rerank_candidates=22,22,,c0,1,0.8582,654566.781521,23.613442,21.46,32.769,44.594,0.8582,0.0105786524503,0.0263310727554,0.13812987013,1244.54689789,1305001984,,,1384738816,,,,,0.0,0.0,0.0,0.0,17.103506,0.0,6.36723,0.0,0.0,22.0,,,,,,,1000,01_quantizer_fair,hnswlib::RaBitQSpace K=1,05a-rabitq-k1-native-odirect-v1,b3e97b4e71dbf2d0553be4307d13f95e3c3df537147d5a1b5c5b0ff591393d18,ffc67dab09e9b01edefc1bc2f186a10d426ce6599531f0954be14881710ce5ca,e70a5e8a443fb8f5f610e0d4dcca65c0448bf3465d144ec337c4ed579df2090b,55d659f16ae506e790d914053d78fec74699e80b47fe6d1fefd31f58b83ff6e9,b92fae6ca12d310618d7bb738af1a11fcfe1af1d0a8fa843af640e89d0ab3a51,20260813,,,,False,False,4096,True,/home/kai3/coco/quantization_graph/results/disk_environment/.test_runs/gist/gist_test_20260829_204245/runs/gist_test_20260829_204245/05A_disk_quantizer_io/gist/artifacts/test/Ours_RaBitQ_K1__resident__B2__c0__w32__r0.json,Ours,05A quantizer I/O
05a,gist,Ours_RaBitQ_K1,resident,test,gist_test_20260829_204245,0,32,2.0,fixed_candidates_k23,rerank_candidates=23,23,,c0,1,0.8576,643716.043979,24.09633,21.848,34.303,49.31,0.8576,0.0105682824668,0.0262851705699,0.138292490119,1244.54689789,1305001984,,,1384738816,,,,,0.0,0.0,0.0,0.0,17.222906,0.0,6.736074,0.0,0.0,23.0,,,,,,,1000,01_quantizer_fair,hnswlib::RaBitQSpace K=1,05a-rabitq-k1-native-odirect-v1,b3e97b4e71dbf2d0553be4307d13f95e3c3df537147d5a1b5c5b0ff591393d18,ffc67dab09e9b01edefc1bc2f186a10d426ce6599531f0954be14881710ce5ca,e70a5e8a443fb8f5f610e0d4dcca65c0448bf3465d144ec337c4ed579df2090b,55d659f16ae506e790d914053d78fec74699e80b47fe6d1fefd31f58b83ff6e9,b92fae6ca12d310618d7bb738af1a11fcfe1af1d0a8fa843af640e89d0ab3a51,20260813,,,,False,False,4096,True,/home/kai3/coco/quantization_graph/results/disk_environment/.test_runs/gist/gist_test_20260829_204245/runs/gist_test_20260829_204245/05A_disk_quantizer_io/gist/artifacts/test/Ours_RaBitQ_K1__resident__B2__c0__w32__r0.json,Ours,05A quantizer I/O
05a,gist,Ours_RaBitQ_K1,resident,test,gist_test_20260829_204245,0,32,2.0,fixed_candidates_k24,rerank_candidates=24,24,,c0,1,0.8573,636589.915143,24.724333,22.957,32.924,45.155,0.8573,0.0105460601723,0.0262027710702,0.137753623188,1244.54689789,1305001984,,,1384738816,,,,,0.0,0.0,0.0,0.0,17.247023,0.0,7.335633,0.0,0.0,24.0,,,,,,,1000,01_quantizer_fair,hnswlib::RaBitQSpace K=1,05a-rabitq-k1-native-odirect-v1,b3e97b4e71dbf2d0553be4307d13f95e3c3df537147d5a1b5c5b0ff591393d18,ffc67dab09e9b01edefc1bc2f186a10d426ce6599531f0954be14881710ce5ca,e70a5e8a443fb8f5f610e0d4dcca65c0448bf3465d144ec337c4ed579df2090b,55d659f16ae506e790d914053d78fec74699e80b47fe6d1fefd31f58b83ff6e9,b92fae6ca12d310618d7bb738af1a11fcfe1af1d0a8fa843af640e89d0ab3a51,20260813,,,,False,False,4096,True,/home/kai3/coco/quantization_graph/results/disk_environment/.test_runs/gist/gist_test_20260829_204245/runs/gist_test_20260829_204245/05A_disk_quantizer_io/gist/artifacts/test/Ours_RaBitQ_K1__resident__B2__c0__w32__r0.json,Ours,05A quantizer I/O
05a,gist,Ours_RaBitQ_K1,resident,test,gist_test_20260829_204245,0,32,2.0,fixed_candidates_k25,rerank_candidates=25,25,,c0,1,0.8569,631534.407573,25.505444,23.176,34.81,49.902,0.8569,0.0105455989235,0.0262019665713,0.13777,1244.54689789,1305001984,,,1384738816,,,,,0.0,0.0,0.0,0.0,17.657676,0.0,7.710769,0.0,0.0,25.0,,,,,,,1000,01_quantizer_fair,hnswlib::RaBitQSpace K=1,05a-rabitq-k1-native-odirect-v1,b3e97b4e71dbf2d0553be4307d13f95e3c3df537147d5a1b5c5b0ff591393d18,ffc67dab09e9b01edefc1bc2f186a10d426ce6599531f0954be14881710ce5ca,e70a5e8a443fb8f5f610e0d4dcca65c0448bf3465d144ec337c4ed579df2090b,55d659f16ae506e790d914053d78fec74699e80b47fe6d1fefd31f58b83ff6e9,b92fae6ca12d310618d7bb738af1a11fcfe1af1d0a8fa843af640e89d0ab3a51,20260813,,,,False,False,4096,True,/home/kai3/coco/quantization_graph/results/disk_environment/.test_runs/gist/gist_test_20260829_204245/runs/gist_test_20260829_204245/05A_disk_quantizer_io/gist/artifacts/test/Ours_RaBitQ_K1__resident__B2__c0__w32__r0.json,Ours,05A quantizer I/O
05a,gist,Ours_RaBitQ_K1,resident,test,gist_test_20260829_204245,0,32,2.0,fixed_candidates_k26,rerank_candidates=26,26,,c0,1,0.8567,615112.451783,26.072677,23.738,35.328,53.826,0.8567,0.0105472266447,0.0261945172721,0.136849230769,1244.54689789,1305001984,,,1384738816,,,,,0.0,0.0,0.0,0.0,17.776068,0.0,8.157466,0.0,0.0,26.0,,,,,,,1000,01_quantizer_fair,hnswlib::RaBitQSpace K=1,05a-rabitq-k1-native-odirect-v1,b3e97b4e71dbf2d0553be4307d13f95e3c3df537147d5a1b5c5b0ff591393d18,ffc67dab09e9b01edefc1bc2f186a10d426ce6599531f0954be14881710ce5ca,e70a5e8a443fb8f5f610e0d4dcca65c0448bf3465d144ec337c4ed579df2090b,55d659f16ae506e790d914053d78fec74699e80b47fe6d1fefd31f58b83ff6e9,b92fae6ca12d310618d7bb738af1a11fcfe1af1d0a8fa843af640e89d0ab3a51,20260813,,,,False,False,4096,True,/home/kai3/coco/quantization_graph/results/disk_environment/.test_runs/gist/gist_test_20260829_204245/runs/gist_test_20260829_204245/05A_disk_quantizer_io/gist/artifacts/test/Ours_RaBitQ_K1__resident__B2__c0__w32__r0.json,Ours,05A quantizer I/O
05a,gist,Ours_RaBitQ_K1,resident,test,gist_test_20260829_204245,0,32,2.0,fixed_candidates_k27,rerank_candidates=27,27,,c0,1,0.8563,613620.032976,26.401245,24.208,34.808,48.048,0.8563,0.0105428793283,0.026191057056,0.136310541311,1244.54689789,1305001984,,,1384738816,,,,,0.0,0.0,0.0,0.0,17.864202,0.0,8.391786,0.0,0.0,27.0,,,,,,,1000,01_quantizer_fair,hnswlib::RaBitQSpace K=1,05a-rabitq-k1-native-odirect-v1,b3e97b4e71dbf2d0553be4307d13f95e3c3df537147d5a1b5c5b0ff591393d18,ffc67dab09e9b01edefc1bc2f186a10d426ce6599531f0954be14881710ce5ca,e70a5e8a443fb8f5f610e0d4dcca65c0448bf3465d144ec337c4ed579df2090b,55d659f16ae506e790d914053d78fec74699e80b47fe6d1fefd31f58b83ff6e9,b92fae6ca12d310618d7bb738af1a11fcfe1af1d0a8fa843af640e89d0ab3a51,20260813,,,,False,False,4096,True,/home/kai3/coco/quantization_graph/results/disk_environment/.test_runs/gist/gist_test_20260829_204245/runs/gist_test_20260829_204245/05A_disk_quantizer_io/gist/artifacts/test/Ours_RaBitQ_K1__resident__B2__c0__w32__r0.json,Ours,05A quantizer I/O
05a,gist,Ours_RaBitQ_K1,resident,test,gist_test_20260829_204245,0,32,2.0,fixed_candidates_k28,rerank_candidates=28,28,,c0,1,0.8561,584570.723412,27.285398,25.099,35.954,51.817,0.8561,0.010537401217,0.0261686322194,0.136489417989,1244.54689789,1305001984,,,1384738816,,,,,0.0,0.0,0.0,0.0,18.151342,0.0,8.982778,0.0,0.0,28.0,,,,,,,1000,01_quantizer_fair,hnswlib::RaBitQSpace K=1,05a-rabitq-k1-native-odirect-v1,b3e97b4e71dbf2d0553be4307d13f95e3c3df537147d5a1b5c5b0ff591393d18,ffc67dab09e9b01edefc1bc2f186a10d426ce6599531f0954be14881710ce5ca,e70a5e8a443fb8f5f610e0d4dcca65c0448bf3465d144ec337c4ed579df2090b,55d659f16ae506e790d914053d78fec74699e80b47fe6d1fefd31f58b83ff6e9,b92fae6ca12d310618d7bb738af1a11fcfe1af1d0a8fa843af640e89d0ab3a51,20260813,,,,False,False,4096,True,/home/kai3/coco/quantization_graph/results/disk_environment/.test_runs/gist/gist_test_20260829_204245/runs/gist_test_20260829_204245/05A_disk_quantizer_io/gist/artifacts/test/Ours_RaBitQ_K1__resident__B2__c0__w32__r0.json,Ours,05A quantizer I/O
05a,gist,Ours_RaBitQ_K1,resident,test,gist_test_20260829_204245,0,32,2.0,fixed_candidates_k29,rerank_candidates=29,29,,c0,1,0.8559,599531.166628,27.632416,25.126,36.449,52.779,0.8559,0.0105200796324,0.0261225761856,0.136206896552,1244.54689789,1305001984,,,1384738816,,,,,0.0,0.0,0.0,0.0,18.250197,0.0,9.238703,0.0,0.0,29.0,,,,,,,1000,01_quantizer_fair,hnswlib::RaBitQSpace K=1,05a-rabitq-k1-native-odirect-v1,b3e97b4e71dbf2d0553be4307d13f95e3c3df537147d5a1b5c5b0ff591393d18,ffc67dab09e9b01edefc1bc2f186a10d426ce6599531f0954be14881710ce5ca,e70a5e8a443fb8f5f610e0d4dcca65c0448bf3465d144ec337c4ed579df2090b,55d659f16ae506e790d914053d78fec74699e80b47fe6d1fefd31f58b83ff6e9,b92fae6ca12d310618d7bb738af1a11fcfe1af1d0a8fa843af640e89d0ab3a51,20260813,,,,False,False,4096,True,/home/kai3/coco/quantization_graph/results/disk_environment/.test_runs/gist/gist_test_20260829_204245/runs/gist_test_20260829_204245/05A_disk_quantizer_io/gist/artifacts/test/Ours_RaBitQ_K1__resident__B2__c0__w32__r0.json,Ours,05A quantizer I/O
05a,gist,Ours_RaBitQ_K1,resident,test,gist_test_20260829_204245,0,32,2.0,fixed_candidates_k30,rerank_candidates=30,30,,c0,1,0.8559,591288.079691,28.688457,26.789,37.022,50.531,0.8559,0.0105080828141,0.0261649486601,0.135993103448,1244.54689789,1305001984,,,1384738816,,,,,0.0,0.0,0.0,0.0,18.547132,0.0,9.9983,0.0,0.0,30.0,,,,,,,1000,01_quantizer_fair,hnswlib::RaBitQSpace K=1,05a-rabitq-k1-native-odirect-v1,b3e97b4e71dbf2d0553be4307d13f95e3c3df537147d5a1b5c5b0ff591393d18,ffc67dab09e9b01edefc1bc2f186a10d426ce6599531f0954be14881710ce5ca,e70a5e8a443fb8f5f610e0d4dcca65c0448bf3465d144ec337c4ed579df2090b,55d659f16ae506e790d914053d78fec74699e80b47fe6d1fefd31f58b83ff6e9,b92fae6ca12d310618d7bb738af1a11fcfe1af1d0a8fa843af640e89d0ab3a51,20260813,,,,False,False,4096,True,/home/kai3/coco/quantization_graph/results/disk_environment/.test_runs/gist/gist_test_20260829_204245/runs/gist_test_20260829_204245/05A_disk_quantizer_io/gist/artifacts/test/Ours_RaBitQ_K1__resident__B2__c0__w32__r0.json,Ours,05A quantizer I/O
05a,gist,Ours_RaBitQ_K1,resident,test,gist_test_20260829_204245,0,32,2.0,fixed_candidates_k40,rerank_candidates=40,40,,c0,1,0.8553,513280.359378,35.229034,33.112,45.921,65.605,0.8553,0.0104062321191,0.0258926224605,0.132826923077,1244.54689789,1305001984,,,1384738816,,,,,0.0,0.0,0.0,0.0,20.68437,0.0,14.389363,0.0,0.0,40.0,,,,,,,1000,01_quantizer_fair,hnswlib::RaBitQSpace K=1,05a-rabitq-k1-native-odirect-v1,b3e97b4e71dbf2d0553be4307d13f95e3c3df537147d5a1b5c5b0ff591393d18,ffc67dab09e9b01edefc1bc2f186a10d426ce6599531f0954be14881710ce5ca,e70a5e8a443fb8f5f610e0d4dcca65c0448bf3465d144ec337c4ed579df2090b,55d659f16ae506e790d914053d78fec74699e80b47fe6d1fefd31f58b83ff6e9,b92fae6ca12d310618d7bb738af1a11fcfe1af1d0a8fa843af640e89d0ab3a51,20260813,,,,False,False,4096,True,/home/kai3/coco/quantization_graph/results/disk_environment/.test_runs/gist/gist_test_20260829_204245/runs/gist_test_20260829_204245/05A_disk_quantizer_io/gist/artifacts/test/Ours_RaBitQ_K1__resident__B2__c0__w32__r0.json,Ours,05A quantizer I/O
05a,gist,Ours_RaBitQ_K1,resident,test,gist_test_20260829_204245,0,32,2.0,fixed_candidates_k50,rerank_candidates=50,50,,c0,1,0.8552,463244.984794,41.968429,42.482,52.98,76.024,0.8552,0.0103093099577,0.0256962962742,0.130219591837,1244.54689789,1305001984,,,1384738816,,,,,0.0,0.0,0.0,0.0,22.791039,0.0,18.997231,0.0,0.0,50.0,,,,,,,1000,01_quantizer_fair,hnswlib::RaBitQSpace K=1,05a-rabitq-k1-native-odirect-v1,b3e97b4e71dbf2d0553be4307d13f95e3c3df537147d5a1b5c5b0ff591393d18,ffc67dab09e9b01edefc1bc2f186a10d426ce6599531f0954be14881710ce5ca,e70a5e8a443fb8f5f610e0d4dcca65c0448bf3465d144ec337c4ed579df2090b,55d659f16ae506e790d914053d78fec74699e80b47fe6d1fefd31f58b83ff6e9,b92fae6ca12d310618d7bb738af1a11fcfe1af1d0a8fa843af640e89d0ab3a51,20260813,,,,False,False,4096,True,/home/kai3/coco/quantization_graph/results/disk_environment/.test_runs/gist/gist_test_20260829_204245/runs/gist_test_20260829_204245/05A_disk_quantizer_io/gist/artifacts/test/Ours_RaBitQ_K1__resident__B2__c0__w32__r0.json,Ours,05A quantizer I/O
05a,gist,Ours_RaBitQ_K1,resident,test,gist_test_20260829_204245,0,32,2.0,fixed_candidates_k60,rerank_candidates=60,60,,c0,1,0.8552,416293.736861,49.804495,51.04,65.83,86.272,0.8552,0.010249979424,0.0255904515543,0.128749717514,1244.54689789,1305001984,,,1384738816,,,,,0.0,0.0,0.0,0.0,25.285019,0.0,24.350948,0.0,0.0,60.0,,,,,,,1000,01_quantizer_fair,hnswlib::RaBitQSpace K=1,05a-rabitq-k1-native-odirect-v1,b3e97b4e71dbf2d0553be4307d13f95e3c3df537147d5a1b5c5b0ff591393d18,ffc67dab09e9b01edefc1bc2f186a10d426ce6599531f0954be14881710ce5ca,e70a5e8a443fb8f5f610e0d4dcca65c0448bf3465d144ec337c4ed579df2090b,55d659f16ae506e790d914053d78fec74699e80b47fe6d1fefd31f58b83ff6e9,b92fae6ca12d310618d7bb738af1a11fcfe1af1d0a8fa843af640e89d0ab3a51,20260813,,,,False,False,4096,True,/home/kai3/coco/quantization_graph/results/disk_environment/.test_runs/gist/gist_test_20260829_204245/runs/gist_test_20260829_204245/05A_disk_quantizer_io/gist/artifacts/test/Ours_RaBitQ_K1__resident__B2__c0__w32__r0.json,Ours,05A quantizer I/O
05a,gist,Ours_RaBitQ_K1,resident,test,gist_test_20260829_204245,0,32,2.0,fixed_candidates_k70,rerank_candidates=70,70,,c0,1,0.8552,387629.652428,56.406115,59.112,71.824,89.328,0.8552,0.010186961538,0.0254309459589,0.127785507246,1244.54689789,1305001984,,,1384738816,,,,,0.0,0.0,0.0,0.0,27.237484,0.0,28.961352,0.0,0.0,70.0,,,,,,,1000,01_quantizer_fair,hnswlib::RaBitQSpace K=1,05a-rabitq-k1-native-odirect-v1,b3e97b4e71dbf2d0553be4307d13f95e3c3df537147d5a1b5c5b0ff591393d18,ffc67dab09e9b01edefc1bc2f186a10d426ce6599531f0954be14881710ce5ca,e70a5e8a443fb8f5f610e0d4dcca65c0448bf3465d144ec337c4ed579df2090b,55d659f16ae506e790d914053d78fec74699e80b47fe6d1fefd31f58b83ff6e9,b92fae6ca12d310618d7bb738af1a11fcfe1af1d0a8fa843af640e89d0ab3a51,20260813,,,,False,False,4096,True,/home/kai3/coco/quantization_graph/results/disk_environment/.test_runs/gist/gist_test_20260829_204245/runs/gist_test_20260829_204245/05A_disk_quantizer_io/gist/artifacts/test/Ours_RaBitQ_K1__resident__B2__c0__w32__r0.json,Ours,05A quantizer I/O
05a,gist,Ours_RaBitQ_K1,resident,test,gist_test_20260829_204245,0,32,2.0,fixed_candidates_k80,rerank_candidates=80,80,,c0,1,0.8552,356630.70997,63.020179,66.079,82.176,93.146,0.8552,0.0101327797137,0.0252931305722,0.126819936709,1244.54689789,1305001984,,,1384738816,,,,,0.0,0.0,0.0,0.0,28.896912,0.0,33.916933,0.0,0.0,80.0,,,,,,,1000,01_quantizer_fair,hnswlib::RaBitQSpace K=1,05a-rabitq-k1-native-odirect-v1,b3e97b4e71dbf2d0553be4307d13f95e3c3df537147d5a1b5c5b0ff591393d18,ffc67dab09e9b01edefc1bc2f186a10d426ce6599531f0954be14881710ce5ca,e70a5e8a443fb8f5f610e0d4dcca65c0448bf3465d144ec337c4ed579df2090b,55d659f16ae506e790d914053d78fec74699e80b47fe6d1fefd31f58b83ff6e9,b92fae6ca12d310618d7bb738af1a11fcfe1af1d0a8fa843af640e89d0ab3a51,20260813,,,,False,False,4096,True,/home/kai3/coco/quantization_graph/results/disk_environment/.test_runs/gist/gist_test_20260829_204245/runs/gist_test_20260829_204245/05A_disk_quantizer_io/gist/artifacts/test/Ours_RaBitQ_K1__resident__B2__c0__w32__r0.json,Ours,05A quantizer I/O
05a,gist,Ours_RaBitQ_K1,resident,test,gist_test_20260829_204245,0,32,2.0,fixed_candidates_k90,rerank_candidates=90,90,,c0,1,0.8552,327881.967738,70.695992,74.349,90.968,103.747,0.8552,0.0100984226914,0.0251890332075,0.125625218477,1244.54689789,1305001984,,,1384738816,,,,,0.0,0.0,0.0,0.0,31.389324,0.0,39.068327,0.0,0.0,90.0,,,,,,,1000,01_quantizer_fair,hnswlib::RaBitQSpace K=1,05a-rabitq-k1-native-odirect-v1,b3e97b4e71dbf2d0553be4307d13f95e3c3df537147d5a1b5c5b0ff591393d18,ffc67dab09e9b01edefc1bc2f186a10d426ce6599531f0954be14881710ce5ca,e70a5e8a443fb8f5f610e0d4dcca65c0448bf3465d144ec337c4ed579df2090b,55d659f16ae506e790d914053d78fec74699e80b47fe6d1fefd31f58b83ff6e9,b92fae6ca12d310618d7bb738af1a11fcfe1af1d0a8fa843af640e89d0ab3a51,20260813,,,,False,False,4096,True,/home/kai3/coco/quantization_graph/results/disk_environment/.test_runs/gist/gist_test_20260829_204245/runs/gist_test_20260829_204245/05A_disk_quantizer_io/gist/artifacts/test/Ours_RaBitQ_K1__resident__B2__c0__w32__r0.json,Ours,05A quantizer I/O
05a,gist,Ours_RaBitQ_K1,resident,test,gist_test_20260829_204245,0,32,2.0,fixed_candidates_k100,rerank_candidates=100,100,,c0,1,0.8552,304773.88673,77.484908,81.792,97.044,117.701,0.8552,0.0100676619439,0.0251307483034,0.124886060606,1244.54689789,1305001984,,,1384738816,,,,,0.0,0.0,0.0,0.0,33.327661,0.0,43.934787,0.0,0.0,100.0,,,,,,,1000,01_quantizer_fair,hnswlib::RaBitQSpace K=1,05a-rabitq-k1-native-odirect-v1,b3e97b4e71dbf2d0553be4307d13f95e3c3df537147d5a1b5c5b0ff591393d18,ffc67dab09e9b01edefc1bc2f186a10d426ce6599531f0954be14881710ce5ca,e70a5e8a443fb8f5f610e0d4dcca65c0448bf3465d144ec337c4ed579df2090b,55d659f16ae506e790d914053d78fec74699e80b47fe6d1fefd31f58b83ff6e9,b92fae6ca12d310618d7bb738af1a11fcfe1af1d0a8fa843af640e89d0ab3a51,20260813,,,,False,False,4096,True,/home/kai3/coco/quantization_graph/results/disk_environment/.test_runs/gist/gist_test_20260829_204245/runs/gist_test_20260829_204245/05A_disk_quantizer_io/gist/artifacts/test/Ours_RaBitQ_K1__resident__B2__c0__w32__r0.json,Ours,05A quantizer I/O
05a,gist,Ours_RaBitQ_K1,resident,test,gist_test_20260829_204245,0,32,2.0,fixed_candidates_k140,rerank_candidates=140,140,,c0,1,0.8552,233515.935011,107.478415,114.583,131.927,154.159,0.8552,0.00996826006312,0.0249409321836,0.124886060606,1244.54689789,1305001984,,,1384738816,,,,,0.0,0.0,0.0,0.0,42.066756,0.0,65.168521,0.0,0.0,140.0,,,,,,,1000,01_quantizer_fair,hnswlib::RaBitQSpace K=1,05a-rabitq-k1-native-odirect-v1,b3e97b4e71dbf2d0553be4307d13f95e3c3df537147d5a1b5c5b0ff591393d18,ffc67dab09e9b01edefc1bc2f186a10d426ce6599531f0954be14881710ce5ca,e70a5e8a443fb8f5f610e0d4dcca65c0448bf3465d144ec337c4ed579df2090b,55d659f16ae506e790d914053d78fec74699e80b47fe6d1fefd31f58b83ff6e9,b92fae6ca12d310618d7bb738af1a11fcfe1af1d0a8fa843af640e89d0ab3a51,20260813,,,,False,False,4096,True,/home/kai3/coco/quantization_graph/results/disk_environment/.test_runs/gist/gist_test_20260829_204245/runs/gist_test_20260829_204245/05A_disk_quantizer_io/gist/artifacts/test/Ours_RaBitQ_K1__resident__B2__c0__w32__r0.json,Ours,05A quantizer I/O
05a,gist,Ours_RaBitQ_K1,resident,test,gist_test_20260829_204245,0,32,2.0,fixed_candidates_k180,rerank_candidates=180,180,,c0,1,0.8552,188584.988371,138.998042,148.413,172.174,185.791,0.8552,0.00989258372892,0.0247448697348,0.124886060606,1244.54689789,1305001984,,,1384738816,,,,,0.0,0.0,0.0,0.0,51.150463,0.0,87.56757,0.0,0.0,180.0,,,,,,,1000,01_quantizer_fair,hnswlib::RaBitQSpace K=1,05a-rabitq-k1-native-odirect-v1,b3e97b4e71dbf2d0553be4307d13f95e3c3df537147d5a1b5c5b0ff591393d18,ffc67dab09e9b01edefc1bc2f186a10d426ce6599531f0954be14881710ce5ca,e70a5e8a443fb8f5f610e0d4dcca65c0448bf3465d144ec337c4ed579df2090b,55d659f16ae506e790d914053d78fec74699e80b47fe6d1fefd31f58b83ff6e9,b92fae6ca12d310618d7bb738af1a11fcfe1af1d0a8fa843af640e89d0ab3a51,20260813,,,,False,False,4096,True,/home/kai3/coco/quantization_graph/results/disk_environment/.test_runs/gist/gist_test_20260829_204245/runs/gist_test_20260829_204245/05A_disk_quantizer_io/gist/artifacts/test/Ours_RaBitQ_K1__resident__B2__c0__w32__r0.json,Ours,05A quantizer I/O
05a,gist,Ours_RaBitQ_K1,resident,test,gist_test_20260829_204245,0,32,2.0,fixed_candidates_k220,rerank_candidates=220,220,,c0,1,0.8552,155822.607804,175.113612,185.236,217.866,336.474,0.8552,0.00983627804299,0.0246184695586,0.124886060606,1244.54689789,1305001984,,,1384738816,,,,,0.0,0.0,0.0,0.0,64.720591,0.0,110.076964,0.0,0.0,220.0,,,,,,,1000,01_quantizer_fair,hnswlib::RaBitQSpace K=1,05a-rabitq-k1-native-odirect-v1,b3e97b4e71dbf2d0553be4307d13f95e3c3df537147d5a1b5c5b0ff591393d18,ffc67dab09e9b01edefc1bc2f186a10d426ce6599531f0954be14881710ce5ca,e70a5e8a443fb8f5f610e0d4dcca65c0448bf3465d144ec337c4ed579df2090b,55d659f16ae506e790d914053d78fec74699e80b47fe6d1fefd31f58b83ff6e9,b92fae6ca12d310618d7bb738af1a11fcfe1af1d0a8fa843af640e89d0ab3a51,20260813,,,,False,False,4096,True,/home/kai3/coco/quantization_graph/results/disk_environment/.test_runs/gist/gist_test_20260829_204245/runs/gist_test_20260829_204245/05A_disk_quantizer_io/gist/artifacts/test/Ours_RaBitQ_K1__resident__B2__c0__w32__r0.json,Ours,05A quantizer I/O
05a,gist,Ours_RaBitQ_K1,resident,test,gist_test_20260829_204245,0,32,2.0,fixed_candidates_k260,rerank_candidates=260,260,,c0,1,0.8552,133049.671434,210.293581,222.406,252.375,269.964,0.8552,0.00978220823756,0.0245049703228,0.124886060606,1244.54689789,1305001984,,,1384738816,,,,,0.0,0.0,0.0,0.0,75.399758,0.0,134.560554,0.0,0.0,260.0,,,,,,,1000,01_quantizer_fair,hnswlib::RaBitQSpace K=1,05a-rabitq-k1-native-odirect-v1,b3e97b4e71dbf2d0553be4307d13f95e3c3df537147d5a1b5c5b0ff591393d18,ffc67dab09e9b01edefc1bc2f186a10d426ce6599531f0954be14881710ce5ca,e70a5e8a443fb8f5f610e0d4dcca65c0448bf3465d144ec337c4ed579df2090b,55d659f16ae506e790d914053d78fec74699e80b47fe6d1fefd31f58b83ff6e9,b92fae6ca12d310618d7bb738af1a11fcfe1af1d0a8fa843af640e89d0ab3a51,20260813,,,,False,False,4096,True,/home/kai3/coco/quantization_graph/results/disk_environment/.test_runs/gist/gist_test_20260829_204245/runs/gist_test_20260829_204245/05A_disk_quantizer_io/gist/artifacts/test/Ours_RaBitQ_K1__resident__B2__c0__w32__r0.json,Ours,05A quantizer I/O
05a,gist,Ours_RaBitQ_K1,resident,test,gist_test_20260829_204245,0,32,2.0,fixed_candidates_k300,rerank_candidates=300,300,,c0,1,0.8552,117322.283139,240.83204,263.393,289.992,300.554,0.8552,0.00973340499117,0.0243799494801,0.124886060606,1244.54689789,1305001984,,,1384738816,,,,,0.0,0.0,0.0,0.0,81.762202,0.0,158.605337,0.0,0.0,300.0,,,,,,,1000,01_quantizer_fair,hnswlib::RaBitQSpace K=1,05a-rabitq-k1-native-odirect-v1,b3e97b4e71dbf2d0553be4307d13f95e3c3df537147d5a1b5c5b0ff591393d18,ffc67dab09e9b01edefc1bc2f186a10d426ce6599531f0954be14881710ce5ca,e70a5e8a443fb8f5f610e0d4dcca65c0448bf3465d144ec337c4ed579df2090b,55d659f16ae506e790d914053d78fec74699e80b47fe6d1fefd31f58b83ff6e9,b92fae6ca12d310618d7bb738af1a11fcfe1af1d0a8fa843af640e89d0ab3a51,20260813,,,,False,False,4096,True,/home/kai3/coco/quantization_graph/results/disk_environment/.test_runs/gist/gist_test_20260829_204245/runs/gist_test_20260829_204245/05A_disk_quantizer_io/gist/artifacts/test/Ours_RaBitQ_K1__resident__B2__c0__w32__r0.json,Ours,05A quantizer I/O
05a,gist,Ours_RaBitQ_K1,resident,test,gist_test_20260829_204245,0,32,2.0,fixed_candidates_k340,rerank_candidates=340,340,,c0,1,0.8552,99593.6777137,289.309342,298.915,394.233,532.099,0.8552,0.00969017735907,0.0242828033276,0.124886060606,1244.54689789,1305001984,,,1384738816,,,,,0.0,0.0,0.0,0.0,105.097935,0.0,183.596861,0.0,0.0,340.0,,,,,,,1000,01_quantizer_fair,hnswlib::RaBitQSpace K=1,05a-rabitq-k1-native-odirect-v1,b3e97b4e71dbf2d0553be4307d13f95e3c3df537147d5a1b5c5b0ff591393d18,ffc67dab09e9b01edefc1bc2f186a10d426ce6599531f0954be14881710ce5ca,e70a5e8a443fb8f5f610e0d4dcca65c0448bf3465d144ec337c4ed579df2090b,55d659f16ae506e790d914053d78fec74699e80b47fe6d1fefd31f58b83ff6e9,b92fae6ca12d310618d7bb738af1a11fcfe1af1d0a8fa843af640e89d0ab3a51,20260813,,,,False,False,4096,True,/home/kai3/coco/quantization_graph/results/disk_environment/.test_runs/gist/gist_test_20260829_204245/runs/gist_test_20260829_204245/05A_disk_quantizer_io/gist/artifacts/test/Ours_RaBitQ_K1__resident__B2__c0__w32__r0.json,Ours,05A quantizer I/O
05a,gist,Ours_RaBitQ_K1,resident,test,gist_test_20260829_204245,0,32,2.0,fixed_candidates_k380,rerank_candidates=380,380,,c0,1,0.8552,89748.1576947,322.717091,339.278,389.664,444.417,0.8552,0.00965307532526,0.0242015433033,0.124886060606,1244.54689789,1305001984,,,1384738816,,,,,0.0,0.0,0.0,0.0,114.25155,0.0,207.824282,0.0,0.0,380.0,,,,,,,1000,01_quantizer_fair,hnswlib::RaBitQSpace K=1,05a-rabitq-k1-native-odirect-v1,b3e97b4e71dbf2d0553be4307d13f95e3c3df537147d5a1b5c5b0ff591393d18,ffc67dab09e9b01edefc1bc2f186a10d426ce6599531f0954be14881710ce5ca,e70a5e8a443fb8f5f610e0d4dcca65c0448bf3465d144ec337c4ed579df2090b,55d659f16ae506e790d914053d78fec74699e80b47fe6d1fefd31f58b83ff6e9,b92fae6ca12d310618d7bb738af1a11fcfe1af1d0a8fa843af640e89d0ab3a51,20260813,,,,False,False,4096,True,/home/kai3/coco/quantization_graph/results/disk_environment/.test_runs/gist/gist_test_20260829_204245/runs/gist_test_20260829_204245/05A_disk_quantizer_io/gist/artifacts/test/Ours_RaBitQ_K1__resident__B2__c0__w32__r0.json,Ours,05A quantizer I/O
05a,gist,Ours_RaBitQ_K1,resident,test,gist_test_20260829_204245,0,32,2.0,fixed_candidates_k420,rerank_candidates=420,420,,c0,1,0.8552,82276.5933377,354.921053,391.445,429.361,461.962,0.8552,0.00962190587012,0.0241091460393,0.124886060606,1244.54689789,1305001984,,,1384738816,,,,,0.0,0.0,0.0,0.0,118.853148,0.0,235.379153,0.0,0.0,420.0,,,,,,,1000,01_quantizer_fair,hnswlib::RaBitQSpace K=1,05a-rabitq-k1-native-odirect-v1,b3e97b4e71dbf2d0553be4307d13f95e3c3df537147d5a1b5c5b0ff591393d18,ffc67dab09e9b01edefc1bc2f186a10d426ce6599531f0954be14881710ce5ca,e70a5e8a443fb8f5f610e0d4dcca65c0448bf3465d144ec337c4ed579df2090b,55d659f16ae506e790d914053d78fec74699e80b47fe6d1fefd31f58b83ff6e9,b92fae6ca12d310618d7bb738af1a11fcfe1af1d0a8fa843af640e89d0ab3a51,20260813,,,,False,False,4096,True,/home/kai3/coco/quantization_graph/results/disk_environment/.test_runs/gist/gist_test_20260829_204245/runs/gist_test_20260829_204245/05A_disk_quantizer_io/gist/artifacts/test/Ours_RaBitQ_K1__resident__B2__c0__w32__r0.json,Ours,05A quantizer I/O
05a,gist,Ours_RaBitQ_K1,resident,test,gist_test_20260829_204245,0,32,2.0,fixed_candidates_k460,rerank_candidates=460,460,,c0,1,0.8552,73744.7518626,397.091371,438.698,468.478,480.48,0.8552,0.00959568750418,0.0240410341453,0.124886060606,1244.54689789,1305001984,,,1384738816,,,,,0.0,0.0,0.0,0.0,133.827967,0.0,262.546476,0.0,0.0,460.0,,,,,,,1000,01_quantizer_fair,hnswlib::RaBitQSpace K=1,05a-rabitq-k1-native-odirect-v1,b3e97b4e71dbf2d0553be4307d13f95e3c3df537147d5a1b5c5b0ff591393d18,ffc67dab09e9b01edefc1bc2f186a10d426ce6599531f0954be14881710ce5ca,e70a5e8a443fb8f5f610e0d4dcca65c0448bf3465d144ec337c4ed579df2090b,55d659f16ae506e790d914053d78fec74699e80b47fe6d1fefd31f58b83ff6e9,b92fae6ca12d310618d7bb738af1a11fcfe1af1d0a8fa843af640e89d0ab3a51,20260813,,,,False,False,4096,True,/home/kai3/coco/quantization_graph/results/disk_environment/.test_runs/gist/gist_test_20260829_204245/runs/gist_test_20260829_204245/05A_disk_quantizer_io/gist/artifacts/test/Ours_RaBitQ_K1__resident__B2__c0__w32__r0.json,Ours,05A quantizer I/O
05a,gist,Ours_RaBitQ_K1,payload_on_ssd,test,gist_test_20260829_204245,0,32,2.0,fixed_candidates_k10,rerank_candidates=10,10,,c0,1,1.0,559.221967317,53794.175773,45397.718,128836.727,214718.202,1.0,0.0108450304325,0.0271053659287,0.141822222222,1244.54689789,0,,,246620160,,,,,9.909,13.198,54059.008,53739.769192,46.27196,0.0,5.620821,0.0,0.0,10.0,,,,,,,1000,01_quantizer_fair,hnswlib::RaBitQSpace K=1,05a-rabitq-k1-native-odirect-v1,b3e97b4e71dbf2d0553be4307d13f95e3c3df537147d5a1b5c5b0ff591393d18,ffc67dab09e9b01edefc1bc2f186a10d426ce6599531f0954be14881710ce5ca,e70a5e8a443fb8f5f610e0d4dcca65c0448bf3465d144ec337c4ed579df2090b,55d659f16ae506e790d914053d78fec74699e80b47fe6d1fefd31f58b83ff6e9,b92fae6ca12d310618d7bb738af1a11fcfe1af1d0a8fa843af640e89d0ab3a51,20260813,,,,True,True,4096,True,/home/kai3/coco/quantization_graph/results/disk_environment/.test_runs/gist/gist_test_20260829_204245/runs/gist_test_20260829_204245/05A_disk_quantizer_io/gist/artifacts/test/Ours_RaBitQ_K1__payload_on_ssd__B2__c0__w32__r0.json,Ours,05A quantizer I/O
05a,gist,Ours_RaBitQ_K1,payload_on_ssd,test,gist_test_20260829_204245,0,32,2.0,fixed_candidates_k11,rerank_candidates=11,11,,c0,1,0.941,618.758553084,48204.166224,34677.912,128933.569,237427.302,0.941,0.0108422559058,0.0270732595844,0.141309090909,1244.54689789,0,,,246620160,,,,,10.901,14.487,59338.752,48149.75079,45.661478,0.0,6.197469,0.0,0.0,11.0,,,,,,,1000,01_quantizer_fair,hnswlib::RaBitQSpace K=1,05a-rabitq-k1-native-odirect-v1,b3e97b4e71dbf2d0553be4307d13f95e3c3df537147d5a1b5c5b0ff591393d18,ffc67dab09e9b01edefc1bc2f186a10d426ce6599531f0954be14881710ce5ca,e70a5e8a443fb8f5f610e0d4dcca65c0448bf3465d144ec337c4ed579df2090b,55d659f16ae506e790d914053d78fec74699e80b47fe6d1fefd31f58b83ff6e9,b92fae6ca12d310618d7bb738af1a11fcfe1af1d0a8fa843af640e89d0ab3a51,20260813,,,,True,True,4096,True,/home/kai3/coco/quantization_graph/results/disk_environment/.test_runs/gist/gist_test_20260829_204245/runs/gist_test_20260829_204245/05A_disk_quantizer_io/gist/artifacts/test/Ours_RaBitQ_K1__payload_on_ssd__B2__c0__w32__r0.json,Ours,05A quantizer I/O
05a,gist,Ours_RaBitQ_K1,payload_on_ssd,test,gist_test_20260829_204245,0,32,2.0,fixed_candidates_k12,rerank_candidates=12,12,,c0,1,0.9128,535.354141607,55956.12148,46278.727,137137.045,166148.691,0.9128,0.0107974226573,0.0269839377978,0.140651515152,1244.54689789,0,,,246620160,,,,,11.885,15.794,64692.224,55899.444548,47.096568,0.0,6.803724,0.0,0.0,12.0,,,,,,,1000,01_quantizer_fair,hnswlib::RaBitQSpace K=1,05a-rabitq-k1-native-odirect-v1,b3e97b4e71dbf2d0553be4307d13f95e3c3df537147d5a1b5c5b0ff591393d18,ffc67dab09e9b01edefc1bc2f186a10d426ce6599531f0954be14881710ce5ca,e70a5e8a443fb8f5f610e0d4dcca65c0448bf3465d144ec337c4ed579df2090b,55d659f16ae506e790d914053d78fec74699e80b47fe6d1fefd31f58b83ff6e9,b92fae6ca12d310618d7bb738af1a11fcfe1af1d0a8fa843af640e89d0ab3a51,20260813,,,,True,True,4096,True,/home/kai3/coco/quantization_graph/results/disk_environment/.test_runs/gist/gist_test_20260829_204245/runs/gist_test_20260829_204245/05A_disk_quantizer_io/gist/artifacts/test/Ours_RaBitQ_K1__payload_on_ssd__B2__c0__w32__r0.json,Ours,05A quantizer I/O
05a,gist,Ours_RaBitQ_K1,payload_on_ssd,test,gist_test_20260829_204245,0,32,2.0,fixed_candidates_k13,rerank_candidates=13,13,,c0,1,0.8946,547.023668725,55144.854011,47968.945,123935.043,160394.905,0.8946,0.0107807604423,0.0269001506925,0.140487179487,1244.54689789,0,,,246620160,,,,,12.872,17.097,70029.312,55086.518154,47.820219,0.0,7.437608,0.0,0.0,13.0,,,,,,,1000,01_quantizer_fair,hnswlib::RaBitQSpace K=1,05a-rabitq-k1-native-odirect-v1,b3e97b4e71dbf2d0553be4307d13f95e3c3df537147d5a1b5c5b0ff591393d18,ffc67dab09e9b01edefc1bc2f186a10d426ce6599531f0954be14881710ce5ca,e70a5e8a443fb8f5f610e0d4dcca65c0448bf3465d144ec337c4ed579df2090b,55d659f16ae506e790d914053d78fec74699e80b47fe6d1fefd31f58b83ff6e9,b92fae6ca12d310618d7bb738af1a11fcfe1af1d0a8fa843af640e89d0ab3a51,20260813,,,,True,True,4096,True,/home/kai3/coco/quantization_graph/results/disk_environment/.test_runs/gist/gist_test_20260829_204245/runs/gist_test_20260829_204245/05A_disk_quantizer_io/gist/artifacts/test/Ours_RaBitQ_K1__payload_on_ssd__B2__c0__w32__r0.json,Ours,05A quantizer I/O
05a,gist,Ours_RaBitQ_K1,payload_on_ssd,test,gist_test_20260829_204245,0,32,2.0,fixed_candidates_k14,rerank_candidates=14,14,,c0,1,0.8821,453.688639834,66086.382738,58536.42,152521.735,186322.575,0.8821,0.0107846658409,0.0268256406713,0.140648351648,1244.54689789,0,,,246620160,,,,,13.859,18.41,75407.36,66027.553878,47.734586,0.0,7.893263,0.0,0.0,14.0,,,,,,,1000,01_quantizer_fair,hnswlib::RaBitQSpace K=1,05a-rabitq-k1-native-odirect-v1,b3e97b4e71dbf2d0553be4307d13f95e3c3df537147d5a1b5c5b0ff591393d18,ffc67dab09e9b01edefc1bc2f186a10d426ce6599531f0954be14881710ce5ca,e70a5e8a443fb8f5f610e0d4dcca65c0448bf3465d144ec337c4ed579df2090b,55d659f16ae506e790d914053d78fec74699e80b47fe6d1fefd31f58b83ff6e9,b92fae6ca12d310618d7bb738af1a11fcfe1af1d0a8fa843af640e89d0ab3a51,20260813,,,,True,True,4096,True,/home/kai3/coco/quantization_graph/results/disk_environment/.test_runs/gist/gist_test_20260829_204245/runs/gist_test_20260829_204245/05A_disk_quantizer_io/gist/artifacts/test/Ours_RaBitQ_K1__payload_on_ssd__B2__c0__w32__r0.json,Ours,05A quantizer I/O
05a,gist,Ours_RaBitQ_K1,payload_on_ssd,test,gist_test_20260829_204245,0,32,2.0,fixed_candidates_k15,rerank_candidates=15,15,,c0,1,0.8749,546.995428992,55225.771365,42488.735,136608.885,211548.18,0.8749,0.0107576448263,0.0266712824079,0.140419047619,1244.54689789,0,,,246620160,,,,,14.845,19.737,80842.752,55165.126663,48.657675,0.0,8.535326,0.0,0.0,15.0,,,,,,,1000,01_quantizer_fair,hnswlib::RaBitQSpace K=1,05a-rabitq-k1-native-odirect-v1,b3e97b4e71dbf2d0553be4307d13f95e3c3df537147d5a1b5c5b0ff591393d18,ffc67dab09e9b01edefc1bc2f186a10d426ce6599531f0954be14881710ce5ca,e70a5e8a443fb8f5f610e0d4dcca65c0448bf3465d144ec337c4ed579df2090b,55d659f16ae506e790d914053d78fec74699e80b47fe6d1fefd31f58b83ff6e9,b92fae6ca12d310618d7bb738af1a11fcfe1af1d0a8fa843af640e89d0ab3a51,20260813,,,,True,True,4096,True,/home/kai3/coco/quantization_graph/results/disk_environment/.test_runs/gist/gist_test_20260829_204245/runs/gist_test_20260829_204245/05A_disk_quantizer_io/gist/artifacts/test/Ours_RaBitQ_K1__payload_on_ssd__B2__c0__w32__r0.json,Ours,05A quantizer I/O
05a,gist,Ours_RaBitQ_K1,payload_on_ssd,test,gist_test_20260829_204245,0,32,2.0,fixed_candidates_k16,rerank_candidates=16,16,,c0,1,0.8697,561.76444428,53530.167715,43895.612,129502.975,199645.946,0.8697,0.0106931688734,0.026523511927,0.140816666667,1244.54689789,0,,,246620160,,,,,15.832,21.037,86167.552,53469.717747,47.75047,0.0,9.125957,0.0,0.0,16.0,,,,,,,1000,01_quantizer_fair,hnswlib::RaBitQSpace K=1,05a-rabitq-k1-native-odirect-v1,b3e97b4e71dbf2d0553be4307d13f95e3c3df537147d5a1b5c5b0ff591393d18,ffc67dab09e9b01edefc1bc2f186a10d426ce6599531f0954be14881710ce5ca,e70a5e8a443fb8f5f610e0d4dcca65c0448bf3465d144ec337c4ed579df2090b,55d659f16ae506e790d914053d78fec74699e80b47fe6d1fefd31f58b83ff6e9,b92fae6ca12d310618d7bb738af1a11fcfe1af1d0a8fa843af640e89d0ab3a51,20260813,,,,True,True,4096,True,/home/kai3/coco/quantization_graph/results/disk_environment/.test_runs/gist/gist_test_20260829_204245/runs/gist_test_20260829_204245/05A_disk_quantizer_io/gist/artifacts/test/Ours_RaBitQ_K1__payload_on_ssd__B2__c0__w32__r0.json,Ours,05A quantizer I/O
05a,gist,Ours_RaBitQ_K1,payload_on_ssd,test,gist_test_20260829_204245,0,32,2.0,fixed_candidates_k17,rerank_candidates=17,17,,c0,1,0.8665,529.685029524,56871.623388,47851.898,133548.774,208155.017,0.8665,0.0106868813188,0.0265136016554,0.140977941176,1244.54689789,0,,,246620160,,,,,16.825,22.344,91521.024,56810.996984,47.397005,0.0,9.61941,0.0,0.0,17.0,,,,,,,1000,01_quantizer_fair,hnswlib::RaBitQSpace K=1,05a-rabitq-k1-native-odirect-v1,b3e97b4e71dbf2d0553be4307d13f95e3c3df537147d5a1b5c5b0ff591393d18,ffc67dab09e9b01edefc1bc2f186a10d426ce6599531f0954be14881710ce5ca,e70a5e8a443fb8f5f610e0d4dcca65c0448bf3465d144ec337c4ed579df2090b,55d659f16ae506e790d914053d78fec74699e80b47fe6d1fefd31f58b83ff6e9,b92fae6ca12d310618d7bb738af1a11fcfe1af1d0a8fa843af640e89d0ab3a51,20260813,,,,True,True,4096,True,/home/kai3/coco/quantization_graph/results/disk_environment/.test_runs/gist/gist_test_20260829_204245/runs/gist_test_20260829_204245/05A_disk_quantizer_io/gist/artifacts/test/Ours_RaBitQ_K1__payload_on_ssd__B2__c0__w32__r0.json,Ours,05A quantizer I/O
05a,gist,Ours_RaBitQ_K1,payload_on_ssd,test,gist_test_20260829_204245,0,32,2.0,fixed_candidates_k18,rerank_candidates=18,18,,c0,1,0.8642,415.998604281,73449.332648,62718.983,160714.142,242170.726,0.8642,0.0106570322156,0.0264414538084,0.140294117647,1244.54689789,0,,,246620160,,,,,17.815,23.666,96935.936,73383.945747,50.490306,0.0,10.75113,0.0,0.0,18.0,,,,,,,1000,01_quantizer_fair,hnswlib::RaBitQSpace K=1,05a-rabitq-k1-native-odirect-v1,b3e97b4e71dbf2d0553be4307d13f95e3c3df537147d5a1b5c5b0ff591393d18,ffc67dab09e9b01edefc1bc2f186a10d426ce6599531f0954be14881710ce5ca,e70a5e8a443fb8f5f610e0d4dcca65c0448bf3465d144ec337c4ed579df2090b,55d659f16ae506e790d914053d78fec74699e80b47fe6d1fefd31f58b83ff6e9,b92fae6ca12d310618d7bb738af1a11fcfe1af1d0a8fa843af640e89d0ab3a51,20260813,,,,True,True,4096,True,/home/kai3/coco/quantization_graph/results/disk_environment/.test_runs/gist/gist_test_20260829_204245/runs/gist_test_20260829_204245/05A_disk_quantizer_io/gist/artifacts/test/Ours_RaBitQ_K1__payload_on_ssd__B2__c0__w32__r0.json,Ours,05A quantizer I/O
05a,gist,Ours_RaBitQ_K1,payload_on_ssd,test,gist_test_20260829_204245,0,32,2.0,fixed_candidates_k19,rerank_candidates=19,19,,c0,1,0.8622,458.707670577,65836.091712,57091.531,148305.186,210823.272,0.8622,0.010632540055,0.0263732097632,0.140064327485,1244.54689789,0,,,246620160,,,,,18.808,24.964,102252.544,65772.983846,48.126181,0.0,10.895502,0.0,0.0,19.0,,,,,,,1000,01_quantizer_fair,hnswlib::RaBitQSpace K=1,05a-rabitq-k1-native-odirect-v1,b3e97b4e71dbf2d0553be4307d13f95e3c3df537147d5a1b5c5b0ff591393d18,ffc67dab09e9b01edefc1bc2f186a10d426ce6599531f0954be14881710ce5ca,e70a5e8a443fb8f5f610e0d4dcca65c0448bf3465d144ec337c4ed579df2090b,55d659f16ae506e790d914053d78fec74699e80b47fe6d1fefd31f58b83ff6e9,b92fae6ca12d310618d7bb738af1a11fcfe1af1d0a8fa843af640e89d0ab3a51,20260813,,,,True,True,4096,True,/home/kai3/coco/quantization_graph/results/disk_environment/.test_runs/gist/gist_test_20260829_204245/runs/gist_test_20260829_204245/05A_disk_quantizer_io/gist/artifacts/test/Ours_RaBitQ_K1__payload_on_ssd__B2__c0__w32__r0.json,Ours,05A quantizer I/O
05a,gist,Ours_RaBitQ_K1,payload_on_ssd,test,gist_test_20260829_204245,0,32,2.0,fixed_candidates_k20,rerank_candidates=20,20,,c0,1,0.8606,449.592166853,67742.84058,58616.448,150163.459,207327.211,0.8606,0.0106174255273,0.0264064274891,0.139768421053,1244.54689789,0,,,246620160,,,,,19.792,26.301,107728.896,67678.712424,48.305773,0.0,11.518216,0.0,0.0,20.0,,,,,,,1000,01_quantizer_fair,hnswlib::RaBitQSpace K=1,05a-rabitq-k1-native-odirect-v1,b3e97b4e71dbf2d0553be4307d13f95e3c3df537147d5a1b5c5b0ff591393d18,ffc67dab09e9b01edefc1bc2f186a10d426ce6599531f0954be14881710ce5ca,e70a5e8a443fb8f5f610e0d4dcca65c0448bf3465d144ec337c4ed579df2090b,55d659f16ae506e790d914053d78fec74699e80b47fe6d1fefd31f58b83ff6e9,b92fae6ca12d310618d7bb738af1a11fcfe1af1d0a8fa843af640e89d0ab3a51,20260813,,,,True,True,4096,True,/home/kai3/coco/quantization_graph/results/disk_environment/.test_runs/gist/gist_test_20260829_204245/runs/gist_test_20260829_204245/05A_disk_quantizer_io/gist/artifacts/test/Ours_RaBitQ_K1__payload_on_ssd__B2__c0__w32__r0.json,Ours,05A quantizer I/O
05a,gist,Ours_RaBitQ_K1,payload_on_ssd,test,gist_test_20260829_204245,0,32,2.0,fixed_candidates_k21,rerank_candidates=21,21,,c0,1,0.8592,429.528754712,70849.771186,59014.412,157746.481,254793.908,0.8592,0.0105904477923,0.0263600476181,0.1387,1244.54689789,0,,,246620160,,,,,20.783,27.578,112959.488,70784.933179,48.386014,0.0,11.940521,0.0,0.0,21.0,,,,,,,1000,01_quantizer_fair,hnswlib::RaBitQSpace K=1,05a-rabitq-k1-native-odirect-v1,b3e97b4e71dbf2d0553be4307d13f95e3c3df537147d5a1b5c5b0ff591393d18,ffc67dab09e9b01edefc1bc2f186a10d426ce6599531f0954be14881710ce5ca,e70a5e8a443fb8f5f610e0d4dcca65c0448bf3465d144ec337c4ed579df2090b,55d659f16ae506e790d914053d78fec74699e80b47fe6d1fefd31f58b83ff6e9,b92fae6ca12d310618d7bb738af1a11fcfe1af1d0a8fa843af640e89d0ab3a51,20260813,,,,True,True,4096,True,/home/kai3/coco/quantization_graph/results/disk_environment/.test_runs/gist/gist_test_20260829_204245/runs/gist_test_20260829_204245/05A_disk_quantizer_io/gist/artifacts/test/Ours_RaBitQ_K1__payload_on_ssd__B2__c0__w32__r0.json,Ours,05A quantizer I/O
05a,gist,Ours_RaBitQ_K1,payload_on_ssd,test,gist_test_20260829_204245,0,32,2.0,fixed_candidates_k22,rerank_candidates=22,22,,c0,1,0.8582,431.027427471,71001.623796,61448.527,158699.424,248154.408,0.8582,0.0105786524503,0.0263310727554,0.13812987013,1244.54689789,0,,,246620160,,,,,21.769,28.877,118280.192,70935.299205,48.972765,0.0,12.715364,0.0,0.0,22.0,,,,,,,1000,01_quantizer_fair,hnswlib::RaBitQSpace K=1,05a-rabitq-k1-native-odirect-v1,b3e97b4e71dbf2d0553be4307d13f95e3c3df537147d5a1b5c5b0ff591393d18,ffc67dab09e9b01edefc1bc2f186a10d426ce6599531f0954be14881710ce5ca,e70a5e8a443fb8f5f610e0d4dcca65c0448bf3465d144ec337c4ed579df2090b,55d659f16ae506e790d914053d78fec74699e80b47fe6d1fefd31f58b83ff6e9,b92fae6ca12d310618d7bb738af1a11fcfe1af1d0a8fa843af640e89d0ab3a51,20260813,,,,True,True,4096,True,/home/kai3/coco/quantization_graph/results/disk_environment/.test_runs/gist/gist_test_20260829_204245/runs/gist_test_20260829_204245/05A_disk_quantizer_io/gist/artifacts/test/Ours_RaBitQ_K1__payload_on_ssd__B2__c0__w32__r0.json,Ours,05A quantizer I/O
05a,gist,Ours_RaBitQ_K1,payload_on_ssd,test,gist_test_20260829_204245,0,32,2.0,fixed_candidates_k23,rerank_candidates=23,23,,c0,1,0.8576,407.125209518,75524.248353,64213.501,163500.112,256639.439,0.8576,0.0105682824668,0.0262851705699,0.138292490119,1244.54689789,0,,,246620160,,,,,22.757,30.194,123674.624,75458.354964,48.234735,0.0,13.069665,0.0,0.0,23.0,,,,,,,1000,01_quantizer_fair,hnswlib::RaBitQSpace K=1,05a-rabitq-k1-native-odirect-v1,b3e97b4e71dbf2d0553be4307d13f95e3c3df537147d5a1b5c5b0ff591393d18,ffc67dab09e9b01edefc1bc2f186a10d426ce6599531f0954be14881710ce5ca,e70a5e8a443fb8f5f610e0d4dcca65c0448bf3465d144ec337c4ed579df2090b,55d659f16ae506e790d914053d78fec74699e80b47fe6d1fefd31f58b83ff6e9,b92fae6ca12d310618d7bb738af1a11fcfe1af1d0a8fa843af640e89d0ab3a51,20260813,,,,True,True,4096,True,/home/kai3/coco/quantization_graph/results/disk_environment/.test_runs/gist/gist_test_20260829_204245/runs/gist_test_20260829_204245/05A_disk_quantizer_io/gist/artifacts/test/Ours_RaBitQ_K1__payload_on_ssd__B2__c0__w32__r0.json,Ours,05A quantizer I/O
05a,gist,Ours_RaBitQ_K1,payload_on_ssd,test,gist_test_20260829_204245,0,32,2.0,fixed_candidates_k24,rerank_candidates=24,24,,c0,1,0.8573,389.401539759,79165.570678,66910.958,175134.775,290155.562,0.8573,0.0105460601723,0.0262027710702,0.137753623188,1244.54689789,0,,,246620160,,,,,23.749,31.508,129056.768,79097.686061,49.038791,0.0,13.903021,0.0,0.0,24.0,,,,,,,1000,01_quantizer_fair,hnswlib::RaBitQSpace K=1,05a-rabitq-k1-native-odirect-v1,b3e97b4e71dbf2d0553be4307d13f95e3c3df537147d5a1b5c5b0ff591393d18,ffc67dab09e9b01edefc1bc2f186a10d426ce6599531f0954be14881710ce5ca,e70a5e8a443fb8f5f610e0d4dcca65c0448bf3465d144ec337c4ed579df2090b,55d659f16ae506e790d914053d78fec74699e80b47fe6d1fefd31f58b83ff6e9,b92fae6ca12d310618d7bb738af1a11fcfe1af1d0a8fa843af640e89d0ab3a51,20260813,,,,True,True,4096,True,/home/kai3/coco/quantization_graph/results/disk_environment/.test_runs/gist/gist_test_20260829_204245/runs/gist_test_20260829_204245/05A_disk_quantizer_io/gist/artifacts/test/Ours_RaBitQ_K1__payload_on_ssd__B2__c0__w32__r0.json,Ours,05A quantizer I/O
05a,gist,Ours_RaBitQ_K1,payload_on_ssd,test,gist_test_20260829_204245,0,32,2.0,fixed_candidates_k25,rerank_candidates=25,25,,c0,1,0.8569,369.84631034,82775.69417,70887.927,187626.012,257481.222,0.8569,0.0105455989235,0.0262019665713,0.13777,1244.54689789,0,,,246620160,,,,,24.739,32.839,134508.544,82705.543856,50.037091,0.0,14.8591,0.0,0.0,25.0,,,,,,,1000,01_quantizer_fair,hnswlib::RaBitQSpace K=1,05a-rabitq-k1-native-odirect-v1,b3e97b4e71dbf2d0553be4307d13f95e3c3df537147d5a1b5c5b0ff591393d18,ffc67dab09e9b01edefc1bc2f186a10d426ce6599531f0954be14881710ce5ca,e70a5e8a443fb8f5f610e0d4dcca65c0448bf3465d144ec337c4ed579df2090b,55d659f16ae506e790d914053d78fec74699e80b47fe6d1fefd31f58b83ff6e9,b92fae6ca12d310618d7bb738af1a11fcfe1af1d0a8fa843af640e89d0ab3a51,20260813,,,,True,True,4096,True,/home/kai3/coco/quantization_graph/results/disk_environment/.test_runs/gist/gist_test_20260829_204245/runs/gist_test_20260829_204245/05A_disk_quantizer_io/gist/artifacts/test/Ours_RaBitQ_K1__payload_on_ssd__B2__c0__w32__r0.json,Ours,05A quantizer I/O
05a,gist,Ours_RaBitQ_K1,payload_on_ssd,test,gist_test_20260829_204245,0,32,2.0,fixed_candidates_k26,rerank_candidates=26,26,,c0,1,0.8567,346.276257648,89030.743017,75592.15,200424.945,300835.598,0.8567,0.0105472266447,0.0261945172721,0.136849230769,1244.54689789,0,,,246620160,,,,,25.721,34.157,139907.072,88959.043216,50.482802,0.0,15.701286,0.0,0.0,26.0,,,,,,,1000,01_quantizer_fair,hnswlib::RaBitQSpace K=1,05a-rabitq-k1-native-odirect-v1,b3e97b4e71dbf2d0553be4307d13f95e3c3df537147d5a1b5c5b0ff591393d18,ffc67dab09e9b01edefc1bc2f186a10d426ce6599531f0954be14881710ce5ca,e70a5e8a443fb8f5f610e0d4dcca65c0448bf3465d144ec337c4ed579df2090b,55d659f16ae506e790d914053d78fec74699e80b47fe6d1fefd31f58b83ff6e9,b92fae6ca12d310618d7bb738af1a11fcfe1af1d0a8fa843af640e89d0ab3a51,20260813,,,,True,True,4096,True,/home/kai3/coco/quantization_graph/results/disk_environment/.test_runs/gist/gist_test_20260829_204245/runs/gist_test_20260829_204245/05A_disk_quantizer_io/gist/artifacts/test/Ours_RaBitQ_K1__payload_on_ssd__B2__c0__w32__r0.json,Ours,05A quantizer I/O
05a,gist,Ours_RaBitQ_K1,payload_on_ssd,test,gist_test_20260829_204245,0,32,2.0,fixed_candidates_k27,rerank_candidates=27,27,,c0,1,0.8563,337.371072308,91938.052301,78762.125,209445.261,334767.985,0.8563,0.0105428793283,0.026191057056,0.136310541311,1244.54689789,0,,,246620160,,,,,26.703,35.48,145326.08,91864.437183,51.663296,0.0,16.410469,0.0,0.0,27.0,,,,,,,1000,01_quantizer_fair,hnswlib::RaBitQSpace K=1,05a-rabitq-k1-native-odirect-v1,b3e97b4e71dbf2d0553be4307d13f95e3c3df537147d5a1b5c5b0ff591393d18,ffc67dab09e9b01edefc1bc2f186a10d426ce6599531f0954be14881710ce5ca,e70a5e8a443fb8f5f610e0d4dcca65c0448bf3465d144ec337c4ed579df2090b,55d659f16ae506e790d914053d78fec74699e80b47fe6d1fefd31f58b83ff6e9,b92fae6ca12d310618d7bb738af1a11fcfe1af1d0a8fa843af640e89d0ab3a51,20260813,,,,True,True,4096,True,/home/kai3/coco/quantization_graph/results/disk_environment/.test_runs/gist/gist_test_20260829_204245/runs/gist_test_20260829_204245/05A_disk_quantizer_io/gist/artifacts/test/Ours_RaBitQ_K1__payload_on_ssd__B2__c0__w32__r0.json,Ours,05A quantizer I/O
05a,gist,Ours_RaBitQ_K1,payload_on_ssd,test,gist_test_20260829_204245,0,32,2.0,fixed_candidates_k28,rerank_candidates=28,28,,c0,1,0.8561,322.580040688,95956.270024,79771.259,220180.687,309641.908,0.8561,0.010537401217,0.0261686322194,0.136489417989,1244.54689789,0,,,246620160,,,,,27.689,36.786,150675.456,95880.322132,53.056271,0.0,17.097362,0.0,0.0,28.0,,,,,,,1000,01_quantizer_fair,hnswlib::RaBitQSpace K=1,05a-rabitq-k1-native-odirect-v1,b3e97b4e71dbf2d0553be4307d13f95e3c3df537147d5a1b5c5b0ff591393d18,ffc67dab09e9b01edefc1bc2f186a10d426ce6599531f0954be14881710ce5ca,e70a5e8a443fb8f5f610e0d4dcca65c0448bf3465d144ec337c4ed579df2090b,55d659f16ae506e790d914053d78fec74699e80b47fe6d1fefd31f58b83ff6e9,b92fae6ca12d310618d7bb738af1a11fcfe1af1d0a8fa843af640e89d0ab3a51,20260813,,,,True,True,4096,True,/home/kai3/coco/quantization_graph/results/disk_environment/.test_runs/gist/gist_test_20260829_204245/runs/gist_test_20260829_204245/05A_disk_quantizer_io/gist/artifacts/test/Ours_RaBitQ_K1__payload_on_ssd__B2__c0__w32__r0.json,Ours,05A quantizer I/O
05a,gist,Ours_RaBitQ_K1,payload_on_ssd,test,gist_test_20260829_204245,0,32,2.0,fixed_candidates_k29,rerank_candidates=29,29,,c0,1,0.8559,319.682990582,96767.560399,79281.725,220339.618,358082.155,0.8559,0.0105200796324,0.0261225761856,0.136206896552,1244.54689789,0,,,246620160,,,,,28.678,38.091,156020.736,96690.252378,53.862455,0.0,17.695407,0.0,0.0,29.0,,,,,,,1000,01_quantizer_fair,hnswlib::RaBitQSpace K=1,05a-rabitq-k1-native-odirect-v1,b3e97b4e71dbf2d0553be4307d13f95e3c3df537147d5a1b5c5b0ff591393d18,ffc67dab09e9b01edefc1bc2f186a10d426ce6599531f0954be14881710ce5ca,e70a5e8a443fb8f5f610e0d4dcca65c0448bf3465d144ec337c4ed579df2090b,55d659f16ae506e790d914053d78fec74699e80b47fe6d1fefd31f58b83ff6e9,b92fae6ca12d310618d7bb738af1a11fcfe1af1d0a8fa843af640e89d0ab3a51,20260813,,,,True,True,4096,True,/home/kai3/coco/quantization_graph/results/disk_environment/.test_runs/gist/gist_test_20260829_204245/runs/gist_test_20260829_204245/05A_disk_quantizer_io/gist/artifacts/test/Ours_RaBitQ_K1__payload_on_ssd__B2__c0__w32__r0.json,Ours,05A quantizer I/O
05a,gist,Ours_RaBitQ_K1,payload_on_ssd,test,gist_test_20260829_204245,0,32,2.0,fixed_candidates_k30,rerank_candidates=30,30,,c0,1,0.8559,297.276224165,104380.109979,87645.186,235969.97,356522.721,0.8559,0.0105080828141,0.0261649486601,0.135993103448,1244.54689789,0,,,246620160,,,,,29.658,39.389,161337.344,104301.03049,54.809984,0.0,18.363506,0.0,0.0,30.0,,,,,,,1000,01_quantizer_fair,hnswlib::RaBitQSpace K=1,05a-rabitq-k1-native-odirect-v1,b3e97b4e71dbf2d0553be4307d13f95e3c3df537147d5a1b5c5b0ff591393d18,ffc67dab09e9b01edefc1bc2f186a10d426ce6599531f0954be14881710ce5ca,e70a5e8a443fb8f5f610e0d4dcca65c0448bf3465d144ec337c4ed579df2090b,55d659f16ae506e790d914053d78fec74699e80b47fe6d1fefd31f58b83ff6e9,b92fae6ca12d310618d7bb738af1a11fcfe1af1d0a8fa843af640e89d0ab3a51,20260813,,,,True,True,4096,True,/home/kai3/coco/quantization_graph/results/disk_environment/.test_runs/gist/gist_test_20260829_204245/runs/gist_test_20260829_204245/05A_disk_quantizer_io/gist/artifacts/test/Ours_RaBitQ_K1__payload_on_ssd__B2__c0__w32__r0.json,Ours,05A quantizer I/O
05a,gist,Ours_RaBitQ_K1,payload_on_ssd,test,gist_test_20260829_204245,0,32,2.0,fixed_candidates_k40,rerank_candidates=40,40,,c0,1,0.8553,222.229069989,139889.134442,119414.191,297763.423,477806.893,0.8553,0.0104062321191,0.0258926224605,0.132826923077,1244.54689789,0,,,246620160,,,,,39.527,52.402,214638.592,139793.785836,62.567083,0.0,24.718569,0.0,0.0,40.0,,,,,,,1000,01_quantizer_fair,hnswlib::RaBitQSpace K=1,05a-rabitq-k1-native-odirect-v1,b3e97b4e71dbf2d0553be4307d13f95e3c3df537147d5a1b5c5b0ff591393d18,ffc67dab09e9b01edefc1bc2f186a10d426ce6599531f0954be14881710ce5ca,e70a5e8a443fb8f5f610e0d4dcca65c0448bf3465d144ec337c4ed579df2090b,55d659f16ae506e790d914053d78fec74699e80b47fe6d1fefd31f58b83ff6e9,b92fae6ca12d310618d7bb738af1a11fcfe1af1d0a8fa843af640e89d0ab3a51,20260813,,,,True,True,4096,True,/home/kai3/coco/quantization_graph/results/disk_environment/.test_runs/gist/gist_test_20260829_204245/runs/gist_test_20260829_204245/05A_disk_quantizer_io/gist/artifacts/test/Ours_RaBitQ_K1__payload_on_ssd__B2__c0__w32__r0.json,Ours,05A quantizer I/O
05a,gist,Ours_RaBitQ_K1,payload_on_ssd,test,gist_test_20260829_204245,0,32,2.0,fixed_candidates_k50,rerank_candidates=50,50,,c0,1,0.8552,185.321131963,169639.57609,149342.117,334350.295,536097.179,0.8552,0.0103093099577,0.0256962962742,0.130219591837,1244.54689789,0,,,246620160,,,,,49.393,65.587,268644.352,169527.462236,69.191566,0.0,29.937353,0.0,0.0,50.0,,,,,,,1000,01_quantizer_fair,hnswlib::RaBitQSpace K=1,05a-rabitq-k1-native-odirect-v1,b3e97b4e71dbf2d0553be4307d13f95e3c3df537147d5a1b5c5b0ff591393d18,ffc67dab09e9b01edefc1bc2f186a10d426ce6599531f0954be14881710ce5ca,e70a5e8a443fb8f5f610e0d4dcca65c0448bf3465d144ec337c4ed579df2090b,55d659f16ae506e790d914053d78fec74699e80b47fe6d1fefd31f58b83ff6e9,b92fae6ca12d310618d7bb738af1a11fcfe1af1d0a8fa843af640e89d0ab3a51,20260813,,,,True,True,4096,True,/home/kai3/coco/quantization_graph/results/disk_environment/.test_runs/gist/gist_test_20260829_204245/runs/gist_test_20260829_204245/05A_disk_quantizer_io/gist/artifacts/test/Ours_RaBitQ_K1__payload_on_ssd__B2__c0__w32__r0.json,Ours,05A quantizer I/O
05a,gist,Ours_RaBitQ_K1,payload_on_ssd,test,gist_test_20260829_204245,0,32,2.0,fixed_candidates_k60,rerank_candidates=60,60,,c0,1,0.8552,154.988935169,203376.904793,176862.584,438162.742,628920.06,0.8552,0.010249979424,0.0255904515543,0.128749717514,1244.54689789,0,,,246620160,,,,,59.262,78.747,322547.712,203245.953807,83.499599,0.0,35.168177,0.0,0.0,60.0,,,,,,,1000,01_quantizer_fair,hnswlib::RaBitQSpace K=1,05a-rabitq-k1-native-odirect-v1,b3e97b4e71dbf2d0553be4307d13f95e3c3df537147d5a1b5c5b0ff591393d18,ffc67dab09e9b01edefc1bc2f186a10d426ce6599531f0954be14881710ce5ca,e70a5e8a443fb8f5f610e0d4dcca65c0448bf3465d144ec337c4ed579df2090b,55d659f16ae506e790d914053d78fec74699e80b47fe6d1fefd31f58b83ff6e9,b92fae6ca12d310618d7bb738af1a11fcfe1af1d0a8fa843af640e89d0ab3a51,20260813,,,,True,True,4096,True,/home/kai3/coco/quantization_graph/results/disk_environment/.test_runs/gist/gist_test_20260829_204245/runs/gist_test_20260829_204245/05A_disk_quantizer_io/gist/artifacts/test/Ours_RaBitQ_K1__payload_on_ssd__B2__c0__w32__r0.json,Ours,05A quantizer I/O
05a,gist,Ours_RaBitQ_K1,payload_on_ssd,test,gist_test_20260829_204245,0,32,2.0,fixed_candidates_k70,rerank_candidates=70,70,,c0,1,0.8552,136.390256351,230872.29696,202553.665,453277.076,696168.14,0.8552,0.010186961538,0.0254309459589,0.127785507246,1244.54689789,0,,,246620160,,,,,69.095,91.783,375943.168,230730.160053,89.118993,0.0,40.336431,0.0,0.0,70.0,,,,,,,1000,01_quantizer_fair,hnswlib::RaBitQSpace K=1,05a-rabitq-k1-native-odirect-v1,b3e97b4e71dbf2d0553be4307d13f95e3c3df537147d5a1b5c5b0ff591393d18,ffc67dab09e9b01edefc1bc2f186a10d426ce6599531f0954be14881710ce5ca,e70a5e8a443fb8f5f610e0d4dcca65c0448bf3465d144ec337c4ed579df2090b,55d659f16ae506e790d914053d78fec74699e80b47fe6d1fefd31f58b83ff6e9,b92fae6ca12d310618d7bb738af1a11fcfe1af1d0a8fa843af640e89d0ab3a51,20260813,,,,True,True,4096,True,/home/kai3/coco/quantization_graph/results/disk_environment/.test_runs/gist/gist_test_20260829_204245/runs/gist_test_20260829_204245/05A_disk_quantizer_io/gist/artifacts/test/Ours_RaBitQ_K1__payload_on_ssd__B2__c0__w32__r0.json,Ours,05A quantizer I/O
05a,gist,Ours_RaBitQ_K1,payload_on_ssd,test,gist_test_20260829_204245,0,32,2.0,fixed_candidates_k80,rerank_candidates=80,80,,c0,1,0.8552,118.150608753,266827.542866,239889.826,534864.057,789803.65,0.8552,0.0101327797137,0.0252931305722,0.126819936709,1244.54689789,0,,,246620160,,,,,78.944,104.879,429584.384,266673.921859,93.086654,0.0,45.580175,0.0,0.0,80.0,,,,,,,1000,01_quantizer_fair,hnswlib::RaBitQSpace K=1,05a-rabitq-k1-native-odirect-v1,b3e97b4e71dbf2d0553be4307d13f95e3c3df537147d5a1b5c5b0ff591393d18,ffc67dab09e9b01edefc1bc2f186a10d426ce6599531f0954be14881710ce5ca,e70a5e8a443fb8f5f610e0d4dcca65c0448bf3465d144ec337c4ed579df2090b,55d659f16ae506e790d914053d78fec74699e80b47fe6d1fefd31f58b83ff6e9,b92fae6ca12d310618d7bb738af1a11fcfe1af1d0a8fa843af640e89d0ab3a51,20260813,,,,True,True,4096,True,/home/kai3/coco/quantization_graph/results/disk_environment/.test_runs/gist/gist_test_20260829_204245/runs/gist_test_20260829_204245/05A_disk_quantizer_io/gist/artifacts/test/Ours_RaBitQ_K1__payload_on_ssd__B2__c0__w32__r0.json,Ours,05A quantizer I/O
05a,gist,Ours_RaBitQ_K1,payload_on_ssd,test,gist_test_20260829_204245,0,32,2.0,fixed_candidates_k90,rerank_candidates=90,90,,c0,1,0.8552,109.743798048,287934.558122,255456.942,570704.369,812710.73,0.8552,0.0100984226914,0.0251890332075,0.125625218477,1244.54689789,0,,,246620160,,,,,88.805,117.958,483155.968,287770.596695,96.674571,0.0,50.681016,0.0,0.0,90.0,,,,,,,1000,01_quantizer_fair,hnswlib::RaBitQSpace K=1,05a-rabitq-k1-native-odirect-v1,b3e97b4e71dbf2d0553be4307d13f95e3c3df537147d5a1b5c5b0ff591393d18,ffc67dab09e9b01edefc1bc2f186a10d426ce6599531f0954be14881710ce5ca,e70a5e8a443fb8f5f610e0d4dcca65c0448bf3465d144ec337c4ed579df2090b,55d659f16ae506e790d914053d78fec74699e80b47fe6d1fefd31f58b83ff6e9,b92fae6ca12d310618d7bb738af1a11fcfe1af1d0a8fa843af640e89d0ab3a51,20260813,,,,True,True,4096,True,/home/kai3/coco/quantization_graph/results/disk_environment/.test_runs/gist/gist_test_20260829_204245/runs/gist_test_20260829_204245/05A_disk_quantizer_io/gist/artifacts/test/Ours_RaBitQ_K1__payload_on_ssd__B2__c0__w32__r0.json,Ours,05A quantizer I/O
05a,gist,Ours_RaBitQ_K1,payload_on_ssd,test,gist_test_20260829_204245,0,32,2.0,fixed_candidates_k100,rerank_candidates=100,100,,c0,1,0.8552,97.8080562891,323993.149091,291694.867,610568.883,869654.905,0.8552,0.0100676619439,0.0251307483034,0.124886060606,1244.54689789,0,,,246620160,,,,,98.638,131.092,536952.832,323818.497306,99.822711,0.0,55.94833,0.0,0.0,100.0,,,,,,,1000,01_quantizer_fair,hnswlib::RaBitQSpace K=1,05a-rabitq-k1-native-odirect-v1,b3e97b4e71dbf2d0553be4307d13f95e3c3df537147d5a1b5c5b0ff591393d18,ffc67dab09e9b01edefc1bc2f186a10d426ce6599531f0954be14881710ce5ca,e70a5e8a443fb8f5f610e0d4dcca65c0448bf3465d144ec337c4ed579df2090b,55d659f16ae506e790d914053d78fec74699e80b47fe6d1fefd31f58b83ff6e9,b92fae6ca12d310618d7bb738af1a11fcfe1af1d0a8fa843af640e89d0ab3a51,20260813,,,,True,True,4096,True,/home/kai3/coco/quantization_graph/results/disk_environment/.test_runs/gist/gist_test_20260829_204245/runs/gist_test_20260829_204245/05A_disk_quantizer_io/gist/artifacts/test/Ours_RaBitQ_K1__payload_on_ssd__B2__c0__w32__r0.json,Ours,05A quantizer I/O
05a,gist,Ours_RaBitQ_K1,payload_on_ssd,test,gist_test_20260829_204245,0,32,2.0,fixed_candidates_k140,rerank_candidates=140,140,,c0,1,0.8552,70.3037145221,449703.23343,418948.18,766138.489,1035898.201,0.8552,0.00996826006312,0.0249409321836,0.124886060606,1244.54689789,0,,,246620160,,,,,137.973,183.51,751656.96,449482.567582,115.11462,0.0,78.152998,0.0,0.0,140.0,,,,,,,1000,01_quantizer_fair,hnswlib::RaBitQSpace K=1,05a-rabitq-k1-native-odirect-v1,b3e97b4e71dbf2d0553be4307d13f95e3c3df537147d5a1b5c5b0ff591393d18,ffc67dab09e9b01edefc1bc2f186a10d426ce6599531f0954be14881710ce5ca,e70a5e8a443fb8f5f610e0d4dcca65c0448bf3465d144ec337c4ed579df2090b,55d659f16ae506e790d914053d78fec74699e80b47fe6d1fefd31f58b83ff6e9,b92fae6ca12d310618d7bb738af1a11fcfe1af1d0a8fa843af640e89d0ab3a51,20260813,,,,True,True,4096,True,/home/kai3/coco/quantization_graph/results/disk_environment/.test_runs/gist/gist_test_20260829_204245/runs/gist_test_20260829_204245/05A_disk_quantizer_io/gist/artifacts/test/Ours_RaBitQ_K1__payload_on_ssd__B2__c0__w32__r0.json,Ours,05A quantizer I/O
05a,gist,Ours_RaBitQ_K1,payload_on_ssd,test,gist_test_20260829_204245,0,32,2.0,fixed_candidates_k180,rerank_candidates=180,180,,c0,1,0.8552,56.5229395106,560788.49376,526807.188,908694.207,1199272.731,0.8552,0.00989258372892,0.0247448697348,0.124886060606,1244.54689789,0,,,246620160,,,,,177.266,235.777,965742.592,560522.820521,129.375389,0.0,100.421495,0.0,0.0,180.0,,,,,,,1000,01_quantizer_fair,hnswlib::RaBitQSpace K=1,05a-rabitq-k1-native-odirect-v1,b3e97b4e71dbf2d0553be4307d13f95e3c3df537147d5a1b5c5b0ff591393d18,ffc67dab09e9b01edefc1bc2f186a10d426ce6599531f0954be14881710ce5ca,e70a5e8a443fb8f5f610e0d4dcca65c0448bf3465d144ec337c4ed579df2090b,55d659f16ae506e790d914053d78fec74699e80b47fe6d1fefd31f58b83ff6e9,b92fae6ca12d310618d7bb738af1a11fcfe1af1d0a8fa843af640e89d0ab3a51,20260813,,,,True,True,4096,True,/home/kai3/coco/quantization_graph/results/disk_environment/.test_runs/gist/gist_test_20260829_204245/runs/gist_test_20260829_204245/05A_disk_quantizer_io/gist/artifacts/test/Ours_RaBitQ_K1__payload_on_ssd__B2__c0__w32__r0.json,Ours,05A quantizer I/O
05a,gist,Ours_RaBitQ_K1,payload_on_ssd,test,gist_test_20260829_204245,0,32,2.0,fixed_candidates_k220,rerank_candidates=220,220,,c0,1,0.8552,45.796517491,690968.275972,647024.697,1102584.984,1379482.062,0.8552,0.00983627804299,0.0246184695586,0.124886060606,1244.54689789,0,,,246620160,,,,,216.47,288.051,1179856.896,690658.963586,143.193013,0.0,122.255922,0.0,0.0,220.0,,,,,,,1000,01_quantizer_fair,hnswlib::RaBitQSpace K=1,05a-rabitq-k1-native-odirect-v1,b3e97b4e71dbf2d0553be4307d13f95e3c3df537147d5a1b5c5b0ff591393d18,ffc67dab09e9b01edefc1bc2f186a10d426ce6599531f0954be14881710ce5ca,e70a5e8a443fb8f5f610e0d4dcca65c0448bf3465d144ec337c4ed579df2090b,55d659f16ae506e790d914053d78fec74699e80b47fe6d1fefd31f58b83ff6e9,b92fae6ca12d310618d7bb738af1a11fcfe1af1d0a8fa843af640e89d0ab3a51,20260813,,,,True,True,4096,True,/home/kai3/coco/quantization_graph/results/disk_environment/.test_runs/gist/gist_test_20260829_204245/runs/gist_test_20260829_204245/05A_disk_quantizer_io/gist/artifacts/test/Ours_RaBitQ_K1__payload_on_ssd__B2__c0__w32__r0.json,Ours,05A quantizer I/O
05a,gist,Ours_RaBitQ_K1,payload_on_ssd,test,gist_test_20260829_204245,0,32,2.0,fixed_candidates_k260,rerank_candidates=260,260,,c0,1,0.8552,38.1447218697,830667.3804,791992.748,1315960.277,1653394.057,0.8552,0.00978220823756,0.0245049703228,0.124886060606,1244.54689789,0,,,246620160,,,,,255.609,340.324,1393967.104,830314.495565,155.756847,0.0,145.24671,0.0,0.0,260.0,,,,,,,1000,01_quantizer_fair,hnswlib::RaBitQSpace K=1,05a-rabitq-k1-native-odirect-v1,b3e97b4e71dbf2d0553be4307d13f95e3c3df537147d5a1b5c5b0ff591393d18,ffc67dab09e9b01edefc1bc2f186a10d426ce6599531f0954be14881710ce5ca,e70a5e8a443fb8f5f610e0d4dcca65c0448bf3465d144ec337c4ed579df2090b,55d659f16ae506e790d914053d78fec74699e80b47fe6d1fefd31f58b83ff6e9,b92fae6ca12d310618d7bb738af1a11fcfe1af1d0a8fa843af640e89d0ab3a51,20260813,,,,True,True,4096,True,/home/kai3/coco/quantization_graph/results/disk_environment/.test_runs/gist/gist_test_20260829_204245/runs/gist_test_20260829_204245/05A_disk_quantizer_io/gist/artifacts/test/Ours_RaBitQ_K1__payload_on_ssd__B2__c0__w32__r0.json,Ours,05A quantizer I/O
05a,gist,Ours_RaBitQ_K1,payload_on_ssd,test,gist_test_20260829_204245,0,32,2.0,fixed_candidates_k300,rerank_candidates=300,300,,c0,1,0.8552,33.095300328,957692.613795,925699.161,1408039.832,1689763.463,0.8552,0.00973340499117,0.0243799494801,0.124886060606,1244.54689789,0,,,246620160,,,,,294.667,392.576,1607991.296,957296.450231,168.913435,0.0,167.373914,0.0,0.0,300.0,,,,,,,1000,01_quantizer_fair,hnswlib::RaBitQSpace K=1,05a-rabitq-k1-native-odirect-v1,b3e97b4e71dbf2d0553be4307d13f95e3c3df537147d5a1b5c5b0ff591393d18,ffc67dab09e9b01edefc1bc2f186a10d426ce6599531f0954be14881710ce5ca,e70a5e8a443fb8f5f610e0d4dcca65c0448bf3465d144ec337c4ed579df2090b,55d659f16ae506e790d914053d78fec74699e80b47fe6d1fefd31f58b83ff6e9,b92fae6ca12d310618d7bb738af1a11fcfe1af1d0a8fa843af640e89d0ab3a51,20260813,,,,True,True,4096,True,/home/kai3/coco/quantization_graph/results/disk_environment/.test_runs/gist/gist_test_20260829_204245/runs/gist_test_20260829_204245/05A_disk_quantizer_io/gist/artifacts/test/Ours_RaBitQ_K1__payload_on_ssd__B2__c0__w32__r0.json,Ours,05A quantizer I/O
05a,gist,Ours_RaBitQ_K1,payload_on_ssd,test,gist_test_20260829_204245,0,32,2.0,fixed_candidates_k340,rerank_candidates=340,340,,c0,1,0.8552,29.1073772651,1089250.24643,1057500.87,1549772.439,1903174.379,0.8552,0.00969017735907,0.0242828033276,0.124886060606,1244.54689789,0,,,246620160,,,,,333.698,444.897,1822298.112,1088803.72578,186.461745,0.0,192.007664,0.0,0.0,340.0,,,,,,,1000,01_quantizer_fair,hnswlib::RaBitQSpace K=1,05a-rabitq-k1-native-odirect-v1,b3e97b4e71dbf2d0553be4307d13f95e3c3df537147d5a1b5c5b0ff591393d18,ffc67dab09e9b01edefc1bc2f186a10d426ce6599531f0954be14881710ce5ca,e70a5e8a443fb8f5f610e0d4dcca65c0448bf3465d144ec337c4ed579df2090b,55d659f16ae506e790d914053d78fec74699e80b47fe6d1fefd31f58b83ff6e9,b92fae6ca12d310618d7bb738af1a11fcfe1af1d0a8fa843af640e89d0ab3a51,20260813,,,,True,True,4096,True,/home/kai3/coco/quantization_graph/results/disk_environment/.test_runs/gist/gist_test_20260829_204245/runs/gist_test_20260829_204245/05A_disk_quantizer_io/gist/artifacts/test/Ours_RaBitQ_K1__payload_on_ssd__B2__c0__w32__r0.json,Ours,05A quantizer I/O
05a,gist,Ours_RaBitQ_K1,payload_on_ssd,test,gist_test_20260829_204245,0,32,2.0,fixed_candidates_k380,rerank_candidates=380,380,,c0,1,0.8552,25.6675481278,1236602.63869,1199867.486,1756112.592,1978324.167,0.8552,0.00965307532526,0.0242015433033,0.124886060606,1244.54689789,0,,,246620160,,,,,372.705,497.12,2036203.52,1236113.49904,198.855458,0.0,215.079889,0.0,0.0,380.0,,,,,,,1000,01_quantizer_fair,hnswlib::RaBitQSpace K=1,05a-rabitq-k1-native-odirect-v1,b3e97b4e71dbf2d0553be4307d13f95e3c3df537147d5a1b5c5b0ff591393d18,ffc67dab09e9b01edefc1bc2f186a10d426ce6599531f0954be14881710ce5ca,e70a5e8a443fb8f5f610e0d4dcca65c0448bf3465d144ec337c4ed579df2090b,55d659f16ae506e790d914053d78fec74699e80b47fe6d1fefd31f58b83ff6e9,b92fae6ca12d310618d7bb738af1a11fcfe1af1d0a8fa843af640e89d0ab3a51,20260813,,,,True,True,4096,True,/home/kai3/coco/quantization_graph/results/disk_environment/.test_runs/gist/gist_test_20260829_204245/runs/gist_test_20260829_204245/05A_disk_quantizer_io/gist/artifacts/test/Ours_RaBitQ_K1__payload_on_ssd__B2__c0__w32__r0.json,Ours,05A quantizer I/O
05a,gist,Ours_RaBitQ_K1,payload_on_ssd,test,gist_test_20260829_204245,0,32,2.0,fixed_candidates_k420,rerank_candidates=420,420,,c0,1,0.8552,23.0906379553,1375125.38926,1325771.851,1933607.962,2213490.708,0.8552,0.00962190587012,0.0241091460393,0.124886060606,1244.54689789,0,,,246620160,,,,,411.643,549.248,2249719.808,1374591.27158,213.047124,0.0,237.970964,0.0,0.0,420.0,,,,,,,1000,01_quantizer_fair,hnswlib::RaBitQSpace K=1,05a-rabitq-k1-native-odirect-v1,b3e97b4e71dbf2d0553be4307d13f95e3c3df537147d5a1b5c5b0ff591393d18,ffc67dab09e9b01edefc1bc2f186a10d426ce6599531f0954be14881710ce5ca,e70a5e8a443fb8f5f610e0d4dcca65c0448bf3465d144ec337c4ed579df2090b,55d659f16ae506e790d914053d78fec74699e80b47fe6d1fefd31f58b83ff6e9,b92fae6ca12d310618d7bb738af1a11fcfe1af1d0a8fa843af640e89d0ab3a51,20260813,,,,True,True,4096,True,/home/kai3/coco/quantization_graph/results/disk_environment/.test_runs/gist/gist_test_20260829_204245/runs/gist_test_20260829_204245/05A_disk_quantizer_io/gist/artifacts/test/Ours_RaBitQ_K1__payload_on_ssd__B2__c0__w32__r0.json,Ours,05A quantizer I/O
05a,gist,Ours_RaBitQ_K1,payload_on_ssd,test,gist_test_20260829_204245,0,32,2.0,fixed_candidates_k460,rerank_candidates=460,460,,c0,1,0.8552,20.8525754174,1524592.20636,1496710.03,2049158.64,2435892.484,0.8552,0.00959568750418,0.0240410341453,0.124886060606,1244.54689789,0,,,246620160,,,,,450.468,601.418,2463408.128,1524012.92574,226.567951,0.0,262.597504,0.0,0.0,460.0,,,,,,,1000,01_quantizer_fair,hnswlib::RaBitQSpace K=1,05a-rabitq-k1-native-odirect-v1,b3e97b4e71dbf2d0553be4307d13f95e3c3df537147d5a1b5c5b0ff591393d18,ffc67dab09e9b01edefc1bc2f186a10d426ce6599531f0954be14881710ce5ca,e70a5e8a443fb8f5f610e0d4dcca65c0448bf3465d144ec337c4ed579df2090b,55d659f16ae506e790d914053d78fec74699e80b47fe6d1fefd31f58b83ff6e9,b92fae6ca12d310618d7bb738af1a11fcfe1af1d0a8fa843af640e89d0ab3a51,20260813,,,,True,True,4096,True,/home/kai3/coco/quantization_graph/results/disk_environment/.test_runs/gist/gist_test_20260829_204245/runs/gist_test_20260829_204245/05A_disk_quantizer_io/gist/artifacts/test/Ours_RaBitQ_K1__payload_on_ssd__B2__c0__w32__r0.json,Ours,05A quantizer I/O
05b,gist,PQ-DiskANN-Disk,hybrid_disk,test,gist_test_20260829_204245,0,32,2.0,beam1,1,1,,standard,1,0.149625,1314.92796878,16686.94758875,6913.421,70122.903,130309.913,,,,,784.235509872,480000960,,,597311488,0.0,0.0,341336064.0,0.0,4.19125,4.19125,17167.36,12754.66969125,1300.588165,2446.814735,184.8749975,0.0,7.925,550.28875,0.0,0.0,0.0,0.0,0.0,0.0,800,02_diskann_fair,DiskANN FixedChunkPQTable 4-bit,05b-shared-graph-pq4-release-native-odirect-v1,ad3c67ae1fadf7104297032eb26d35bb228b217530c1fee261a834d883166f20,7dd8941dcdf9a40c2444d3d84fabfc80df5e9bdf48e58404ee6acfe904091cf5,28e86691bf5c55240d0e2330e8df605ba48cd30a0eb967ae0ed02a6ced3827e4,9b46438f0c6472734127bfa9cd1af70b6f2fde91c76fb5ea353f515c3e1c3354,c43f3255726fed92ee142584ccd3a88728861862cb38f7c3defce8669ea501e6,20260813,3e824adbeebfb0180b09207b1d8d7007badb27fc512e57d039dff5dbb39bd993,3e824adbeebfb0180b09207b1d8d7007badb27fc512e57d039dff5dbb39bd993,shared_baseline,True,True,4096,True,/home/kai3/coco/quantization_graph/results/disk_environment/.test_runs/gist/gist_test_20260829_204245/runs/gist_test_20260829_204245/05B_diskann_shared_graph/gist/artifacts/test/PQ-DiskANN-Disk__hybrid_disk__B2__standard__w32__r0.json,PQ-DiskANN,05B shared graph
05b,gist,PQ-DiskANN-Disk,hybrid_disk,test,gist_test_20260829_204245,0,32,2.0,beam1,2,2,,standard,1,0.2315,3258.222732929,5339.07657125,2801.814,14995.379,53400.989,,,,,784.235509872,480000960,,,598331392,0.0,0.0,341336064.0,0.0,5.37375,5.37375,22010.88,3393.08359,762.0617675,1080.08376875,103.847445,0.0,9.31875,640.265,0.0,0.0,0.0,0.0,0.0,0.0,800,02_diskann_fair,DiskANN FixedChunkPQTable 4-bit,05b-shared-graph-pq4-release-native-odirect-v1,ad3c67ae1fadf7104297032eb26d35bb228b217530c1fee261a834d883166f20,7dd8941dcdf9a40c2444d3d84fabfc80df5e9bdf48e58404ee6acfe904091cf5,28e86691bf5c55240d0e2330e8df605ba48cd30a0eb967ae0ed02a6ced3827e4,9b46438f0c6472734127bfa9cd1af70b6f2fde91c76fb5ea353f515c3e1c3354,c43f3255726fed92ee142584ccd3a88728861862cb38f7c3defce8669ea501e6,20260813,3e824adbeebfb0180b09207b1d8d7007badb27fc512e57d039dff5dbb39bd993,3e824adbeebfb0180b09207b1d8d7007badb27fc512e57d039dff5dbb39bd993,shared_baseline,True,True,4096,True,/home/kai3/coco/quantization_graph/results/disk_environment/.test_runs/gist/gist_test_20260829_204245/runs/gist_test_20260829_204245/05B_diskann_shared_graph/gist/artifacts/test/PQ-DiskANN-Disk__hybrid_disk__B2__standard__w32__r0.json,PQ-DiskANN,05B shared graph
05b,gist,PQ-DiskANN-Disk,hybrid_disk,test,gist_test_20260829_204245,0,32,2.0,beam1,3,3,,standard,1,0.312625,2559.419146991,7567.19162875,3693.389,26336.059,78520.233,,,,,784.235509872,480000960,,,598818816,0.0,0.0,341336064.0,0.0,6.5275,6.5275,26736.64,5248.17463,962.81790875,1222.5101175,133.6889725,0.0,10.65,724.425,0.0,0.0,0.0,0.0,0.0,0.0,800,02_diskann_fair,DiskANN FixedChunkPQTable 4-bit,05b-shared-graph-pq4-release-native-odirect-v1,ad3c67ae1fadf7104297032eb26d35bb228b217530c1fee261a834d883166f20,7dd8941dcdf9a40c2444d3d84fabfc80df5e9bdf48e58404ee6acfe904091cf5,28e86691bf5c55240d0e2330e8df605ba48cd30a0eb967ae0ed02a6ced3827e4,9b46438f0c6472734127bfa9cd1af70b6f2fde91c76fb5ea353f515c3e1c3354,c43f3255726fed92ee142584ccd3a88728861862cb38f7c3defce8669ea501e6,20260813,3e824adbeebfb0180b09207b1d8d7007badb27fc512e57d039dff5dbb39bd993,3e824adbeebfb0180b09207b1d8d7007badb27fc512e57d039dff5dbb39bd993,shared_baseline,True,True,4096,True,/home/kai3/coco/quantization_graph/results/disk_environment/.test_runs/gist/gist_test_20260829_204245/runs/gist_test_20260829_204245/05B_diskann_shared_graph/gist/artifacts/test/PQ-DiskANN-Disk__hybrid_disk__B2__standard__w32__r0.json,PQ-DiskANN,05B shared graph
05b,gist,PQ-DiskANN-Disk,hybrid_disk,test,gist_test_20260829_204245,0,32,2.0,beam1,4,4,,standard,1,0.3835,2857.402462362,6311.108565,4190.917,16641.287,39804.749,,,,,784.235509872,480000960,,,599183360,0.0,0.0,341336064.0,0.0,7.475,7.475,30617.6,3735.491165,1121.9619925,1300.89323875,152.76216875,0.0,11.775,794.5675,0.0,0.0,0.0,0.0,0.0,0.0,800,02_diskann_fair,DiskANN FixedChunkPQTable 4-bit,05b-shared-graph-pq4-release-native-odirect-v1,ad3c67ae1fadf7104297032eb26d35bb228b217530c1fee261a834d883166f20,7dd8941dcdf9a40c2444d3d84fabfc80df5e9bdf48e58404ee6acfe904091cf5,28e86691bf5c55240d0e2330e8df605ba48cd30a0eb967ae0ed02a6ced3827e4,9b46438f0c6472734127bfa9cd1af70b6f2fde91c76fb5ea353f515c3e1c3354,c43f3255726fed92ee142584ccd3a88728861862cb38f7c3defce8669ea501e6,20260813,3e824adbeebfb0180b09207b1d8d7007badb27fc512e57d039dff5dbb39bd993,3e824adbeebfb0180b09207b1d8d7007badb27fc512e57d039dff5dbb39bd993,shared_baseline,True,True,4096,True,/home/kai3/coco/quantization_graph/results/disk_environment/.test_runs/gist/gist_test_20260829_204245/runs/gist_test_20260829_204245/05B_diskann_shared_graph/gist/artifacts/test/PQ-DiskANN-Disk__hybrid_disk__B2__standard__w32__r0.json,PQ-DiskANN,05B shared graph
05b,gist,PQ-DiskANN-Disk,hybrid_disk,test,gist_test_20260829_204245,0,32,2.0,beam1,5,5,,standard,1,0.450875,2028.938418967,9358.80920625,6640.594,22465.05,48337.867,,,,,784.235509872,480000960,,,599506944,0.0,0.0,341336064.0,0.0,8.4775,8.4775,34723.84,5210.60836375,1794.98955875,2107.9117225,245.29956125,0.0,12.91625,864.75125,0.0,0.0,0.0,0.0,0.0,0.0,800,02_diskann_fair,DiskANN FixedChunkPQTable 4-bit,05b-shared-graph-pq4-release-native-odirect-v1,ad3c67ae1fadf7104297032eb26d35bb228b217530c1fee261a834d883166f20,7dd8941dcdf9a40c2444d3d84fabfc80df5e9bdf48e58404ee6acfe904091cf5,28e86691bf5c55240d0e2330e8df605ba48cd30a0eb967ae0ed02a6ced3827e4,9b46438f0c6472734127bfa9cd1af70b6f2fde91c76fb5ea353f515c3e1c3354,c43f3255726fed92ee142584ccd3a88728861862cb38f7c3defce8669ea501e6,20260813,3e824adbeebfb0180b09207b1d8d7007badb27fc512e57d039dff5dbb39bd993,3e824adbeebfb0180b09207b1d8d7007badb27fc512e57d039dff5dbb39bd993,shared_baseline,True,True,4096,True,/home/kai3/coco/quantization_graph/results/disk_environment/.test_runs/gist/gist_test_20260829_204245/runs/gist_test_20260829_204245/05B_diskann_shared_graph/gist/artifacts/test/PQ-DiskANN-Disk__hybrid_disk__B2__standard__w32__r0.json,PQ-DiskANN,05B shared graph
05b,gist,PQ-DiskANN-Disk,hybrid_disk,test,gist_test_20260829_204245,0,32,2.0,beam1,6,6,,standard,1,0.511375,2357.187601404,8558.1996025,4386.824,21900.845,112547.542,,,,,784.235509872,480000960,,,599646208,0.0,0.0,341336064.0,0.0,9.35375,9.35375,38312.96,5874.392975,1273.479635,1238.4086875,171.918305,0.0,13.945,928.08875,0.0,0.0,0.0,0.0,0.0,0.0,800,02_diskann_fair,DiskANN FixedChunkPQTable 4-bit,05b-shared-graph-pq4-release-native-odirect-v1,ad3c67ae1fadf7104297032eb26d35bb228b217530c1fee261a834d883166f20,7dd8941dcdf9a40c2444d3d84fabfc80df5e9bdf48e58404ee6acfe904091cf5,28e86691bf5c55240d0e2330e8df605ba48cd30a0eb967ae0ed02a6ced3827e4,9b46438f0c6472734127bfa9cd1af70b6f2fde91c76fb5ea353f515c3e1c3354,c43f3255726fed92ee142584ccd3a88728861862cb38f7c3defce8669ea501e6,20260813,3e824adbeebfb0180b09207b1d8d7007badb27fc512e57d039dff5dbb39bd993,3e824adbeebfb0180b09207b1d8d7007badb27fc512e57d039dff5dbb39bd993,shared_baseline,True,True,4096,True,/home/kai3/coco/quantization_graph/results/disk_environment/.test_runs/gist/gist_test_20260829_204245/runs/gist_test_20260829_204245/05B_diskann_shared_graph/gist/artifacts/test/PQ-DiskANN-Disk__hybrid_disk__B2__standard__w32__r0.json,PQ-DiskANN,05B shared graph
05b,gist,PQ-DiskANN-Disk,hybrid_disk,test,gist_test_20260829_204245,0,32,2.0,beam1,7,7,,standard,1,0.563625,2346.5552541,8480.51738375,5814.496,22331.618,49151.266,,,,,784.235509872,480000960,,,599810048,0.0,0.0,341336064.0,0.0,10.225,10.225,41881.6,5146.10656,1606.23493125,1509.09,219.0858925,0.0,14.95375,989.2875,0.0,0.0,0.0,0.0,0.0,0.0,800,02_diskann_fair,DiskANN FixedChunkPQTable 4-bit,05b-shared-graph-pq4-release-native-odirect-v1,ad3c67ae1fadf7104297032eb26d35bb228b217530c1fee261a834d883166f20,7dd8941dcdf9a40c2444d3d84fabfc80df5e9bdf48e58404ee6acfe904091cf5,28e86691bf5c55240d0e2330e8df605ba48cd30a0eb967ae0ed02a6ced3827e4,9b46438f0c6472734127bfa9cd1af70b6f2fde91c76fb5ea353f515c3e1c3354,c43f3255726fed92ee142584ccd3a88728861862cb38f7c3defce8669ea501e6,20260813,3e824adbeebfb0180b09207b1d8d7007badb27fc512e57d039dff5dbb39bd993,3e824adbeebfb0180b09207b1d8d7007badb27fc512e57d039dff5dbb39bd993,shared_baseline,True,True,4096,True,/home/kai3/coco/quantization_graph/results/disk_environment/.test_runs/gist/gist_test_20260829_204245/runs/gist_test_20260829_204245/05B_diskann_shared_graph/gist/artifacts/test/PQ-DiskANN-Disk__hybrid_disk__B2__standard__w32__r0.json,PQ-DiskANN,05B shared graph
05b,gist,PQ-DiskANN-Disk,hybrid_disk,test,gist_test_20260829_204245,0,32,2.0,beam1,8,8,,standard,1,0.610875,2411.278833907,8504.92647125,5726.173,22233.523,59989.617,,,,,784.235509872,480000960,,,600068096,0.0,0.0,341336064.0,0.0,11.1475,11.1475,45660.16,4961.9092625,1749.5094425,1554.771885,238.73588125,0.0,16.01875,1053.7425,0.0,0.0,0.0,0.0,0.0,0.0,800,02_diskann_fair,DiskANN FixedChunkPQTable 4-bit,05b-shared-graph-pq4-release-native-odirect-v1,ad3c67ae1fadf7104297032eb26d35bb228b217530c1fee261a834d883166f20,7dd8941dcdf9a40c2444d3d84fabfc80df5e9bdf48e58404ee6acfe904091cf5,28e86691bf5c55240d0e2330e8df605ba48cd30a0eb967ae0ed02a6ced3827e4,9b46438f0c6472734127bfa9cd1af70b6f2fde91c76fb5ea353f515c3e1c3354,c43f3255726fed92ee142584ccd3a88728861862cb38f7c3defce8669ea501e6,20260813,3e824adbeebfb0180b09207b1d8d7007badb27fc512e57d039dff5dbb39bd993,3e824adbeebfb0180b09207b1d8d7007badb27fc512e57d039dff5dbb39bd993,shared_baseline,True,True,4096,True,/home/kai3/coco/quantization_graph/results/disk_environment/.test_runs/gist/gist_test_20260829_204245/runs/gist_test_20260829_204245/05B_diskann_shared_graph/gist/artifacts/test/PQ-DiskANN-Disk__hybrid_disk__B2__standard__w32__r0.json,PQ-DiskANN,05B shared graph
05b,gist,PQ-DiskANN-Disk,hybrid_disk,test,gist_test_20260829_204245,0,32,2.0,beam1,9,9,,standard,1,0.643875,2349.985585776,8757.59966,4895.673,24058.998,63657.622,,,,,784.235509872,480000960,,,600211456,0.0,0.0,341336064.0,0.0,12.01125,12.01125,49198.08,5680.603025,1578.2755525,1281.60235625,217.11872625,0.0,16.99625,1111.75375,0.0,0.0,0.0,0.0,0.0,0.0,800,02_diskann_fair,DiskANN FixedChunkPQTable 4-bit,05b-shared-graph-pq4-release-native-odirect-v1,ad3c67ae1fadf7104297032eb26d35bb228b217530c1fee261a834d883166f20,7dd8941dcdf9a40c2444d3d84fabfc80df5e9bdf48e58404ee6acfe904091cf5,28e86691bf5c55240d0e2330e8df605ba48cd30a0eb967ae0ed02a6ced3827e4,9b46438f0c6472734127bfa9cd1af70b6f2fde91c76fb5ea353f515c3e1c3354,c43f3255726fed92ee142584ccd3a88728861862cb38f7c3defce8669ea501e6,20260813,3e824adbeebfb0180b09207b1d8d7007badb27fc512e57d039dff5dbb39bd993,3e824adbeebfb0180b09207b1d8d7007badb27fc512e57d039dff5dbb39bd993,shared_baseline,True,True,4096,True,/home/kai3/coco/quantization_graph/results/disk_environment/.test_runs/gist/gist_test_20260829_204245/runs/gist_test_20260829_204245/05B_diskann_shared_graph/gist/artifacts/test/PQ-DiskANN-Disk__hybrid_disk__B2__standard__w32__r0.json,PQ-DiskANN,05B shared graph
05b,gist,PQ-DiskANN-Disk,hybrid_disk,test,gist_test_20260829_204245,0,32,2.0,beam1,10,10,,standard,1,0.658125,2348.908990937,9049.71841375,6204.313,19508.433,68139.175,,,,,784.235509872,480000960,,,600477696,0.0,0.0,341336064.0,0.0,12.80625,12.80625,52454.4,5548.1866075,1835.04258875,1414.33147625,252.15774125,0.0,17.9425,1168.27375,0.0,0.0,0.0,0.0,0.0,0.0,800,02_diskann_fair,DiskANN FixedChunkPQTable 4-bit,05b-shared-graph-pq4-release-native-odirect-v1,ad3c67ae1fadf7104297032eb26d35bb228b217530c1fee261a834d883166f20,7dd8941dcdf9a40c2444d3d84fabfc80df5e9bdf48e58404ee6acfe904091cf5,28e86691bf5c55240d0e2330e8df605ba48cd30a0eb967ae0ed02a6ced3827e4,9b46438f0c6472734127bfa9cd1af70b6f2fde91c76fb5ea353f515c3e1c3354,c43f3255726fed92ee142584ccd3a88728861862cb38f7c3defce8669ea501e6,20260813,3e824adbeebfb0180b09207b1d8d7007badb27fc512e57d039dff5dbb39bd993,3e824adbeebfb0180b09207b1d8d7007badb27fc512e57d039dff5dbb39bd993,shared_baseline,True,True,4096,True,/home/kai3/coco/quantization_graph/results/disk_environment/.test_runs/gist/gist_test_20260829_204245/runs/gist_test_20260829_204245/05B_diskann_shared_graph/gist/artifacts/test/PQ-DiskANN-Disk__hybrid_disk__B2__standard__w32__r0.json,PQ-DiskANN,05B shared graph
05b,gist,PQ-DiskANN-Disk,hybrid_disk,test,gist_test_20260829_204245,0,32,2.0,beam1,11,11,,standard,1,0.6745,2155.254048685,9962.20577875,7022.22,23463.933,58690.378,,,,,784.235509872,480000960,,,600588288,0.0,0.0,341336064.0,0.0,13.66375,13.66375,55966.72,6166.58195,2011.6195875,1508.01814625,275.986095,0.0,18.96,1227.4875,0.0,0.0,0.0,0.0,0.0,0.0,800,02_diskann_fair,DiskANN FixedChunkPQTable 4-bit,05b-shared-graph-pq4-release-native-odirect-v1,ad3c67ae1fadf7104297032eb26d35bb228b217530c1fee261a834d883166f20,7dd8941dcdf9a40c2444d3d84fabfc80df5e9bdf48e58404ee6acfe904091cf5,28e86691bf5c55240d0e2330e8df605ba48cd30a0eb967ae0ed02a6ced3827e4,9b46438f0c6472734127bfa9cd1af70b6f2fde91c76fb5ea353f515c3e1c3354,c43f3255726fed92ee142584ccd3a88728861862cb38f7c3defce8669ea501e6,20260813,3e824adbeebfb0180b09207b1d8d7007badb27fc512e57d039dff5dbb39bd993,3e824adbeebfb0180b09207b1d8d7007badb27fc512e57d039dff5dbb39bd993,shared_baseline,True,True,4096,True,/home/kai3/coco/quantization_graph/results/disk_environment/.test_runs/gist/gist_test_20260829_204245/runs/gist_test_20260829_204245/05B_diskann_shared_graph/gist/artifacts/test/PQ-DiskANN-Disk__hybrid_disk__B2__standard__w32__r0.json,PQ-DiskANN,05B shared graph
05b,gist,PQ-DiskANN-Disk,hybrid_disk,test,gist_test_20260829_204245,0,32,2.0,beam1,12,12,,standard,1,0.6885,2231.702015046,9615.93454125,7287.418,20772.459,47974.92,,,,,784.235509872,480000960,,,600870912,0.0,0.0,341336064.0,0.0,14.52625,14.52625,59499.52,5554.597395,2194.3926125,1560.91303125,306.0315025,0.0,19.9625,1285.5975,0.0,0.0,0.0,0.0,0.0,0.0,800,02_diskann_fair,DiskANN FixedChunkPQTable 4-bit,05b-shared-graph-pq4-release-native-odirect-v1,ad3c67ae1fadf7104297032eb26d35bb228b217530c1fee261a834d883166f20,7dd8941dcdf9a40c2444d3d84fabfc80df5e9bdf48e58404ee6acfe904091cf5,28e86691bf5c55240d0e2330e8df605ba48cd30a0eb967ae0ed02a6ced3827e4,9b46438f0c6472734127bfa9cd1af70b6f2fde91c76fb5ea353f515c3e1c3354,c43f3255726fed92ee142584ccd3a88728861862cb38f7c3defce8669ea501e6,20260813,3e824adbeebfb0180b09207b1d8d7007badb27fc512e57d039dff5dbb39bd993,3e824adbeebfb0180b09207b1d8d7007badb27fc512e57d039dff5dbb39bd993,shared_baseline,True,True,4096,True,/home/kai3/coco/quantization_graph/results/disk_environment/.test_runs/gist/gist_test_20260829_204245/runs/gist_test_20260829_204245/05B_diskann_shared_graph/gist/artifacts/test/PQ-DiskANN-Disk__hybrid_disk__B2__standard__w32__r0.json,PQ-DiskANN,05B shared graph
05b,gist,PQ-DiskANN-Disk,hybrid_disk,test,gist_test_20260829_204245,0,32,2.0,beam1,13,13,,standard,1,0.70075,2211.689077565,9606.7635675,7636.246,21502.329,42920.163,,,,,784.235509872,480000960,,,601071616,0.0,0.0,341336064.0,0.0,15.35125,15.35125,62878.72,5651.75181875,2191.318235,1458.15178875,305.541725,0.0,20.95,1342.19375,0.0,0.0,0.0,0.0,0.0,0.0,800,02_diskann_fair,DiskANN FixedChunkPQTable 4-bit,05b-shared-graph-pq4-release-native-odirect-v1,ad3c67ae1fadf7104297032eb26d35bb228b217530c1fee261a834d883166f20,7dd8941dcdf9a40c2444d3d84fabfc80df5e9bdf48e58404ee6acfe904091cf5,28e86691bf5c55240d0e2330e8df605ba48cd30a0eb967ae0ed02a6ced3827e4,9b46438f0c6472734127bfa9cd1af70b6f2fde91c76fb5ea353f515c3e1c3354,c43f3255726fed92ee142584ccd3a88728861862cb38f7c3defce8669ea501e6,20260813,3e824adbeebfb0180b09207b1d8d7007badb27fc512e57d039dff5dbb39bd993,3e824adbeebfb0180b09207b1d8d7007badb27fc512e57d039dff5dbb39bd993,shared_baseline,True,True,4096,True,/home/kai3/coco/quantization_graph/results/disk_environment/.test_runs/gist/gist_test_20260829_204245/runs/gist_test_20260829_204245/05B_diskann_shared_graph/gist/artifacts/test/PQ-DiskANN-Disk__hybrid_disk__B2__standard__w32__r0.json,PQ-DiskANN,05B shared graph
05b,gist,PQ-DiskANN-Disk,hybrid_disk,test,gist_test_20260829_204245,0,32,2.0,beam1,14,14,,standard,1,0.711375,2121.757235205,10291.4024575,7548.294,21491.435,58974.384,,,,,784.235509872,480000960,,,601276416,0.0,0.0,341336064.0,0.0,16.1375,16.1375,66099.2,5981.00139375,2392.3018,1587.8157675,330.28349625,0.0,21.84875,1393.29125,0.0,0.0,0.0,0.0,0.0,0.0,800,02_diskann_fair,DiskANN FixedChunkPQTable 4-bit,05b-shared-graph-pq4-release-native-odirect-v1,ad3c67ae1fadf7104297032eb26d35bb228b217530c1fee261a834d883166f20,7dd8941dcdf9a40c2444d3d84fabfc80df5e9bdf48e58404ee6acfe904091cf5,28e86691bf5c55240d0e2330e8df605ba48cd30a0eb967ae0ed02a6ced3827e4,9b46438f0c6472734127bfa9cd1af70b6f2fde91c76fb5ea353f515c3e1c3354,c43f3255726fed92ee142584ccd3a88728861862cb38f7c3defce8669ea501e6,20260813,3e824adbeebfb0180b09207b1d8d7007badb27fc512e57d039dff5dbb39bd993,3e824adbeebfb0180b09207b1d8d7007badb27fc512e57d039dff5dbb39bd993,shared_baseline,True,True,4096,True,/home/kai3/coco/quantization_graph/results/disk_environment/.test_runs/gist/gist_test_20260829_204245/runs/gist_test_20260829_204245/05B_diskann_shared_graph/gist/artifacts/test/PQ-DiskANN-Disk__hybrid_disk__B2__standard__w32__r0.json,PQ-DiskANN,05B shared graph
05b,gist,PQ-DiskANN-Disk,hybrid_disk,test,gist_test_20260829_204245,0,32,2.0,beam1,15,15,,standard,1,0.72175,2090.395309274,9411.71909,6654.438,20489.975,53319.142,,,,,784.235509872,480000960,,,601399296,0.0,0.0,341336064.0,0.0,16.9525,16.9525,69437.44,5531.10328625,2224.99458875,1345.4100925,310.2111225,0.0,22.7775,1445.63,0.0,0.0,0.0,0.0,0.0,0.0,800,02_diskann_fair,DiskANN FixedChunkPQTable 4-bit,05b-shared-graph-pq4-release-native-odirect-v1,ad3c67ae1fadf7104297032eb26d35bb228b217530c1fee261a834d883166f20,7dd8941dcdf9a40c2444d3d84fabfc80df5e9bdf48e58404ee6acfe904091cf5,28e86691bf5c55240d0e2330e8df605ba48cd30a0eb967ae0ed02a6ced3827e4,9b46438f0c6472734127bfa9cd1af70b6f2fde91c76fb5ea353f515c3e1c3354,c43f3255726fed92ee142584ccd3a88728861862cb38f7c3defce8669ea501e6,20260813,3e824adbeebfb0180b09207b1d8d7007badb27fc512e57d039dff5dbb39bd993,3e824adbeebfb0180b09207b1d8d7007badb27fc512e57d039dff5dbb39bd993,shared_baseline,True,True,4096,True,/home/kai3/coco/quantization_graph/results/disk_environment/.test_runs/gist/gist_test_20260829_204245/runs/gist_test_20260829_204245/05B_diskann_shared_graph/gist/artifacts/test/PQ-DiskANN-Disk__hybrid_disk__B2__standard__w32__r0.json,PQ-DiskANN,05B shared graph
05b,gist,PQ-DiskANN-Disk,hybrid_disk,test,gist_test_20260829_204245,0,32,2.0,beam1,16,16,,standard,1,0.731,2136.701721092,10233.13145625,7161.483,21865.356,52085.848,,,,,784.235509872,480000960,,,601538560,0.0,0.0,341336064.0,0.0,17.7475,17.7475,72693.76,5977.1278875,2434.82904,1482.28063375,338.893895,0.0,23.7025,1497.5675,0.0,0.0,0.0,0.0,0.0,0.0,800,02_diskann_fair,DiskANN FixedChunkPQTable 4-bit,05b-shared-graph-pq4-release-native-odirect-v1,ad3c67ae1fadf7104297032eb26d35bb228b217530c1fee261a834d883166f20,7dd8941dcdf9a40c2444d3d84fabfc80df5e9bdf48e58404ee6acfe904091cf5,28e86691bf5c55240d0e2330e8df605ba48cd30a0eb967ae0ed02a6ced3827e4,9b46438f0c6472734127bfa9cd1af70b6f2fde91c76fb5ea353f515c3e1c3354,c43f3255726fed92ee142584ccd3a88728861862cb38f7c3defce8669ea501e6,20260813,3e824adbeebfb0180b09207b1d8d7007badb27fc512e57d039dff5dbb39bd993,3e824adbeebfb0180b09207b1d8d7007badb27fc512e57d039dff5dbb39bd993,shared_baseline,True,True,4096,True,/home/kai3/coco/quantization_graph/results/disk_environment/.test_runs/gist/gist_test_20260829_204245/runs/gist_test_20260829_204245/05B_diskann_shared_graph/gist/artifacts/test/PQ-DiskANN-Disk__hybrid_disk__B2__standard__w32__r0.json,PQ-DiskANN,05B shared graph
05b,gist,PQ-DiskANN-Disk,hybrid_disk,test,gist_test_20260829_204245,0,32,2.0,beam1,17,17,,standard,1,0.740625,2056.888062779,10946.63552875,7766.795,22444.68,61111.314,,,,,784.235509872,480000960,,,601878528,0.0,0.0,341336064.0,0.0,18.59375,18.59375,76160.0,6506.143315,2581.52266125,1493.34378125,365.62577125,0.0,24.70625,1554.94375,0.0,0.0,0.0,0.0,0.0,0.0,800,02_diskann_fair,DiskANN FixedChunkPQTable 4-bit,05b-shared-graph-pq4-release-native-odirect-v1,ad3c67ae1fadf7104297032eb26d35bb228b217530c1fee261a834d883166f20,7dd8941dcdf9a40c2444d3d84fabfc80df5e9bdf48e58404ee6acfe904091cf5,28e86691bf5c55240d0e2330e8df605ba48cd30a0eb967ae0ed02a6ced3827e4,9b46438f0c6472734127bfa9cd1af70b6f2fde91c76fb5ea353f515c3e1c3354,c43f3255726fed92ee142584ccd3a88728861862cb38f7c3defce8669ea501e6,20260813,3e824adbeebfb0180b09207b1d8d7007badb27fc512e57d039dff5dbb39bd993,3e824adbeebfb0180b09207b1d8d7007badb27fc512e57d039dff5dbb39bd993,shared_baseline,True,True,4096,True,/home/kai3/coco/quantization_graph/results/disk_environment/.test_runs/gist/gist_test_20260829_204245/runs/gist_test_20260829_204245/05B_diskann_shared_graph/gist/artifacts/test/PQ-DiskANN-Disk__hybrid_disk__B2__standard__w32__r0.json,PQ-DiskANN,05B shared graph
05b,gist,PQ-DiskANN-Disk,hybrid_disk,test,gist_test_20260829_204245,0,32,2.0,beam1,18,18,,standard,1,0.7495,2069.1799485,11472.68872875,8482.829,23575.305,58665.704,,,,,784.235509872,480000960,,,602066944,0.0,0.0,341336064.0,0.0,19.44125,19.44125,79631.36,7125.4711725,2561.3580325,1425.16793625,360.6915875,0.0,25.685,1609.35125,0.0,0.0,0.0,0.0,0.0,0.0,800,02_diskann_fair,DiskANN FixedChunkPQTable 4-bit,05b-shared-graph-pq4-release-native-odirect-v1,ad3c67ae1fadf7104297032eb26d35bb228b217530c1fee261a834d883166f20,7dd8941dcdf9a40c2444d3d84fabfc80df5e9bdf48e58404ee6acfe904091cf5,28e86691bf5c55240d0e2330e8df605ba48cd30a0eb967ae0ed02a6ced3827e4,9b46438f0c6472734127bfa9cd1af70b6f2fde91c76fb5ea353f515c3e1c3354,c43f3255726fed92ee142584ccd3a88728861862cb38f7c3defce8669ea501e6,20260813,3e824adbeebfb0180b09207b1d8d7007badb27fc512e57d039dff5dbb39bd993,3e824adbeebfb0180b09207b1d8d7007badb27fc512e57d039dff5dbb39bd993,shared_baseline,True,True,4096,True,/home/kai3/coco/quantization_graph/results/disk_environment/.test_runs/gist/gist_test_20260829_204245/runs/gist_test_20260829_204245/05B_diskann_shared_graph/gist/artifacts/test/PQ-DiskANN-Disk__hybrid_disk__B2__standard__w32__r0.json,PQ-DiskANN,05B shared graph
05b,gist,PQ-DiskANN-Disk,hybrid_disk,test,gist_test_20260829_204245,0,32,2.0,beam1,19,19,,standard,1,0.75575,1903.212621716,12331.52609,9345.688,24712.746,62744.359,,,,,784.235509872,480000960,,,602259456,0.0,0.0,341336064.0,0.0,20.21125,20.21125,82785.28,7273.60667875,2975.5837525,1664.66892375,417.666735,0.0,26.57875,1658.9725,0.0,0.0,0.0,0.0,0.0,0.0,800,02_diskann_fair,DiskANN FixedChunkPQTable 4-bit,05b-shared-graph-pq4-release-native-odirect-v1,ad3c67ae1fadf7104297032eb26d35bb228b217530c1fee261a834d883166f20,7dd8941dcdf9a40c2444d3d84fabfc80df5e9bdf48e58404ee6acfe904091cf5,28e86691bf5c55240d0e2330e8df605ba48cd30a0eb967ae0ed02a6ced3827e4,9b46438f0c6472734127bfa9cd1af70b6f2fde91c76fb5ea353f515c3e1c3354,c43f3255726fed92ee142584ccd3a88728861862cb38f7c3defce8669ea501e6,20260813,3e824adbeebfb0180b09207b1d8d7007badb27fc512e57d039dff5dbb39bd993,3e824adbeebfb0180b09207b1d8d7007badb27fc512e57d039dff5dbb39bd993,shared_baseline,True,True,4096,True,/home/kai3/coco/quantization_graph/results/disk_environment/.test_runs/gist/gist_test_20260829_204245/runs/gist_test_20260829_204245/05B_diskann_shared_graph/gist/artifacts/test/PQ-DiskANN-Disk__hybrid_disk__B2__standard__w32__r0.json,PQ-DiskANN,05B shared graph
05b,gist,PQ-DiskANN-Disk,hybrid_disk,test,gist_test_20260829_204245,0,32,2.0,beam1,20,20,,standard,1,0.763875,1929.432222362,11331.43552875,8325.81,22630.621,62624.885,,,,,784.235509872,480000960,,,602361856,0.0,0.0,341336064.0,0.0,21.04125,21.04125,86184.96,6779.84763,2726.53568875,1441.54132125,383.51088875,0.0,27.555,1713.28375,0.0,0.0,0.0,0.0,0.0,0.0,800,02_diskann_fair,DiskANN FixedChunkPQTable 4-bit,05b-shared-graph-pq4-release-native-odirect-v1,ad3c67ae1fadf7104297032eb26d35bb228b217530c1fee261a834d883166f20,7dd8941dcdf9a40c2444d3d84fabfc80df5e9bdf48e58404ee6acfe904091cf5,28e86691bf5c55240d0e2330e8df605ba48cd30a0eb967ae0ed02a6ced3827e4,9b46438f0c6472734127bfa9cd1af70b6f2fde91c76fb5ea353f515c3e1c3354,c43f3255726fed92ee142584ccd3a88728861862cb38f7c3defce8669ea501e6,20260813,3e824adbeebfb0180b09207b1d8d7007badb27fc512e57d039dff5dbb39bd993,3e824adbeebfb0180b09207b1d8d7007badb27fc512e57d039dff5dbb39bd993,shared_baseline,True,True,4096,True,/home/kai3/coco/quantization_graph/results/disk_environment/.test_runs/gist/gist_test_20260829_204245/runs/gist_test_20260829_204245/05B_diskann_shared_graph/gist/artifacts/test/PQ-DiskANN-Disk__hybrid_disk__B2__standard__w32__r0.json,PQ-DiskANN,05B shared graph
05b,gist,PQ-DiskANN-Disk,hybrid_disk,test,gist_test_20260829_204245,0,32,2.0,beam1,21,21,,standard,1,0.76925,1681.706387615,12493.16563875,8480.811,25247.61,93537.536,,,,,784.235509872,480000960,,,602497024,0.0,0.0,341336064.0,0.0,21.81,21.81,89333.76,7594.2811625,2947.3976825,1537.60866625,413.8781275,0.0,28.4525,1762.08,0.0,0.0,0.0,0.0,0.0,0.0,800,02_diskann_fair,DiskANN FixedChunkPQTable 4-bit,05b-shared-graph-pq4-release-native-odirect-v1,ad3c67ae1fadf7104297032eb26d35bb228b217530c1fee261a834d883166f20,7dd8941dcdf9a40c2444d3d84fabfc80df5e9bdf48e58404ee6acfe904091cf5,28e86691bf5c55240d0e2330e8df605ba48cd30a0eb967ae0ed02a6ced3827e4,9b46438f0c6472734127bfa9cd1af70b6f2fde91c76fb5ea353f515c3e1c3354,c43f3255726fed92ee142584ccd3a88728861862cb38f7c3defce8669ea501e6,20260813,3e824adbeebfb0180b09207b1d8d7007badb27fc512e57d039dff5dbb39bd993,3e824adbeebfb0180b09207b1d8d7007badb27fc512e57d039dff5dbb39bd993,shared_baseline,True,True,4096,True,/home/kai3/coco/quantization_graph/results/disk_environment/.test_runs/gist/gist_test_20260829_204245/runs/gist_test_20260829_204245/05B_diskann_shared_graph/gist/artifacts/test/PQ-DiskANN-Disk__hybrid_disk__B2__standard__w32__r0.json,PQ-DiskANN,05B shared graph
05b,gist,PQ-DiskANN-Disk,hybrid_disk,test,gist_test_20260829_204245,0,32,2.0,beam1,22,22,,standard,1,0.77525,1906.099146772,12113.18357,9515.611,24210.388,51638.91,,,,,784.235509872,480000960,,,602714112,0.0,0.0,341336064.0,0.0,22.59125,22.59125,92533.76,6788.35895375,3259.0306175,1605.12201,460.67198875,0.0,29.34125,1810.27125,0.0,0.0,0.0,0.0,0.0,0.0,800,02_diskann_fair,DiskANN FixedChunkPQTable 4-bit,05b-shared-graph-pq4-release-native-odirect-v1,ad3c67ae1fadf7104297032eb26d35bb228b217530c1fee261a834d883166f20,7dd8941dcdf9a40c2444d3d84fabfc80df5e9bdf48e58404ee6acfe904091cf5,28e86691bf5c55240d0e2330e8df605ba48cd30a0eb967ae0ed02a6ced3827e4,9b46438f0c6472734127bfa9cd1af70b6f2fde91c76fb5ea353f515c3e1c3354,c43f3255726fed92ee142584ccd3a88728861862cb38f7c3defce8669ea501e6,20260813,3e824adbeebfb0180b09207b1d8d7007badb27fc512e57d039dff5dbb39bd993,3e824adbeebfb0180b09207b1d8d7007badb27fc512e57d039dff5dbb39bd993,shared_baseline,True,True,4096,True,/home/kai3/coco/quantization_graph/results/disk_environment/.test_runs/gist/gist_test_20260829_204245/runs/gist_test_20260829_204245/05B_diskann_shared_graph/gist/artifacts/test/PQ-DiskANN-Disk__hybrid_disk__B2__standard__w32__r0.json,PQ-DiskANN,05B shared graph
05b,gist,PQ-DiskANN-Disk,hybrid_disk,test,gist_test_20260829_204245,0,32,2.0,beam1,23,23,,standard,1,0.779375,1675.585539703,13892.31588125,10200.496,32497.368,70378.497,,,,,784.235509872,480000960,,,602943488,0.0,0.0,341336064.0,0.0,23.39375,23.39375,95820.8,8490.23962375,3313.16019625,1621.582475,467.33358625,0.0,30.26,1860.19125,0.0,0.0,0.0,0.0,0.0,0.0,800,02_diskann_fair,DiskANN FixedChunkPQTable 4-bit,05b-shared-graph-pq4-release-native-odirect-v1,ad3c67ae1fadf7104297032eb26d35bb228b217530c1fee261a834d883166f20,7dd8941dcdf9a40c2444d3d84fabfc80df5e9bdf48e58404ee6acfe904091cf5,28e86691bf5c55240d0e2330e8df605ba48cd30a0eb967ae0ed02a6ced3827e4,9b46438f0c6472734127bfa9cd1af70b6f2fde91c76fb5ea353f515c3e1c3354,c43f3255726fed92ee142584ccd3a88728861862cb38f7c3defce8669ea501e6,20260813,3e824adbeebfb0180b09207b1d8d7007badb27fc512e57d039dff5dbb39bd993,3e824adbeebfb0180b09207b1d8d7007badb27fc512e57d039dff5dbb39bd993,shared_baseline,True,True,4096,True,/home/kai3/coco/quantization_graph/results/disk_environment/.test_runs/gist/gist_test_20260829_204245/runs/gist_test_20260829_204245/05B_diskann_shared_graph/gist/artifacts/test/PQ-DiskANN-Disk__hybrid_disk__B2__standard__w32__r0.json,PQ-DiskANN,05B shared graph
05b,gist,PQ-DiskANN-Disk,hybrid_disk,test,gist_test_20260829_204245,0,32,2.0,beam1,24,24,,standard,1,0.78425,1754.392509258,13024.3809875,9457.561,29107.703,70661.061,,,,,784.235509872,480000960,,,603201536,0.0,0.0,341336064.0,0.0,24.1875,24.1875,99072.0,7823.30250125,3224.1692325,1520.89000375,456.01925,0.0,31.18875,1910.71875,0.0,0.0,0.0,0.0,0.0,0.0,800,02_diskann_fair,DiskANN FixedChunkPQTable 4-bit,05b-shared-graph-pq4-release-native-odirect-v1,ad3c67ae1fadf7104297032eb26d35bb228b217530c1fee261a834d883166f20,7dd8941dcdf9a40c2444d3d84fabfc80df5e9bdf48e58404ee6acfe904091cf5,28e86691bf5c55240d0e2330e8df605ba48cd30a0eb967ae0ed02a6ced3827e4,9b46438f0c6472734127bfa9cd1af70b6f2fde91c76fb5ea353f515c3e1c3354,c43f3255726fed92ee142584ccd3a88728861862cb38f7c3defce8669ea501e6,20260813,3e824adbeebfb0180b09207b1d8d7007badb27fc512e57d039dff5dbb39bd993,3e824adbeebfb0180b09207b1d8d7007badb27fc512e57d039dff5dbb39bd993,shared_baseline,True,True,4096,True,/home/kai3/coco/quantization_graph/results/disk_environment/.test_runs/gist/gist_test_20260829_204245/runs/gist_test_20260829_204245/05B_diskann_shared_graph/gist/artifacts/test/PQ-DiskANN-Disk__hybrid_disk__B2__standard__w32__r0.json,PQ-DiskANN,05B shared graph
05b,gist,PQ-DiskANN-Disk,hybrid_disk,test,gist_test_20260829_204245,0,32,2.0,beam1,25,25,,standard,1,0.79075,1808.712394874,12144.1840925,9856.832,23443.526,51609.262,,,,,784.235509872,480000960,,,603287552,0.0,0.0,341336064.0,0.0,25.05875,25.05875,102640.64,6869.7577975,3296.454975,1512.90858,465.06274,0.0,32.22,1967.3825,0.0,0.0,0.0,0.0,0.0,0.0,800,02_diskann_fair,DiskANN FixedChunkPQTable 4-bit,05b-shared-graph-pq4-release-native-odirect-v1,ad3c67ae1fadf7104297032eb26d35bb228b217530c1fee261a834d883166f20,7dd8941dcdf9a40c2444d3d84fabfc80df5e9bdf48e58404ee6acfe904091cf5,28e86691bf5c55240d0e2330e8df605ba48cd30a0eb967ae0ed02a6ced3827e4,9b46438f0c6472734127bfa9cd1af70b6f2fde91c76fb5ea353f515c3e1c3354,c43f3255726fed92ee142584ccd3a88728861862cb38f7c3defce8669ea501e6,20260813,3e824adbeebfb0180b09207b1d8d7007badb27fc512e57d039dff5dbb39bd993,3e824adbeebfb0180b09207b1d8d7007badb27fc512e57d039dff5dbb39bd993,shared_baseline,True,True,4096,True,/home/kai3/coco/quantization_graph/results/disk_environment/.test_runs/gist/gist_test_20260829_204245/runs/gist_test_20260829_204245/05B_diskann_shared_graph/gist/artifacts/test/PQ-DiskANN-Disk__hybrid_disk__B2__standard__w32__r0.json,PQ-DiskANN,05B shared graph
05b,gist,PQ-DiskANN-Disk,hybrid_disk,test,gist_test_20260829_204245,0,32,2.0,beam1,26,26,,standard,1,0.79675,1676.307716514,13309.316705,10486.633,27585.825,53391.203,,,,,784.235509872,480000960,,,603480064,0.0,0.0,341336064.0,0.0,25.90375,25.90375,106101.76,7753.01104875,3506.67017125,1549.63835,499.997135,0.0,33.19875,2020.53,0.0,0.0,0.0,0.0,0.0,0.0,800,02_diskann_fair,DiskANN FixedChunkPQTable 4-bit,05b-shared-graph-pq4-release-native-odirect-v1,ad3c67ae1fadf7104297032eb26d35bb228b217530c1fee261a834d883166f20,7dd8941dcdf9a40c2444d3d84fabfc80df5e9bdf48e58404ee6acfe904091cf5,28e86691bf5c55240d0e2330e8df605ba48cd30a0eb967ae0ed02a6ced3827e4,9b46438f0c6472734127bfa9cd1af70b6f2fde91c76fb5ea353f515c3e1c3354,c43f3255726fed92ee142584ccd3a88728861862cb38f7c3defce8669ea501e6,20260813,3e824adbeebfb0180b09207b1d8d7007badb27fc512e57d039dff5dbb39bd993,3e824adbeebfb0180b09207b1d8d7007badb27fc512e57d039dff5dbb39bd993,shared_baseline,True,True,4096,True,/home/kai3/coco/quantization_graph/results/disk_environment/.test_runs/gist/gist_test_20260829_204245/runs/gist_test_20260829_204245/05B_diskann_shared_graph/gist/artifacts/test/PQ-DiskANN-Disk__hybrid_disk__B2__standard__w32__r0.json,PQ-DiskANN,05B shared graph
05b,gist,PQ-DiskANN-Disk,hybrid_disk,test,gist_test_20260829_204245,0,32,2.0,beam1,27,27,,standard,1,0.80075,1733.823577729,13410.73777375,11461.349,25219.254,43704.25,,,,,784.235509872,480000960,,,603832320,0.0,0.0,341336064.0,0.0,26.77,26.77,109649.92,7470.30864375,3771.74706,1633.08551875,535.59655125,0.0,34.175,2072.915,0.0,0.0,0.0,0.0,0.0,0.0,800,02_diskann_fair,DiskANN FixedChunkPQTable 4-bit,05b-shared-graph-pq4-release-native-odirect-v1,ad3c67ae1fadf7104297032eb26d35bb228b217530c1fee261a834d883166f20,7dd8941dcdf9a40c2444d3d84fabfc80df5e9bdf48e58404ee6acfe904091cf5,28e86691bf5c55240d0e2330e8df605ba48cd30a0eb967ae0ed02a6ced3827e4,9b46438f0c6472734127bfa9cd1af70b6f2fde91c76fb5ea353f515c3e1c3354,c43f3255726fed92ee142584ccd3a88728861862cb38f7c3defce8669ea501e6,20260813,3e824adbeebfb0180b09207b1d8d7007badb27fc512e57d039dff5dbb39bd993,3e824adbeebfb0180b09207b1d8d7007badb27fc512e57d039dff5dbb39bd993,shared_baseline,True,True,4096,True,/home/kai3/coco/quantization_graph/results/disk_environment/.test_runs/gist/gist_test_20260829_204245/runs/gist_test_20260829_204245/05B_diskann_shared_graph/gist/artifacts/test/PQ-DiskANN-Disk__hybrid_disk__B2__standard__w32__r0.json,PQ-DiskANN,05B shared graph
05b,gist,PQ-DiskANN-Disk,hybrid_disk,test,gist_test_20260829_204245,0,32,2.0,beam1,28,28,,standard,1,0.804375,1446.321708755,15925.34870625,12886.153,31287.555,61249.145,,,,,784.235509872,480000960,,,603877376,0.0,0.0,341336064.0,0.0,27.57375,27.57375,112942.08,9209.34213625,4267.59289375,1839.98192375,608.4317525,0.0,35.1025,2121.10375,0.0,0.0,0.0,0.0,0.0,0.0,800,02_diskann_fair,DiskANN FixedChunkPQTable 4-bit,05b-shared-graph-pq4-release-native-odirect-v1,ad3c67ae1fadf7104297032eb26d35bb228b217530c1fee261a834d883166f20,7dd8941dcdf9a40c2444d3d84fabfc80df5e9bdf48e58404ee6acfe904091cf5,28e86691bf5c55240d0e2330e8df605ba48cd30a0eb967ae0ed02a6ced3827e4,9b46438f0c6472734127bfa9cd1af70b6f2fde91c76fb5ea353f515c3e1c3354,c43f3255726fed92ee142584ccd3a88728861862cb38f7c3defce8669ea501e6,20260813,3e824adbeebfb0180b09207b1d8d7007badb27fc512e57d039dff5dbb39bd993,3e824adbeebfb0180b09207b1d8d7007badb27fc512e57d039dff5dbb39bd993,shared_baseline,True,True,4096,True,/home/kai3/coco/quantization_graph/results/disk_environment/.test_runs/gist/gist_test_20260829_204245/runs/gist_test_20260829_204245/05B_diskann_shared_graph/gist/artifacts/test/PQ-DiskANN-Disk__hybrid_disk__B2__standard__w32__r0.json,PQ-DiskANN,05B shared graph
05b,gist,PQ-DiskANN-Disk,hybrid_disk,test,gist_test_20260829_204245,0,32,2.0,beam1,29,29,,standard,1,0.810625,1267.208619796,17280.9649975,11881.96,48397.714,106306.473,,,,,784.235509872,480000960,,,604033024,0.0,0.0,341336064.0,0.0,28.45625,28.45625,116556.8,11094.62616375,3977.694335,1632.46736375,576.177135,0.0,36.1075,2174.5625,0.0,0.0,0.0,0.0,0.0,0.0,800,02_diskann_fair,DiskANN FixedChunkPQTable 4-bit,05b-shared-graph-pq4-release-native-odirect-v1,ad3c67ae1fadf7104297032eb26d35bb228b217530c1fee261a834d883166f20,7dd8941dcdf9a40c2444d3d84fabfc80df5e9bdf48e58404ee6acfe904091cf5,28e86691bf5c55240d0e2330e8df605ba48cd30a0eb967ae0ed02a6ced3827e4,9b46438f0c6472734127bfa9cd1af70b6f2fde91c76fb5ea353f515c3e1c3354,c43f3255726fed92ee142584ccd3a88728861862cb38f7c3defce8669ea501e6,20260813,3e824adbeebfb0180b09207b1d8d7007badb27fc512e57d039dff5dbb39bd993,3e824adbeebfb0180b09207b1d8d7007badb27fc512e57d039dff5dbb39bd993,shared_baseline,True,True,4096,True,/home/kai3/coco/quantization_graph/results/disk_environment/.test_runs/gist/gist_test_20260829_204245/runs/gist_test_20260829_204245/05B_diskann_shared_graph/gist/artifacts/test/PQ-DiskANN-Disk__hybrid_disk__B2__standard__w32__r0.json,PQ-DiskANN,05B shared graph
05b,gist,PQ-DiskANN-Disk,hybrid_disk,test,gist_test_20260829_204245,0,32,2.0,beam1,30,30,,standard,1,0.81425,1181.087131296,20802.2661475,13454.418,59863.898,151541.206,,,,,784.235509872,480000960,,,604143616,0.0,0.0,341336064.0,0.0,29.235,29.235,119746.56,13986.10124125,4358.49995375,1832.45046125,625.21449125,0.0,37.01125,2221.645,0.0,0.0,0.0,0.0,0.0,0.0,800,02_diskann_fair,DiskANN FixedChunkPQTable 4-bit,05b-shared-graph-pq4-release-native-odirect-v1,ad3c67ae1fadf7104297032eb26d35bb228b217530c1fee261a834d883166f20,7dd8941dcdf9a40c2444d3d84fabfc80df5e9bdf48e58404ee6acfe904091cf5,28e86691bf5c55240d0e2330e8df605ba48cd30a0eb967ae0ed02a6ced3827e4,9b46438f0c6472734127bfa9cd1af70b6f2fde91c76fb5ea353f515c3e1c3354,c43f3255726fed92ee142584ccd3a88728861862cb38f7c3defce8669ea501e6,20260813,3e824adbeebfb0180b09207b1d8d7007badb27fc512e57d039dff5dbb39bd993,3e824adbeebfb0180b09207b1d8d7007badb27fc512e57d039dff5dbb39bd993,shared_baseline,True,True,4096,True,/home/kai3/coco/quantization_graph/results/disk_environment/.test_runs/gist/gist_test_20260829_204245/runs/gist_test_20260829_204245/05B_diskann_shared_graph/gist/artifacts/test/PQ-DiskANN-Disk__hybrid_disk__B2__standard__w32__r0.json,PQ-DiskANN,05B shared graph
05b,gist,PQ-DiskANN-Disk,hybrid_disk,test,gist_test_20260829_204245,0,32,2.0,beam1,40,40,,standard,1,0.841625,1074.439013801,22567.0509325,18855.84,47609.265,96457.84,,,,,784.235509872,480000960,,,604651520,0.0,0.0,341336064.0,0.0,37.55625,37.55625,153830.4,13583.4350275,6033.8202775,2068.72410125,881.07152625,0.0,46.61125,2714.65125,0.0,0.0,0.0,0.0,0.0,0.0,800,02_diskann_fair,DiskANN FixedChunkPQTable 4-bit,05b-shared-graph-pq4-release-native-odirect-v1,ad3c67ae1fadf7104297032eb26d35bb228b217530c1fee261a834d883166f20,7dd8941dcdf9a40c2444d3d84fabfc80df5e9bdf48e58404ee6acfe904091cf5,28e86691bf5c55240d0e2330e8df605ba48cd30a0eb967ae0ed02a6ced3827e4,9b46438f0c6472734127bfa9cd1af70b6f2fde91c76fb5ea353f515c3e1c3354,c43f3255726fed92ee142584ccd3a88728861862cb38f7c3defce8669ea501e6,20260813,3e824adbeebfb0180b09207b1d8d7007badb27fc512e57d039dff5dbb39bd993,3e824adbeebfb0180b09207b1d8d7007badb27fc512e57d039dff5dbb39bd993,shared_baseline,True,True,4096,True,/home/kai3/coco/quantization_graph/results/disk_environment/.test_runs/gist/gist_test_20260829_204245/runs/gist_test_20260829_204245/05B_diskann_shared_graph/gist/artifacts/test/PQ-DiskANN-Disk__hybrid_disk__B2__standard__w32__r0.json,PQ-DiskANN,05B shared graph
05b,gist,PQ-DiskANN-Disk,hybrid_disk,test,gist_test_20260829_204245,0,32,2.0,beam1,50,50,,standard,1,0.8605,898.79530892,28457.08276,23700.09,60262.197,124245.429,,,,,784.235509872,480000960,,,605585408,0.0,0.0,341336064.0,0.0,45.94875,45.94875,188206.08,17886.5291775,7341.1496025,2150.01634375,1079.38763625,0.0,56.285,3198.20125,0.0,0.0,0.0,0.0,0.0,0.0,800,02_diskann_fair,DiskANN FixedChunkPQTable 4-bit,05b-shared-graph-pq4-release-native-odirect-v1,ad3c67ae1fadf7104297032eb26d35bb228b217530c1fee261a834d883166f20,7dd8941dcdf9a40c2444d3d84fabfc80df5e9bdf48e58404ee6acfe904091cf5,28e86691bf5c55240d0e2330e8df605ba48cd30a0eb967ae0ed02a6ced3827e4,9b46438f0c6472734127bfa9cd1af70b6f2fde91c76fb5ea353f515c3e1c3354,c43f3255726fed92ee142584ccd3a88728861862cb38f7c3defce8669ea501e6,20260813,3e824adbeebfb0180b09207b1d8d7007badb27fc512e57d039dff5dbb39bd993,3e824adbeebfb0180b09207b1d8d7007badb27fc512e57d039dff5dbb39bd993,shared_baseline,True,True,4096,True,/home/kai3/coco/quantization_graph/results/disk_environment/.test_runs/gist/gist_test_20260829_204245/runs/gist_test_20260829_204245/05B_diskann_shared_graph/gist/artifacts/test/PQ-DiskANN-Disk__hybrid_disk__B2__standard__w32__r0.json,PQ-DiskANN,05B shared graph
05b,gist,PQ-DiskANN-Disk,hybrid_disk,test,gist_test_20260829_204245,0,32,2.0,beam1,60,60,,standard,1,0.8745,805.209042232,31386.9865225,26784.805,64439.067,116725.451,,,,,784.235509872,480000960,,,606830592,0.0,0.0,341336064.0,0.0,54.4025,54.4025,222832.64,19135.83766,8747.08023875,2217.26552125,1286.8031025,0.0,66.06625,3670.7875,0.0,0.0,0.0,0.0,0.0,0.0,800,02_diskann_fair,DiskANN FixedChunkPQTable 4-bit,05b-shared-graph-pq4-release-native-odirect-v1,ad3c67ae1fadf7104297032eb26d35bb228b217530c1fee261a834d883166f20,7dd8941dcdf9a40c2444d3d84fabfc80df5e9bdf48e58404ee6acfe904091cf5,28e86691bf5c55240d0e2330e8df605ba48cd30a0eb967ae0ed02a6ced3827e4,9b46438f0c6472734127bfa9cd1af70b6f2fde91c76fb5ea353f515c3e1c3354,c43f3255726fed92ee142584ccd3a88728861862cb38f7c3defce8669ea501e6,20260813,3e824adbeebfb0180b09207b1d8d7007badb27fc512e57d039dff5dbb39bd993,3e824adbeebfb0180b09207b1d8d7007badb27fc512e57d039dff5dbb39bd993,shared_baseline,True,True,4096,True,/home/kai3/coco/quantization_graph/results/disk_environment/.test_runs/gist/gist_test_20260829_204245/runs/gist_test_20260829_204245/05B_diskann_shared_graph/gist/artifacts/test/PQ-DiskANN-Disk__hybrid_disk__B2__standard__w32__r0.json,PQ-DiskANN,05B shared graph
05b,gist,PQ-DiskANN-Disk,hybrid_disk,test,gist_test_20260829_204245,0,32,2.0,beam1,70,70,,standard,1,0.883625,670.693662884,38820.53587875,32330.307,79595.112,174511.89,,,,,784.235509872,480000960,,,608264192,0.0,0.0,341336064.0,0.0,62.93625,62.93625,257786.88,25033.25115875,10010.96624875,2275.28063375,1501.0378375,0.0,75.9425,4137.86875,0.0,0.0,0.0,0.0,0.0,0.0,800,02_diskann_fair,DiskANN FixedChunkPQTable 4-bit,05b-shared-graph-pq4-release-native-odirect-v1,ad3c67ae1fadf7104297032eb26d35bb228b217530c1fee261a834d883166f20,7dd8941dcdf9a40c2444d3d84fabfc80df5e9bdf48e58404ee6acfe904091cf5,28e86691bf5c55240d0e2330e8df605ba48cd30a0eb967ae0ed02a6ced3827e4,9b46438f0c6472734127bfa9cd1af70b6f2fde91c76fb5ea353f515c3e1c3354,c43f3255726fed92ee142584ccd3a88728861862cb38f7c3defce8669ea501e6,20260813,3e824adbeebfb0180b09207b1d8d7007badb27fc512e57d039dff5dbb39bd993,3e824adbeebfb0180b09207b1d8d7007badb27fc512e57d039dff5dbb39bd993,shared_baseline,True,True,4096,True,/home/kai3/coco/quantization_graph/results/disk_environment/.test_runs/gist/gist_test_20260829_204245/runs/gist_test_20260829_204245/05B_diskann_shared_graph/gist/artifacts/test/PQ-DiskANN-Disk__hybrid_disk__B2__standard__w32__r0.json,PQ-DiskANN,05B shared graph
05b,gist,PQ-DiskANN-Disk,hybrid_disk,test,gist_test_20260829_204245,0,32,2.0,beam1,80,80,,standard,1,0.889125,643.531523386,40756.974525,34634.143,86081.828,125730.535,,,,,784.235509872,480000960,,,609550336,0.0,0.0,341336064.0,0.0,71.485,71.485,292802.56,25155.17053875,11518.57837625,2361.6764375,1721.5491725,0.0,85.74125,4587.54875,0.0,0.0,0.0,0.0,0.0,0.0,800,02_diskann_fair,DiskANN FixedChunkPQTable 4-bit,05b-shared-graph-pq4-release-native-odirect-v1,ad3c67ae1fadf7104297032eb26d35bb228b217530c1fee261a834d883166f20,7dd8941dcdf9a40c2444d3d84fabfc80df5e9bdf48e58404ee6acfe904091cf5,28e86691bf5c55240d0e2330e8df605ba48cd30a0eb967ae0ed02a6ced3827e4,9b46438f0c6472734127bfa9cd1af70b6f2fde91c76fb5ea353f515c3e1c3354,c43f3255726fed92ee142584ccd3a88728861862cb38f7c3defce8669ea501e6,20260813,3e824adbeebfb0180b09207b1d8d7007badb27fc512e57d039dff5dbb39bd993,3e824adbeebfb0180b09207b1d8d7007badb27fc512e57d039dff5dbb39bd993,shared_baseline,True,True,4096,True,/home/kai3/coco/quantization_graph/results/disk_environment/.test_runs/gist/gist_test_20260829_204245/runs/gist_test_20260829_204245/05B_diskann_shared_graph/gist/artifacts/test/PQ-DiskANN-Disk__hybrid_disk__B2__standard__w32__r0.json,PQ-DiskANN,05B shared graph
05b,gist,PQ-DiskANN-Disk,hybrid_disk,test,gist_test_20260829_204245,0,32,2.0,beam1,90,90,,standard,1,0.89275,544.963257981,49402.6446225,40182.648,119115.743,173590.324,,,,,784.235509872,480000960,,,611110912,0.0,0.0,341336064.0,0.0,80.02375,80.02375,327777.28,33302.00345875,12051.3632075,2220.531225,1828.74673125,0.0,95.59125,5030.90375,0.0,0.0,0.0,0.0,0.0,0.0,800,02_diskann_fair,DiskANN FixedChunkPQTable 4-bit,05b-shared-graph-pq4-release-native-odirect-v1,ad3c67ae1fadf7104297032eb26d35bb228b217530c1fee261a834d883166f20,7dd8941dcdf9a40c2444d3d84fabfc80df5e9bdf48e58404ee6acfe904091cf5,28e86691bf5c55240d0e2330e8df605ba48cd30a0eb967ae0ed02a6ced3827e4,9b46438f0c6472734127bfa9cd1af70b6f2fde91c76fb5ea353f515c3e1c3354,c43f3255726fed92ee142584ccd3a88728861862cb38f7c3defce8669ea501e6,20260813,3e824adbeebfb0180b09207b1d8d7007badb27fc512e57d039dff5dbb39bd993,3e824adbeebfb0180b09207b1d8d7007badb27fc512e57d039dff5dbb39bd993,shared_baseline,True,True,4096,True,/home/kai3/coco/quantization_graph/results/disk_environment/.test_runs/gist/gist_test_20260829_204245/runs/gist_test_20260829_204245/05B_diskann_shared_graph/gist/artifacts/test/PQ-DiskANN-Disk__hybrid_disk__B2__standard__w32__r0.json,PQ-DiskANN,05B shared graph
05b,gist,PQ-DiskANN-Disk,hybrid_disk,test,gist_test_20260829_204245,0,32,2.0,beam1,100,100,,standard,1,0.895,549.631014905,48764.55502375,42312.859,97560.964,155278.912,,,,,784.235509872,480000960,,,612237312,0.0,0.0,341336064.0,0.0,88.68625,88.68625,363258.88,30651.31522375,13694.38853,2344.42225625,2074.42901375,0.0,105.58,5474.825,0.0,0.0,0.0,0.0,0.0,0.0,800,02_diskann_fair,DiskANN FixedChunkPQTable 4-bit,05b-shared-graph-pq4-release-native-odirect-v1,ad3c67ae1fadf7104297032eb26d35bb228b217530c1fee261a834d883166f20,7dd8941dcdf9a40c2444d3d84fabfc80df5e9bdf48e58404ee6acfe904091cf5,28e86691bf5c55240d0e2330e8df605ba48cd30a0eb967ae0ed02a6ced3827e4,9b46438f0c6472734127bfa9cd1af70b6f2fde91c76fb5ea353f515c3e1c3354,c43f3255726fed92ee142584ccd3a88728861862cb38f7c3defce8669ea501e6,20260813,3e824adbeebfb0180b09207b1d8d7007badb27fc512e57d039dff5dbb39bd993,3e824adbeebfb0180b09207b1d8d7007badb27fc512e57d039dff5dbb39bd993,shared_baseline,True,True,4096,True,/home/kai3/coco/quantization_graph/results/disk_environment/.test_runs/gist/gist_test_20260829_204245/runs/gist_test_20260829_204245/05B_diskann_shared_graph/gist/artifacts/test/PQ-DiskANN-Disk__hybrid_disk__B2__standard__w32__r0.json,PQ-DiskANN,05B shared graph
05b,gist,PQ-DiskANN-Disk,hybrid_disk,test,gist_test_20260829_204245,0,32,2.0,beam1,140,140,,standard,1,0.905125,412.879336981,68411.6958475,58501.794,143289.498,216127.684,,,,,784.235509872,480000960,,,617771008,0.0,0.0,341336064.0,0.0,122.88625,122.88625,503342.08,44699.53329625,18460.77564375,2391.023945,2860.3629625,0.0,145.30125,7148.2725,0.0,0.0,0.0,0.0,0.0,0.0,800,02_diskann_fair,DiskANN FixedChunkPQTable 4-bit,05b-shared-graph-pq4-release-native-odirect-v1,ad3c67ae1fadf7104297032eb26d35bb228b217530c1fee261a834d883166f20,7dd8941dcdf9a40c2444d3d84fabfc80df5e9bdf48e58404ee6acfe904091cf5,28e86691bf5c55240d0e2330e8df605ba48cd30a0eb967ae0ed02a6ced3827e4,9b46438f0c6472734127bfa9cd1af70b6f2fde91c76fb5ea353f515c3e1c3354,c43f3255726fed92ee142584ccd3a88728861862cb38f7c3defce8669ea501e6,20260813,3e824adbeebfb0180b09207b1d8d7007badb27fc512e57d039dff5dbb39bd993,3e824adbeebfb0180b09207b1d8d7007badb27fc512e57d039dff5dbb39bd993,shared_baseline,True,True,4096,True,/home/kai3/coco/quantization_graph/results/disk_environment/.test_runs/gist/gist_test_20260829_204245/runs/gist_test_20260829_204245/05B_diskann_shared_graph/gist/artifacts/test/PQ-DiskANN-Disk__hybrid_disk__B2__standard__w32__r0.json,PQ-DiskANN,05B shared graph
05b,gist,PQ-DiskANN-Disk,hybrid_disk,test,gist_test_20260829_204245,0,32,2.0,beam1,180,180,,standard,1,0.90725,307.508740232,89336.17074,75391.844,177393.846,300781.112,,,,,784.235509872,480000960,,,624533504,0.0,0.0,341336064.0,0.0,157.05125,157.05125,643281.92,60302.22907875,22911.49343875,2445.8663725,3676.58185,0.0,185.105,8723.9725,0.0,0.0,0.0,0.0,0.0,0.0,800,02_diskann_fair,DiskANN FixedChunkPQTable 4-bit,05b-shared-graph-pq4-release-native-odirect-v1,ad3c67ae1fadf7104297032eb26d35bb228b217530c1fee261a834d883166f20,7dd8941dcdf9a40c2444d3d84fabfc80df5e9bdf48e58404ee6acfe904091cf5,28e86691bf5c55240d0e2330e8df605ba48cd30a0eb967ae0ed02a6ced3827e4,9b46438f0c6472734127bfa9cd1af70b6f2fde91c76fb5ea353f515c3e1c3354,c43f3255726fed92ee142584ccd3a88728861862cb38f7c3defce8669ea501e6,20260813,3e824adbeebfb0180b09207b1d8d7007badb27fc512e57d039dff5dbb39bd993,3e824adbeebfb0180b09207b1d8d7007badb27fc512e57d039dff5dbb39bd993,shared_baseline,True,True,4096,True,/home/kai3/coco/quantization_graph/results/disk_environment/.test_runs/gist/gist_test_20260829_204245/runs/gist_test_20260829_204245/05B_diskann_shared_graph/gist/artifacts/test/PQ-DiskANN-Disk__hybrid_disk__B2__standard__w32__r0.json,PQ-DiskANN,05B shared graph
05b,gist,PQ-DiskANN-Disk,hybrid_disk,test,gist_test_20260829_204245,0,32,2.0,beam1,220,220,,standard,1,0.909875,278.276505511,99983.23487375,86334.036,188280.34,256739.886,,,,,784.235509872,480000960,,,629428224,0.0,0.0,341336064.0,0.0,191.23,191.23,783278.08,65424.55770375,27696.150235,2451.6759675,4410.8509675,0.0,224.98,10221.9675,0.0,0.0,0.0,0.0,0.0,0.0,800,02_diskann_fair,DiskANN FixedChunkPQTable 4-bit,05b-shared-graph-pq4-release-native-odirect-v1,ad3c67ae1fadf7104297032eb26d35bb228b217530c1fee261a834d883166f20,7dd8941dcdf9a40c2444d3d84fabfc80df5e9bdf48e58404ee6acfe904091cf5,28e86691bf5c55240d0e2330e8df605ba48cd30a0eb967ae0ed02a6ced3827e4,9b46438f0c6472734127bfa9cd1af70b6f2fde91c76fb5ea353f515c3e1c3354,c43f3255726fed92ee142584ccd3a88728861862cb38f7c3defce8669ea501e6,20260813,3e824adbeebfb0180b09207b1d8d7007badb27fc512e57d039dff5dbb39bd993,3e824adbeebfb0180b09207b1d8d7007badb27fc512e57d039dff5dbb39bd993,shared_baseline,True,True,4096,True,/home/kai3/coco/quantization_graph/results/disk_environment/.test_runs/gist/gist_test_20260829_204245/runs/gist_test_20260829_204245/05B_diskann_shared_graph/gist/artifacts/test/PQ-DiskANN-Disk__hybrid_disk__B2__standard__w32__r0.json,PQ-DiskANN,05B shared graph
05b,gist,PQ-DiskANN-Disk,hybrid_disk,test,gist_test_20260829_204245,0,32,2.0,beam1,260,260,,standard,1,0.91075,233.815615412,117396.6725775,104209.939,208968.216,273321.406,,,,,784.235509872,480000960,,,635580416,0.0,0.0,341336064.0,0.0,225.49375,225.49375,923622.4,76815.05612625,32772.2799475,2562.7053425,5246.63116125,0.0,264.86375,11657.38625,0.0,0.0,0.0,0.0,0.0,0.0,800,02_diskann_fair,DiskANN FixedChunkPQTable 4-bit,05b-shared-graph-pq4-release-native-odirect-v1,ad3c67ae1fadf7104297032eb26d35bb228b217530c1fee261a834d883166f20,7dd8941dcdf9a40c2444d3d84fabfc80df5e9bdf48e58404ee6acfe904091cf5,28e86691bf5c55240d0e2330e8df605ba48cd30a0eb967ae0ed02a6ced3827e4,9b46438f0c6472734127bfa9cd1af70b6f2fde91c76fb5ea353f515c3e1c3354,c43f3255726fed92ee142584ccd3a88728861862cb38f7c3defce8669ea501e6,20260813,3e824adbeebfb0180b09207b1d8d7007badb27fc512e57d039dff5dbb39bd993,3e824adbeebfb0180b09207b1d8d7007badb27fc512e57d039dff5dbb39bd993,shared_baseline,True,True,4096,True,/home/kai3/coco/quantization_graph/results/disk_environment/.test_runs/gist/gist_test_20260829_204245/runs/gist_test_20260829_204245/05B_diskann_shared_graph/gist/artifacts/test/PQ-DiskANN-Disk__hybrid_disk__B2__standard__w32__r0.json,PQ-DiskANN,05B shared graph
05b,gist,PQ-DiskANN-Disk,hybrid_disk,test,gist_test_20260829_204245,0,32,2.0,beam1,300,300,,standard,1,0.91175,212.413823403,132367.24439125,111633.461,257717.916,388184.629,,,,,784.235509872,480000960,,,640847872,0.0,0.0,341336064.0,0.0,259.75875,259.75875,1063971.84,88596.1135325,35553.04292,2448.09991375,5769.988025,0.0,304.79625,13034.70625,0.0,0.0,0.0,0.0,0.0,0.0,800,02_diskann_fair,DiskANN FixedChunkPQTable 4-bit,05b-shared-graph-pq4-release-native-odirect-v1,ad3c67ae1fadf7104297032eb26d35bb228b217530c1fee261a834d883166f20,7dd8941dcdf9a40c2444d3d84fabfc80df5e9bdf48e58404ee6acfe904091cf5,28e86691bf5c55240d0e2330e8df605ba48cd30a0eb967ae0ed02a6ced3827e4,9b46438f0c6472734127bfa9cd1af70b6f2fde91c76fb5ea353f515c3e1c3354,c43f3255726fed92ee142584ccd3a88728861862cb38f7c3defce8669ea501e6,20260813,3e824adbeebfb0180b09207b1d8d7007badb27fc512e57d039dff5dbb39bd993,3e824adbeebfb0180b09207b1d8d7007badb27fc512e57d039dff5dbb39bd993,shared_baseline,True,True,4096,True,/home/kai3/coco/quantization_graph/results/disk_environment/.test_runs/gist/gist_test_20260829_204245/runs/gist_test_20260829_204245/05B_diskann_shared_graph/gist/artifacts/test/PQ-DiskANN-Disk__hybrid_disk__B2__standard__w32__r0.json,PQ-DiskANN,05B shared graph
05b,gist,PQ-DiskANN-Disk,hybrid_disk,test,gist_test_20260829_204245,0,32,2.0,beam1,340,340,,standard,1,0.912125,204.924634048,134434.2998225,121878.826,226561.222,349490.628,,,,,784.235509872,480000960,,,645967872,0.0,0.0,341336064.0,0.0,293.94625,293.94625,1204003.84,85123.42161875,40274.75959375,2464.89492,6571.22369,0.0,344.7225,14360.90125,0.0,0.0,0.0,0.0,0.0,0.0,800,02_diskann_fair,DiskANN FixedChunkPQTable 4-bit,05b-shared-graph-pq4-release-native-odirect-v1,ad3c67ae1fadf7104297032eb26d35bb228b217530c1fee261a834d883166f20,7dd8941dcdf9a40c2444d3d84fabfc80df5e9bdf48e58404ee6acfe904091cf5,28e86691bf5c55240d0e2330e8df605ba48cd30a0eb967ae0ed02a6ced3827e4,9b46438f0c6472734127bfa9cd1af70b6f2fde91c76fb5ea353f515c3e1c3354,c43f3255726fed92ee142584ccd3a88728861862cb38f7c3defce8669ea501e6,20260813,3e824adbeebfb0180b09207b1d8d7007badb27fc512e57d039dff5dbb39bd993,3e824adbeebfb0180b09207b1d8d7007badb27fc512e57d039dff5dbb39bd993,shared_baseline,True,True,4096,True,/home/kai3/coco/quantization_graph/results/disk_environment/.test_runs/gist/gist_test_20260829_204245/runs/gist_test_20260829_204245/05B_diskann_shared_graph/gist/artifacts/test/PQ-DiskANN-Disk__hybrid_disk__B2__standard__w32__r0.json,PQ-DiskANN,05B shared graph
05b,gist,PQ-DiskANN-Disk,hybrid_disk,test,gist_test_20260829_204245,0,32,2.0,beam1,380,380,,standard,1,0.912375,188.010049982,148114.81432,136770.709,254741.17,343974.434,,,,,784.235509872,480000960,,,651333632,0.0,0.0,341336064.0,0.0,328.15375,328.15375,1344117.76,95564.90514625,42949.833505,2466.06598125,7134.0096875,0.0,384.6625,15647.47625,0.0,0.0,0.0,0.0,0.0,0.0,800,02_diskann_fair,DiskANN FixedChunkPQTable 4-bit,05b-shared-graph-pq4-release-native-odirect-v1,ad3c67ae1fadf7104297032eb26d35bb228b217530c1fee261a834d883166f20,7dd8941dcdf9a40c2444d3d84fabfc80df5e9bdf48e58404ee6acfe904091cf5,28e86691bf5c55240d0e2330e8df605ba48cd30a0eb967ae0ed02a6ced3827e4,9b46438f0c6472734127bfa9cd1af70b6f2fde91c76fb5ea353f515c3e1c3354,c43f3255726fed92ee142584ccd3a88728861862cb38f7c3defce8669ea501e6,20260813,3e824adbeebfb0180b09207b1d8d7007badb27fc512e57d039dff5dbb39bd993,3e824adbeebfb0180b09207b1d8d7007badb27fc512e57d039dff5dbb39bd993,shared_baseline,True,True,4096,True,/home/kai3/coco/quantization_graph/results/disk_environment/.test_runs/gist/gist_test_20260829_204245/runs/gist_test_20260829_204245/05B_diskann_shared_graph/gist/artifacts/test/PQ-DiskANN-Disk__hybrid_disk__B2__standard__w32__r0.json,PQ-DiskANN,05B shared graph
05b,gist,PQ-DiskANN-Disk,hybrid_disk,test,gist_test_20260829_204245,0,32,2.0,beam1,420,420,,standard,1,0.9125,149.966527312,185352.99447125,171500.342,298242.328,403109.075,,,,,784.235509872,480000960,,,656691200,0.0,0.0,341336064.0,0.0,362.34125,362.34125,1484149.76,129241.476885,45997.09569125,2416.7194725,7697.7024225,0.0,424.65375,16895.0725,0.0,0.0,0.0,0.0,0.0,0.0,800,02_diskann_fair,DiskANN FixedChunkPQTable 4-bit,05b-shared-graph-pq4-release-native-odirect-v1,ad3c67ae1fadf7104297032eb26d35bb228b217530c1fee261a834d883166f20,7dd8941dcdf9a40c2444d3d84fabfc80df5e9bdf48e58404ee6acfe904091cf5,28e86691bf5c55240d0e2330e8df605ba48cd30a0eb967ae0ed02a6ced3827e4,9b46438f0c6472734127bfa9cd1af70b6f2fde91c76fb5ea353f515c3e1c3354,c43f3255726fed92ee142584ccd3a88728861862cb38f7c3defce8669ea501e6,20260813,3e824adbeebfb0180b09207b1d8d7007badb27fc512e57d039dff5dbb39bd993,3e824adbeebfb0180b09207b1d8d7007badb27fc512e57d039dff5dbb39bd993,shared_baseline,True,True,4096,True,/home/kai3/coco/quantization_graph/results/disk_environment/.test_runs/gist/gist_test_20260829_204245/runs/gist_test_20260829_204245/05B_diskann_shared_graph/gist/artifacts/test/PQ-DiskANN-Disk__hybrid_disk__B2__standard__w32__r0.json,PQ-DiskANN,05B shared graph
05b,gist,PQ-DiskANN-Disk,hybrid_disk,test,gist_test_20260829_204245,0,32,2.0,beam1,460,460,,standard,1,0.9125,161.536592281,171386.0754575,160395.204,271627.453,351341.152,,,,,784.235509872,480000960,,,662331392,0.0,0.0,341336064.0,0.0,396.435,396.435,1623797.76,110358.65836875,50010.18525375,2460.38758875,8556.84424625,0.0,464.55125,18101.77625,0.0,0.0,0.0,0.0,0.0,0.0,800,02_diskann_fair,DiskANN FixedChunkPQTable 4-bit,05b-shared-graph-pq4-release-native-odirect-v1,ad3c67ae1fadf7104297032eb26d35bb228b217530c1fee261a834d883166f20,7dd8941dcdf9a40c2444d3d84fabfc80df5e9bdf48e58404ee6acfe904091cf5,28e86691bf5c55240d0e2330e8df605ba48cd30a0eb967ae0ed02a6ced3827e4,9b46438f0c6472734127bfa9cd1af70b6f2fde91c76fb5ea353f515c3e1c3354,c43f3255726fed92ee142584ccd3a88728861862cb38f7c3defce8669ea501e6,20260813,3e824adbeebfb0180b09207b1d8d7007badb27fc512e57d039dff5dbb39bd993,3e824adbeebfb0180b09207b1d8d7007badb27fc512e57d039dff5dbb39bd993,shared_baseline,True,True,4096,True,/home/kai3/coco/quantization_graph/results/disk_environment/.test_runs/gist/gist_test_20260829_204245/runs/gist_test_20260829_204245/05B_diskann_shared_graph/gist/artifacts/test/PQ-DiskANN-Disk__hybrid_disk__B2__standard__w32__r0.json,PQ-DiskANN,05B shared graph
05b,gist,PQ-DiskANN-Disk,hybrid_disk,test,gist_test_20260829_204245,0,32,2.0,beam1,480,480,,standard,1,0.912625,163.644556021,173382.50978375,159577.532,295141.004,375659.511,,,,,784.235509872,480000960,,,665071616,0.0,0.0,341336064.0,0.0,413.48625,413.48625,1693639.68,112554.6702125,49758.2218175,2344.04189375,8725.57586,0.0,484.53875,18695.62875,0.0,0.0,0.0,0.0,0.0,0.0,800,02_diskann_fair,DiskANN FixedChunkPQTable 4-bit,05b-shared-graph-pq4-release-native-odirect-v1,ad3c67ae1fadf7104297032eb26d35bb228b217530c1fee261a834d883166f20,7dd8941dcdf9a40c2444d3d84fabfc80df5e9bdf48e58404ee6acfe904091cf5,28e86691bf5c55240d0e2330e8df605ba48cd30a0eb967ae0ed02a6ced3827e4,9b46438f0c6472734127bfa9cd1af70b6f2fde91c76fb5ea353f515c3e1c3354,c43f3255726fed92ee142584ccd3a88728861862cb38f7c3defce8669ea501e6,20260813,3e824adbeebfb0180b09207b1d8d7007badb27fc512e57d039dff5dbb39bd993,3e824adbeebfb0180b09207b1d8d7007badb27fc512e57d039dff5dbb39bd993,shared_baseline,True,True,4096,True,/home/kai3/coco/quantization_graph/results/disk_environment/.test_runs/gist/gist_test_20260829_204245/runs/gist_test_20260829_204245/05B_diskann_shared_graph/gist/artifacts/test/PQ-DiskANN-Disk__hybrid_disk__B2__standard__w32__r0.json,PQ-DiskANN,05B shared graph
05b,gist,SQ-DiskANN-Disk,hybrid_disk,test,gist_test_20260829_204245,0,32,2.0,beam1,1,1,,standard,1,0.137625,1085.531943951,19013.95637875,7444.053,81748.205,156670.31,,,,,787.107123375,484000968,,,581693440,0.0,0.0,341336064.0,0.0,4.22125,4.22125,17290.24,16024.505565,2813.61543125,27.07920625,148.75617625,0.0,8.02,558.0275,0.0,0.0,0.0,0.0,0.0,0.0,800,02_diskann_fair,DiskANN ScalarQuantizer<4>,05b-shared-graph-sq4-release-native-odirect-v1,ad3c67ae1fadf7104297032eb26d35bb228b217530c1fee261a834d883166f20,7dd8941dcdf9a40c2444d3d84fabfc80df5e9bdf48e58404ee6acfe904091cf5,8fc76c14c25d1c5df6fd7264b50b399562b873edf69f123f3f4e91f6aae6a8fe,9b46438f0c6472734127bfa9cd1af70b6f2fde91c76fb5ea353f515c3e1c3354,c43f3255726fed92ee142584ccd3a88728861862cb38f7c3defce8669ea501e6,20260813,3e824adbeebfb0180b09207b1d8d7007badb27fc512e57d039dff5dbb39bd993,3e824adbeebfb0180b09207b1d8d7007badb27fc512e57d039dff5dbb39bd993,shared_baseline,True,True,4096,True,/home/kai3/coco/quantization_graph/results/disk_environment/.test_runs/gist/gist_test_20260829_204245/runs/gist_test_20260829_204245/05B_diskann_shared_graph/gist/artifacts/test/SQ-DiskANN-Disk__hybrid_disk__B2__standard__w32__r0.json,SQ-DiskANN,05B shared graph
05b,gist,SQ-DiskANN-Disk,hybrid_disk,test,gist_test_20260829_204245,0,32,2.0,beam1,2,2,,standard,1,0.21325,3351.144119769,5286.518965,3084.055,15503.804,41339.987,,,,,787.107123375,484000968,,,582340608,0.0,0.0,341336064.0,0.0,5.49,5.49,22487.04,3168.25451125,2001.87395625,15.57619625,100.81430125,0.0,9.47625,651.75375,0.0,0.0,0.0,0.0,0.0,0.0,800,02_diskann_fair,DiskANN ScalarQuantizer<4>,05b-shared-graph-sq4-release-native-odirect-v1,ad3c67ae1fadf7104297032eb26d35bb228b217530c1fee261a834d883166f20,7dd8941dcdf9a40c2444d3d84fabfc80df5e9bdf48e58404ee6acfe904091cf5,8fc76c14c25d1c5df6fd7264b50b399562b873edf69f123f3f4e91f6aae6a8fe,9b46438f0c6472734127bfa9cd1af70b6f2fde91c76fb5ea353f515c3e1c3354,c43f3255726fed92ee142584ccd3a88728861862cb38f7c3defce8669ea501e6,20260813,3e824adbeebfb0180b09207b1d8d7007badb27fc512e57d039dff5dbb39bd993,3e824adbeebfb0180b09207b1d8d7007badb27fc512e57d039dff5dbb39bd993,shared_baseline,True,True,4096,True,/home/kai3/coco/quantization_graph/results/disk_environment/.test_runs/gist/gist_test_20260829_204245/runs/gist_test_20260829_204245/05B_diskann_shared_graph/gist/artifacts/test/SQ-DiskANN-Disk__hybrid_disk__B2__standard__w32__r0.json,SQ-DiskANN,05B shared graph
05b,gist,SQ-DiskANN-Disk,hybrid_disk,test,gist_test_20260829_204245,0,32,2.0,beam1,3,3,,standard,1,0.288625,2641.030073301,6514.81093875,3999.872,18584.04,43636.365,,,,,787.107123375,484000968,,,582529024,0.0,0.0,341336064.0,0.0,6.67,6.67,27320.32,4021.3351275,2358.33842375,16.18681625,118.95057125,0.0,10.85375,739.30375,0.0,0.0,0.0,0.0,0.0,0.0,800,02_diskann_fair,DiskANN ScalarQuantizer<4>,05b-shared-graph-sq4-release-native-odirect-v1,ad3c67ae1fadf7104297032eb26d35bb228b217530c1fee261a834d883166f20,7dd8941dcdf9a40c2444d3d84fabfc80df5e9bdf48e58404ee6acfe904091cf5,8fc76c14c25d1c5df6fd7264b50b399562b873edf69f123f3f4e91f6aae6a8fe,9b46438f0c6472734127bfa9cd1af70b6f2fde91c76fb5ea353f515c3e1c3354,c43f3255726fed92ee142584ccd3a88728861862cb38f7c3defce8669ea501e6,20260813,3e824adbeebfb0180b09207b1d8d7007badb27fc512e57d039dff5dbb39bd993,3e824adbeebfb0180b09207b1d8d7007badb27fc512e57d039dff5dbb39bd993,shared_baseline,True,True,4096,True,/home/kai3/coco/quantization_graph/results/disk_environment/.test_runs/gist/gist_test_20260829_204245/runs/gist_test_20260829_204245/05B_diskann_shared_graph/gist/artifacts/test/SQ-DiskANN-Disk__hybrid_disk__B2__standard__w32__r0.json,SQ-DiskANN,05B shared graph
05b,gist,SQ-DiskANN-Disk,hybrid_disk,test,gist_test_20260829_204245,0,32,2.0,beam1,4,4,,standard,1,0.354,2703.191039643,7136.99389,4454.854,18722.348,43689.147,,,,,787.107123375,484000968,,,582713344,0.0,0.0,341336064.0,0.0,7.6875,7.6875,31488.0,4194.724695,2785.06935625,17.354655,139.84518375,0.0,12.0425,813.49625,0.0,0.0,0.0,0.0,0.0,0.0,800,02_diskann_fair,DiskANN ScalarQuantizer<4>,05b-shared-graph-sq4-release-native-odirect-v1,ad3c67ae1fadf7104297032eb26d35bb228b217530c1fee261a834d883166f20,7dd8941dcdf9a40c2444d3d84fabfc80df5e9bdf48e58404ee6acfe904091cf5,8fc76c14c25d1c5df6fd7264b50b399562b873edf69f123f3f4e91f6aae6a8fe,9b46438f0c6472734127bfa9cd1af70b6f2fde91c76fb5ea353f515c3e1c3354,c43f3255726fed92ee142584ccd3a88728861862cb38f7c3defce8669ea501e6,20260813,3e824adbeebfb0180b09207b1d8d7007badb27fc512e57d039dff5dbb39bd993,3e824adbeebfb0180b09207b1d8d7007badb27fc512e57d039dff5dbb39bd993,shared_baseline,True,True,4096,True,/home/kai3/coco/quantization_graph/results/disk_environment/.test_runs/gist/gist_test_20260829_204245/runs/gist_test_20260829_204245/05B_diskann_shared_graph/gist/artifacts/test/SQ-DiskANN-Disk__hybrid_disk__B2__standard__w32__r0.json,SQ-DiskANN,05B shared graph
05b,gist,SQ-DiskANN-Disk,hybrid_disk,test,gist_test_20260829_204245,0,32,2.0,beam1,5,5,,standard,1,0.414875,2577.935219156,6749.1077675,4307.997,17334.41,51882.962,,,,,787.107123375,484000968,,,582926336,0.0,0.0,341336064.0,0.0,8.69125,8.69125,35599.36,3917.7865775,2682.86162125,15.26266625,133.1969025,0.0,13.195,885.47875,0.0,0.0,0.0,0.0,0.0,0.0,800,02_diskann_fair,DiskANN ScalarQuantizer<4>,05b-shared-graph-sq4-release-native-odirect-v1,ad3c67ae1fadf7104297032eb26d35bb228b217530c1fee261a834d883166f20,7dd8941dcdf9a40c2444d3d84fabfc80df5e9bdf48e58404ee6acfe904091cf5,8fc76c14c25d1c5df6fd7264b50b399562b873edf69f123f3f4e91f6aae6a8fe,9b46438f0c6472734127bfa9cd1af70b6f2fde91c76fb5ea353f515c3e1c3354,c43f3255726fed92ee142584ccd3a88728861862cb38f7c3defce8669ea501e6,20260813,3e824adbeebfb0180b09207b1d8d7007badb27fc512e57d039dff5dbb39bd993,3e824adbeebfb0180b09207b1d8d7007badb27fc512e57d039dff5dbb39bd993,shared_baseline,True,True,4096,True,/home/kai3/coco/quantization_graph/results/disk_environment/.test_runs/gist/gist_test_20260829_204245/runs/gist_test_20260829_204245/05B_diskann_shared_graph/gist/artifacts/test/SQ-DiskANN-Disk__hybrid_disk__B2__standard__w32__r0.json,SQ-DiskANN,05B shared graph
05b,gist,SQ-DiskANN-Disk,hybrid_disk,test,gist_test_20260829_204245,0,32,2.0,beam1,6,6,,standard,1,0.463375,2167.738323333,9505.64018125,6173.111,26427.758,67884.363,,,,,787.107123375,484000968,,,583151616,0.0,0.0,341336064.0,0.0,9.53375,9.53375,39050.24,5672.152555,3630.60911375,19.52557625,183.35293625,0.0,14.17,945.20125,0.0,0.0,0.0,0.0,0.0,0.0,800,02_diskann_fair,DiskANN ScalarQuantizer<4>,05b-shared-graph-sq4-release-native-odirect-v1,ad3c67ae1fadf7104297032eb26d35bb228b217530c1fee261a834d883166f20,7dd8941dcdf9a40c2444d3d84fabfc80df5e9bdf48e58404ee6acfe904091cf5,8fc76c14c25d1c5df6fd7264b50b399562b873edf69f123f3f4e91f6aae6a8fe,9b46438f0c6472734127bfa9cd1af70b6f2fde91c76fb5ea353f515c3e1c3354,c43f3255726fed92ee142584ccd3a88728861862cb38f7c3defce8669ea501e6,20260813,3e824adbeebfb0180b09207b1d8d7007badb27fc512e57d039dff5dbb39bd993,3e824adbeebfb0180b09207b1d8d7007badb27fc512e57d039dff5dbb39bd993,shared_baseline,True,True,4096,True,/home/kai3/coco/quantization_graph/results/disk_environment/.test_runs/gist/gist_test_20260829_204245/runs/gist_test_20260829_204245/05B_diskann_shared_graph/gist/artifacts/test/SQ-DiskANN-Disk__hybrid_disk__B2__standard__w32__r0.json,SQ-DiskANN,05B shared graph
05b,gist,SQ-DiskANN-Disk,hybrid_disk,test,gist_test_20260829_204245,0,32,2.0,beam1,7,7,,standard,1,0.508375,2121.471676039,9634.8301375,6053.783,28875.973,59727.126,,,,,787.107123375,484000968,,,583286784,0.0,0.0,341336064.0,0.0,10.415,10.415,42659.84,5696.69328,3733.45099,18.77296125,185.91290625,0.0,15.18,1004.955,0.0,0.0,0.0,0.0,0.0,0.0,800,02_diskann_fair,DiskANN ScalarQuantizer<4>,05b-shared-graph-sq4-release-native-odirect-v1,ad3c67ae1fadf7104297032eb26d35bb228b217530c1fee261a834d883166f20,7dd8941dcdf9a40c2444d3d84fabfc80df5e9bdf48e58404ee6acfe904091cf5,8fc76c14c25d1c5df6fd7264b50b399562b873edf69f123f3f4e91f6aae6a8fe,9b46438f0c6472734127bfa9cd1af70b6f2fde91c76fb5ea353f515c3e1c3354,c43f3255726fed92ee142584ccd3a88728861862cb38f7c3defce8669ea501e6,20260813,3e824adbeebfb0180b09207b1d8d7007badb27fc512e57d039dff5dbb39bd993,3e824adbeebfb0180b09207b1d8d7007badb27fc512e57d039dff5dbb39bd993,shared_baseline,True,True,4096,True,/home/kai3/coco/quantization_graph/results/disk_environment/.test_runs/gist/gist_test_20260829_204245/runs/gist_test_20260829_204245/05B_diskann_shared_graph/gist/artifacts/test/SQ-DiskANN-Disk__hybrid_disk__B2__standard__w32__r0.json,SQ-DiskANN,05B shared graph
05b,gist,SQ-DiskANN-Disk,hybrid_disk,test,gist_test_20260829_204245,0,32,2.0,beam1,8,8,,standard,1,0.546875,2290.102082045,9116.74222875,6652.204,20853.791,48624.456,,,,,787.107123375,484000968,,,583442432,0.0,0.0,341336064.0,0.0,11.2225,11.2225,45967.36,5106.81473625,3797.9713975,17.83110375,194.12499125,0.0,16.1425,1062.6,0.0,0.0,0.0,0.0,0.0,0.0,800,02_diskann_fair,DiskANN ScalarQuantizer<4>,05b-shared-graph-sq4-release-native-odirect-v1,ad3c67ae1fadf7104297032eb26d35bb228b217530c1fee261a834d883166f20,7dd8941dcdf9a40c2444d3d84fabfc80df5e9bdf48e58404ee6acfe904091cf5,8fc76c14c25d1c5df6fd7264b50b399562b873edf69f123f3f4e91f6aae6a8fe,9b46438f0c6472734127bfa9cd1af70b6f2fde91c76fb5ea353f515c3e1c3354,c43f3255726fed92ee142584ccd3a88728861862cb38f7c3defce8669ea501e6,20260813,3e824adbeebfb0180b09207b1d8d7007badb27fc512e57d039dff5dbb39bd993,3e824adbeebfb0180b09207b1d8d7007badb27fc512e57d039dff5dbb39bd993,shared_baseline,True,True,4096,True,/home/kai3/coco/quantization_graph/results/disk_environment/.test_runs/gist/gist_test_20260829_204245/runs/gist_test_20260829_204245/05B_diskann_shared_graph/gist/artifacts/test/SQ-DiskANN-Disk__hybrid_disk__B2__standard__w32__r0.json,SQ-DiskANN,05B shared graph
05b,gist,SQ-DiskANN-Disk,hybrid_disk,test,gist_test_20260829_204245,0,32,2.0,beam1,9,9,,standard,1,0.582875,2212.764932513,9383.86076625,7012.008,22433.637,36829.572,,,,,787.107123375,484000968,,,583602176,0.0,0.0,341336064.0,0.0,12.105,12.105,49582.08,4994.4576725,4165.499625,18.7276425,205.17582625,0.0,17.165,1122.24125,0.0,0.0,0.0,0.0,0.0,0.0,800,02_diskann_fair,DiskANN ScalarQuantizer<4>,05b-shared-graph-sq4-release-native-odirect-v1,ad3c67ae1fadf7104297032eb26d35bb228b217530c1fee261a834d883166f20,7dd8941dcdf9a40c2444d3d84fabfc80df5e9bdf48e58404ee6acfe904091cf5,8fc76c14c25d1c5df6fd7264b50b399562b873edf69f123f3f4e91f6aae6a8fe,9b46438f0c6472734127bfa9cd1af70b6f2fde91c76fb5ea353f515c3e1c3354,c43f3255726fed92ee142584ccd3a88728861862cb38f7c3defce8669ea501e6,20260813,3e824adbeebfb0180b09207b1d8d7007badb27fc512e57d039dff5dbb39bd993,3e824adbeebfb0180b09207b1d8d7007badb27fc512e57d039dff5dbb39bd993,shared_baseline,True,True,4096,True,/home/kai3/coco/quantization_graph/results/disk_environment/.test_runs/gist/gist_test_20260829_204245/runs/gist_test_20260829_204245/05B_diskann_shared_graph/gist/artifacts/test/SQ-DiskANN-Disk__hybrid_disk__B2__standard__w32__r0.json,SQ-DiskANN,05B shared graph
05b,gist,SQ-DiskANN-Disk,hybrid_disk,test,gist_test_20260829_204245,0,32,2.0,beam1,10,10,,standard,1,0.597625,2211.695644515,9056.42211875,6210.602,20416.753,44232.556,,,,,787.107123375,484000968,,,583880704,0.0,0.0,341336064.0,0.0,12.99125,12.99125,53212.16,5269.209835,3585.825465,15.379035,186.00778375,0.0,18.185,1182.5075,0.0,0.0,0.0,0.0,0.0,0.0,800,02_diskann_fair,DiskANN ScalarQuantizer<4>,05b-shared-graph-sq4-release-native-odirect-v1,ad3c67ae1fadf7104297032eb26d35bb228b217530c1fee261a834d883166f20,7dd8941dcdf9a40c2444d3d84fabfc80df5e9bdf48e58404ee6acfe904091cf5,8fc76c14c25d1c5df6fd7264b50b399562b873edf69f123f3f4e91f6aae6a8fe,9b46438f0c6472734127bfa9cd1af70b6f2fde91c76fb5ea353f515c3e1c3354,c43f3255726fed92ee142584ccd3a88728861862cb38f7c3defce8669ea501e6,20260813,3e824adbeebfb0180b09207b1d8d7007badb27fc512e57d039dff5dbb39bd993,3e824adbeebfb0180b09207b1d8d7007badb27fc512e57d039dff5dbb39bd993,shared_baseline,True,True,4096,True,/home/kai3/coco/quantization_graph/results/disk_environment/.test_runs/gist/gist_test_20260829_204245/runs/gist_test_20260829_204245/05B_diskann_shared_graph/gist/artifacts/test/SQ-DiskANN-Disk__hybrid_disk__B2__standard__w32__r0.json,SQ-DiskANN,05B shared graph
05b,gist,SQ-DiskANN-Disk,hybrid_disk,test,gist_test_20260829_204245,0,32,2.0,beam1,11,11,,standard,1,0.608,2371.309795485,9166.649195,6719.741,22752.479,44594.641,,,,,787.107123375,484000968,,,584081408,0.0,0.0,341336064.0,0.0,13.7975,13.7975,56514.56,5144.55454625,3813.70202875,15.391585,193.001035,0.0,19.14,1238.2425,0.0,0.0,0.0,0.0,0.0,0.0,800,02_diskann_fair,DiskANN ScalarQuantizer<4>,05b-shared-graph-sq4-release-native-odirect-v1,ad3c67ae1fadf7104297032eb26d35bb228b217530c1fee261a834d883166f20,7dd8941dcdf9a40c2444d3d84fabfc80df5e9bdf48e58404ee6acfe904091cf5,8fc76c14c25d1c5df6fd7264b50b399562b873edf69f123f3f4e91f6aae6a8fe,9b46438f0c6472734127bfa9cd1af70b6f2fde91c76fb5ea353f515c3e1c3354,c43f3255726fed92ee142584ccd3a88728861862cb38f7c3defce8669ea501e6,20260813,3e824adbeebfb0180b09207b1d8d7007badb27fc512e57d039dff5dbb39bd993,3e824adbeebfb0180b09207b1d8d7007badb27fc512e57d039dff5dbb39bd993,shared_baseline,True,True,4096,True,/home/kai3/coco/quantization_graph/results/disk_environment/.test_runs/gist/gist_test_20260829_204245/runs/gist_test_20260829_204245/05B_diskann_shared_graph/gist/artifacts/test/SQ-DiskANN-Disk__hybrid_disk__B2__standard__w32__r0.json,SQ-DiskANN,05B shared graph
05b,gist,SQ-DiskANN-Disk,hybrid_disk,test,gist_test_20260829_204245,0,32,2.0,beam1,12,12,,standard,1,0.618625,2101.328735038,10396.95583875,7909.372,22784.618,51540.761,,,,,787.107123375,484000968,,,584323072,0.0,0.0,341336064.0,0.0,14.65875,14.65875,60042.24,5354.8944175,4783.0548375,18.66995875,240.336625,0.0,20.1175,1295.24,0.0,0.0,0.0,0.0,0.0,0.0,800,02_diskann_fair,DiskANN ScalarQuantizer<4>,05b-shared-graph-sq4-release-native-odirect-v1,ad3c67ae1fadf7104297032eb26d35bb228b217530c1fee261a834d883166f20,7dd8941dcdf9a40c2444d3d84fabfc80df5e9bdf48e58404ee6acfe904091cf5,8fc76c14c25d1c5df6fd7264b50b399562b873edf69f123f3f4e91f6aae6a8fe,9b46438f0c6472734127bfa9cd1af70b6f2fde91c76fb5ea353f515c3e1c3354,c43f3255726fed92ee142584ccd3a88728861862cb38f7c3defce8669ea501e6,20260813,3e824adbeebfb0180b09207b1d8d7007badb27fc512e57d039dff5dbb39bd993,3e824adbeebfb0180b09207b1d8d7007badb27fc512e57d039dff5dbb39bd993,shared_baseline,True,True,4096,True,/home/kai3/coco/quantization_graph/results/disk_environment/.test_runs/gist/gist_test_20260829_204245/runs/gist_test_20260829_204245/05B_diskann_shared_graph/gist/artifacts/test/SQ-DiskANN-Disk__hybrid_disk__B2__standard__w32__r0.json,SQ-DiskANN,05B shared graph
05b,gist,SQ-DiskANN-Disk,hybrid_disk,test,gist_test_20260829_204245,0,32,2.0,beam1,13,13,,standard,1,0.628,2090.217895993,10054.39686625,7077.493,23485.808,61281.422,,,,,787.107123375,484000968,,,584556544,0.0,0.0,341336064.0,0.0,15.4725,15.4725,63375.36,5633.9463675,4190.1901025,15.72744125,214.532955,0.0,21.06,1349.99375,0.0,0.0,0.0,0.0,0.0,0.0,800,02_diskann_fair,DiskANN ScalarQuantizer<4>,05b-shared-graph-sq4-release-native-odirect-v1,ad3c67ae1fadf7104297032eb26d35bb228b217530c1fee261a834d883166f20,7dd8941dcdf9a40c2444d3d84fabfc80df5e9bdf48e58404ee6acfe904091cf5,8fc76c14c25d1c5df6fd7264b50b399562b873edf69f123f3f4e91f6aae6a8fe,9b46438f0c6472734127bfa9cd1af70b6f2fde91c76fb5ea353f515c3e1c3354,c43f3255726fed92ee142584ccd3a88728861862cb38f7c3defce8669ea501e6,20260813,3e824adbeebfb0180b09207b1d8d7007badb27fc512e57d039dff5dbb39bd993,3e824adbeebfb0180b09207b1d8d7007badb27fc512e57d039dff5dbb39bd993,shared_baseline,True,True,4096,True,/home/kai3/coco/quantization_graph/results/disk_environment/.test_runs/gist/gist_test_20260829_204245/runs/gist_test_20260829_204245/05B_diskann_shared_graph/gist/artifacts/test/SQ-DiskANN-Disk__hybrid_disk__B2__standard__w32__r0.json,SQ-DiskANN,05B shared graph
05b,gist,SQ-DiskANN-Disk,hybrid_disk,test,gist_test_20260829_204245,0,32,2.0,beam1,14,14,,standard,1,0.638,2136.402780118,10799.47060375,8858.269,21962.215,42073.889,,,,,787.107123375,484000968,,,584724480,0.0,0.0,341336064.0,0.0,16.29625,16.29625,66749.44,5411.0833325,5114.467015,18.05259625,255.86766,0.0,22.045,1407.64875,0.0,0.0,0.0,0.0,0.0,0.0,800,02_diskann_fair,DiskANN ScalarQuantizer<4>,05b-shared-graph-sq4-release-native-odirect-v1,ad3c67ae1fadf7104297032eb26d35bb228b217530c1fee261a834d883166f20,7dd8941dcdf9a40c2444d3d84fabfc80df5e9bdf48e58404ee6acfe904091cf5,8fc76c14c25d1c5df6fd7264b50b399562b873edf69f123f3f4e91f6aae6a8fe,9b46438f0c6472734127bfa9cd1af70b6f2fde91c76fb5ea353f515c3e1c3354,c43f3255726fed92ee142584ccd3a88728861862cb38f7c3defce8669ea501e6,20260813,3e824adbeebfb0180b09207b1d8d7007badb27fc512e57d039dff5dbb39bd993,3e824adbeebfb0180b09207b1d8d7007badb27fc512e57d039dff5dbb39bd993,shared_baseline,True,True,4096,True,/home/kai3/coco/quantization_graph/results/disk_environment/.test_runs/gist/gist_test_20260829_204245/runs/gist_test_20260829_204245/05B_diskann_shared_graph/gist/artifacts/test/SQ-DiskANN-Disk__hybrid_disk__B2__standard__w32__r0.json,SQ-DiskANN,05B shared graph
05b,gist,SQ-DiskANN-Disk,hybrid_disk,test,gist_test_20260829_204245,0,32,2.0,beam1,15,15,,standard,1,0.6445,1969.157170012,11040.5604475,8300.721,26048.435,63171.123,,,,,787.107123375,484000968,,,584835072,0.0,0.0,341336064.0,0.0,17.0125,17.0125,69683.2,6048.97503625,4734.22550625,16.4968225,240.8630825,0.0,22.885,1454.92375,0.0,0.0,0.0,0.0,0.0,0.0,800,02_diskann_fair,DiskANN ScalarQuantizer<4>,05b-shared-graph-sq4-release-native-odirect-v1,ad3c67ae1fadf7104297032eb26d35bb228b217530c1fee261a834d883166f20,7dd8941dcdf9a40c2444d3d84fabfc80df5e9bdf48e58404ee6acfe904091cf5,8fc76c14c25d1c5df6fd7264b50b399562b873edf69f123f3f4e91f6aae6a8fe,9b46438f0c6472734127bfa9cd1af70b6f2fde91c76fb5ea353f515c3e1c3354,c43f3255726fed92ee142584ccd3a88728861862cb38f7c3defce8669ea501e6,20260813,3e824adbeebfb0180b09207b1d8d7007badb27fc512e57d039dff5dbb39bd993,3e824adbeebfb0180b09207b1d8d7007badb27fc512e57d039dff5dbb39bd993,shared_baseline,True,True,4096,True,/home/kai3/coco/quantization_graph/results/disk_environment/.test_runs/gist/gist_test_20260829_204245/runs/gist_test_20260829_204245/05B_diskann_shared_graph/gist/artifacts/test/SQ-DiskANN-Disk__hybrid_disk__B2__standard__w32__r0.json,SQ-DiskANN,05B shared graph
05b,gist,SQ-DiskANN-Disk,hybrid_disk,test,gist_test_20260829_204245,0,32,2.0,beam1,16,16,,standard,1,0.6515,1973.184934698,11287.662285,8803.297,21241.915,70417.521,,,,,787.107123375,484000968,,,584953856,0.0,0.0,341336064.0,0.0,17.815,17.815,72970.24,5861.00318625,5150.5341275,17.10036625,259.024605,0.0,23.83625,1508.11375,0.0,0.0,0.0,0.0,0.0,0.0,800,02_diskann_fair,DiskANN ScalarQuantizer<4>,05b-shared-graph-sq4-release-native-odirect-v1,ad3c67ae1fadf7104297032eb26d35bb228b217530c1fee261a834d883166f20,7dd8941dcdf9a40c2444d3d84fabfc80df5e9bdf48e58404ee6acfe904091cf5,8fc76c14c25d1c5df6fd7264b50b399562b873edf69f123f3f4e91f6aae6a8fe,9b46438f0c6472734127bfa9cd1af70b6f2fde91c76fb5ea353f515c3e1c3354,c43f3255726fed92ee142584ccd3a88728861862cb38f7c3defce8669ea501e6,20260813,3e824adbeebfb0180b09207b1d8d7007badb27fc512e57d039dff5dbb39bd993,3e824adbeebfb0180b09207b1d8d7007badb27fc512e57d039dff5dbb39bd993,shared_baseline,True,True,4096,True,/home/kai3/coco/quantization_graph/results/disk_environment/.test_runs/gist/gist_test_20260829_204245/runs/gist_test_20260829_204245/05B_diskann_shared_graph/gist/artifacts/test/SQ-DiskANN-Disk__hybrid_disk__B2__standard__w32__r0.json,SQ-DiskANN,05B shared graph
05b,gist,SQ-DiskANN-Disk,hybrid_disk,test,gist_test_20260829_204245,0,32,2.0,beam1,17,17,,standard,1,0.657875,2069.977884537,11256.06166375,9209.006,23632.683,52060.456,,,,,787.107123375,484000968,,,585072640,0.0,0.0,341336064.0,0.0,18.68125,18.68125,76518.4,5601.7736075,5366.0296225,17.43292625,270.8255075,0.0,24.8475,1565.3125,0.0,0.0,0.0,0.0,0.0,0.0,800,02_diskann_fair,DiskANN ScalarQuantizer<4>,05b-shared-graph-sq4-release-native-odirect-v1,ad3c67ae1fadf7104297032eb26d35bb228b217530c1fee261a834d883166f20,7dd8941dcdf9a40c2444d3d84fabfc80df5e9bdf48e58404ee6acfe904091cf5,8fc76c14c25d1c5df6fd7264b50b399562b873edf69f123f3f4e91f6aae6a8fe,9b46438f0c6472734127bfa9cd1af70b6f2fde91c76fb5ea353f515c3e1c3354,c43f3255726fed92ee142584ccd3a88728861862cb38f7c3defce8669ea501e6,20260813,3e824adbeebfb0180b09207b1d8d7007badb27fc512e57d039dff5dbb39bd993,3e824adbeebfb0180b09207b1d8d7007badb27fc512e57d039dff5dbb39bd993,shared_baseline,True,True,4096,True,/home/kai3/coco/quantization_graph/results/disk_environment/.test_runs/gist/gist_test_20260829_204245/runs/gist_test_20260829_204245/05B_diskann_shared_graph/gist/artifacts/test/SQ-DiskANN-Disk__hybrid_disk__B2__standard__w32__r0.json,SQ-DiskANN,05B shared graph
05b,gist,SQ-DiskANN-Disk,hybrid_disk,test,gist_test_20260829_204245,0,32,2.0,beam1,18,18,,standard,1,0.66225,1947.050449781,11913.04038375,10278.04,23133.202,45007.049,,,,,787.107123375,484000968,,,585306112,0.0,0.0,341336064.0,0.0,19.4725,19.4725,79759.36,5347.1506825,6231.3282625,19.45303875,315.1084,0.0,25.755,1615.7425,0.0,0.0,0.0,0.0,0.0,0.0,800,02_diskann_fair,DiskANN ScalarQuantizer<4>,05b-shared-graph-sq4-release-native-odirect-v1,ad3c67ae1fadf7104297032eb26d35bb228b217530c1fee261a834d883166f20,7dd8941dcdf9a40c2444d3d84fabfc80df5e9bdf48e58404ee6acfe904091cf5,8fc76c14c25d1c5df6fd7264b50b399562b873edf69f123f3f4e91f6aae6a8fe,9b46438f0c6472734127bfa9cd1af70b6f2fde91c76fb5ea353f515c3e1c3354,c43f3255726fed92ee142584ccd3a88728861862cb38f7c3defce8669ea501e6,20260813,3e824adbeebfb0180b09207b1d8d7007badb27fc512e57d039dff5dbb39bd993,3e824adbeebfb0180b09207b1d8d7007badb27fc512e57d039dff5dbb39bd993,shared_baseline,True,True,4096,True,/home/kai3/coco/quantization_graph/results/disk_environment/.test_runs/gist/gist_test_20260829_204245/runs/gist_test_20260829_204245/05B_diskann_shared_graph/gist/artifacts/test/SQ-DiskANN-Disk__hybrid_disk__B2__standard__w32__r0.json,SQ-DiskANN,05B shared graph
05b,gist,SQ-DiskANN-Disk,hybrid_disk,test,gist_test_20260829_204245,0,32,2.0,beam1,19,19,,standard,1,0.668875,1639.477674791,14182.698495,12491.589,26148.017,53325.549,,,,,787.107123375,484000968,,,585433088,0.0,0.0,341336064.0,0.0,20.33375,20.33375,83287.04,7029.976585,6759.58180125,21.381455,371.75865375,0.0,26.74,1670.615,0.0,0.0,0.0,0.0,0.0,0.0,800,02_diskann_fair,DiskANN ScalarQuantizer<4>,05b-shared-graph-sq4-release-native-odirect-v1,ad3c67ae1fadf7104297032eb26d35bb228b217530c1fee261a834d883166f20,7dd8941dcdf9a40c2444d3d84fabfc80df5e9bdf48e58404ee6acfe904091cf5,8fc76c14c25d1c5df6fd7264b50b399562b873edf69f123f3f4e91f6aae6a8fe,9b46438f0c6472734127bfa9cd1af70b6f2fde91c76fb5ea353f515c3e1c3354,c43f3255726fed92ee142584ccd3a88728861862cb38f7c3defce8669ea501e6,20260813,3e824adbeebfb0180b09207b1d8d7007badb27fc512e57d039dff5dbb39bd993,3e824adbeebfb0180b09207b1d8d7007badb27fc512e57d039dff5dbb39bd993,shared_baseline,True,True,4096,True,/home/kai3/coco/quantization_graph/results/disk_environment/.test_runs/gist/gist_test_20260829_204245/runs/gist_test_20260829_204245/05B_diskann_shared_graph/gist/artifacts/test/SQ-DiskANN-Disk__hybrid_disk__B2__standard__w32__r0.json,SQ-DiskANN,05B shared graph
05b,gist,SQ-DiskANN-Disk,hybrid_disk,test,gist_test_20260829_204245,0,32,2.0,beam1,20,20,,standard,1,0.675875,1636.836585043,13883.10738,11594.933,27115.223,50296.141,,,,,787.107123375,484000968,,,585527296,0.0,0.0,341336064.0,0.0,21.1925,21.1925,86804.48,6857.06582625,6641.94295125,20.56346375,363.53513875,0.0,27.7425,1726.0575,0.0,0.0,0.0,0.0,0.0,0.0,800,02_diskann_fair,DiskANN ScalarQuantizer<4>,05b-shared-graph-sq4-release-native-odirect-v1,ad3c67ae1fadf7104297032eb26d35bb228b217530c1fee261a834d883166f20,7dd8941dcdf9a40c2444d3d84fabfc80df5e9bdf48e58404ee6acfe904091cf5,8fc76c14c25d1c5df6fd7264b50b399562b873edf69f123f3f4e91f6aae6a8fe,9b46438f0c6472734127bfa9cd1af70b6f2fde91c76fb5ea353f515c3e1c3354,c43f3255726fed92ee142584ccd3a88728861862cb38f7c3defce8669ea501e6,20260813,3e824adbeebfb0180b09207b1d8d7007badb27fc512e57d039dff5dbb39bd993,3e824adbeebfb0180b09207b1d8d7007badb27fc512e57d039dff5dbb39bd993,shared_baseline,True,True,4096,True,/home/kai3/coco/quantization_graph/results/disk_environment/.test_runs/gist/gist_test_20260829_204245/runs/gist_test_20260829_204245/05B_diskann_shared_graph/gist/artifacts/test/SQ-DiskANN-Disk__hybrid_disk__B2__standard__w32__r0.json,SQ-DiskANN,05B shared graph
05b,gist,SQ-DiskANN-Disk,hybrid_disk,test,gist_test_20260829_204245,0,32,2.0,beam1,21,21,,standard,1,0.68075,1860.02538465,12924.10716125,11233.523,25571.251,41743.727,,,,,787.107123375,484000968,,,585834496,0.0,0.0,341336064.0,0.0,22.02625,22.02625,90219.52,6185.6393675,6365.529245,19.14639875,353.79215,0.0,28.715,1779.1375,0.0,0.0,0.0,0.0,0.0,0.0,800,02_diskann_fair,DiskANN ScalarQuantizer<4>,05b-shared-graph-sq4-release-native-odirect-v1,ad3c67ae1fadf7104297032eb26d35bb228b217530c1fee261a834d883166f20,7dd8941dcdf9a40c2444d3d84fabfc80df5e9bdf48e58404ee6acfe904091cf5,8fc76c14c25d1c5df6fd7264b50b399562b873edf69f123f3f4e91f6aae6a8fe,9b46438f0c6472734127bfa9cd1af70b6f2fde91c76fb5ea353f515c3e1c3354,c43f3255726fed92ee142584ccd3a88728861862cb38f7c3defce8669ea501e6,20260813,3e824adbeebfb0180b09207b1d8d7007badb27fc512e57d039dff5dbb39bd993,3e824adbeebfb0180b09207b1d8d7007badb27fc512e57d039dff5dbb39bd993,shared_baseline,True,True,4096,True,/home/kai3/coco/quantization_graph/results/disk_environment/.test_runs/gist/gist_test_20260829_204245/runs/gist_test_20260829_204245/05B_diskann_shared_graph/gist/artifacts/test/SQ-DiskANN-Disk__hybrid_disk__B2__standard__w32__r0.json,SQ-DiskANN,05B shared graph
05b,gist,SQ-DiskANN-Disk,hybrid_disk,test,gist_test_20260829_204245,0,32,2.0,beam1,22,22,,standard,1,0.685,1764.682181114,13722.80097,11354.031,25945.367,73212.74,,,,,787.107123375,484000968,,,585981952,0.0,0.0,341336064.0,0.0,22.8775,22.8775,93706.24,6734.871425,6597.7599,19.18802,370.981625,0.0,29.685,1832.64125,0.0,0.0,0.0,0.0,0.0,0.0,800,02_diskann_fair,DiskANN ScalarQuantizer<4>,05b-shared-graph-sq4-release-native-odirect-v1,ad3c67ae1fadf7104297032eb26d35bb228b217530c1fee261a834d883166f20,7dd8941dcdf9a40c2444d3d84fabfc80df5e9bdf48e58404ee6acfe904091cf5,8fc76c14c25d1c5df6fd7264b50b399562b873edf69f123f3f4e91f6aae6a8fe,9b46438f0c6472734127bfa9cd1af70b6f2fde91c76fb5ea353f515c3e1c3354,c43f3255726fed92ee142584ccd3a88728861862cb38f7c3defce8669ea501e6,20260813,3e824adbeebfb0180b09207b1d8d7007badb27fc512e57d039dff5dbb39bd993,3e824adbeebfb0180b09207b1d8d7007badb27fc512e57d039dff5dbb39bd993,shared_baseline,True,True,4096,True,/home/kai3/coco/quantization_graph/results/disk_environment/.test_runs/gist/gist_test_20260829_204245/runs/gist_test_20260829_204245/05B_diskann_shared_graph/gist/artifacts/test/SQ-DiskANN-Disk__hybrid_disk__B2__standard__w32__r0.json,SQ-DiskANN,05B shared graph
05b,gist,SQ-DiskANN-Disk,hybrid_disk,test,gist_test_20260829_204245,0,32,2.0,beam1,23,23,,standard,1,0.691125,1631.047082337,14477.18099625,12226.714,27793.347,79056.573,,,,,787.107123375,484000968,,,586055680,0.0,0.0,341336064.0,0.0,23.70375,23.70375,97090.56,7437.17836875,6650.25305125,18.8222075,370.92736875,0.0,30.6275,1883.48,0.0,0.0,0.0,0.0,0.0,0.0,800,02_diskann_fair,DiskANN ScalarQuantizer<4>,05b-shared-graph-sq4-release-native-odirect-v1,ad3c67ae1fadf7104297032eb26d35bb228b217530c1fee261a834d883166f20,7dd8941dcdf9a40c2444d3d84fabfc80df5e9bdf48e58404ee6acfe904091cf5,8fc76c14c25d1c5df6fd7264b50b399562b873edf69f123f3f4e91f6aae6a8fe,9b46438f0c6472734127bfa9cd1af70b6f2fde91c76fb5ea353f515c3e1c3354,c43f3255726fed92ee142584ccd3a88728861862cb38f7c3defce8669ea501e6,20260813,3e824adbeebfb0180b09207b1d8d7007badb27fc512e57d039dff5dbb39bd993,3e824adbeebfb0180b09207b1d8d7007badb27fc512e57d039dff5dbb39bd993,shared_baseline,True,True,4096,True,/home/kai3/coco/quantization_graph/results/disk_environment/.test_runs/gist/gist_test_20260829_204245/runs/gist_test_20260829_204245/05B_diskann_shared_graph/gist/artifacts/test/SQ-DiskANN-Disk__hybrid_disk__B2__standard__w32__r0.json,SQ-DiskANN,05B shared graph
05b,gist,SQ-DiskANN-Disk,hybrid_disk,test,gist_test_20260829_204245,0,32,2.0,beam1,24,24,,standard,1,0.69375,1754.508076366,13164.24479875,11225.805,24580.31,54004.296,,,,,787.107123375,484000968,,,586084352,0.0,0.0,341336064.0,0.0,24.52875,24.52875,100469.76,6455.21510375,6340.50535125,17.3831225,351.14122125,0.0,31.575,1934.89125,0.0,0.0,0.0,0.0,0.0,0.0,800,02_diskann_fair,DiskANN ScalarQuantizer<4>,05b-shared-graph-sq4-release-native-odirect-v1,ad3c67ae1fadf7104297032eb26d35bb228b217530c1fee261a834d883166f20,7dd8941dcdf9a40c2444d3d84fabfc80df5e9bdf48e58404ee6acfe904091cf5,8fc76c14c25d1c5df6fd7264b50b399562b873edf69f123f3f4e91f6aae6a8fe,9b46438f0c6472734127bfa9cd1af70b6f2fde91c76fb5ea353f515c3e1c3354,c43f3255726fed92ee142584ccd3a88728861862cb38f7c3defce8669ea501e6,20260813,3e824adbeebfb0180b09207b1d8d7007badb27fc512e57d039dff5dbb39bd993,3e824adbeebfb0180b09207b1d8d7007badb27fc512e57d039dff5dbb39bd993,shared_baseline,True,True,4096,True,/home/kai3/coco/quantization_graph/results/disk_environment/.test_runs/gist/gist_test_20260829_204245/runs/gist_test_20260829_204245/05B_diskann_shared_graph/gist/artifacts/test/SQ-DiskANN-Disk__hybrid_disk__B2__standard__w32__r0.json,SQ-DiskANN,05B shared graph
05b,gist,SQ-DiskANN-Disk,hybrid_disk,test,gist_test_20260829_204245,0,32,2.0,beam1,25,25,,standard,1,0.696125,1563.164225727,15294.7305525,13063.576,27396.857,77292.916,,,,,787.107123375,484000968,,,586170368,0.0,0.0,341336064.0,0.0,25.3525,25.3525,103843.84,7562.3277875,7306.8816975,19.8294625,405.691605,0.0,32.54375,1987.21875,0.0,0.0,0.0,0.0,0.0,0.0,800,02_diskann_fair,DiskANN ScalarQuantizer<4>,05b-shared-graph-sq4-release-native-odirect-v1,ad3c67ae1fadf7104297032eb26d35bb228b217530c1fee261a834d883166f20,7dd8941dcdf9a40c2444d3d84fabfc80df5e9bdf48e58404ee6acfe904091cf5,8fc76c14c25d1c5df6fd7264b50b399562b873edf69f123f3f4e91f6aae6a8fe,9b46438f0c6472734127bfa9cd1af70b6f2fde91c76fb5ea353f515c3e1c3354,c43f3255726fed92ee142584ccd3a88728861862cb38f7c3defce8669ea501e6,20260813,3e824adbeebfb0180b09207b1d8d7007badb27fc512e57d039dff5dbb39bd993,3e824adbeebfb0180b09207b1d8d7007badb27fc512e57d039dff5dbb39bd993,shared_baseline,True,True,4096,True,/home/kai3/coco/quantization_graph/results/disk_environment/.test_runs/gist/gist_test_20260829_204245/runs/gist_test_20260829_204245/05B_diskann_shared_graph/gist/artifacts/test/SQ-DiskANN-Disk__hybrid_disk__B2__standard__w32__r0.json,SQ-DiskANN,05B shared graph
05b,gist,SQ-DiskANN-Disk,hybrid_disk,test,gist_test_20260829_204245,0,32,2.0,beam1,26,26,,standard,1,0.6985,1455.88725053,16197.40835125,14072.024,31582.494,60853.309,,,,,787.107123375,484000968,,,586309632,0.0,0.0,341336064.0,0.0,26.085,26.085,106844.16,8076.07508875,7675.88453,20.11561125,425.33312125,0.0,33.3925,2032.94875,0.0,0.0,0.0,0.0,0.0,0.0,800,02_diskann_fair,DiskANN ScalarQuantizer<4>,05b-shared-graph-sq4-release-native-odirect-v1,ad3c67ae1fadf7104297032eb26d35bb228b217530c1fee261a834d883166f20,7dd8941dcdf9a40c2444d3d84fabfc80df5e9bdf48e58404ee6acfe904091cf5,8fc76c14c25d1c5df6fd7264b50b399562b873edf69f123f3f4e91f6aae6a8fe,9b46438f0c6472734127bfa9cd1af70b6f2fde91c76fb5ea353f515c3e1c3354,c43f3255726fed92ee142584ccd3a88728861862cb38f7c3defce8669ea501e6,20260813,3e824adbeebfb0180b09207b1d8d7007badb27fc512e57d039dff5dbb39bd993,3e824adbeebfb0180b09207b1d8d7007badb27fc512e57d039dff5dbb39bd993,shared_baseline,True,True,4096,True,/home/kai3/coco/quantization_graph/results/disk_environment/.test_runs/gist/gist_test_20260829_204245/runs/gist_test_20260829_204245/05B_diskann_shared_graph/gist/artifacts/test/SQ-DiskANN-Disk__hybrid_disk__B2__standard__w32__r0.json,SQ-DiskANN,05B shared graph
05b,gist,SQ-DiskANN-Disk,hybrid_disk,test,gist_test_20260829_204245,0,32,2.0,beam1,27,27,,standard,1,0.702375,1452.154737877,16757.66940375,13907.051,36530.962,83691.681,,,,,787.107123375,484000968,,,586428416,0.0,0.0,341336064.0,0.0,26.93125,26.93125,110310.4,8878.8256225,7444.25090125,19.01427625,415.57860375,0.0,34.3875,2085.89875,0.0,0.0,0.0,0.0,0.0,0.0,800,02_diskann_fair,DiskANN ScalarQuantizer<4>,05b-shared-graph-sq4-release-native-odirect-v1,ad3c67ae1fadf7104297032eb26d35bb228b217530c1fee261a834d883166f20,7dd8941dcdf9a40c2444d3d84fabfc80df5e9bdf48e58404ee6acfe904091cf5,8fc76c14c25d1c5df6fd7264b50b399562b873edf69f123f3f4e91f6aae6a8fe,9b46438f0c6472734127bfa9cd1af70b6f2fde91c76fb5ea353f515c3e1c3354,c43f3255726fed92ee142584ccd3a88728861862cb38f7c3defce8669ea501e6,20260813,3e824adbeebfb0180b09207b1d8d7007badb27fc512e57d039dff5dbb39bd993,3e824adbeebfb0180b09207b1d8d7007badb27fc512e57d039dff5dbb39bd993,shared_baseline,True,True,4096,True,/home/kai3/coco/quantization_graph/results/disk_environment/.test_runs/gist/gist_test_20260829_204245/runs/gist_test_20260829_204245/05B_diskann_shared_graph/gist/artifacts/test/SQ-DiskANN-Disk__hybrid_disk__B2__standard__w32__r0.json,SQ-DiskANN,05B shared graph
05b,gist,SQ-DiskANN-Disk,hybrid_disk,test,gist_test_20260829_204245,0,32,2.0,beam1,28,28,,standard,1,0.70675,1525.742235263,15033.22417875,13567.356,26329.256,54233.785,,,,,787.107123375,484000968,,,586608640,0.0,0.0,341336064.0,0.0,27.7825,27.7825,113797.12,7043.83292625,7533.96938,18.96805125,436.45382125,0.0,35.365,2138.07125,0.0,0.0,0.0,0.0,0.0,0.0,800,02_diskann_fair,DiskANN ScalarQuantizer<4>,05b-shared-graph-sq4-release-native-odirect-v1,ad3c67ae1fadf7104297032eb26d35bb228b217530c1fee261a834d883166f20,7dd8941dcdf9a40c2444d3d84fabfc80df5e9bdf48e58404ee6acfe904091cf5,8fc76c14c25d1c5df6fd7264b50b399562b873edf69f123f3f4e91f6aae6a8fe,9b46438f0c6472734127bfa9cd1af70b6f2fde91c76fb5ea353f515c3e1c3354,c43f3255726fed92ee142584ccd3a88728861862cb38f7c3defce8669ea501e6,20260813,3e824adbeebfb0180b09207b1d8d7007badb27fc512e57d039dff5dbb39bd993,3e824adbeebfb0180b09207b1d8d7007badb27fc512e57d039dff5dbb39bd993,shared_baseline,True,True,4096,True,/home/kai3/coco/quantization_graph/results/disk_environment/.test_runs/gist/gist_test_20260829_204245/runs/gist_test_20260829_204245/05B_diskann_shared_graph/gist/artifacts/test/SQ-DiskANN-Disk__hybrid_disk__B2__standard__w32__r0.json,SQ-DiskANN,05B shared graph
05b,gist,SQ-DiskANN-Disk,hybrid_disk,test,gist_test_20260829_204245,0,32,2.0,beam1,29,29,,standard,1,0.70925,1368.639276762,17424.5904975,14462.234,35197.666,100060.807,,,,,787.107123375,484000968,,,586670080,0.0,0.0,341336064.0,0.0,28.6175,28.6175,117217.28,8947.6360175,8003.56301625,19.55351875,453.837945,0.0,36.3225,2188.935,0.0,0.0,0.0,0.0,0.0,0.0,800,02_diskann_fair,DiskANN ScalarQuantizer<4>,05b-shared-graph-sq4-release-native-odirect-v1,ad3c67ae1fadf7104297032eb26d35bb228b217530c1fee261a834d883166f20,7dd8941dcdf9a40c2444d3d84fabfc80df5e9bdf48e58404ee6acfe904091cf5,8fc76c14c25d1c5df6fd7264b50b399562b873edf69f123f3f4e91f6aae6a8fe,9b46438f0c6472734127bfa9cd1af70b6f2fde91c76fb5ea353f515c3e1c3354,c43f3255726fed92ee142584ccd3a88728861862cb38f7c3defce8669ea501e6,20260813,3e824adbeebfb0180b09207b1d8d7007badb27fc512e57d039dff5dbb39bd993,3e824adbeebfb0180b09207b1d8d7007badb27fc512e57d039dff5dbb39bd993,shared_baseline,True,True,4096,True,/home/kai3/coco/quantization_graph/results/disk_environment/.test_runs/gist/gist_test_20260829_204245/runs/gist_test_20260829_204245/05B_diskann_shared_graph/gist/artifacts/test/SQ-DiskANN-Disk__hybrid_disk__B2__standard__w32__r0.json,SQ-DiskANN,05B shared graph
05b,gist,SQ-DiskANN-Disk,hybrid_disk,test,gist_test_20260829_204245,0,32,2.0,beam1,30,30,,standard,1,0.711875,1413.651058571,17394.29153625,15563.565,31220.229,60915.018,,,,,787.107123375,484000968,,,586833920,0.0,0.0,341336064.0,0.0,29.45625,29.45625,120652.8,8286.28435875,8605.9292025,20.40282875,481.67514625,0.0,37.29625,2240.0325,0.0,0.0,0.0,0.0,0.0,0.0,800,02_diskann_fair,DiskANN ScalarQuantizer<4>,05b-shared-graph-sq4-release-native-odirect-v1,ad3c67ae1fadf7104297032eb26d35bb228b217530c1fee261a834d883166f20,7dd8941dcdf9a40c2444d3d84fabfc80df5e9bdf48e58404ee6acfe904091cf5,8fc76c14c25d1c5df6fd7264b50b399562b873edf69f123f3f4e91f6aae6a8fe,9b46438f0c6472734127bfa9cd1af70b6f2fde91c76fb5ea353f515c3e1c3354,c43f3255726fed92ee142584ccd3a88728861862cb38f7c3defce8669ea501e6,20260813,3e824adbeebfb0180b09207b1d8d7007badb27fc512e57d039dff5dbb39bd993,3e824adbeebfb0180b09207b1d8d7007badb27fc512e57d039dff5dbb39bd993,shared_baseline,True,True,4096,True,/home/kai3/coco/quantization_graph/results/disk_environment/.test_runs/gist/gist_test_20260829_204245/runs/gist_test_20260829_204245/05B_diskann_shared_graph/gist/artifacts/test/SQ-DiskANN-Disk__hybrid_disk__B2__standard__w32__r0.json,SQ-DiskANN,05B shared graph
05b,gist,SQ-DiskANN-Disk,hybrid_disk,test,gist_test_20260829_204245,0,32,2.0,beam1,40,40,,standard,1,0.73125,975.135692691,26365.4710625,21510.733,55852.134,150423.243,,,,,787.107123375,484000968,,,587710464,0.0,0.0,341336064.0,0.0,37.60125,37.60125,154014.72,13262.111045,12367.42833625,24.40713375,711.5245475,0.0,46.77375,2729.69125,0.0,0.0,0.0,0.0,0.0,0.0,800,02_diskann_fair,DiskANN ScalarQuantizer<4>,05b-shared-graph-sq4-release-native-odirect-v1,ad3c67ae1fadf7104297032eb26d35bb228b217530c1fee261a834d883166f20,7dd8941dcdf9a40c2444d3d84fabfc80df5e9bdf48e58404ee6acfe904091cf5,8fc76c14c25d1c5df6fd7264b50b399562b873edf69f123f3f4e91f6aae6a8fe,9b46438f0c6472734127bfa9cd1af70b6f2fde91c76fb5ea353f515c3e1c3354,c43f3255726fed92ee142584ccd3a88728861862cb38f7c3defce8669ea501e6,20260813,3e824adbeebfb0180b09207b1d8d7007badb27fc512e57d039dff5dbb39bd993,3e824adbeebfb0180b09207b1d8d7007badb27fc512e57d039dff5dbb39bd993,shared_baseline,True,True,4096,True,/home/kai3/coco/quantization_graph/results/disk_environment/.test_runs/gist/gist_test_20260829_204245/runs/gist_test_20260829_204245/05B_diskann_shared_graph/gist/artifacts/test/SQ-DiskANN-Disk__hybrid_disk__B2__standard__w32__r0.json,SQ-DiskANN,05B shared graph
05b,gist,SQ-DiskANN-Disk,hybrid_disk,test,gist_test_20260829_204245,0,32,2.0,beam1,50,50,,standard,1,0.74475,843.399275574,30837.43951125,28035.552,56020.957,98602.707,,,,,787.107123375,484000968,,,590188544,0.0,0.0,341336064.0,0.0,46.03375,46.03375,188554.24,14134.2878025,15817.711195,25.06309625,860.3774175,0.0,56.445,3211.99625,0.0,0.0,0.0,0.0,0.0,0.0,800,02_diskann_fair,DiskANN ScalarQuantizer<4>,05b-shared-graph-sq4-release-native-odirect-v1,ad3c67ae1fadf7104297032eb26d35bb228b217530c1fee261a834d883166f20,7dd8941dcdf9a40c2444d3d84fabfc80df5e9bdf48e58404ee6acfe904091cf5,8fc76c14c25d1c5df6fd7264b50b399562b873edf69f123f3f4e91f6aae6a8fe,9b46438f0c6472734127bfa9cd1af70b6f2fde91c76fb5ea353f515c3e1c3354,c43f3255726fed92ee142584ccd3a88728861862cb38f7c3defce8669ea501e6,20260813,3e824adbeebfb0180b09207b1d8d7007badb27fc512e57d039dff5dbb39bd993,3e824adbeebfb0180b09207b1d8d7007badb27fc512e57d039dff5dbb39bd993,shared_baseline,True,True,4096,True,/home/kai3/coco/quantization_graph/results/disk_environment/.test_runs/gist/gist_test_20260829_204245/runs/gist_test_20260829_204245/05B_diskann_shared_graph/gist/artifacts/test/SQ-DiskANN-Disk__hybrid_disk__B2__standard__w32__r0.json,SQ-DiskANN,05B shared graph
05b,gist,SQ-DiskANN-Disk,hybrid_disk,test,gist_test_20260829_204245,0,32,2.0,beam1,60,60,,standard,1,0.753625,769.919934188,34457.50922625,30762.545,64594.428,111156.741,,,,,787.107123375,484000968,,,590163968,0.0,0.0,341336064.0,0.0,54.47875,54.47875,223144.96,16744.73811875,16750.12518375,23.35018125,939.2957425,0.0,66.175,3686.72375,0.0,0.0,0.0,0.0,0.0,0.0,800,02_diskann_fair,DiskANN ScalarQuantizer<4>,05b-shared-graph-sq4-release-native-odirect-v1,ad3c67ae1fadf7104297032eb26d35bb228b217530c1fee261a834d883166f20,7dd8941dcdf9a40c2444d3d84fabfc80df5e9bdf48e58404ee6acfe904091cf5,8fc76c14c25d1c5df6fd7264b50b399562b873edf69f123f3f4e91f6aae6a8fe,9b46438f0c6472734127bfa9cd1af70b6f2fde91c76fb5ea353f515c3e1c3354,c43f3255726fed92ee142584ccd3a88728861862cb38f7c3defce8669ea501e6,20260813,3e824adbeebfb0180b09207b1d8d7007badb27fc512e57d039dff5dbb39bd993,3e824adbeebfb0180b09207b1d8d7007badb27fc512e57d039dff5dbb39bd993,shared_baseline,True,True,4096,True,/home/kai3/coco/quantization_graph/results/disk_environment/.test_runs/gist/gist_test_20260829_204245/runs/gist_test_20260829_204245/05B_diskann_shared_graph/gist/artifacts/test/SQ-DiskANN-Disk__hybrid_disk__B2__standard__w32__r0.json,SQ-DiskANN,05B shared graph
05b,gist,SQ-DiskANN-Disk,hybrid_disk,test,gist_test_20260829_204245,0,32,2.0,beam1,70,70,,standard,1,0.75675,722.834728377,36456.28990125,34383.421,58184.88,107193.843,,,,,787.107123375,484000968,,,591360000,0.0,0.0,341336064.0,0.0,62.9225,62.9225,257730.56,16736.0998425,18646.4071675,22.69468625,1051.088205,0.0,75.91125,4147.11,0.0,0.0,0.0,0.0,0.0,0.0,800,02_diskann_fair,DiskANN ScalarQuantizer<4>,05b-shared-graph-sq4-release-native-odirect-v1,ad3c67ae1fadf7104297032eb26d35bb228b217530c1fee261a834d883166f20,7dd8941dcdf9a40c2444d3d84fabfc80df5e9bdf48e58404ee6acfe904091cf5,8fc76c14c25d1c5df6fd7264b50b399562b873edf69f123f3f4e91f6aae6a8fe,9b46438f0c6472734127bfa9cd1af70b6f2fde91c76fb5ea353f515c3e1c3354,c43f3255726fed92ee142584ccd3a88728861862cb38f7c3defce8669ea501e6,20260813,3e824adbeebfb0180b09207b1d8d7007badb27fc512e57d039dff5dbb39bd993,3e824adbeebfb0180b09207b1d8d7007badb27fc512e57d039dff5dbb39bd993,shared_baseline,True,True,4096,True,/home/kai3/coco/quantization_graph/results/disk_environment/.test_runs/gist/gist_test_20260829_204245/runs/gist_test_20260829_204245/05B_diskann_shared_graph/gist/artifacts/test/SQ-DiskANN-Disk__hybrid_disk__B2__standard__w32__r0.json,SQ-DiskANN,05B shared graph
05b,gist,SQ-DiskANN-Disk,hybrid_disk,test,gist_test_20260829_204245,0,32,2.0,beam1,80,80,,standard,1,0.761,641.736919499,38864.2363475,36333.686,62361.696,94787.615,,,,,787.107123375,484000968,,,592691200,0.0,0.0,341336064.0,0.0,71.49375,71.49375,292838.4,16800.19692375,20853.27121625,22.95389125,1187.81431625,0.0,85.81,4604.71625,0.0,0.0,0.0,0.0,0.0,0.0,800,02_diskann_fair,DiskANN ScalarQuantizer<4>,05b-shared-graph-sq4-release-native-odirect-v1,ad3c67ae1fadf7104297032eb26d35bb228b217530c1fee261a834d883166f20,7dd8941dcdf9a40c2444d3d84fabfc80df5e9bdf48e58404ee6acfe904091cf5,8fc76c14c25d1c5df6fd7264b50b399562b873edf69f123f3f4e91f6aae6a8fe,9b46438f0c6472734127bfa9cd1af70b6f2fde91c76fb5ea353f515c3e1c3354,c43f3255726fed92ee142584ccd3a88728861862cb38f7c3defce8669ea501e6,20260813,3e824adbeebfb0180b09207b1d8d7007badb27fc512e57d039dff5dbb39bd993,3e824adbeebfb0180b09207b1d8d7007badb27fc512e57d039dff5dbb39bd993,shared_baseline,True,True,4096,True,/home/kai3/coco/quantization_graph/results/disk_environment/.test_runs/gist/gist_test_20260829_204245/runs/gist_test_20260829_204245/05B_diskann_shared_graph/gist/artifacts/test/SQ-DiskANN-Disk__hybrid_disk__B2__standard__w32__r0.json,SQ-DiskANN,05B shared graph
05b,gist,SQ-DiskANN-Disk,hybrid_disk,test,gist_test_20260829_204245,0,32,2.0,beam1,90,90,,standard,1,0.7635,649.310239275,41576.916125,39405.028,64526.51,87096.221,,,,,787.107123375,484000968,,,595382272,0.0,0.0,341336064.0,0.0,80.0525,80.0525,327895.04,18003.28144625,22225.46409625,22.40362875,1325.76695375,0.0,95.7125,5051.43625,0.0,0.0,0.0,0.0,0.0,0.0,800,02_diskann_fair,DiskANN ScalarQuantizer<4>,05b-shared-graph-sq4-release-native-odirect-v1,ad3c67ae1fadf7104297032eb26d35bb228b217530c1fee261a834d883166f20,7dd8941dcdf9a40c2444d3d84fabfc80df5e9bdf48e58404ee6acfe904091cf5,8fc76c14c25d1c5df6fd7264b50b399562b873edf69f123f3f4e91f6aae6a8fe,9b46438f0c6472734127bfa9cd1af70b6f2fde91c76fb5ea353f515c3e1c3354,c43f3255726fed92ee142584ccd3a88728861862cb38f7c3defce8669ea501e6,20260813,3e824adbeebfb0180b09207b1d8d7007badb27fc512e57d039dff5dbb39bd993,3e824adbeebfb0180b09207b1d8d7007badb27fc512e57d039dff5dbb39bd993,shared_baseline,True,True,4096,True,/home/kai3/coco/quantization_graph/results/disk_environment/.test_runs/gist/gist_test_20260829_204245/runs/gist_test_20260829_204245/05B_diskann_shared_graph/gist/artifacts/test/SQ-DiskANN-Disk__hybrid_disk__B2__standard__w32__r0.json,SQ-DiskANN,05B shared graph
05b,gist,SQ-DiskANN-Disk,hybrid_disk,test,gist_test_20260829_204245,0,32,2.0,beam1,100,100,,standard,1,0.7655,516.969999697,52323.760295,46954.501,105940.991,144977.752,,,,,787.107123375,484000968,,,597237760,0.0,0.0,341336064.0,0.0,88.6175,88.6175,362977.28,24548.24976,26206.86493125,24.29139625,1544.3542075,0.0,105.6175,5490.78375,0.0,0.0,0.0,0.0,0.0,0.0,800,02_diskann_fair,DiskANN ScalarQuantizer<4>,05b-shared-graph-sq4-release-native-odirect-v1,ad3c67ae1fadf7104297032eb26d35bb228b217530c1fee261a834d883166f20,7dd8941dcdf9a40c2444d3d84fabfc80df5e9bdf48e58404ee6acfe904091cf5,8fc76c14c25d1c5df6fd7264b50b399562b873edf69f123f3f4e91f6aae6a8fe,9b46438f0c6472734127bfa9cd1af70b6f2fde91c76fb5ea353f515c3e1c3354,c43f3255726fed92ee142584ccd3a88728861862cb38f7c3defce8669ea501e6,20260813,3e824adbeebfb0180b09207b1d8d7007badb27fc512e57d039dff5dbb39bd993,3e824adbeebfb0180b09207b1d8d7007badb27fc512e57d039dff5dbb39bd993,shared_baseline,True,True,4096,True,/home/kai3/coco/quantization_graph/results/disk_environment/.test_runs/gist/gist_test_20260829_204245/runs/gist_test_20260829_204245/05B_diskann_shared_graph/gist/artifacts/test/SQ-DiskANN-Disk__hybrid_disk__B2__standard__w32__r0.json,SQ-DiskANN,05B shared graph
05b,gist,SQ-DiskANN-Disk,hybrid_disk,test,gist_test_20260829_204245,0,32,2.0,beam1,140,140,,standard,1,0.769625,393.268925479,70558.38828875,65887.459,115321.482,163123.112,,,,,787.107123375,484000968,,,602001408,0.0,0.0,341336064.0,0.0,122.9325,122.9325,503531.52,32204.60929875,36080.7271625,27.79514375,2245.25668375,0.0,145.31625,7164.5975,0.0,0.0,0.0,0.0,0.0,0.0,800,02_diskann_fair,DiskANN ScalarQuantizer<4>,05b-shared-graph-sq4-release-native-odirect-v1,ad3c67ae1fadf7104297032eb26d35bb228b217530c1fee261a834d883166f20,7dd8941dcdf9a40c2444d3d84fabfc80df5e9bdf48e58404ee6acfe904091cf5,8fc76c14c25d1c5df6fd7264b50b399562b873edf69f123f3f4e91f6aae6a8fe,9b46438f0c6472734127bfa9cd1af70b6f2fde91c76fb5ea353f515c3e1c3354,c43f3255726fed92ee142584ccd3a88728861862cb38f7c3defce8669ea501e6,20260813,3e824adbeebfb0180b09207b1d8d7007badb27fc512e57d039dff5dbb39bd993,3e824adbeebfb0180b09207b1d8d7007badb27fc512e57d039dff5dbb39bd993,shared_baseline,True,True,4096,True,/home/kai3/coco/quantization_graph/results/disk_environment/.test_runs/gist/gist_test_20260829_204245/runs/gist_test_20260829_204245/05B_diskann_shared_graph/gist/artifacts/test/SQ-DiskANN-Disk__hybrid_disk__B2__standard__w32__r0.json,SQ-DiskANN,05B shared graph
05b,gist,SQ-DiskANN-Disk,hybrid_disk,test,gist_test_20260829_204245,0,32,2.0,beam1,180,180,,standard,1,0.77125,307.252005052,90256.98919,83598.991,147944.936,222267.285,,,,,787.107123375,484000968,,,607461376,0.0,0.0,341336064.0,0.0,157.28875,157.28875,644254.72,41976.06821375,45460.61944125,29.16870625,2791.13282875,0.0,185.14625,8749.425,0.0,0.0,0.0,0.0,0.0,0.0,800,02_diskann_fair,DiskANN ScalarQuantizer<4>,05b-shared-graph-sq4-release-native-odirect-v1,ad3c67ae1fadf7104297032eb26d35bb228b217530c1fee261a834d883166f20,7dd8941dcdf9a40c2444d3d84fabfc80df5e9bdf48e58404ee6acfe904091cf5,8fc76c14c25d1c5df6fd7264b50b399562b873edf69f123f3f4e91f6aae6a8fe,9b46438f0c6472734127bfa9cd1af70b6f2fde91c76fb5ea353f515c3e1c3354,c43f3255726fed92ee142584ccd3a88728861862cb38f7c3defce8669ea501e6,20260813,3e824adbeebfb0180b09207b1d8d7007badb27fc512e57d039dff5dbb39bd993,3e824adbeebfb0180b09207b1d8d7007badb27fc512e57d039dff5dbb39bd993,shared_baseline,True,True,4096,True,/home/kai3/coco/quantization_graph/results/disk_environment/.test_runs/gist/gist_test_20260829_204245/runs/gist_test_20260829_204245/05B_diskann_shared_graph/gist/artifacts/test/SQ-DiskANN-Disk__hybrid_disk__B2__standard__w32__r0.json,SQ-DiskANN,05B shared graph
05b,gist,SQ-DiskANN-Disk,hybrid_disk,test,gist_test_20260829_204245,0,32,2.0,beam1,220,220,,standard,1,0.772625,266.011126669,104974.93381625,97738.886,182085.258,225649.852,,,,,787.107123375,484000968,,,613023744,0.0,0.0,341336064.0,0.0,191.48625,191.48625,784327.68,49456.4629425,52207.49736375,27.29715,3283.67636,0.0,224.99375,10252.89625,0.0,0.0,0.0,0.0,0.0,0.0,800,02_diskann_fair,DiskANN ScalarQuantizer<4>,05b-shared-graph-sq4-release-native-odirect-v1,ad3c67ae1fadf7104297032eb26d35bb228b217530c1fee261a834d883166f20,7dd8941dcdf9a40c2444d3d84fabfc80df5e9bdf48e58404ee6acfe904091cf5,8fc76c14c25d1c5df6fd7264b50b399562b873edf69f123f3f4e91f6aae6a8fe,9b46438f0c6472734127bfa9cd1af70b6f2fde91c76fb5ea353f515c3e1c3354,c43f3255726fed92ee142584ccd3a88728861862cb38f7c3defce8669ea501e6,20260813,3e824adbeebfb0180b09207b1d8d7007badb27fc512e57d039dff5dbb39bd993,3e824adbeebfb0180b09207b1d8d7007badb27fc512e57d039dff5dbb39bd993,shared_baseline,True,True,4096,True,/home/kai3/coco/quantization_graph/results/disk_environment/.test_runs/gist/gist_test_20260829_204245/runs/gist_test_20260829_204245/05B_diskann_shared_graph/gist/artifacts/test/SQ-DiskANN-Disk__hybrid_disk__B2__standard__w32__r0.json,SQ-DiskANN,05B shared graph
05b,gist,SQ-DiskANN-Disk,hybrid_disk,test,gist_test_20260829_204245,0,32,2.0,beam1,260,260,,standard,1,0.773625,245.478868619,112018.77261,108147.616,165904.59,198908.99,,,,,787.107123375,484000968,,,618340352,0.0,0.0,341336064.0,0.0,225.76375,225.76375,924728.32,48608.33593125,59321.43197375,27.4153275,4061.5893775,0.0,264.90625,11690.86875,0.0,0.0,0.0,0.0,0.0,0.0,800,02_diskann_fair,DiskANN ScalarQuantizer<4>,05b-shared-graph-sq4-release-native-odirect-v1,ad3c67ae1fadf7104297032eb26d35bb228b217530c1fee261a834d883166f20,7dd8941dcdf9a40c2444d3d84fabfc80df5e9bdf48e58404ee6acfe904091cf5,8fc76c14c25d1c5df6fd7264b50b399562b873edf69f123f3f4e91f6aae6a8fe,9b46438f0c6472734127bfa9cd1af70b6f2fde91c76fb5ea353f515c3e1c3354,c43f3255726fed92ee142584ccd3a88728861862cb38f7c3defce8669ea501e6,20260813,3e824adbeebfb0180b09207b1d8d7007badb27fc512e57d039dff5dbb39bd993,3e824adbeebfb0180b09207b1d8d7007badb27fc512e57d039dff5dbb39bd993,shared_baseline,True,True,4096,True,/home/kai3/coco/quantization_graph/results/disk_environment/.test_runs/gist/gist_test_20260829_204245/runs/gist_test_20260829_204245/05B_diskann_shared_graph/gist/artifacts/test/SQ-DiskANN-Disk__hybrid_disk__B2__standard__w32__r0.json,SQ-DiskANN,05B shared graph
05b,gist,SQ-DiskANN-Disk,hybrid_disk,test,gist_test_20260829_204245,0,32,2.0,beam1,300,300,,standard,1,0.774,210.641255128,131517.11278875,124446.145,198024.261,266183.884,,,,,787.107123375,484000968,,,623878144,0.0,0.0,341336064.0,0.0,259.91375,259.91375,1064606.72,60521.15757125,66648.71820375,30.85371875,4316.383295,0.0,304.835,13069.77125,0.0,0.0,0.0,0.0,0.0,0.0,800,02_diskann_fair,DiskANN ScalarQuantizer<4>,05b-shared-graph-sq4-release-native-odirect-v1,ad3c67ae1fadf7104297032eb26d35bb228b217530c1fee261a834d883166f20,7dd8941dcdf9a40c2444d3d84fabfc80df5e9bdf48e58404ee6acfe904091cf5,8fc76c14c25d1c5df6fd7264b50b399562b873edf69f123f3f4e91f6aae6a8fe,9b46438f0c6472734127bfa9cd1af70b6f2fde91c76fb5ea353f515c3e1c3354,c43f3255726fed92ee142584ccd3a88728861862cb38f7c3defce8669ea501e6,20260813,3e824adbeebfb0180b09207b1d8d7007badb27fc512e57d039dff5dbb39bd993,3e824adbeebfb0180b09207b1d8d7007badb27fc512e57d039dff5dbb39bd993,shared_baseline,True,True,4096,True,/home/kai3/coco/quantization_graph/results/disk_environment/.test_runs/gist/gist_test_20260829_204245/runs/gist_test_20260829_204245/05B_diskann_shared_graph/gist/artifacts/test/SQ-DiskANN-Disk__hybrid_disk__B2__standard__w32__r0.json,SQ-DiskANN,05B shared graph
05b,gist,SQ-DiskANN-Disk,hybrid_disk,test,gist_test_20260829_204245,0,32,2.0,beam1,340,340,,standard,1,0.77425,186.217962853,145255.03958625,136823.368,231731.164,323061.86,,,,,787.107123375,484000968,,,628985856,0.0,0.0,341336064.0,0.0,294.02625,294.02625,1204331.52,66959.74996625,73333.90428125,30.96624625,4930.4190925,0.0,344.7275,14397.0175,0.0,0.0,0.0,0.0,0.0,0.0,800,02_diskann_fair,DiskANN ScalarQuantizer<4>,05b-shared-graph-sq4-release-native-odirect-v1,ad3c67ae1fadf7104297032eb26d35bb228b217530c1fee261a834d883166f20,7dd8941dcdf9a40c2444d3d84fabfc80df5e9bdf48e58404ee6acfe904091cf5,8fc76c14c25d1c5df6fd7264b50b399562b873edf69f123f3f4e91f6aae6a8fe,9b46438f0c6472734127bfa9cd1af70b6f2fde91c76fb5ea353f515c3e1c3354,c43f3255726fed92ee142584ccd3a88728861862cb38f7c3defce8669ea501e6,20260813,3e824adbeebfb0180b09207b1d8d7007badb27fc512e57d039dff5dbb39bd993,3e824adbeebfb0180b09207b1d8d7007badb27fc512e57d039dff5dbb39bd993,shared_baseline,True,True,4096,True,/home/kai3/coco/quantization_graph/results/disk_environment/.test_runs/gist/gist_test_20260829_204245/runs/gist_test_20260829_204245/05B_diskann_shared_graph/gist/artifacts/test/SQ-DiskANN-Disk__hybrid_disk__B2__standard__w32__r0.json,SQ-DiskANN,05B shared graph
05b,gist,SQ-DiskANN-Disk,hybrid_disk,test,gist_test_20260829_204245,0,32,2.0,beam1,380,380,,standard,1,0.77425,173.019372392,161817.790085,154566.153,255588.03,313162.362,,,,,787.107123375,484000968,,,634626048,0.0,0.0,341336064.0,0.0,328.26625,328.26625,1344578.56,77471.62920875,78909.6879525,42.5394875,5393.93343625,0.0,384.67375,15686.86875,0.0,0.0,0.0,0.0,0.0,0.0,800,02_diskann_fair,DiskANN ScalarQuantizer<4>,05b-shared-graph-sq4-release-native-odirect-v1,ad3c67ae1fadf7104297032eb26d35bb228b217530c1fee261a834d883166f20,7dd8941dcdf9a40c2444d3d84fabfc80df5e9bdf48e58404ee6acfe904091cf5,8fc76c14c25d1c5df6fd7264b50b399562b873edf69f123f3f4e91f6aae6a8fe,9b46438f0c6472734127bfa9cd1af70b6f2fde91c76fb5ea353f515c3e1c3354,c43f3255726fed92ee142584ccd3a88728861862cb38f7c3defce8669ea501e6,20260813,3e824adbeebfb0180b09207b1d8d7007badb27fc512e57d039dff5dbb39bd993,3e824adbeebfb0180b09207b1d8d7007badb27fc512e57d039dff5dbb39bd993,shared_baseline,True,True,4096,True,/home/kai3/coco/quantization_graph/results/disk_environment/.test_runs/gist/gist_test_20260829_204245/runs/gist_test_20260829_204245/05B_diskann_shared_graph/gist/artifacts/test/SQ-DiskANN-Disk__hybrid_disk__B2__standard__w32__r0.json,SQ-DiskANN,05B shared graph
05b,gist,SQ-DiskANN-Disk,hybrid_disk,test,gist_test_20260829_204245,0,32,2.0,beam1,420,420,,standard,1,0.7745,178.978702679,153014.35922625,148263.158,219497.186,261061.908,,,,,787.107123375,484000968,,,640344064,0.0,0.0,341336064.0,0.0,362.45,362.45,1484595.2,68450.11437125,78938.08544625,30.87855375,5595.280855,0.0,424.63875,16933.67625,0.0,0.0,0.0,0.0,0.0,0.0,800,02_diskann_fair,DiskANN ScalarQuantizer<4>,05b-shared-graph-sq4-release-native-odirect-v1,ad3c67ae1fadf7104297032eb26d35bb228b217530c1fee261a834d883166f20,7dd8941dcdf9a40c2444d3d84fabfc80df5e9bdf48e58404ee6acfe904091cf5,8fc76c14c25d1c5df6fd7264b50b399562b873edf69f123f3f4e91f6aae6a8fe,9b46438f0c6472734127bfa9cd1af70b6f2fde91c76fb5ea353f515c3e1c3354,c43f3255726fed92ee142584ccd3a88728861862cb38f7c3defce8669ea501e6,20260813,3e824adbeebfb0180b09207b1d8d7007badb27fc512e57d039dff5dbb39bd993,3e824adbeebfb0180b09207b1d8d7007badb27fc512e57d039dff5dbb39bd993,shared_baseline,True,True,4096,True,/home/kai3/coco/quantization_graph/results/disk_environment/.test_runs/gist/gist_test_20260829_204245/runs/gist_test_20260829_204245/05B_diskann_shared_graph/gist/artifacts/test/SQ-DiskANN-Disk__hybrid_disk__B2__standard__w32__r0.json,SQ-DiskANN,05B shared graph
05b,gist,SQ-DiskANN-Disk,hybrid_disk,test,gist_test_20260829_204245,0,32,2.0,beam1,460,460,,standard,1,0.77475,161.774786762,172225.38175375,162736.341,278931.899,338084.983,,,,,787.107123375,484000968,,,645152768,0.0,0.0,341336064.0,0.0,396.56,396.56,1624309.76,83395.453745,82666.2761275,27.40653375,6136.2453475,0.0,464.58625,18146.825,0.0,0.0,0.0,0.0,0.0,0.0,800,02_diskann_fair,DiskANN ScalarQuantizer<4>,05b-shared-graph-sq4-release-native-odirect-v1,ad3c67ae1fadf7104297032eb26d35bb228b217530c1fee261a834d883166f20,7dd8941dcdf9a40c2444d3d84fabfc80df5e9bdf48e58404ee6acfe904091cf5,8fc76c14c25d1c5df6fd7264b50b399562b873edf69f123f3f4e91f6aae6a8fe,9b46438f0c6472734127bfa9cd1af70b6f2fde91c76fb5ea353f515c3e1c3354,c43f3255726fed92ee142584ccd3a88728861862cb38f7c3defce8669ea501e6,20260813,3e824adbeebfb0180b09207b1d8d7007badb27fc512e57d039dff5dbb39bd993,3e824adbeebfb0180b09207b1d8d7007badb27fc512e57d039dff5dbb39bd993,shared_baseline,True,True,4096,True,/home/kai3/coco/quantization_graph/results/disk_environment/.test_runs/gist/gist_test_20260829_204245/runs/gist_test_20260829_204245/05B_diskann_shared_graph/gist/artifacts/test/SQ-DiskANN-Disk__hybrid_disk__B2__standard__w32__r0.json,SQ-DiskANN,05B shared graph
05b,gist,SQ-DiskANN-Disk,hybrid_disk,test,gist_test_20260829_204245,0,32,2.0,beam1,480,480,,standard,1,0.77475,158.045112972,175929.8979125,169620.183,261996.47,343024.282,,,,,787.107123375,484000968,,,648187904,0.0,0.0,341336064.0,0.0,413.525,413.525,1693798.4,81682.157835,87867.25360625,29.07666125,6351.40981,0.0,484.55625,18741.05625,0.0,0.0,0.0,0.0,0.0,0.0,800,02_diskann_fair,DiskANN ScalarQuantizer<4>,05b-shared-graph-sq4-release-native-odirect-v1,ad3c67ae1fadf7104297032eb26d35bb228b217530c1fee261a834d883166f20,7dd8941dcdf9a40c2444d3d84fabfc80df5e9bdf48e58404ee6acfe904091cf5,8fc76c14c25d1c5df6fd7264b50b399562b873edf69f123f3f4e91f6aae6a8fe,9b46438f0c6472734127bfa9cd1af70b6f2fde91c76fb5ea353f515c3e1c3354,c43f3255726fed92ee142584ccd3a88728861862cb38f7c3defce8669ea501e6,20260813,3e824adbeebfb0180b09207b1d8d7007badb27fc512e57d039dff5dbb39bd993,3e824adbeebfb0180b09207b1d8d7007badb27fc512e57d039dff5dbb39bd993,shared_baseline,True,True,4096,True,/home/kai3/coco/quantization_graph/results/disk_environment/.test_runs/gist/gist_test_20260829_204245/runs/gist_test_20260829_204245/05B_diskann_shared_graph/gist/artifacts/test/SQ-DiskANN-Disk__hybrid_disk__B2__standard__w32__r0.json,SQ-DiskANN,05B shared graph
05b,gist,SAQ-DiskANN-Disk,hybrid_disk,test,gist_test_20260829_204245,0,32,2.0,beam1,1,1,,standard,1,0.14675,1218.036293489,18786.79907375,7753.749,79281.43,130266.624,,,,,819.531984329,518001036,,,644620288,0.0,0.0,341336064.0,0.0,4.23125,4.23125,17331.2,18295.66407125,278.8375325,72.28421,140.01326,0.0,7.97,554.55625,0.0,0.0,0.0,0.0,0.0,0.0,800,02_diskann_fair,DiskANN spherical::Impl<4>,05b-shared-graph-saq4-release-native-odirect-v1,ad3c67ae1fadf7104297032eb26d35bb228b217530c1fee261a834d883166f20,7dd8941dcdf9a40c2444d3d84fabfc80df5e9bdf48e58404ee6acfe904091cf5,9af590be2b17439edc921951c6489c6312860d6ee1c39e0be02de0cea9cb924e,9b46438f0c6472734127bfa9cd1af70b6f2fde91c76fb5ea353f515c3e1c3354,c43f3255726fed92ee142584ccd3a88728861862cb38f7c3defce8669ea501e6,20260813,3e824adbeebfb0180b09207b1d8d7007badb27fc512e57d039dff5dbb39bd993,3e824adbeebfb0180b09207b1d8d7007badb27fc512e57d039dff5dbb39bd993,shared_baseline,True,True,4096,True,/home/kai3/coco/quantization_graph/results/disk_environment/.test_runs/gist/gist_test_20260829_204245/runs/gist_test_20260829_204245/05B_diskann_shared_graph/gist/artifacts/test/SAQ-DiskANN-Disk__hybrid_disk__B2__standard__w32__r0.json,SAQ-DiskANN,05B shared graph
05b,gist,SAQ-DiskANN-Disk,hybrid_disk,test,gist_test_20260829_204245,0,32,2.0,beam1,2,2,,standard,1,0.2305,3436.299646841,4787.22684625,1609.921,20666.956,50634.682,,,,,819.531984329,518001036,,,645394432,0.0,0.0,341336064.0,0.0,5.45875,5.45875,22359.04,4323.154035,282.961945,55.07674125,126.034125,0.0,9.4125,647.41125,0.0,0.0,0.0,0.0,0.0,0.0,800,02_diskann_fair,DiskANN spherical::Impl<4>,05b-shared-graph-saq4-release-native-odirect-v1,ad3c67ae1fadf7104297032eb26d35bb228b217530c1fee261a834d883166f20,7dd8941dcdf9a40c2444d3d84fabfc80df5e9bdf48e58404ee6acfe904091cf5,9af590be2b17439edc921951c6489c6312860d6ee1c39e0be02de0cea9cb924e,9b46438f0c6472734127bfa9cd1af70b6f2fde91c76fb5ea353f515c3e1c3354,c43f3255726fed92ee142584ccd3a88728861862cb38f7c3defce8669ea501e6,20260813,3e824adbeebfb0180b09207b1d8d7007badb27fc512e57d039dff5dbb39bd993,3e824adbeebfb0180b09207b1d8d7007badb27fc512e57d039dff5dbb39bd993,shared_baseline,True,True,4096,True,/home/kai3/coco/quantization_graph/results/disk_environment/.test_runs/gist/gist_test_20260829_204245/runs/gist_test_20260829_204245/05B_diskann_shared_graph/gist/artifacts/test/SAQ-DiskANN-Disk__hybrid_disk__B2__standard__w32__r0.json,SAQ-DiskANN,05B shared graph
05b,gist,SAQ-DiskANN-Disk,hybrid_disk,test,gist_test_20260829_204245,0,32,2.0,beam1,3,3,,standard,1,0.310125,3404.386351807,5055.9028475,1726.845,17451.39,70653.147,,,,,819.531984329,518001036,,,645898240,0.0,0.0,341336064.0,0.0,6.5575,6.5575,26859.52,4518.78026875,330.02606875,58.61499125,148.48151875,0.0,10.70875,729.64,0.0,0.0,0.0,0.0,0.0,0.0,800,02_diskann_fair,DiskANN spherical::Impl<4>,05b-shared-graph-saq4-release-native-odirect-v1,ad3c67ae1fadf7104297032eb26d35bb228b217530c1fee261a834d883166f20,7dd8941dcdf9a40c2444d3d84fabfc80df5e9bdf48e58404ee6acfe904091cf5,9af590be2b17439edc921951c6489c6312860d6ee1c39e0be02de0cea9cb924e,9b46438f0c6472734127bfa9cd1af70b6f2fde91c76fb5ea353f515c3e1c3354,c43f3255726fed92ee142584ccd3a88728861862cb38f7c3defce8669ea501e6,20260813,3e824adbeebfb0180b09207b1d8d7007badb27fc512e57d039dff5dbb39bd993,3e824adbeebfb0180b09207b1d8d7007badb27fc512e57d039dff5dbb39bd993,shared_baseline,True,True,4096,True,/home/kai3/coco/quantization_graph/results/disk_environment/.test_runs/gist/gist_test_20260829_204245/runs/gist_test_20260829_204245/05B_diskann_shared_graph/gist/artifacts/test/SAQ-DiskANN-Disk__hybrid_disk__B2__standard__w32__r0.json,SAQ-DiskANN,05B shared graph
05b,gist,SAQ-DiskANN-Disk,hybrid_disk,test,gist_test_20260829_204245,0,32,2.0,beam1,4,4,,standard,1,0.376875,3199.830524176,5720.50594375,2125.416,19123.977,57051.625,,,,,819.531984329,518001036,,,646688768,0.0,0.0,341336064.0,0.0,7.47375,7.47375,30612.48,5124.39068375,369.63771125,59.856235,166.62131375,0.0,11.78,796.51875,0.0,0.0,0.0,0.0,0.0,0.0,800,02_diskann_fair,DiskANN spherical::Impl<4>,05b-shared-graph-saq4-release-native-odirect-v1,ad3c67ae1fadf7104297032eb26d35bb228b217530c1fee261a834d883166f20,7dd8941dcdf9a40c2444d3d84fabfc80df5e9bdf48e58404ee6acfe904091cf5,9af590be2b17439edc921951c6489c6312860d6ee1c39e0be02de0cea9cb924e,9b46438f0c6472734127bfa9cd1af70b6f2fde91c76fb5ea353f515c3e1c3354,c43f3255726fed92ee142584ccd3a88728861862cb38f7c3defce8669ea501e6,20260813,3e824adbeebfb0180b09207b1d8d7007badb27fc512e57d039dff5dbb39bd993,3e824adbeebfb0180b09207b1d8d7007badb27fc512e57d039dff5dbb39bd993,shared_baseline,True,True,4096,True,/home/kai3/coco/quantization_graph/results/disk_environment/.test_runs/gist/gist_test_20260829_204245/runs/gist_test_20260829_204245/05B_diskann_shared_graph/gist/artifacts/test/SAQ-DiskANN-Disk__hybrid_disk__B2__standard__w32__r0.json,SAQ-DiskANN,05B shared graph
05b,gist,SAQ-DiskANN-Disk,hybrid_disk,test,gist_test_20260829_204245,0,32,2.0,beam1,5,5,,standard,1,0.442125,2947.176629656,5622.5216775,2468.947,22287.392,53286.075,,,,,819.531984329,518001036,,,646955008,0.0,0.0,341336064.0,0.0,8.47375,8.47375,34708.48,4935.44309,427.37251625,64.91035,194.79572125,0.0,12.94375,868.1525,0.0,0.0,0.0,0.0,0.0,0.0,800,02_diskann_fair,DiskANN spherical::Impl<4>,05b-shared-graph-saq4-release-native-odirect-v1,ad3c67ae1fadf7104297032eb26d35bb228b217530c1fee261a834d883166f20,7dd8941dcdf9a40c2444d3d84fabfc80df5e9bdf48e58404ee6acfe904091cf5,9af590be2b17439edc921951c6489c6312860d6ee1c39e0be02de0cea9cb924e,9b46438f0c6472734127bfa9cd1af70b6f2fde91c76fb5ea353f515c3e1c3354,c43f3255726fed92ee142584ccd3a88728861862cb38f7c3defce8669ea501e6,20260813,3e824adbeebfb0180b09207b1d8d7007badb27fc512e57d039dff5dbb39bd993,3e824adbeebfb0180b09207b1d8d7007badb27fc512e57d039dff5dbb39bd993,shared_baseline,True,True,4096,True,/home/kai3/coco/quantization_graph/results/disk_environment/.test_runs/gist/gist_test_20260829_204245/runs/gist_test_20260829_204245/05B_diskann_shared_graph/gist/artifacts/test/SAQ-DiskANN-Disk__hybrid_disk__B2__standard__w32__r0.json,SAQ-DiskANN,05B shared graph
05b,gist,SAQ-DiskANN-Disk,hybrid_disk,test,gist_test_20260829_204245,0,32,2.0,beam1,6,6,,standard,1,0.498875,1996.171308497,11589.2088725,2775.9,56835.72,114847.652,,,,,819.531984329,518001036,,,647278592,0.0,0.0,341336064.0,0.0,9.425,9.425,38604.8,10881.4591175,451.83554625,59.2368,196.67740875,0.0,14.0475,935.81875,0.0,0.0,0.0,0.0,0.0,0.0,800,02_diskann_fair,DiskANN spherical::Impl<4>,05b-shared-graph-saq4-release-native-odirect-v1,ad3c67ae1fadf7104297032eb26d35bb228b217530c1fee261a834d883166f20,7dd8941dcdf9a40c2444d3d84fabfc80df5e9bdf48e58404ee6acfe904091cf5,9af590be2b17439edc921951c6489c6312860d6ee1c39e0be02de0cea9cb924e,9b46438f0c6472734127bfa9cd1af70b6f2fde91c76fb5ea353f515c3e1c3354,c43f3255726fed92ee142584ccd3a88728861862cb38f7c3defce8669ea501e6,20260813,3e824adbeebfb0180b09207b1d8d7007badb27fc512e57d039dff5dbb39bd993,3e824adbeebfb0180b09207b1d8d7007badb27fc512e57d039dff5dbb39bd993,shared_baseline,True,True,4096,True,/home/kai3/coco/quantization_graph/results/disk_environment/.test_runs/gist/gist_test_20260829_204245/runs/gist_test_20260829_204245/05B_diskann_shared_graph/gist/artifacts/test/SAQ-DiskANN-Disk__hybrid_disk__B2__standard__w32__r0.json,SAQ-DiskANN,05B shared graph
05b,gist,SAQ-DiskANN-Disk,hybrid_disk,test,gist_test_20260829_204245,0,32,2.0,beam1,7,7,,standard,1,0.550875,2680.308166555,6539.8805075,2648.752,23551.194,58696.951,,,,,819.531984329,518001036,,,647434240,0.0,0.0,341336064.0,0.0,10.34625,10.34625,42378.24,5776.98375875,484.43859875,62.4872325,215.9709175,0.0,15.09625,999.41875,0.0,0.0,0.0,0.0,0.0,0.0,800,02_diskann_fair,DiskANN spherical::Impl<4>,05b-shared-graph-saq4-release-native-odirect-v1,ad3c67ae1fadf7104297032eb26d35bb228b217530c1fee261a834d883166f20,7dd8941dcdf9a40c2444d3d84fabfc80df5e9bdf48e58404ee6acfe904091cf5,9af590be2b17439edc921951c6489c6312860d6ee1c39e0be02de0cea9cb924e,9b46438f0c6472734127bfa9cd1af70b6f2fde91c76fb5ea353f515c3e1c3354,c43f3255726fed92ee142584ccd3a88728861862cb38f7c3defce8669ea501e6,20260813,3e824adbeebfb0180b09207b1d8d7007badb27fc512e57d039dff5dbb39bd993,3e824adbeebfb0180b09207b1d8d7007badb27fc512e57d039dff5dbb39bd993,shared_baseline,True,True,4096,True,/home/kai3/coco/quantization_graph/results/disk_environment/.test_runs/gist/gist_test_20260829_204245/runs/gist_test_20260829_204245/05B_diskann_shared_graph/gist/artifacts/test/SAQ-DiskANN-Disk__hybrid_disk__B2__standard__w32__r0.json,SAQ-DiskANN,05B shared graph
05b,gist,SAQ-DiskANN-Disk,hybrid_disk,test,gist_test_20260829_204245,0,32,2.0,beam1,8,8,,standard,1,0.59675,3210.370163385,5621.42085375,2906.83,17913.884,38220.195,,,,,819.531984329,518001036,,,647598080,0.0,0.0,341336064.0,0.0,11.245,11.245,46059.52,4894.70845625,476.605335,52.62704625,197.48001625,0.0,16.145,1063.405,0.0,0.0,0.0,0.0,0.0,0.0,800,02_diskann_fair,DiskANN spherical::Impl<4>,05b-shared-graph-saq4-release-native-odirect-v1,ad3c67ae1fadf7104297032eb26d35bb228b217530c1fee261a834d883166f20,7dd8941dcdf9a40c2444d3d84fabfc80df5e9bdf48e58404ee6acfe904091cf5,9af590be2b17439edc921951c6489c6312860d6ee1c39e0be02de0cea9cb924e,9b46438f0c6472734127bfa9cd1af70b6f2fde91c76fb5ea353f515c3e1c3354,c43f3255726fed92ee142584ccd3a88728861862cb38f7c3defce8669ea501e6,20260813,3e824adbeebfb0180b09207b1d8d7007badb27fc512e57d039dff5dbb39bd993,3e824adbeebfb0180b09207b1d8d7007badb27fc512e57d039dff5dbb39bd993,shared_baseline,True,True,4096,True,/home/kai3/coco/quantization_graph/results/disk_environment/.test_runs/gist/gist_test_20260829_204245/runs/gist_test_20260829_204245/05B_diskann_shared_graph/gist/artifacts/test/SAQ-DiskANN-Disk__hybrid_disk__B2__standard__w32__r0.json,SAQ-DiskANN,05B shared graph
05b,gist,SAQ-DiskANN-Disk,hybrid_disk,test,gist_test_20260829_204245,0,32,2.0,beam1,9,9,,standard,1,0.63425,3233.31137147,5587.194365,3359.835,15259.184,36541.631,,,,,819.531984329,518001036,,,647725056,0.0,0.0,341336064.0,0.0,12.0975,12.0975,49551.36,4773.9811775,529.62944625,57.1308125,226.45292875,0.0,17.15125,1123.58875,0.0,0.0,0.0,0.0,0.0,0.0,800,02_diskann_fair,DiskANN spherical::Impl<4>,05b-shared-graph-saq4-release-native-odirect-v1,ad3c67ae1fadf7104297032eb26d35bb228b217530c1fee261a834d883166f20,7dd8941dcdf9a40c2444d3d84fabfc80df5e9bdf48e58404ee6acfe904091cf5,9af590be2b17439edc921951c6489c6312860d6ee1c39e0be02de0cea9cb924e,9b46438f0c6472734127bfa9cd1af70b6f2fde91c76fb5ea353f515c3e1c3354,c43f3255726fed92ee142584ccd3a88728861862cb38f7c3defce8669ea501e6,20260813,3e824adbeebfb0180b09207b1d8d7007badb27fc512e57d039dff5dbb39bd993,3e824adbeebfb0180b09207b1d8d7007badb27fc512e57d039dff5dbb39bd993,shared_baseline,True,True,4096,True,/home/kai3/coco/quantization_graph/results/disk_environment/.test_runs/gist/gist_test_20260829_204245/runs/gist_test_20260829_204245/05B_diskann_shared_graph/gist/artifacts/test/SAQ-DiskANN-Disk__hybrid_disk__B2__standard__w32__r0.json,SAQ-DiskANN,05B shared graph
05b,gist,SAQ-DiskANN-Disk,hybrid_disk,test,gist_test_20260829_204245,0,32,2.0,beam1,10,10,,standard,1,0.651875,2750.503971405,7027.95324125,3417.784,25092.03,52380.169,,,,,819.531984329,518001036,,,648007680,0.0,0.0,341336064.0,0.0,12.94125,12.94125,53007.36,6165.4469325,562.95662125,57.9186675,241.63102,0.0,18.15875,1183.38125,0.0,0.0,0.0,0.0,0.0,0.0,800,02_diskann_fair,DiskANN spherical::Impl<4>,05b-shared-graph-saq4-release-native-odirect-v1,ad3c67ae1fadf7104297032eb26d35bb228b217530c1fee261a834d883166f20,7dd8941dcdf9a40c2444d3d84fabfc80df5e9bdf48e58404ee6acfe904091cf5,9af590be2b17439edc921951c6489c6312860d6ee1c39e0be02de0cea9cb924e,9b46438f0c6472734127bfa9cd1af70b6f2fde91c76fb5ea353f515c3e1c3354,c43f3255726fed92ee142584ccd3a88728861862cb38f7c3defce8669ea501e6,20260813,3e824adbeebfb0180b09207b1d8d7007badb27fc512e57d039dff5dbb39bd993,3e824adbeebfb0180b09207b1d8d7007badb27fc512e57d039dff5dbb39bd993,shared_baseline,True,True,4096,True,/home/kai3/coco/quantization_graph/results/disk_environment/.test_runs/gist/gist_test_20260829_204245/runs/gist_test_20260829_204245/05B_diskann_shared_graph/gist/artifacts/test/SAQ-DiskANN-Disk__hybrid_disk__B2__standard__w32__r0.json,SAQ-DiskANN,05B shared graph
05b,gist,SAQ-DiskANN-Disk,hybrid_disk,test,gist_test_20260829_204245,0,32,2.0,beam1,11,11,,standard,1,0.6685,2648.843964201,7431.98754875,3758.608,19018.515,68792.725,,,,,819.531984329,518001036,,,648220672,0.0,0.0,341336064.0,0.0,13.76875,13.76875,56396.8,6485.27119375,612.498335,62.80671375,271.41130625,0.0,19.12125,1239.4675,0.0,0.0,0.0,0.0,0.0,0.0,800,02_diskann_fair,DiskANN spherical::Impl<4>,05b-shared-graph-saq4-release-native-odirect-v1,ad3c67ae1fadf7104297032eb26d35bb228b217530c1fee261a834d883166f20,7dd8941dcdf9a40c2444d3d84fabfc80df5e9bdf48e58404ee6acfe904091cf5,9af590be2b17439edc921951c6489c6312860d6ee1c39e0be02de0cea9cb924e,9b46438f0c6472734127bfa9cd1af70b6f2fde91c76fb5ea353f515c3e1c3354,c43f3255726fed92ee142584ccd3a88728861862cb38f7c3defce8669ea501e6,20260813,3e824adbeebfb0180b09207b1d8d7007badb27fc512e57d039dff5dbb39bd993,3e824adbeebfb0180b09207b1d8d7007badb27fc512e57d039dff5dbb39bd993,shared_baseline,True,True,4096,True,/home/kai3/coco/quantization_graph/results/disk_environment/.test_runs/gist/gist_test_20260829_204245/runs/gist_test_20260829_204245/05B_diskann_shared_graph/gist/artifacts/test/SAQ-DiskANN-Disk__hybrid_disk__B2__standard__w32__r0.json,SAQ-DiskANN,05B shared graph
05b,gist,SAQ-DiskANN-Disk,hybrid_disk,test,gist_test_20260829_204245,0,32,2.0,beam1,12,12,,standard,1,0.68225,3192.168614432,5511.290145,3963.174,14447.751,22585.71,,,,,819.531984329,518001036,,,648564736,0.0,0.0,341336064.0,0.0,14.585,14.585,59740.16,4526.251085,642.1176925,61.72240625,281.19896125,0.0,20.105,1296.78875,0.0,0.0,0.0,0.0,0.0,0.0,800,02_diskann_fair,DiskANN spherical::Impl<4>,05b-shared-graph-saq4-release-native-odirect-v1,ad3c67ae1fadf7104297032eb26d35bb228b217530c1fee261a834d883166f20,7dd8941dcdf9a40c2444d3d84fabfc80df5e9bdf48e58404ee6acfe904091cf5,9af590be2b17439edc921951c6489c6312860d6ee1c39e0be02de0cea9cb924e,9b46438f0c6472734127bfa9cd1af70b6f2fde91c76fb5ea353f515c3e1c3354,c43f3255726fed92ee142584ccd3a88728861862cb38f7c3defce8669ea501e6,20260813,3e824adbeebfb0180b09207b1d8d7007badb27fc512e57d039dff5dbb39bd993,3e824adbeebfb0180b09207b1d8d7007badb27fc512e57d039dff5dbb39bd993,shared_baseline,True,True,4096,True,/home/kai3/coco/quantization_graph/results/disk_environment/.test_runs/gist/gist_test_20260829_204245/runs/gist_test_20260829_204245/05B_diskann_shared_graph/gist/artifacts/test/SAQ-DiskANN-Disk__hybrid_disk__B2__standard__w32__r0.json,SAQ-DiskANN,05B shared graph
05b,gist,SAQ-DiskANN-Disk,hybrid_disk,test,gist_test_20260829_204245,0,32,2.0,beam1,13,13,,standard,1,0.69175,2593.323921945,7656.1870175,4337.553,23062.073,42328.655,,,,,819.531984329,518001036,,,648814592,0.0,0.0,341336064.0,0.0,15.3625,15.3625,62924.8,6633.87875625,666.44802375,61.85462375,294.00561375,0.0,21.01625,1348.93,0.0,0.0,0.0,0.0,0.0,0.0,800,02_diskann_fair,DiskANN spherical::Impl<4>,05b-shared-graph-saq4-release-native-odirect-v1,ad3c67ae1fadf7104297032eb26d35bb228b217530c1fee261a834d883166f20,7dd8941dcdf9a40c2444d3d84fabfc80df5e9bdf48e58404ee6acfe904091cf5,9af590be2b17439edc921951c6489c6312860d6ee1c39e0be02de0cea9cb924e,9b46438f0c6472734127bfa9cd1af70b6f2fde91c76fb5ea353f515c3e1c3354,c43f3255726fed92ee142584ccd3a88728861862cb38f7c3defce8669ea501e6,20260813,3e824adbeebfb0180b09207b1d8d7007badb27fc512e57d039dff5dbb39bd993,3e824adbeebfb0180b09207b1d8d7007badb27fc512e57d039dff5dbb39bd993,shared_baseline,True,True,4096,True,/home/kai3/coco/quantization_graph/results/disk_environment/.test_runs/gist/gist_test_20260829_204245/runs/gist_test_20260829_204245/05B_diskann_shared_graph/gist/artifacts/test/SAQ-DiskANN-Disk__hybrid_disk__B2__standard__w32__r0.json,SAQ-DiskANN,05B shared graph
05b,gist,SAQ-DiskANN-Disk,hybrid_disk,test,gist_test_20260829_204245,0,32,2.0,beam1,14,14,,standard,1,0.70025,2674.982777959,6953.8666025,4463.061,17590.573,33702.897,,,,,819.531984329,518001036,,,648843264,0.0,0.0,341336064.0,0.0,16.16375,16.16375,66206.72,5922.29794875,679.8287575,58.67081375,293.0690825,0.0,21.91875,1401.0375,0.0,0.0,0.0,0.0,0.0,0.0,800,02_diskann_fair,DiskANN spherical::Impl<4>,05b-shared-graph-saq4-release-native-odirect-v1,ad3c67ae1fadf7104297032eb26d35bb228b217530c1fee261a834d883166f20,7dd8941dcdf9a40c2444d3d84fabfc80df5e9bdf48e58404ee6acfe904091cf5,9af590be2b17439edc921951c6489c6312860d6ee1c39e0be02de0cea9cb924e,9b46438f0c6472734127bfa9cd1af70b6f2fde91c76fb5ea353f515c3e1c3354,c43f3255726fed92ee142584ccd3a88728861862cb38f7c3defce8669ea501e6,20260813,3e824adbeebfb0180b09207b1d8d7007badb27fc512e57d039dff5dbb39bd993,3e824adbeebfb0180b09207b1d8d7007badb27fc512e57d039dff5dbb39bd993,shared_baseline,True,True,4096,True,/home/kai3/coco/quantization_graph/results/disk_environment/.test_runs/gist/gist_test_20260829_204245/runs/gist_test_20260829_204245/05B_diskann_shared_graph/gist/artifacts/test/SAQ-DiskANN-Disk__hybrid_disk__B2__standard__w32__r0.json,SAQ-DiskANN,05B shared graph
05b,gist,SAQ-DiskANN-Disk,hybrid_disk,test,gist_test_20260829_204245,0,32,2.0,beam1,15,15,,standard,1,0.713125,2518.211913161,8255.63462375,4691.407,21186.604,49430.353,,,,,819.531984329,518001036,,,649039872,0.0,0.0,341336064.0,0.0,17.02625,17.02625,69739.52,7132.5178525,734.52760125,61.41165,327.17752,0.0,22.9325,1458.4025,0.0,0.0,0.0,0.0,0.0,0.0,800,02_diskann_fair,DiskANN spherical::Impl<4>,05b-shared-graph-saq4-release-native-odirect-v1,ad3c67ae1fadf7104297032eb26d35bb228b217530c1fee261a834d883166f20,7dd8941dcdf9a40c2444d3d84fabfc80df5e9bdf48e58404ee6acfe904091cf5,9af590be2b17439edc921951c6489c6312860d6ee1c39e0be02de0cea9cb924e,9b46438f0c6472734127bfa9cd1af70b6f2fde91c76fb5ea353f515c3e1c3354,c43f3255726fed92ee142584ccd3a88728861862cb38f7c3defce8669ea501e6,20260813,3e824adbeebfb0180b09207b1d8d7007badb27fc512e57d039dff5dbb39bd993,3e824adbeebfb0180b09207b1d8d7007badb27fc512e57d039dff5dbb39bd993,shared_baseline,True,True,4096,True,/home/kai3/coco/quantization_graph/results/disk_environment/.test_runs/gist/gist_test_20260829_204245/runs/gist_test_20260829_204245/05B_diskann_shared_graph/gist/artifacts/test/SAQ-DiskANN-Disk__hybrid_disk__B2__standard__w32__r0.json,SAQ-DiskANN,05B shared graph
05b,gist,SAQ-DiskANN-Disk,hybrid_disk,test,gist_test_20260829_204245,0,32,2.0,beam1,16,16,,standard,1,0.7225,2175.85225998,9593.35108,4842.268,30145.006,71380.153,,,,,819.531984329,518001036,,,649183232,0.0,0.0,341336064.0,0.0,17.87875,17.87875,73231.36,8420.20727,765.01521375,62.72811875,345.4004775,0.0,23.89375,1512.89375,0.0,0.0,0.0,0.0,0.0,0.0,800,02_diskann_fair,DiskANN spherical::Impl<4>,05b-shared-graph-saq4-release-native-odirect-v1,ad3c67ae1fadf7104297032eb26d35bb228b217530c1fee261a834d883166f20,7dd8941dcdf9a40c2444d3d84fabfc80df5e9bdf48e58404ee6acfe904091cf5,9af590be2b17439edc921951c6489c6312860d6ee1c39e0be02de0cea9cb924e,9b46438f0c6472734127bfa9cd1af70b6f2fde91c76fb5ea353f515c3e1c3354,c43f3255726fed92ee142584ccd3a88728861862cb38f7c3defce8669ea501e6,20260813,3e824adbeebfb0180b09207b1d8d7007badb27fc512e57d039dff5dbb39bd993,3e824adbeebfb0180b09207b1d8d7007badb27fc512e57d039dff5dbb39bd993,shared_baseline,True,True,4096,True,/home/kai3/coco/quantization_graph/results/disk_environment/.test_runs/gist/gist_test_20260829_204245/runs/gist_test_20260829_204245/05B_diskann_shared_graph/gist/artifacts/test/SAQ-DiskANN-Disk__hybrid_disk__B2__standard__w32__r0.json,SAQ-DiskANN,05B shared graph
05b,gist,SAQ-DiskANN-Disk,hybrid_disk,test,gist_test_20260829_204245,0,32,2.0,beam1,17,17,,standard,1,0.7305,2100.334843782,9694.5613725,5388.21,29381.334,72875.09,,,,,819.531984329,518001036,,,649424896,0.0,0.0,341336064.0,0.0,18.70375,18.70375,76610.56,8478.30488375,794.51826125,63.51661,358.2216175,0.0,24.8325,1565.4,0.0,0.0,0.0,0.0,0.0,0.0,800,02_diskann_fair,DiskANN spherical::Impl<4>,05b-shared-graph-saq4-release-native-odirect-v1,ad3c67ae1fadf7104297032eb26d35bb228b217530c1fee261a834d883166f20,7dd8941dcdf9a40c2444d3d84fabfc80df5e9bdf48e58404ee6acfe904091cf5,9af590be2b17439edc921951c6489c6312860d6ee1c39e0be02de0cea9cb924e,9b46438f0c6472734127bfa9cd1af70b6f2fde91c76fb5ea353f515c3e1c3354,c43f3255726fed92ee142584ccd3a88728861862cb38f7c3defce8669ea501e6,20260813,3e824adbeebfb0180b09207b1d8d7007badb27fc512e57d039dff5dbb39bd993,3e824adbeebfb0180b09207b1d8d7007badb27fc512e57d039dff5dbb39bd993,shared_baseline,True,True,4096,True,/home/kai3/coco/quantization_graph/results/disk_environment/.test_runs/gist/gist_test_20260829_204245/runs/gist_test_20260829_204245/05B_diskann_shared_graph/gist/artifacts/test/SAQ-DiskANN-Disk__hybrid_disk__B2__standard__w32__r0.json,SAQ-DiskANN,05B shared graph
05b,gist,SAQ-DiskANN-Disk,hybrid_disk,test,gist_test_20260829_204245,0,32,2.0,beam1,18,18,,standard,1,0.737875,1888.212700514,11021.590785,5799.363,37919.352,82405.2,,,,,819.531984329,518001036,,,649674752,0.0,0.0,341336064.0,0.0,19.505,19.505,79892.48,9679.74869875,862.19388875,70.04849625,409.59970125,0.0,25.77375,1618.27625,0.0,0.0,0.0,0.0,0.0,0.0,800,02_diskann_fair,DiskANN spherical::Impl<4>,05b-shared-graph-saq4-release-native-odirect-v1,ad3c67ae1fadf7104297032eb26d35bb228b217530c1fee261a834d883166f20,7dd8941dcdf9a40c2444d3d84fabfc80df5e9bdf48e58404ee6acfe904091cf5,9af590be2b17439edc921951c6489c6312860d6ee1c39e0be02de0cea9cb924e,9b46438f0c6472734127bfa9cd1af70b6f2fde91c76fb5ea353f515c3e1c3354,c43f3255726fed92ee142584ccd3a88728861862cb38f7c3defce8669ea501e6,20260813,3e824adbeebfb0180b09207b1d8d7007badb27fc512e57d039dff5dbb39bd993,3e824adbeebfb0180b09207b1d8d7007badb27fc512e57d039dff5dbb39bd993,shared_baseline,True,True,4096,True,/home/kai3/coco/quantization_graph/results/disk_environment/.test_runs/gist/gist_test_20260829_204245/runs/gist_test_20260829_204245/05B_diskann_shared_graph/gist/artifacts/test/SAQ-DiskANN-Disk__hybrid_disk__B2__standard__w32__r0.json,SAQ-DiskANN,05B shared graph
05b,gist,SAQ-DiskANN-Disk,hybrid_disk,test,gist_test_20260829_204245,0,32,2.0,beam1,19,19,,standard,1,0.74675,2130.806980392,9973.6769975,6337.453,25207.593,64647.302,,,,,819.531984329,518001036,,,649801728,0.0,0.0,341336064.0,0.0,20.34375,20.34375,83328.0,8657.50959,859.862225,64.07725375,392.22792875,0.0,26.74875,1672.79,0.0,0.0,0.0,0.0,0.0,0.0,800,02_diskann_fair,DiskANN spherical::Impl<4>,05b-shared-graph-saq4-release-native-odirect-v1,ad3c67ae1fadf7104297032eb26d35bb228b217530c1fee261a834d883166f20,7dd8941dcdf9a40c2444d3d84fabfc80df5e9bdf48e58404ee6acfe904091cf5,9af590be2b17439edc921951c6489c6312860d6ee1c39e0be02de0cea9cb924e,9b46438f0c6472734127bfa9cd1af70b6f2fde91c76fb5ea353f515c3e1c3354,c43f3255726fed92ee142584ccd3a88728861862cb38f7c3defce8669ea501e6,20260813,3e824adbeebfb0180b09207b1d8d7007badb27fc512e57d039dff5dbb39bd993,3e824adbeebfb0180b09207b1d8d7007badb27fc512e57d039dff5dbb39bd993,shared_baseline,True,True,4096,True,/home/kai3/coco/quantization_graph/results/disk_environment/.test_runs/gist/gist_test_20260829_204245/runs/gist_test_20260829_204245/05B_diskann_shared_graph/gist/artifacts/test/SAQ-DiskANN-Disk__hybrid_disk__B2__standard__w32__r0.json,SAQ-DiskANN,05B shared graph
05b,gist,SAQ-DiskANN-Disk,hybrid_disk,test,gist_test_20260829_204245,0,32,2.0,beam1,20,20,,standard,1,0.754,1944.495101918,11397.59153875,5866.14,45047.572,83323.256,,,,,819.531984329,518001036,,,650072064,0.0,0.0,341336064.0,0.0,21.11375,21.11375,86481.92,9954.8592125,937.21645375,69.78487875,435.73099375,0.0,27.62375,1720.75375,0.0,0.0,0.0,0.0,0.0,0.0,800,02_diskann_fair,DiskANN spherical::Impl<4>,05b-shared-graph-saq4-release-native-odirect-v1,ad3c67ae1fadf7104297032eb26d35bb228b217530c1fee261a834d883166f20,7dd8941dcdf9a40c2444d3d84fabfc80df5e9bdf48e58404ee6acfe904091cf5,9af590be2b17439edc921951c6489c6312860d6ee1c39e0be02de0cea9cb924e,9b46438f0c6472734127bfa9cd1af70b6f2fde91c76fb5ea353f515c3e1c3354,c43f3255726fed92ee142584ccd3a88728861862cb38f7c3defce8669ea501e6,20260813,3e824adbeebfb0180b09207b1d8d7007badb27fc512e57d039dff5dbb39bd993,3e824adbeebfb0180b09207b1d8d7007badb27fc512e57d039dff5dbb39bd993,shared_baseline,True,True,4096,True,/home/kai3/coco/quantization_graph/results/disk_environment/.test_runs/gist/gist_test_20260829_204245/runs/gist_test_20260829_204245/05B_diskann_shared_graph/gist/artifacts/test/SAQ-DiskANN-Disk__hybrid_disk__B2__standard__w32__r0.json,SAQ-DiskANN,05B shared graph
05b,gist,SAQ-DiskANN-Disk,hybrid_disk,test,gist_test_20260829_204245,0,32,2.0,beam1,21,21,,standard,1,0.7595,1978.08086125,10136.03174875,6142.54,25749.471,67445.425,,,,,819.531984329,518001036,,,650317824,0.0,0.0,341336064.0,0.0,21.9675,21.9675,89978.88,8635.5740975,970.1689575,71.90828375,458.38041,0.0,28.59625,1775.035,0.0,0.0,0.0,0.0,0.0,0.0,800,02_diskann_fair,DiskANN spherical::Impl<4>,05b-shared-graph-saq4-release-native-odirect-v1,ad3c67ae1fadf7104297032eb26d35bb228b217530c1fee261a834d883166f20,7dd8941dcdf9a40c2444d3d84fabfc80df5e9bdf48e58404ee6acfe904091cf5,9af590be2b17439edc921951c6489c6312860d6ee1c39e0be02de0cea9cb924e,9b46438f0c6472734127bfa9cd1af70b6f2fde91c76fb5ea353f515c3e1c3354,c43f3255726fed92ee142584ccd3a88728861862cb38f7c3defce8669ea501e6,20260813,3e824adbeebfb0180b09207b1d8d7007badb27fc512e57d039dff5dbb39bd993,3e824adbeebfb0180b09207b1d8d7007badb27fc512e57d039dff5dbb39bd993,shared_baseline,True,True,4096,True,/home/kai3/coco/quantization_graph/results/disk_environment/.test_runs/gist/gist_test_20260829_204245/runs/gist_test_20260829_204245/05B_diskann_shared_graph/gist/artifacts/test/SAQ-DiskANN-Disk__hybrid_disk__B2__standard__w32__r0.json,SAQ-DiskANN,05B shared graph
05b,gist,SAQ-DiskANN-Disk,hybrid_disk,test,gist_test_20260829_204245,0,32,2.0,beam1,22,22,,standard,1,0.768125,2136.882450054,9751.64572875,6088.455,22018.536,73881.568,,,,,819.531984329,518001036,,,650489856,0.0,0.0,341336064.0,0.0,22.85375,22.85375,93608.96,8284.8441775,959.77688625,65.72017625,441.30448875,0.0,29.6375,1832.5125,0.0,0.0,0.0,0.0,0.0,0.0,800,02_diskann_fair,DiskANN spherical::Impl<4>,05b-shared-graph-saq4-release-native-odirect-v1,ad3c67ae1fadf7104297032eb26d35bb228b217530c1fee261a834d883166f20,7dd8941dcdf9a40c2444d3d84fabfc80df5e9bdf48e58404ee6acfe904091cf5,9af590be2b17439edc921951c6489c6312860d6ee1c39e0be02de0cea9cb924e,9b46438f0c6472734127bfa9cd1af70b6f2fde91c76fb5ea353f515c3e1c3354,c43f3255726fed92ee142584ccd3a88728861862cb38f7c3defce8669ea501e6,20260813,3e824adbeebfb0180b09207b1d8d7007badb27fc512e57d039dff5dbb39bd993,3e824adbeebfb0180b09207b1d8d7007badb27fc512e57d039dff5dbb39bd993,shared_baseline,True,True,4096,True,/home/kai3/coco/quantization_graph/results/disk_environment/.test_runs/gist/gist_test_20260829_204245/runs/gist_test_20260829_204245/05B_diskann_shared_graph/gist/artifacts/test/SAQ-DiskANN-Disk__hybrid_disk__B2__standard__w32__r0.json,SAQ-DiskANN,05B shared graph
05b,gist,SAQ-DiskANN-Disk,hybrid_disk,test,gist_test_20260829_204245,0,32,2.0,beam1,23,23,,standard,1,0.77075,2133.588726749,10413.44143625,6543.441,26021.531,52776.743,,,,,819.531984329,518001036,,,650784768,0.0,0.0,341336064.0,0.0,23.61625,23.61625,96732.16,8953.01986375,961.5225275,63.68296625,435.21607875,0.0,30.5075,1878.97875,0.0,0.0,0.0,0.0,0.0,0.0,800,02_diskann_fair,DiskANN spherical::Impl<4>,05b-shared-graph-saq4-release-native-odirect-v1,ad3c67ae1fadf7104297032eb26d35bb228b217530c1fee261a834d883166f20,7dd8941dcdf9a40c2444d3d84fabfc80df5e9bdf48e58404ee6acfe904091cf5,9af590be2b17439edc921951c6489c6312860d6ee1c39e0be02de0cea9cb924e,9b46438f0c6472734127bfa9cd1af70b6f2fde91c76fb5ea353f515c3e1c3354,c43f3255726fed92ee142584ccd3a88728861862cb38f7c3defce8669ea501e6,20260813,3e824adbeebfb0180b09207b1d8d7007badb27fc512e57d039dff5dbb39bd993,3e824adbeebfb0180b09207b1d8d7007badb27fc512e57d039dff5dbb39bd993,shared_baseline,True,True,4096,True,/home/kai3/coco/quantization_graph/results/disk_environment/.test_runs/gist/gist_test_20260829_204245/runs/gist_test_20260829_204245/05B_diskann_shared_graph/gist/artifacts/test/SAQ-DiskANN-Disk__hybrid_disk__B2__standard__w32__r0.json,SAQ-DiskANN,05B shared graph
05b,gist,SAQ-DiskANN-Disk,hybrid_disk,test,gist_test_20260829_204245,0,32,2.0,beam1,24,24,,standard,1,0.776,1778.91440921,11383.9491675,6683.632,29328.172,88231.617,,,,,819.531984329,518001036,,,651022336,0.0,0.0,341336064.0,0.0,24.46,24.46,100188.16,9844.66671125,1009.5011375,66.40635,463.37496875,0.0,31.4825,1931.485,0.0,0.0,0.0,0.0,0.0,0.0,800,02_diskann_fair,DiskANN spherical::Impl<4>,05b-shared-graph-saq4-release-native-odirect-v1,ad3c67ae1fadf7104297032eb26d35bb228b217530c1fee261a834d883166f20,7dd8941dcdf9a40c2444d3d84fabfc80df5e9bdf48e58404ee6acfe904091cf5,9af590be2b17439edc921951c6489c6312860d6ee1c39e0be02de0cea9cb924e,9b46438f0c6472734127bfa9cd1af70b6f2fde91c76fb5ea353f515c3e1c3354,c43f3255726fed92ee142584ccd3a88728861862cb38f7c3defce8669ea501e6,20260813,3e824adbeebfb0180b09207b1d8d7007badb27fc512e57d039dff5dbb39bd993,3e824adbeebfb0180b09207b1d8d7007badb27fc512e57d039dff5dbb39bd993,shared_baseline,True,True,4096,True,/home/kai3/coco/quantization_graph/results/disk_environment/.test_runs/gist/gist_test_20260829_204245/runs/gist_test_20260829_204245/05B_diskann_shared_graph/gist/artifacts/test/SAQ-DiskANN-Disk__hybrid_disk__B2__standard__w32__r0.json,SAQ-DiskANN,05B shared graph
05b,gist,SAQ-DiskANN-Disk,hybrid_disk,test,gist_test_20260829_204245,0,32,2.0,beam1,25,25,,standard,1,0.78125,1792.231455366,11655.53292875,7182.557,32270.802,71569.338,,,,,819.531984329,518001036,,,651198464,0.0,0.0,341336064.0,0.0,25.23625,25.23625,103367.68,9986.9948225,1081.99841625,71.14865875,515.39103125,0.0,32.39,1980.08,0.0,0.0,0.0,0.0,0.0,0.0,800,02_diskann_fair,DiskANN spherical::Impl<4>,05b-shared-graph-saq4-release-native-odirect-v1,ad3c67ae1fadf7104297032eb26d35bb228b217530c1fee261a834d883166f20,7dd8941dcdf9a40c2444d3d84fabfc80df5e9bdf48e58404ee6acfe904091cf5,9af590be2b17439edc921951c6489c6312860d6ee1c39e0be02de0cea9cb924e,9b46438f0c6472734127bfa9cd1af70b6f2fde91c76fb5ea353f515c3e1c3354,c43f3255726fed92ee142584ccd3a88728861862cb38f7c3defce8669ea501e6,20260813,3e824adbeebfb0180b09207b1d8d7007badb27fc512e57d039dff5dbb39bd993,3e824adbeebfb0180b09207b1d8d7007badb27fc512e57d039dff5dbb39bd993,shared_baseline,True,True,4096,True,/home/kai3/coco/quantization_graph/results/disk_environment/.test_runs/gist/gist_test_20260829_204245/runs/gist_test_20260829_204245/05B_diskann_shared_graph/gist/artifacts/test/SAQ-DiskANN-Disk__hybrid_disk__B2__standard__w32__r0.json,SAQ-DiskANN,05B shared graph
05b,gist,SAQ-DiskANN-Disk,hybrid_disk,test,gist_test_20260829_204245,0,32,2.0,beam1,26,26,,standard,1,0.786,1844.029423546,11837.04809875,7330.956,33632.484,68430.657,,,,,819.531984329,518001036,,,651296768,0.0,0.0,341336064.0,0.0,26.045,26.045,106680.32,10208.44404875,1065.94416125,67.0165175,495.64337125,0.0,33.30875,2029.31,0.0,0.0,0.0,0.0,0.0,0.0,800,02_diskann_fair,DiskANN spherical::Impl<4>,05b-shared-graph-saq4-release-native-odirect-v1,ad3c67ae1fadf7104297032eb26d35bb228b217530c1fee261a834d883166f20,7dd8941dcdf9a40c2444d3d84fabfc80df5e9bdf48e58404ee6acfe904091cf5,9af590be2b17439edc921951c6489c6312860d6ee1c39e0be02de0cea9cb924e,9b46438f0c6472734127bfa9cd1af70b6f2fde91c76fb5ea353f515c3e1c3354,c43f3255726fed92ee142584ccd3a88728861862cb38f7c3defce8669ea501e6,20260813,3e824adbeebfb0180b09207b1d8d7007badb27fc512e57d039dff5dbb39bd993,3e824adbeebfb0180b09207b1d8d7007badb27fc512e57d039dff5dbb39bd993,shared_baseline,True,True,4096,True,/home/kai3/coco/quantization_graph/results/disk_environment/.test_runs/gist/gist_test_20260829_204245/runs/gist_test_20260829_204245/05B_diskann_shared_graph/gist/artifacts/test/SAQ-DiskANN-Disk__hybrid_disk__B2__standard__w32__r0.json,SAQ-DiskANN,05B shared graph
05b,gist,SAQ-DiskANN-Disk,hybrid_disk,test,gist_test_20260829_204245,0,32,2.0,beam1,27,27,,standard,1,0.789125,1889.945791724,11406.50617125,7758.339,26646.388,56223.434,,,,,819.531984329,518001036,,,651337728,0.0,0.0,341336064.0,0.0,26.88875,26.88875,110136.32,9641.83664,1162.74525375,70.03640125,531.88787625,0.0,34.27,2080.28125,0.0,0.0,0.0,0.0,0.0,0.0,800,02_diskann_fair,DiskANN spherical::Impl<4>,05b-shared-graph-saq4-release-native-odirect-v1,ad3c67ae1fadf7104297032eb26d35bb228b217530c1fee261a834d883166f20,7dd8941dcdf9a40c2444d3d84fabfc80df5e9bdf48e58404ee6acfe904091cf5,9af590be2b17439edc921951c6489c6312860d6ee1c39e0be02de0cea9cb924e,9b46438f0c6472734127bfa9cd1af70b6f2fde91c76fb5ea353f515c3e1c3354,c43f3255726fed92ee142584ccd3a88728861862cb38f7c3defce8669ea501e6,20260813,3e824adbeebfb0180b09207b1d8d7007badb27fc512e57d039dff5dbb39bd993,3e824adbeebfb0180b09207b1d8d7007badb27fc512e57d039dff5dbb39bd993,shared_baseline,True,True,4096,True,/home/kai3/coco/quantization_graph/results/disk_environment/.test_runs/gist/gist_test_20260829_204245/runs/gist_test_20260829_204245/05B_diskann_shared_graph/gist/artifacts/test/SAQ-DiskANN-Disk__hybrid_disk__B2__standard__w32__r0.json,SAQ-DiskANN,05B shared graph
05b,gist,SAQ-DiskANN-Disk,hybrid_disk,test,gist_test_20260829_204245,0,32,2.0,beam1,28,28,,standard,1,0.794625,1735.851189244,11821.5264325,7612.783,35055.251,60498.201,,,,,819.531984329,518001036,,,651489280,0.0,0.0,341336064.0,0.0,27.72875,27.72875,113576.96,10069.875375,1140.59458,69.58884375,541.46763375,0.0,35.23125,2131.28,0.0,0.0,0.0,0.0,0.0,0.0,800,02_diskann_fair,DiskANN spherical::Impl<4>,05b-shared-graph-saq4-release-native-odirect-v1,ad3c67ae1fadf7104297032eb26d35bb228b217530c1fee261a834d883166f20,7dd8941dcdf9a40c2444d3d84fabfc80df5e9bdf48e58404ee6acfe904091cf5,9af590be2b17439edc921951c6489c6312860d6ee1c39e0be02de0cea9cb924e,9b46438f0c6472734127bfa9cd1af70b6f2fde91c76fb5ea353f515c3e1c3354,c43f3255726fed92ee142584ccd3a88728861862cb38f7c3defce8669ea501e6,20260813,3e824adbeebfb0180b09207b1d8d7007badb27fc512e57d039dff5dbb39bd993,3e824adbeebfb0180b09207b1d8d7007badb27fc512e57d039dff5dbb39bd993,shared_baseline,True,True,4096,True,/home/kai3/coco/quantization_graph/results/disk_environment/.test_runs/gist/gist_test_20260829_204245/runs/gist_test_20260829_204245/05B_diskann_shared_graph/gist/artifacts/test/SAQ-DiskANN-Disk__hybrid_disk__B2__standard__w32__r0.json,SAQ-DiskANN,05B shared graph
05b,gist,SAQ-DiskANN-Disk,hybrid_disk,test,gist_test_20260829_204245,0,32,2.0,beam1,29,29,,standard,1,0.796875,1751.393003264,11599.1774625,7449.823,28455.444,89561.524,,,,,819.531984329,518001036,,,651612160,0.0,0.0,341336064.0,0.0,28.51625,28.51625,116802.56,9813.2068375,1165.74482375,69.489765,550.73603625,0.0,36.15125,2180.01375,0.0,0.0,0.0,0.0,0.0,0.0,800,02_diskann_fair,DiskANN spherical::Impl<4>,05b-shared-graph-saq4-release-native-odirect-v1,ad3c67ae1fadf7104297032eb26d35bb228b217530c1fee261a834d883166f20,7dd8941dcdf9a40c2444d3d84fabfc80df5e9bdf48e58404ee6acfe904091cf5,9af590be2b17439edc921951c6489c6312860d6ee1c39e0be02de0cea9cb924e,9b46438f0c6472734127bfa9cd1af70b6f2fde91c76fb5ea353f515c3e1c3354,c43f3255726fed92ee142584ccd3a88728861862cb38f7c3defce8669ea501e6,20260813,3e824adbeebfb0180b09207b1d8d7007badb27fc512e57d039dff5dbb39bd993,3e824adbeebfb0180b09207b1d8d7007badb27fc512e57d039dff5dbb39bd993,shared_baseline,True,True,4096,True,/home/kai3/coco/quantization_graph/results/disk_environment/.test_runs/gist/gist_test_20260829_204245/runs/gist_test_20260829_204245/05B_diskann_shared_graph/gist/artifacts/test/SAQ-DiskANN-Disk__hybrid_disk__B2__standard__w32__r0.json,SAQ-DiskANN,05B shared graph
05b,gist,SAQ-DiskANN-Disk,hybrid_disk,test,gist_test_20260829_204245,0,32,2.0,beam1,30,30,,standard,1,0.800375,1675.078169407,13736.74120875,7440.154,48219.385,129984.248,,,,,819.531984329,518001036,,,651653120,0.0,0.0,341336064.0,0.0,29.375,29.375,120320.0,12006.80801375,1140.97698375,64.30815,524.64806125,0.0,37.125,2231.65625,0.0,0.0,0.0,0.0,0.0,0.0,800,02_diskann_fair,DiskANN spherical::Impl<4>,05b-shared-graph-saq4-release-native-odirect-v1,ad3c67ae1fadf7104297032eb26d35bb228b217530c1fee261a834d883166f20,7dd8941dcdf9a40c2444d3d84fabfc80df5e9bdf48e58404ee6acfe904091cf5,9af590be2b17439edc921951c6489c6312860d6ee1c39e0be02de0cea9cb924e,9b46438f0c6472734127bfa9cd1af70b6f2fde91c76fb5ea353f515c3e1c3354,c43f3255726fed92ee142584ccd3a88728861862cb38f7c3defce8669ea501e6,20260813,3e824adbeebfb0180b09207b1d8d7007badb27fc512e57d039dff5dbb39bd993,3e824adbeebfb0180b09207b1d8d7007badb27fc512e57d039dff5dbb39bd993,shared_baseline,True,True,4096,True,/home/kai3/coco/quantization_graph/results/disk_environment/.test_runs/gist/gist_test_20260829_204245/runs/gist_test_20260829_204245/05B_diskann_shared_graph/gist/artifacts/test/SAQ-DiskANN-Disk__hybrid_disk__B2__standard__w32__r0.json,SAQ-DiskANN,05B shared graph
05b,gist,SAQ-DiskANN-Disk,hybrid_disk,test,gist_test_20260829_204245,0,32,2.0,beam1,40,40,,standard,1,0.827125,1142.18595686,21405.6833325,12556.444,65578.932,130236.245,,,,,819.531984329,518001036,,,652054528,0.0,0.0,341336064.0,0.0,37.7125,37.7125,154470.4,19022.631795,1537.9904775,76.52011625,768.54094375,0.0,46.7225,2727.00875,0.0,0.0,0.0,0.0,0.0,0.0,800,02_diskann_fair,DiskANN spherical::Impl<4>,05b-shared-graph-saq4-release-native-odirect-v1,ad3c67ae1fadf7104297032eb26d35bb228b217530c1fee261a834d883166f20,7dd8941dcdf9a40c2444d3d84fabfc80df5e9bdf48e58404ee6acfe904091cf5,9af590be2b17439edc921951c6489c6312860d6ee1c39e0be02de0cea9cb924e,9b46438f0c6472734127bfa9cd1af70b6f2fde91c76fb5ea353f515c3e1c3354,c43f3255726fed92ee142584ccd3a88728861862cb38f7c3defce8669ea501e6,20260813,3e824adbeebfb0180b09207b1d8d7007badb27fc512e57d039dff5dbb39bd993,3e824adbeebfb0180b09207b1d8d7007badb27fc512e57d039dff5dbb39bd993,shared_baseline,True,True,4096,True,/home/kai3/coco/quantization_graph/results/disk_environment/.test_runs/gist/gist_test_20260829_204245/runs/gist_test_20260829_204245/05B_diskann_shared_graph/gist/artifacts/test/SAQ-DiskANN-Disk__hybrid_disk__B2__standard__w32__r0.json,SAQ-DiskANN,05B shared graph
05b,gist,SAQ-DiskANN-Disk,hybrid_disk,test,gist_test_20260829_204245,0,32,2.0,beam1,50,50,,standard,1,0.845375,950.192391214,25503.8041325,15662.748,91333.929,172665.916,,,,,819.531984329,518001036,,,653258752,0.0,0.0,341336064.0,0.0,46.14875,46.14875,189025.28,22686.18098375,1832.30361125,75.74204375,909.57749375,0.0,56.425,3213.63125,0.0,0.0,0.0,0.0,0.0,0.0,800,02_diskann_fair,DiskANN spherical::Impl<4>,05b-shared-graph-saq4-release-native-odirect-v1,ad3c67ae1fadf7104297032eb26d35bb228b217530c1fee261a834d883166f20,7dd8941dcdf9a40c2444d3d84fabfc80df5e9bdf48e58404ee6acfe904091cf5,9af590be2b17439edc921951c6489c6312860d6ee1c39e0be02de0cea9cb924e,9b46438f0c6472734127bfa9cd1af70b6f2fde91c76fb5ea353f515c3e1c3354,c43f3255726fed92ee142584ccd3a88728861862cb38f7c3defce8669ea501e6,20260813,3e824adbeebfb0180b09207b1d8d7007badb27fc512e57d039dff5dbb39bd993,3e824adbeebfb0180b09207b1d8d7007badb27fc512e57d039dff5dbb39bd993,shared_baseline,True,True,4096,True,/home/kai3/coco/quantization_graph/results/disk_environment/.test_runs/gist/gist_test_20260829_204245/runs/gist_test_20260829_204245/05B_diskann_shared_graph/gist/artifacts/test/SAQ-DiskANN-Disk__hybrid_disk__B2__standard__w32__r0.json,SAQ-DiskANN,05B shared graph
05b,gist,SAQ-DiskANN-Disk,hybrid_disk,test,gist_test_20260829_204245,0,32,2.0,beam1,60,60,,standard,1,0.857375,801.465183347,32493.05807,21620.39,107270.086,151243.311,,,,,819.531984329,518001036,,,654434304,0.0,0.0,341336064.0,0.0,54.575,54.575,223539.2,29183.825505,2134.31913125,79.02633875,1095.887095,0.0,66.13875,3684.8775,0.0,0.0,0.0,0.0,0.0,0.0,800,02_diskann_fair,DiskANN spherical::Impl<4>,05b-shared-graph-saq4-release-native-odirect-v1,ad3c67ae1fadf7104297032eb26d35bb228b217530c1fee261a834d883166f20,7dd8941dcdf9a40c2444d3d84fabfc80df5e9bdf48e58404ee6acfe904091cf5,9af590be2b17439edc921951c6489c6312860d6ee1c39e0be02de0cea9cb924e,9b46438f0c6472734127bfa9cd1af70b6f2fde91c76fb5ea353f515c3e1c3354,c43f3255726fed92ee142584ccd3a88728861862cb38f7c3defce8669ea501e6,20260813,3e824adbeebfb0180b09207b1d8d7007badb27fc512e57d039dff5dbb39bd993,3e824adbeebfb0180b09207b1d8d7007badb27fc512e57d039dff5dbb39bd993,shared_baseline,True,True,4096,True,/home/kai3/coco/quantization_graph/results/disk_environment/.test_runs/gist/gist_test_20260829_204245/runs/gist_test_20260829_204245/05B_diskann_shared_graph/gist/artifacts/test/SAQ-DiskANN-Disk__hybrid_disk__B2__standard__w32__r0.json,SAQ-DiskANN,05B shared graph
05b,gist,SAQ-DiskANN-Disk,hybrid_disk,test,gist_test_20260829_204245,0,32,2.0,beam1,70,70,,standard,1,0.865,868.883445163,30416.10738,22191.492,78985.058,134985.053,,,,,819.531984329,518001036,,,655769600,0.0,0.0,341336064.0,0.0,62.94,62.94,257802.24,26554.83344625,2474.5834475,82.0490125,1304.64147375,0.0,75.8775,4142.725,0.0,0.0,0.0,0.0,0.0,0.0,800,02_diskann_fair,DiskANN spherical::Impl<4>,05b-shared-graph-saq4-release-native-odirect-v1,ad3c67ae1fadf7104297032eb26d35bb228b217530c1fee261a834d883166f20,7dd8941dcdf9a40c2444d3d84fabfc80df5e9bdf48e58404ee6acfe904091cf5,9af590be2b17439edc921951c6489c6312860d6ee1c39e0be02de0cea9cb924e,9b46438f0c6472734127bfa9cd1af70b6f2fde91c76fb5ea353f515c3e1c3354,c43f3255726fed92ee142584ccd3a88728861862cb38f7c3defce8669ea501e6,20260813,3e824adbeebfb0180b09207b1d8d7007badb27fc512e57d039dff5dbb39bd993,3e824adbeebfb0180b09207b1d8d7007badb27fc512e57d039dff5dbb39bd993,shared_baseline,True,True,4096,True,/home/kai3/coco/quantization_graph/results/disk_environment/.test_runs/gist/gist_test_20260829_204245/runs/gist_test_20260829_204245/05B_diskann_shared_graph/gist/artifacts/test/SAQ-DiskANN-Disk__hybrid_disk__B2__standard__w32__r0.json,SAQ-DiskANN,05B shared graph
05b,gist,SAQ-DiskANN-Disk,hybrid_disk,test,gist_test_20260829_204245,0,32,2.0,beam1,80,80,,standard,1,0.87125,879.934305865,29531.90246625,22248.921,70423.714,168310.666,,,,,819.531984329,518001036,,,656867328,0.0,0.0,341336064.0,0.0,71.46125,71.46125,292705.28,25183.64679625,2777.05503875,84.21619375,1486.9844375,0.0,85.77,4597.98375,0.0,0.0,0.0,0.0,0.0,0.0,800,02_diskann_fair,DiskANN spherical::Impl<4>,05b-shared-graph-saq4-release-native-odirect-v1,ad3c67ae1fadf7104297032eb26d35bb228b217530c1fee261a834d883166f20,7dd8941dcdf9a40c2444d3d84fabfc80df5e9bdf48e58404ee6acfe904091cf5,9af590be2b17439edc921951c6489c6312860d6ee1c39e0be02de0cea9cb924e,9b46438f0c6472734127bfa9cd1af70b6f2fde91c76fb5ea353f515c3e1c3354,c43f3255726fed92ee142584ccd3a88728861862cb38f7c3defce8669ea501e6,20260813,3e824adbeebfb0180b09207b1d8d7007badb27fc512e57d039dff5dbb39bd993,3e824adbeebfb0180b09207b1d8d7007badb27fc512e57d039dff5dbb39bd993,shared_baseline,True,True,4096,True,/home/kai3/coco/quantization_graph/results/disk_environment/.test_runs/gist/gist_test_20260829_204245/runs/gist_test_20260829_204245/05B_diskann_shared_graph/gist/artifacts/test/SAQ-DiskANN-Disk__hybrid_disk__B2__standard__w32__r0.json,SAQ-DiskANN,05B shared graph
05b,gist,SAQ-DiskANN-Disk,hybrid_disk,test,gist_test_20260829_204245,0,32,2.0,beam1,90,90,,standard,1,0.875,701.385122694,37029.9905875,26655.256,95713.785,160532.797,,,,,819.531984329,518001036,,,657895424,0.0,0.0,341336064.0,0.0,80.09375,80.09375,328064.0,32415.48221625,2968.58027375,80.38872625,1565.53937125,0.0,95.69125,5046.1475,0.0,0.0,0.0,0.0,0.0,0.0,800,02_diskann_fair,DiskANN spherical::Impl<4>,05b-shared-graph-saq4-release-native-odirect-v1,ad3c67ae1fadf7104297032eb26d35bb228b217530c1fee261a834d883166f20,7dd8941dcdf9a40c2444d3d84fabfc80df5e9bdf48e58404ee6acfe904091cf5,9af590be2b17439edc921951c6489c6312860d6ee1c39e0be02de0cea9cb924e,9b46438f0c6472734127bfa9cd1af70b6f2fde91c76fb5ea353f515c3e1c3354,c43f3255726fed92ee142584ccd3a88728861862cb38f7c3defce8669ea501e6,20260813,3e824adbeebfb0180b09207b1d8d7007badb27fc512e57d039dff5dbb39bd993,3e824adbeebfb0180b09207b1d8d7007badb27fc512e57d039dff5dbb39bd993,shared_baseline,True,True,4096,True,/home/kai3/coco/quantization_graph/results/disk_environment/.test_runs/gist/gist_test_20260829_204245/runs/gist_test_20260829_204245/05B_diskann_shared_graph/gist/artifacts/test/SAQ-DiskANN-Disk__hybrid_disk__B2__standard__w32__r0.json,SAQ-DiskANN,05B shared graph
05b,gist,SAQ-DiskANN-Disk,hybrid_disk,test,gist_test_20260829_204245,0,32,2.0,beam1,100,100,,standard,1,0.879125,700.436801057,37824.8209575,25473.477,94004.859,191974.709,,,,,819.531984329,518001036,,,659566592,0.0,0.0,341336064.0,0.0,88.6475,88.6475,363100.16,32744.4790725,3248.426515,81.09302875,1750.82234125,0.0,105.6025,5486.245,0.0,0.0,0.0,0.0,0.0,0.0,800,02_diskann_fair,DiskANN spherical::Impl<4>,05b-shared-graph-saq4-release-native-odirect-v1,ad3c67ae1fadf7104297032eb26d35bb228b217530c1fee261a834d883166f20,7dd8941dcdf9a40c2444d3d84fabfc80df5e9bdf48e58404ee6acfe904091cf5,9af590be2b17439edc921951c6489c6312860d6ee1c39e0be02de0cea9cb924e,9b46438f0c6472734127bfa9cd1af70b6f2fde91c76fb5ea353f515c3e1c3354,c43f3255726fed92ee142584ccd3a88728861862cb38f7c3defce8669ea501e6,20260813,3e824adbeebfb0180b09207b1d8d7007badb27fc512e57d039dff5dbb39bd993,3e824adbeebfb0180b09207b1d8d7007badb27fc512e57d039dff5dbb39bd993,shared_baseline,True,True,4096,True,/home/kai3/coco/quantization_graph/results/disk_environment/.test_runs/gist/gist_test_20260829_204245/runs/gist_test_20260829_204245/05B_diskann_shared_graph/gist/artifacts/test/SAQ-DiskANN-Disk__hybrid_disk__B2__standard__w32__r0.json,SAQ-DiskANN,05B shared graph
05b,gist,SAQ-DiskANN-Disk,hybrid_disk,test,gist_test_20260829_204245,0,32,2.0,beam1,140,140,,standard,1,0.88425,415.633272682,65809.31882875,43488.81,182568.124,368437.54,,,,,819.531984329,518001036,,,665001984,0.0,0.0,341336064.0,0.0,122.84,122.84,503152.64,58938.92211375,4372.526055,85.6786225,2412.1920375,0.0,145.30625,7161.15875,0.0,0.0,0.0,0.0,0.0,0.0,800,02_diskann_fair,DiskANN spherical::Impl<4>,05b-shared-graph-saq4-release-native-odirect-v1,ad3c67ae1fadf7104297032eb26d35bb228b217530c1fee261a834d883166f20,7dd8941dcdf9a40c2444d3d84fabfc80df5e9bdf48e58404ee6acfe904091cf5,9af590be2b17439edc921951c6489c6312860d6ee1c39e0be02de0cea9cb924e,9b46438f0c6472734127bfa9cd1af70b6f2fde91c76fb5ea353f515c3e1c3354,c43f3255726fed92ee142584ccd3a88728861862cb38f7c3defce8669ea501e6,20260813,3e824adbeebfb0180b09207b1d8d7007badb27fc512e57d039dff5dbb39bd993,3e824adbeebfb0180b09207b1d8d7007badb27fc512e57d039dff5dbb39bd993,shared_baseline,True,True,4096,True,/home/kai3/coco/quantization_graph/results/disk_environment/.test_runs/gist/gist_test_20260829_204245/runs/gist_test_20260829_204245/05B_diskann_shared_graph/gist/artifacts/test/SAQ-DiskANN-Disk__hybrid_disk__B2__standard__w32__r0.json,SAQ-DiskANN,05B shared graph
05b,gist,SAQ-DiskANN-Disk,hybrid_disk,test,gist_test_20260829_204245,0,32,2.0,beam1,180,180,,standard,1,0.88725,404.659762375,68400.66569125,52975.728,168860.241,239111.834,,,,,819.531984329,518001036,,,670232576,0.0,0.0,341336064.0,0.0,157.10875,157.10875,643517.44,59967.80079625,5327.67015125,85.52943125,3019.6653125,0.0,185.125,8741.1475,0.0,0.0,0.0,0.0,0.0,0.0,800,02_diskann_fair,DiskANN spherical::Impl<4>,05b-shared-graph-saq4-release-native-odirect-v1,ad3c67ae1fadf7104297032eb26d35bb228b217530c1fee261a834d883166f20,7dd8941dcdf9a40c2444d3d84fabfc80df5e9bdf48e58404ee6acfe904091cf5,9af590be2b17439edc921951c6489c6312860d6ee1c39e0be02de0cea9cb924e,9b46438f0c6472734127bfa9cd1af70b6f2fde91c76fb5ea353f515c3e1c3354,c43f3255726fed92ee142584ccd3a88728861862cb38f7c3defce8669ea501e6,20260813,3e824adbeebfb0180b09207b1d8d7007badb27fc512e57d039dff5dbb39bd993,3e824adbeebfb0180b09207b1d8d7007badb27fc512e57d039dff5dbb39bd993,shared_baseline,True,True,4096,True,/home/kai3/coco/quantization_graph/results/disk_environment/.test_runs/gist/gist_test_20260829_204245/runs/gist_test_20260829_204245/05B_diskann_shared_graph/gist/artifacts/test/SAQ-DiskANN-Disk__hybrid_disk__B2__standard__w32__r0.json,SAQ-DiskANN,05B shared graph
05b,gist,SAQ-DiskANN-Disk,hybrid_disk,test,gist_test_20260829_204245,0,32,2.0,beam1,220,220,,standard,1,0.88875,343.867537685,80257.95304,64899.42,177123.528,263462.39,,,,,819.531984329,518001036,,,675569664,0.0,0.0,341336064.0,0.0,191.345,191.345,783749.12,70214.03998625,6313.05831,87.02811,3643.82663375,0.0,225.0025,10243.15875,0.0,0.0,0.0,0.0,0.0,0.0,800,02_diskann_fair,DiskANN spherical::Impl<4>,05b-shared-graph-saq4-release-native-odirect-v1,ad3c67ae1fadf7104297032eb26d35bb228b217530c1fee261a834d883166f20,7dd8941dcdf9a40c2444d3d84fabfc80df5e9bdf48e58404ee6acfe904091cf5,9af590be2b17439edc921951c6489c6312860d6ee1c39e0be02de0cea9cb924e,9b46438f0c6472734127bfa9cd1af70b6f2fde91c76fb5ea353f515c3e1c3354,c43f3255726fed92ee142584ccd3a88728861862cb38f7c3defce8669ea501e6,20260813,3e824adbeebfb0180b09207b1d8d7007badb27fc512e57d039dff5dbb39bd993,3e824adbeebfb0180b09207b1d8d7007badb27fc512e57d039dff5dbb39bd993,shared_baseline,True,True,4096,True,/home/kai3/coco/quantization_graph/results/disk_environment/.test_runs/gist/gist_test_20260829_204245/runs/gist_test_20260829_204245/05B_diskann_shared_graph/gist/artifacts/test/SAQ-DiskANN-Disk__hybrid_disk__B2__standard__w32__r0.json,SAQ-DiskANN,05B shared graph
05b,gist,SAQ-DiskANN-Disk,hybrid_disk,test,gist_test_20260829_204245,0,32,2.0,beam1,260,260,,standard,1,0.88975,260.947686545,108532.227625,83598.828,247058.493,340220.241,,,,,819.531984329,518001036,,,681062400,0.0,0.0,341336064.0,0.0,225.64625,225.64625,924247.04,96842.824415,7303.9708775,88.860685,4296.5716475,0.0,264.9225,11679.25,0.0,0.0,0.0,0.0,0.0,0.0,800,02_diskann_fair,DiskANN spherical::Impl<4>,05b-shared-graph-saq4-release-native-odirect-v1,ad3c67ae1fadf7104297032eb26d35bb228b217530c1fee261a834d883166f20,7dd8941dcdf9a40c2444d3d84fabfc80df5e9bdf48e58404ee6acfe904091cf5,9af590be2b17439edc921951c6489c6312860d6ee1c39e0be02de0cea9cb924e,9b46438f0c6472734127bfa9cd1af70b6f2fde91c76fb5ea353f515c3e1c3354,c43f3255726fed92ee142584ccd3a88728861862cb38f7c3defce8669ea501e6,20260813,3e824adbeebfb0180b09207b1d8d7007badb27fc512e57d039dff5dbb39bd993,3e824adbeebfb0180b09207b1d8d7007badb27fc512e57d039dff5dbb39bd993,shared_baseline,True,True,4096,True,/home/kai3/coco/quantization_graph/results/disk_environment/.test_runs/gist/gist_test_20260829_204245/runs/gist_test_20260829_204245/05B_diskann_shared_graph/gist/artifacts/test/SAQ-DiskANN-Disk__hybrid_disk__B2__standard__w32__r0.json,SAQ-DiskANN,05B shared graph
05b,gist,SAQ-DiskANN-Disk,hybrid_disk,test,gist_test_20260829_204245,0,32,2.0,beam1,300,300,,standard,1,0.890625,270.793424412,101420.5394925,81325.284,204243.206,297971.683,,,,,819.531984329,518001036,,,686624768,0.0,0.0,341336064.0,0.0,259.7025,259.7025,1063741.44,87872.15153375,8525.31802,90.1240925,4932.94584625,0.0,304.8375,13058.6975,0.0,0.0,0.0,0.0,0.0,0.0,800,02_diskann_fair,DiskANN spherical::Impl<4>,05b-shared-graph-saq4-release-native-odirect-v1,ad3c67ae1fadf7104297032eb26d35bb228b217530c1fee261a834d883166f20,7dd8941dcdf9a40c2444d3d84fabfc80df5e9bdf48e58404ee6acfe904091cf5,9af590be2b17439edc921951c6489c6312860d6ee1c39e0be02de0cea9cb924e,9b46438f0c6472734127bfa9cd1af70b6f2fde91c76fb5ea353f515c3e1c3354,c43f3255726fed92ee142584ccd3a88728861862cb38f7c3defce8669ea501e6,20260813,3e824adbeebfb0180b09207b1d8d7007badb27fc512e57d039dff5dbb39bd993,3e824adbeebfb0180b09207b1d8d7007badb27fc512e57d039dff5dbb39bd993,shared_baseline,True,True,4096,True,/home/kai3/coco/quantization_graph/results/disk_environment/.test_runs/gist/gist_test_20260829_204245/runs/gist_test_20260829_204245/05B_diskann_shared_graph/gist/artifacts/test/SAQ-DiskANN-Disk__hybrid_disk__B2__standard__w32__r0.json,SAQ-DiskANN,05B shared graph
05b,gist,SAQ-DiskANN-Disk,hybrid_disk,test,gist_test_20260829_204245,0,32,2.0,beam1,340,340,,standard,1,0.891375,252.782826895,107910.5520775,90102.151,211870.594,286468.091,,,,,819.531984329,518001036,,,692445184,0.0,0.0,341336064.0,0.0,293.85375,293.85375,1203624.96,93261.90335875,9232.4663575,87.16677375,5329.0155875,0.0,344.76,14388.14875,0.0,0.0,0.0,0.0,0.0,0.0,800,02_diskann_fair,DiskANN spherical::Impl<4>,05b-shared-graph-saq4-release-native-odirect-v1,ad3c67ae1fadf7104297032eb26d35bb228b217530c1fee261a834d883166f20,7dd8941dcdf9a40c2444d3d84fabfc80df5e9bdf48e58404ee6acfe904091cf5,9af590be2b17439edc921951c6489c6312860d6ee1c39e0be02de0cea9cb924e,9b46438f0c6472734127bfa9cd1af70b6f2fde91c76fb5ea353f515c3e1c3354,c43f3255726fed92ee142584ccd3a88728861862cb38f7c3defce8669ea501e6,20260813,3e824adbeebfb0180b09207b1d8d7007badb27fc512e57d039dff5dbb39bd993,3e824adbeebfb0180b09207b1d8d7007badb27fc512e57d039dff5dbb39bd993,shared_baseline,True,True,4096,True,/home/kai3/coco/quantization_graph/results/disk_environment/.test_runs/gist/gist_test_20260829_204245/runs/gist_test_20260829_204245/05B_diskann_shared_graph/gist/artifacts/test/SAQ-DiskANN-Disk__hybrid_disk__B2__standard__w32__r0.json,SAQ-DiskANN,05B shared graph
05b,gist,SAQ-DiskANN-Disk,hybrid_disk,test,gist_test_20260829_204245,0,32,2.0,beam1,380,380,,standard,1,0.8915,203.100422338,139229.44776125,101512.182,298715.865,670419.988,,,,,819.531984329,518001036,,,696758272,0.0,0.0,341336064.0,0.0,328.17625,328.17625,1344209.92,123752.8928425,9617.40605875,85.275405,5773.873455,0.0,384.71625,15672.27875,0.0,0.0,0.0,0.0,0.0,0.0,800,02_diskann_fair,DiskANN spherical::Impl<4>,05b-shared-graph-saq4-release-native-odirect-v1,ad3c67ae1fadf7104297032eb26d35bb228b217530c1fee261a834d883166f20,7dd8941dcdf9a40c2444d3d84fabfc80df5e9bdf48e58404ee6acfe904091cf5,9af590be2b17439edc921951c6489c6312860d6ee1c39e0be02de0cea9cb924e,9b46438f0c6472734127bfa9cd1af70b6f2fde91c76fb5ea353f515c3e1c3354,c43f3255726fed92ee142584ccd3a88728861862cb38f7c3defce8669ea501e6,20260813,3e824adbeebfb0180b09207b1d8d7007badb27fc512e57d039dff5dbb39bd993,3e824adbeebfb0180b09207b1d8d7007badb27fc512e57d039dff5dbb39bd993,shared_baseline,True,True,4096,True,/home/kai3/coco/quantization_graph/results/disk_environment/.test_runs/gist/gist_test_20260829_204245/runs/gist_test_20260829_204245/05B_diskann_shared_graph/gist/artifacts/test/SAQ-DiskANN-Disk__hybrid_disk__B2__standard__w32__r0.json,SAQ-DiskANN,05B shared graph
05b,gist,SAQ-DiskANN-Disk,hybrid_disk,test,gist_test_20260829_204245,0,32,2.0,beam1,420,420,,standard,1,0.891625,245.66574845,109781.53048625,100404.344,173021.647,216121.947,,,,,819.531984329,518001036,,,702910464,0.0,0.0,341336064.0,0.0,362.2725,362.2725,1483868.16,91668.5751125,11165.874455,91.971305,6855.10961375,0.0,424.64625,16921.7475,0.0,0.0,0.0,0.0,0.0,0.0,800,02_diskann_fair,DiskANN spherical::Impl<4>,05b-shared-graph-saq4-release-native-odirect-v1,ad3c67ae1fadf7104297032eb26d35bb228b217530c1fee261a834d883166f20,7dd8941dcdf9a40c2444d3d84fabfc80df5e9bdf48e58404ee6acfe904091cf5,9af590be2b17439edc921951c6489c6312860d6ee1c39e0be02de0cea9cb924e,9b46438f0c6472734127bfa9cd1af70b6f2fde91c76fb5ea353f515c3e1c3354,c43f3255726fed92ee142584ccd3a88728861862cb38f7c3defce8669ea501e6,20260813,3e824adbeebfb0180b09207b1d8d7007badb27fc512e57d039dff5dbb39bd993,3e824adbeebfb0180b09207b1d8d7007badb27fc512e57d039dff5dbb39bd993,shared_baseline,True,True,4096,True,/home/kai3/coco/quantization_graph/results/disk_environment/.test_runs/gist/gist_test_20260829_204245/runs/gist_test_20260829_204245/05B_diskann_shared_graph/gist/artifacts/test/SAQ-DiskANN-Disk__hybrid_disk__B2__standard__w32__r0.json,SAQ-DiskANN,05B shared graph
05b,gist,SAQ-DiskANN-Disk,hybrid_disk,test,gist_test_20260829_204245,0,32,2.0,beam1,460,460,,standard,1,0.892125,218.197311996,130190.93755,112425.663,235357.195,328243.578,,,,,819.531984329,518001036,,,709636096,0.0,0.0,341336064.0,0.0,396.435,396.435,1623797.76,110770.82627125,11809.99873125,92.72891875,7517.38362875,0.0,464.61125,18139.0125,0.0,0.0,0.0,0.0,0.0,0.0,800,02_diskann_fair,DiskANN spherical::Impl<4>,05b-shared-graph-saq4-release-native-odirect-v1,ad3c67ae1fadf7104297032eb26d35bb228b217530c1fee261a834d883166f20,7dd8941dcdf9a40c2444d3d84fabfc80df5e9bdf48e58404ee6acfe904091cf5,9af590be2b17439edc921951c6489c6312860d6ee1c39e0be02de0cea9cb924e,9b46438f0c6472734127bfa9cd1af70b6f2fde91c76fb5ea353f515c3e1c3354,c43f3255726fed92ee142584ccd3a88728861862cb38f7c3defce8669ea501e6,20260813,3e824adbeebfb0180b09207b1d8d7007badb27fc512e57d039dff5dbb39bd993,3e824adbeebfb0180b09207b1d8d7007badb27fc512e57d039dff5dbb39bd993,shared_baseline,True,True,4096,True,/home/kai3/coco/quantization_graph/results/disk_environment/.test_runs/gist/gist_test_20260829_204245/runs/gist_test_20260829_204245/05B_diskann_shared_graph/gist/artifacts/test/SAQ-DiskANN-Disk__hybrid_disk__B2__standard__w32__r0.json,SAQ-DiskANN,05B shared graph
05b,gist,SAQ-DiskANN-Disk,hybrid_disk,test,gist_test_20260829_204245,0,32,2.0,beam1,480,480,,standard,1,0.892,226.210341138,123536.69596375,113071.696,205364.873,240499.717,,,,,819.531984329,518001036,,,711872512,0.0,0.0,341336064.0,0.0,413.47125,413.47125,1693578.24,98126.376265,17054.40549,104.88919125,8251.0250175,0.0,484.595,18733.45375,0.0,0.0,0.0,0.0,0.0,0.0,800,02_diskann_fair,DiskANN spherical::Impl<4>,05b-shared-graph-saq4-release-native-odirect-v1,ad3c67ae1fadf7104297032eb26d35bb228b217530c1fee261a834d883166f20,7dd8941dcdf9a40c2444d3d84fabfc80df5e9bdf48e58404ee6acfe904091cf5,9af590be2b17439edc921951c6489c6312860d6ee1c39e0be02de0cea9cb924e,9b46438f0c6472734127bfa9cd1af70b6f2fde91c76fb5ea353f515c3e1c3354,c43f3255726fed92ee142584ccd3a88728861862cb38f7c3defce8669ea501e6,20260813,3e824adbeebfb0180b09207b1d8d7007badb27fc512e57d039dff5dbb39bd993,3e824adbeebfb0180b09207b1d8d7007badb27fc512e57d039dff5dbb39bd993,shared_baseline,True,True,4096,True,/home/kai3/coco/quantization_graph/results/disk_environment/.test_runs/gist/gist_test_20260829_204245/runs/gist_test_20260829_204245/05B_diskann_shared_graph/gist/artifacts/test/SAQ-DiskANN-Disk__hybrid_disk__B2__standard__w32__r0.json,SAQ-DiskANN,05B shared graph
05b,gist,Ours-Disk,hybrid_disk,test,gist_test_20260829_204245,0,32,2.0,beam1,1,1,db1+coalescing+reuse,standard,1,0.620875,20.874663501,1331016.840373751,1302554.835,2016076.758,2374046.725,,,,,1768.757458687,1325003840,,,363401216,529000000.0,1177000000.0,341336064.0,0.0,368.2275,368.4925,1509345.28,1329838.103021248,194.44874,84.233635,390.56552,56.91238875,976.48,253.0525,975.48,353.68,354.68,353.61125,10.0,0.0,800,02_diskann_fair,ExRaBitQ4 symmetric Vamana + DB1 x INT8 production search,05b-ours-release-native-odirect-v2,ad3c67ae1fadf7104297032eb26d35bb228b217530c1fee261a834d883166f20,7dd8941dcdf9a40c2444d3d84fabfc80df5e9bdf48e58404ee6acfe904091cf5,e33e7b4bab07227a7d11146027fadd00e2c9f15c4d7d176d23ed38329f886437,9b46438f0c6472734127bfa9cd1af70b6f2fde91c76fb5ea353f515c3e1c3354,c43f3255726fed92ee142584ccd3a88728861862cb38f7c3defce8669ea501e6,20260813,,a23e0943d474d99dd812c0e2bcb43b1360570f0f4642e24ce48f9e3f977d3bb3,ours_native,True,True,4096,True,/home/kai3/coco/quantization_graph/results/disk_environment/.test_runs/gist/gist_test_20260829_204245/runs/gist_test_20260829_204245/05B_diskann_shared_graph/gist/artifacts/test/Ours-Disk__hybrid_disk__B2__standard__w32__r0.json,Ours-Disk,05B shared graph
05b,gist,Ours-Disk,hybrid_disk,test,gist_test_20260829_204245,0,32,2.0,beam1,2,2,db1+coalescing+reuse,standard,1,0.620875,21.754264249,1276136.18248625,1223122.576,1967521.34,2366845.561,,,,,1768.757458687,1325003840,,,367329280,529000000.0,1177000000.0,341336064.0,0.0,368.2275,368.4925,1509345.28,1274962.309268751,193.77541375,84.76168125,388.55810875,57.31139125,976.48,253.0525,975.48,353.68,354.68,353.61125,10.0,0.0,800,02_diskann_fair,ExRaBitQ4 symmetric Vamana + DB1 x INT8 production search,05b-ours-release-native-odirect-v2,ad3c67ae1fadf7104297032eb26d35bb228b217530c1fee261a834d883166f20,7dd8941dcdf9a40c2444d3d84fabfc80df5e9bdf48e58404ee6acfe904091cf5,e33e7b4bab07227a7d11146027fadd00e2c9f15c4d7d176d23ed38329f886437,9b46438f0c6472734127bfa9cd1af70b6f2fde91c76fb5ea353f515c3e1c3354,c43f3255726fed92ee142584ccd3a88728861862cb38f7c3defce8669ea501e6,20260813,,a23e0943d474d99dd812c0e2bcb43b1360570f0f4642e24ce48f9e3f977d3bb3,ours_native,True,True,4096,True,/home/kai3/coco/quantization_graph/results/disk_environment/.test_runs/gist/gist_test_20260829_204245/runs/gist_test_20260829_204245/05B_diskann_shared_graph/gist/artifacts/test/Ours-Disk__hybrid_disk__B2__standard__w32__r0.json,Ours-Disk,05B shared graph
05b,gist,Ours-Disk,hybrid_disk,test,gist_test_20260829_204245,0,32,2.0,beam1,3,3,db1+coalescing+reuse,standard,1,0.620875,21.748857166,1272552.303750001,1238461.547,1978098.054,2300100.916,,,,,1768.757458687,1325003840,,,364650496,529000000.0,1177000000.0,341336064.0,0.0,368.2275,368.4925,1509345.28,1271380.642356249,193.37087625,83.62613875,389.47902625,57.419855,976.48,253.0525,975.48,353.68,354.68,353.61125,10.0,0.0,800,02_diskann_fair,ExRaBitQ4 symmetric Vamana + DB1 x INT8 production search,05b-ours-release-native-odirect-v2,ad3c67ae1fadf7104297032eb26d35bb228b217530c1fee261a834d883166f20,7dd8941dcdf9a40c2444d3d84fabfc80df5e9bdf48e58404ee6acfe904091cf5,e33e7b4bab07227a7d11146027fadd00e2c9f15c4d7d176d23ed38329f886437,9b46438f0c6472734127bfa9cd1af70b6f2fde91c76fb5ea353f515c3e1c3354,c43f3255726fed92ee142584ccd3a88728861862cb38f7c3defce8669ea501e6,20260813,,a23e0943d474d99dd812c0e2bcb43b1360570f0f4642e24ce48f9e3f977d3bb3,ours_native,True,True,4096,True,/home/kai3/coco/quantization_graph/results/disk_environment/.test_runs/gist/gist_test_20260829_204245/runs/gist_test_20260829_204245/05B_diskann_shared_graph/gist/artifacts/test/Ours-Disk__hybrid_disk__B2__standard__w32__r0.json,Ours-Disk,05B shared graph
05b,gist,Ours-Disk,hybrid_disk,test,gist_test_20260829_204245,0,32,2.0,beam1,4,4,db1+coalescing+reuse,standard,1,0.620875,21.93499804,1266361.126924999,1224068.104,1952285.807,2245433.642,,,,,1768.757458687,1325003840,,,373129216,529000000.0,1177000000.0,341336064.0,0.0,368.2275,368.4925,1509345.28,1265197.9781425,192.89541125,84.3271875,386.39783875,55.97970375,976.48,253.0525,975.48,353.68,354.68,353.61125,10.0,0.0,800,02_diskann_fair,ExRaBitQ4 symmetric Vamana + DB1 x INT8 production search,05b-ours-release-native-odirect-v2,ad3c67ae1fadf7104297032eb26d35bb228b217530c1fee261a834d883166f20,7dd8941dcdf9a40c2444d3d84fabfc80df5e9bdf48e58404ee6acfe904091cf5,e33e7b4bab07227a7d11146027fadd00e2c9f15c4d7d176d23ed38329f886437,9b46438f0c6472734127bfa9cd1af70b6f2fde91c76fb5ea353f515c3e1c3354,c43f3255726fed92ee142584ccd3a88728861862cb38f7c3defce8669ea501e6,20260813,,a23e0943d474d99dd812c0e2bcb43b1360570f0f4642e24ce48f9e3f977d3bb3,ours_native,True,True,4096,True,/home/kai3/coco/quantization_graph/results/disk_environment/.test_runs/gist/gist_test_20260829_204245/runs/gist_test_20260829_204245/05B_diskann_shared_graph/gist/artifacts/test/Ours-Disk__hybrid_disk__B2__standard__w32__r0.json,Ours-Disk,05B shared graph
05b,gist,Ours-Disk,hybrid_disk,test,gist_test_20260829_204245,0,32,2.0,beam1,5,5,db1+coalescing+reuse,standard,1,0.620875,21.810495508,1274981.45839375,1248041.238,1896950.215,2163211.006,,,,,1768.757458687,1325003840,,,374366208,529000000.0,1177000000.0,341336064.0,0.0,368.2275,368.4925,1509345.28,1273802.23144375,193.50302125,83.64308875,387.92891875,57.0915175,976.48,253.0525,975.48,353.68,354.68,353.61125,10.0,0.0,800,02_diskann_fair,ExRaBitQ4 symmetric Vamana + DB1 x INT8 production search,05b-ours-release-native-odirect-v2,ad3c67ae1fadf7104297032eb26d35bb228b217530c1fee261a834d883166f20,7dd8941dcdf9a40c2444d3d84fabfc80df5e9bdf48e58404ee6acfe904091cf5,e33e7b4bab07227a7d11146027fadd00e2c9f15c4d7d176d23ed38329f886437,9b46438f0c6472734127bfa9cd1af70b6f2fde91c76fb5ea353f515c3e1c3354,c43f3255726fed92ee142584ccd3a88728861862cb38f7c3defce8669ea501e6,20260813,,a23e0943d474d99dd812c0e2bcb43b1360570f0f4642e24ce48f9e3f977d3bb3,ours_native,True,True,4096,True,/home/kai3/coco/quantization_graph/results/disk_environment/.test_runs/gist/gist_test_20260829_204245/runs/gist_test_20260829_204245/05B_diskann_shared_graph/gist/artifacts/test/Ours-Disk__hybrid_disk__B2__standard__w32__r0.json,Ours-Disk,05B shared graph
05b,gist,Ours-Disk,hybrid_disk,test,gist_test_20260829_204245,0,32,2.0,beam1,6,6,db1+coalescing+reuse,standard,1,0.620875,21.793935947,1274167.457755001,1247519.526,1959003.373,2288531.063,,,,,1768.757458687,1325003840,,,381210624,529000000.0,1177000000.0,341336064.0,0.0,368.2275,368.4925,1509345.28,1272997.408931252,193.5311075,84.44922875,387.4807125,56.58298625,976.48,253.0525,975.48,353.68,354.68,353.61125,10.0,0.0,800,02_diskann_fair,ExRaBitQ4 symmetric Vamana + DB1 x INT8 production search,05b-ours-release-native-odirect-v2,ad3c67ae1fadf7104297032eb26d35bb228b217530c1fee261a834d883166f20,7dd8941dcdf9a40c2444d3d84fabfc80df5e9bdf48e58404ee6acfe904091cf5,e33e7b4bab07227a7d11146027fadd00e2c9f15c4d7d176d23ed38329f886437,9b46438f0c6472734127bfa9cd1af70b6f2fde91c76fb5ea353f515c3e1c3354,c43f3255726fed92ee142584ccd3a88728861862cb38f7c3defce8669ea501e6,20260813,,a23e0943d474d99dd812c0e2bcb43b1360570f0f4642e24ce48f9e3f977d3bb3,ours_native,True,True,4096,True,/home/kai3/coco/quantization_graph/results/disk_environment/.test_runs/gist/gist_test_20260829_204245/runs/gist_test_20260829_204245/05B_diskann_shared_graph/gist/artifacts/test/Ours-Disk__hybrid_disk__B2__standard__w32__r0.json,Ours-Disk,05B shared graph
05b,gist,Ours-Disk,hybrid_disk,test,gist_test_20260829_204245,0,32,2.0,beam1,7,7,db1+coalescing+reuse,standard,1,0.620875,21.673454345,1279811.093138749,1235700.142,1976878.413,2381687.318,,,,,1768.757458687,1325003840,,,375668736,529000000.0,1177000000.0,341336064.0,0.0,368.2275,368.4925,1509345.28,1278638.182628751,193.06080125,83.62657875,388.1740975,57.03815875,976.48,253.0525,975.48,353.68,354.68,353.61125,10.0,0.0,800,02_diskann_fair,ExRaBitQ4 symmetric Vamana + DB1 x INT8 production search,05b-ours-release-native-odirect-v2,ad3c67ae1fadf7104297032eb26d35bb228b217530c1fee261a834d883166f20,7dd8941dcdf9a40c2444d3d84fabfc80df5e9bdf48e58404ee6acfe904091cf5,e33e7b4bab07227a7d11146027fadd00e2c9f15c4d7d176d23ed38329f886437,9b46438f0c6472734127bfa9cd1af70b6f2fde91c76fb5ea353f515c3e1c3354,c43f3255726fed92ee142584ccd3a88728861862cb38f7c3defce8669ea501e6,20260813,,a23e0943d474d99dd812c0e2bcb43b1360570f0f4642e24ce48f9e3f977d3bb3,ours_native,True,True,4096,True,/home/kai3/coco/quantization_graph/results/disk_environment/.test_runs/gist/gist_test_20260829_204245/runs/gist_test_20260829_204245/05B_diskann_shared_graph/gist/artifacts/test/Ours-Disk__hybrid_disk__B2__standard__w32__r0.json,Ours-Disk,05B shared graph
05b,gist,Ours-Disk,hybrid_disk,test,gist_test_20260829_204245,0,32,2.0,beam1,8,8,db1+coalescing+reuse,standard,1,0.620875,21.78188104,1280224.104065001,1249327.355,1959682.304,2222008.956,,,,,1768.757458687,1325003840,,,376414208,529000000.0,1177000000.0,341336064.0,0.0,368.2275,368.4925,1509345.28,1279047.95026375,193.3566225,83.80937625,387.88573125,56.960375,976.48,253.0525,975.48,353.68,354.68,353.61125,10.0,0.0,800,02_diskann_fair,ExRaBitQ4 symmetric Vamana + DB1 x INT8 production search,05b-ours-release-native-odirect-v2,ad3c67ae1fadf7104297032eb26d35bb228b217530c1fee261a834d883166f20,7dd8941dcdf9a40c2444d3d84fabfc80df5e9bdf48e58404ee6acfe904091cf5,e33e7b4bab07227a7d11146027fadd00e2c9f15c4d7d176d23ed38329f886437,9b46438f0c6472734127bfa9cd1af70b6f2fde91c76fb5ea353f515c3e1c3354,c43f3255726fed92ee142584ccd3a88728861862cb38f7c3defce8669ea501e6,20260813,,a23e0943d474d99dd812c0e2bcb43b1360570f0f4642e24ce48f9e3f977d3bb3,ours_native,True,True,4096,True,/home/kai3/coco/quantization_graph/results/disk_environment/.test_runs/gist/gist_test_20260829_204245/runs/gist_test_20260829_204245/05B_diskann_shared_graph/gist/artifacts/test/Ours-Disk__hybrid_disk__B2__standard__w32__r0.json,Ours-Disk,05B shared graph
05b,gist,Ours-Disk,hybrid_disk,test,gist_test_20260829_204245,0,32,2.0,beam1,9,9,db1+coalescing+reuse,standard,1,0.620875,21.07085126,1326610.746213748,1253788.839,2113507.747,2930210.79,,,,,1768.757458687,1325003840,,,379400192,529000000.0,1177000000.0,341336064.0,0.0,368.2275,368.4925,1509345.28,1325426.941091249,194.93370125,83.71135875,389.94796125,57.20339,976.48,253.0525,975.48,353.68,354.68,353.61125,10.0,0.0,800,02_diskann_fair,ExRaBitQ4 symmetric Vamana + DB1 x INT8 production search,05b-ours-release-native-odirect-v2,ad3c67ae1fadf7104297032eb26d35bb228b217530c1fee261a834d883166f20,7dd8941dcdf9a40c2444d3d84fabfc80df5e9bdf48e58404ee6acfe904091cf5,e33e7b4bab07227a7d11146027fadd00e2c9f15c4d7d176d23ed38329f886437,9b46438f0c6472734127bfa9cd1af70b6f2fde91c76fb5ea353f515c3e1c3354,c43f3255726fed92ee142584ccd3a88728861862cb38f7c3defce8669ea501e6,20260813,,a23e0943d474d99dd812c0e2bcb43b1360570f0f4642e24ce48f9e3f977d3bb3,ours_native,True,True,4096,True,/home/kai3/coco/quantization_graph/results/disk_environment/.test_runs/gist/gist_test_20260829_204245/runs/gist_test_20260829_204245/05B_diskann_shared_graph/gist/artifacts/test/Ours-Disk__hybrid_disk__B2__standard__w32__r0.json,Ours-Disk,05B shared graph
05b,gist,Ours-Disk,hybrid_disk,test,gist_test_20260829_204245,0,32,2.0,beam1,10,10,db1+coalescing+reuse,standard,1,0.620875,21.789059422,1270033.368590001,1226034.767,1919078.865,2321570.962,,,,,1768.757458687,1325003840,,,378765312,529000000.0,1177000000.0,341336064.0,0.0,368.2275,368.4925,1509345.28,1268856.048868751,193.82861,83.59749,389.2993675,56.98505875,976.48,253.0525,975.48,353.68,354.68,353.61125,10.0,0.0,800,02_diskann_fair,ExRaBitQ4 symmetric Vamana + DB1 x INT8 production search,05b-ours-release-native-odirect-v2,ad3c67ae1fadf7104297032eb26d35bb228b217530c1fee261a834d883166f20,7dd8941dcdf9a40c2444d3d84fabfc80df5e9bdf48e58404ee6acfe904091cf5,e33e7b4bab07227a7d11146027fadd00e2c9f15c4d7d176d23ed38329f886437,9b46438f0c6472734127bfa9cd1af70b6f2fde91c76fb5ea353f515c3e1c3354,c43f3255726fed92ee142584ccd3a88728861862cb38f7c3defce8669ea501e6,20260813,,a23e0943d474d99dd812c0e2bcb43b1360570f0f4642e24ce48f9e3f977d3bb3,ours_native,True,True,4096,True,/home/kai3/coco/quantization_graph/results/disk_environment/.test_runs/gist/gist_test_20260829_204245/runs/gist_test_20260829_204245/05B_diskann_shared_graph/gist/artifacts/test/Ours-Disk__hybrid_disk__B2__standard__w32__r0.json,Ours-Disk,05B shared graph
05b,gist,Ours-Disk,hybrid_disk,test,gist_test_20260829_204245,0,32,2.0,beam1,11,11,db1+coalescing+reuse,standard,1,0.645,20.631767976,1342626.7914775,1296110.218,1996524.147,2370285.154,,,,,1768.757458687,1325003840,,,375439360,529000000.0,1177000000.0,341336064.0,0.0,383.93125,384.20625,1573708.8,1341400.111112499,202.0124375,84.56813625,410.166195,59.63674625,1027.04375,270.3175,1026.04375,368.65,369.65,368.4925,11.0,0.0,800,02_diskann_fair,ExRaBitQ4 symmetric Vamana + DB1 x INT8 production search,05b-ours-release-native-odirect-v2,ad3c67ae1fadf7104297032eb26d35bb228b217530c1fee261a834d883166f20,7dd8941dcdf9a40c2444d3d84fabfc80df5e9bdf48e58404ee6acfe904091cf5,e33e7b4bab07227a7d11146027fadd00e2c9f15c4d7d176d23ed38329f886437,9b46438f0c6472734127bfa9cd1af70b6f2fde91c76fb5ea353f515c3e1c3354,c43f3255726fed92ee142584ccd3a88728861862cb38f7c3defce8669ea501e6,20260813,,a23e0943d474d99dd812c0e2bcb43b1360570f0f4642e24ce48f9e3f977d3bb3,ours_native,True,True,4096,True,/home/kai3/coco/quantization_graph/results/disk_environment/.test_runs/gist/gist_test_20260829_204245/runs/gist_test_20260829_204245/05B_diskann_shared_graph/gist/artifacts/test/Ours-Disk__hybrid_disk__B2__standard__w32__r0.json,Ours-Disk,05B shared graph
05b,gist,Ours-Disk,hybrid_disk,test,gist_test_20260829_204245,0,32,2.0,beam1,12,12,db1+coalescing+reuse,standard,1,0.66875,19.692870849,1408790.821422499,1355986.247,2125609.749,2579635.535,,,,,1768.757458687,1325003840,,,378388480,529000000.0,1177000000.0,341336064.0,0.0,399.63625,399.92375,1638087.68,1407518.015226251,210.14831,84.2238025,433.41517625,63.25993375,1081.07,287.0075,1080.07,383.5475,384.5475,383.32125,12.0,0.0,800,02_diskann_fair,ExRaBitQ4 symmetric Vamana + DB1 x INT8 production search,05b-ours-release-native-odirect-v2,ad3c67ae1fadf7104297032eb26d35bb228b217530c1fee261a834d883166f20,7dd8941dcdf9a40c2444d3d84fabfc80df5e9bdf48e58404ee6acfe904091cf5,e33e7b4bab07227a7d11146027fadd00e2c9f15c4d7d176d23ed38329f886437,9b46438f0c6472734127bfa9cd1af70b6f2fde91c76fb5ea353f515c3e1c3354,c43f3255726fed92ee142584ccd3a88728861862cb38f7c3defce8669ea501e6,20260813,,a23e0943d474d99dd812c0e2bcb43b1360570f0f4642e24ce48f9e3f977d3bb3,ours_native,True,True,4096,True,/home/kai3/coco/quantization_graph/results/disk_environment/.test_runs/gist/gist_test_20260829_204245/runs/gist_test_20260829_204245/05B_diskann_shared_graph/gist/artifacts/test/Ours-Disk__hybrid_disk__B2__standard__w32__r0.json,Ours-Disk,05B shared graph
05b,gist,Ours-Disk,hybrid_disk,test,gist_test_20260829_204245,0,32,2.0,beam1,13,13,db1+coalescing+reuse,standard,1,0.687375,18.669077387,1490916.923698752,1457657.267,2196748.211,2523407.423,,,,,1768.757458687,1325003840,,,387584000,529000000.0,1177000000.0,341336064.0,0.0,414.90375,415.2,1700659.2,1489603.017266248,217.81553,82.31558,453.59077,68.42148375,1132.5325,303.35125,1131.5325,398.00875,399.00875,397.72375,13.0,0.0,800,02_diskann_fair,ExRaBitQ4 symmetric Vamana + DB1 x INT8 production search,05b-ours-release-native-odirect-v2,ad3c67ae1fadf7104297032eb26d35bb228b217530c1fee261a834d883166f20,7dd8941dcdf9a40c2444d3d84fabfc80df5e9bdf48e58404ee6acfe904091cf5,e33e7b4bab07227a7d11146027fadd00e2c9f15c4d7d176d23ed38329f886437,9b46438f0c6472734127bfa9cd1af70b6f2fde91c76fb5ea353f515c3e1c3354,c43f3255726fed92ee142584ccd3a88728861862cb38f7c3defce8669ea501e6,20260813,,a23e0943d474d99dd812c0e2bcb43b1360570f0f4642e24ce48f9e3f977d3bb3,ours_native,True,True,4096,True,/home/kai3/coco/quantization_graph/results/disk_environment/.test_runs/gist/gist_test_20260829_204245/runs/gist_test_20260829_204245/05B_diskann_shared_graph/gist/artifacts/test/Ours-Disk__hybrid_disk__B2__standard__w32__r0.json,Ours-Disk,05B shared graph
05b,gist,Ours-Disk,hybrid_disk,test,gist_test_20260829_204245,0,32,2.0,beam1,14,14,db1+coalescing+reuse,standard,1,0.70225,18.086918301,1535112.855497502,1477387.486,2289570.089,2686282.037,,,,,1768.757458687,1325003840,,,387297280,529000000.0,1177000000.0,341336064.0,0.0,428.9975,429.30375,1758428.16,1533761.158783748,224.5950275,83.61867625,473.60875875,70.68195875,1179.4725,318.57875,1178.4725,411.3925,412.3925,411.0375,14.0,0.0,800,02_diskann_fair,ExRaBitQ4 symmetric Vamana + DB1 x INT8 production search,05b-ours-release-native-odirect-v2,ad3c67ae1fadf7104297032eb26d35bb228b217530c1fee261a834d883166f20,7dd8941dcdf9a40c2444d3d84fabfc80df5e9bdf48e58404ee6acfe904091cf5,e33e7b4bab07227a7d11146027fadd00e2c9f15c4d7d176d23ed38329f886437,9b46438f0c6472734127bfa9cd1af70b6f2fde91c76fb5ea353f515c3e1c3354,c43f3255726fed92ee142584ccd3a88728861862cb38f7c3defce8669ea501e6,20260813,,a23e0943d474d99dd812c0e2bcb43b1360570f0f4642e24ce48f9e3f977d3bb3,ours_native,True,True,4096,True,/home/kai3/coco/quantization_graph/results/disk_environment/.test_runs/gist/gist_test_20260829_204245/runs/gist_test_20260829_204245/05B_diskann_shared_graph/gist/artifacts/test/Ours-Disk__hybrid_disk__B2__standard__w32__r0.json,Ours-Disk,05B shared graph
05b,gist,Ours-Disk,hybrid_disk,test,gist_test_20260829_204245,0,32,2.0,beam1,15,15,db1+coalescing+reuse,standard,1,0.71275,16.998312587,1640274.04636875,1586923.993,2452771.638,2850945.948,,,,,1768.757458687,1325003840,,,392450048,529000000.0,1177000000.0,341336064.0,0.0,442.41625,442.72625,1813406.72,1638876.558108749,231.62584875,83.0063575,491.58537625,74.6787975,1224.81625,333.19,1223.81625,424.1125,425.1125,423.68375,15.0,0.0,800,02_diskann_fair,ExRaBitQ4 symmetric Vamana + DB1 x INT8 production search,05b-ours-release-native-odirect-v2,ad3c67ae1fadf7104297032eb26d35bb228b217530c1fee261a834d883166f20,7dd8941dcdf9a40c2444d3d84fabfc80df5e9bdf48e58404ee6acfe904091cf5,e33e7b4bab07227a7d11146027fadd00e2c9f15c4d7d176d23ed38329f886437,9b46438f0c6472734127bfa9cd1af70b6f2fde91c76fb5ea353f515c3e1c3354,c43f3255726fed92ee142584ccd3a88728861862cb38f7c3defce8669ea501e6,20260813,,a23e0943d474d99dd812c0e2bcb43b1360570f0f4642e24ce48f9e3f977d3bb3,ours_native,True,True,4096,True,/home/kai3/coco/quantization_graph/results/disk_environment/.test_runs/gist/gist_test_20260829_204245/runs/gist_test_20260829_204245/05B_diskann_shared_graph/gist/artifacts/test/Ours-Disk__hybrid_disk__B2__standard__w32__r0.json,Ours-Disk,05B shared graph
05b,gist,Ours-Disk,hybrid_disk,test,gist_test_20260829_204245,0,32,2.0,beam1,16,16,db1+coalescing+reuse,standard,1,0.7275,16.124001731,1721722.405608749,1672407.226,2531294.246,2969389.538,,,,,1768.757458687,1325003840,,,400416768,529000000.0,1177000000.0,341336064.0,0.0,456.5225,456.85,1871257.6,1720281.20392,238.99307,86.8833725,514.3573175,73.5712,1275.26625,348.695,1274.26625,437.50625,438.50625,436.97125,16.0,0.0,800,02_diskann_fair,ExRaBitQ4 symmetric Vamana + DB1 x INT8 production search,05b-ours-release-native-odirect-v2,ad3c67ae1fadf7104297032eb26d35bb228b217530c1fee261a834d883166f20,7dd8941dcdf9a40c2444d3d84fabfc80df5e9bdf48e58404ee6acfe904091cf5,e33e7b4bab07227a7d11146027fadd00e2c9f15c4d7d176d23ed38329f886437,9b46438f0c6472734127bfa9cd1af70b6f2fde91c76fb5ea353f515c3e1c3354,c43f3255726fed92ee142584ccd3a88728861862cb38f7c3defce8669ea501e6,20260813,,a23e0943d474d99dd812c0e2bcb43b1360570f0f4642e24ce48f9e3f977d3bb3,ours_native,True,True,4096,True,/home/kai3/coco/quantization_graph/results/disk_environment/.test_runs/gist/gist_test_20260829_204245/runs/gist_test_20260829_204245/05B_diskann_shared_graph/gist/artifacts/test/Ours-Disk__hybrid_disk__B2__standard__w32__r0.json,Ours-Disk,05B shared graph
05b,gist,Ours-Disk,hybrid_disk,test,gist_test_20260829_204245,0,32,2.0,beam1,17,17,db1+coalescing+reuse,standard,1,0.7395,13.777949988,2030150.906757503,1891203.024,3454530.21,4177219.228,,,,,1768.757458687,1325003840,,,401600512,529000000.0,1177000000.0,341336064.0,0.0,470.20375,470.5325,1927301.12,2028668.748413752,244.8318125,87.7262175,535.28102625,78.71175,1325.9175,363.645,1324.9175,450.38375,451.38375,449.78625,17.0,0.0,800,02_diskann_fair,ExRaBitQ4 symmetric Vamana + DB1 x INT8 production search,05b-ours-release-native-odirect-v2,ad3c67ae1fadf7104297032eb26d35bb228b217530c1fee261a834d883166f20,7dd8941dcdf9a40c2444d3d84fabfc80df5e9bdf48e58404ee6acfe904091cf5,e33e7b4bab07227a7d11146027fadd00e2c9f15c4d7d176d23ed38329f886437,9b46438f0c6472734127bfa9cd1af70b6f2fde91c76fb5ea353f515c3e1c3354,c43f3255726fed92ee142584ccd3a88728861862cb38f7c3defce8669ea501e6,20260813,,a23e0943d474d99dd812c0e2bcb43b1360570f0f4642e24ce48f9e3f977d3bb3,ours_native,True,True,4096,True,/home/kai3/coco/quantization_graph/results/disk_environment/.test_runs/gist/gist_test_20260829_204245/runs/gist_test_20260829_204245/05B_diskann_shared_graph/gist/artifacts/test/Ours-Disk__hybrid_disk__B2__standard__w32__r0.json,Ours-Disk,05B shared graph
05b,gist,Ours-Disk,hybrid_disk,test,gist_test_20260829_204245,0,32,2.0,beam1,18,18,db1+coalescing+reuse,standard,1,0.7485,15.255705751,1832311.981499998,1786938.077,2664467.537,3064306.18,,,,,1768.757458687,1325003840,,,408522752,529000000.0,1177000000.0,341336064.0,0.0,483.57375,483.90875,1982090.24,1830777.989467499,253.09806375,82.74087875,557.04325625,87.98578625,1370.3475,378.225,1369.3475,463.0675,464.0675,462.38375,18.0,0.0,800,02_diskann_fair,ExRaBitQ4 symmetric Vamana + DB1 x INT8 production search,05b-ours-release-native-odirect-v2,ad3c67ae1fadf7104297032eb26d35bb228b217530c1fee261a834d883166f20,7dd8941dcdf9a40c2444d3d84fabfc80df5e9bdf48e58404ee6acfe904091cf5,e33e7b4bab07227a7d11146027fadd00e2c9f15c4d7d176d23ed38329f886437,9b46438f0c6472734127bfa9cd1af70b6f2fde91c76fb5ea353f515c3e1c3354,c43f3255726fed92ee142584ccd3a88728861862cb38f7c3defce8669ea501e6,20260813,,a23e0943d474d99dd812c0e2bcb43b1360570f0f4642e24ce48f9e3f977d3bb3,ours_native,True,True,4096,True,/home/kai3/coco/quantization_graph/results/disk_environment/.test_runs/gist/gist_test_20260829_204245/runs/gist_test_20260829_204245/05B_diskann_shared_graph/gist/artifacts/test/Ours-Disk__hybrid_disk__B2__standard__w32__r0.json,Ours-Disk,05B shared graph
05b,gist,Ours-Disk,hybrid_disk,test,gist_test_20260829_204245,0,32,2.0,beam1,19,19,db1+coalescing+reuse,standard,1,0.75775,14.840261142,1879298.073880003,1813852.089,2749577.537,3052502.341,,,,,1768.757458687,1325003840,,,410697728,529000000.0,1177000000.0,341336064.0,0.0,496.4125,496.75375,2034703.36,1877732.506536248,259.84876,85.50926125,575.48966,87.96918,1417.0925,392.21125,1416.0925,475.18125,476.18125,474.4125,19.0,0.0,800,02_diskann_fair,ExRaBitQ4 symmetric Vamana + DB1 x INT8 production search,05b-ours-release-native-odirect-v2,ad3c67ae1fadf7104297032eb26d35bb228b217530c1fee261a834d883166f20,7dd8941dcdf9a40c2444d3d84fabfc80df5e9bdf48e58404ee6acfe904091cf5,e33e7b4bab07227a7d11146027fadd00e2c9f15c4d7d176d23ed38329f886437,9b46438f0c6472734127bfa9cd1af70b6f2fde91c76fb5ea353f515c3e1c3354,c43f3255726fed92ee142584ccd3a88728861862cb38f7c3defce8669ea501e6,20260813,,a23e0943d474d99dd812c0e2bcb43b1360570f0f4642e24ce48f9e3f977d3bb3,ours_native,True,True,4096,True,/home/kai3/coco/quantization_graph/results/disk_environment/.test_runs/gist/gist_test_20260829_204245/runs/gist_test_20260829_204245/05B_diskann_shared_graph/gist/artifacts/test/Ours-Disk__hybrid_disk__B2__standard__w32__r0.json,Ours-Disk,05B shared graph
05b,gist,Ours-Disk,hybrid_disk,test,gist_test_20260829_204245,0,32,2.0,beam1,20,20,db1+coalescing+reuse,standard,1,0.768125,14.207660158,1955949.521335,1922255.144,2826551.438,3185912.61,,,,,1768.757458687,1325003840,,,407076864,529000000.0,1177000000.0,341336064.0,0.0,509.64,509.99125,2088924.16,1954341.096588751,265.547755,84.886785,594.29735125,91.72006125,1467.36,406.17375,1466.36,487.62875,488.62875,486.7725,20.0,0.0,800,02_diskann_fair,ExRaBitQ4 symmetric Vamana + DB1 x INT8 production search,05b-ours-release-native-odirect-v2,ad3c67ae1fadf7104297032eb26d35bb228b217530c1fee261a834d883166f20,7dd8941dcdf9a40c2444d3d84fabfc80df5e9bdf48e58404ee6acfe904091cf5,e33e7b4bab07227a7d11146027fadd00e2c9f15c4d7d176d23ed38329f886437,9b46438f0c6472734127bfa9cd1af70b6f2fde91c76fb5ea353f515c3e1c3354,c43f3255726fed92ee142584ccd3a88728861862cb38f7c3defce8669ea501e6,20260813,,a23e0943d474d99dd812c0e2bcb43b1360570f0f4642e24ce48f9e3f977d3bb3,ours_native,True,True,4096,True,/home/kai3/coco/quantization_graph/results/disk_environment/.test_runs/gist/gist_test_20260829_204245/runs/gist_test_20260829_204245/05B_diskann_shared_graph/gist/artifacts/test/Ours-Disk__hybrid_disk__B2__standard__w32__r0.json,Ours-Disk,05B shared graph
05b,gist,Ours-Disk,hybrid_disk,test,gist_test_20260829_204245,0,32,2.0,beam1,21,21,db1+coalescing+reuse,standard,1,0.77525,13.961763668,1994530.430194999,1951226.556,2865899.241,3295328.473,,,,,1768.757458687,1325003840,,,420245504,529000000.0,1177000000.0,341336064.0,0.0,522.12,522.48125,2140083.2,1992876.861813751,272.18581625,83.84371375,614.55019875,96.21959625,1511.89875,419.875,1510.89875,499.3875,500.3875,498.46,21.0,0.0,800,02_diskann_fair,ExRaBitQ4 symmetric Vamana + DB1 x INT8 production search,05b-ours-release-native-odirect-v2,ad3c67ae1fadf7104297032eb26d35bb228b217530c1fee261a834d883166f20,7dd8941dcdf9a40c2444d3d84fabfc80df5e9bdf48e58404ee6acfe904091cf5,e33e7b4bab07227a7d11146027fadd00e2c9f15c4d7d176d23ed38329f886437,9b46438f0c6472734127bfa9cd1af70b6f2fde91c76fb5ea353f515c3e1c3354,c43f3255726fed92ee142584ccd3a88728861862cb38f7c3defce8669ea501e6,20260813,,a23e0943d474d99dd812c0e2bcb43b1360570f0f4642e24ce48f9e3f977d3bb3,ours_native,True,True,4096,True,/home/kai3/coco/quantization_graph/results/disk_environment/.test_runs/gist/gist_test_20260829_204245/runs/gist_test_20260829_204245/05B_diskann_shared_graph/gist/artifacts/test/Ours-Disk__hybrid_disk__B2__standard__w32__r0.json,Ours-Disk,05B shared graph
05b,gist,Ours-Disk,hybrid_disk,test,gist_test_20260829_204245,0,32,2.0,beam1,22,22,db1+coalescing+reuse,standard,1,0.783125,13.553047577,2061151.761818749,2002092.228,2931708.846,3324391.849,,,,,1768.757458687,1325003840,,,421220352,529000000.0,1177000000.0,341336064.0,0.0,533.885,534.255,2188308.48,2059460.48472375,279.52985,83.41587,633.3443475,100.65100875,1554.15375,432.8125,1553.15375,510.485,511.485,509.46125,22.0,0.0,800,02_diskann_fair,ExRaBitQ4 symmetric Vamana + DB1 x INT8 production search,05b-ours-release-native-odirect-v2,ad3c67ae1fadf7104297032eb26d35bb228b217530c1fee261a834d883166f20,7dd8941dcdf9a40c2444d3d84fabfc80df5e9bdf48e58404ee6acfe904091cf5,e33e7b4bab07227a7d11146027fadd00e2c9f15c4d7d176d23ed38329f886437,9b46438f0c6472734127bfa9cd1af70b6f2fde91c76fb5ea353f515c3e1c3354,c43f3255726fed92ee142584ccd3a88728861862cb38f7c3defce8669ea501e6,20260813,,a23e0943d474d99dd812c0e2bcb43b1360570f0f4642e24ce48f9e3f977d3bb3,ours_native,True,True,4096,True,/home/kai3/coco/quantization_graph/results/disk_environment/.test_runs/gist/gist_test_20260829_204245/runs/gist_test_20260829_204245/05B_diskann_shared_graph/gist/artifacts/test/Ours-Disk__hybrid_disk__B2__standard__w32__r0.json,Ours-Disk,05B shared graph
05b,gist,Ours-Disk,hybrid_disk,test,gist_test_20260829_204245,0,32,2.0,beam1,23,23,db1+coalescing+reuse,standard,1,0.7915,13.277694342,2100490.259458746,2057216.966,3004816.169,3290448.277,,,,,1768.757458687,1325003840,,,426496000,529000000.0,1177000000.0,341336064.0,0.0,546.14125,546.51875,2238540.8,2098758.379332501,285.52897,84.45242,651.93904625,102.9238525,1601.80875,446.2325,1600.80875,522.01375,523.01375,520.89125,23.0,0.0,800,02_diskann_fair,ExRaBitQ4 symmetric Vamana + DB1 x INT8 production search,05b-ours-release-native-odirect-v2,ad3c67ae1fadf7104297032eb26d35bb228b217530c1fee261a834d883166f20,7dd8941dcdf9a40c2444d3d84fabfc80df5e9bdf48e58404ee6acfe904091cf5,e33e7b4bab07227a7d11146027fadd00e2c9f15c4d7d176d23ed38329f886437,9b46438f0c6472734127bfa9cd1af70b6f2fde91c76fb5ea353f515c3e1c3354,c43f3255726fed92ee142584ccd3a88728861862cb38f7c3defce8669ea501e6,20260813,,a23e0943d474d99dd812c0e2bcb43b1360570f0f4642e24ce48f9e3f977d3bb3,ours_native,True,True,4096,True,/home/kai3/coco/quantization_graph/results/disk_environment/.test_runs/gist/gist_test_20260829_204245/runs/gist_test_20260829_204245/05B_diskann_shared_graph/gist/artifacts/test/Ours-Disk__hybrid_disk__B2__standard__w32__r0.json,Ours-Disk,05B shared graph
05b,gist,Ours-Disk,hybrid_disk,test,gist_test_20260829_204245,0,32,2.0,beam1,24,24,db1+coalescing+reuse,standard,1,0.797875,12.931747562,2153078.070442501,2104415.396,2984709.358,3399095.592,,,,,1768.757458687,1325003840,,,427175936,529000000.0,1177000000.0,341336064.0,0.0,557.86875,558.25125,2286597.12,2151314.425793752,290.81733625,85.6954025,669.5104175,104.840175,1644.54625,459.025,1643.54625,533.04,534.04,531.8325,24.0,0.0,800,02_diskann_fair,ExRaBitQ4 symmetric Vamana + DB1 x INT8 production search,05b-ours-release-native-odirect-v2,ad3c67ae1fadf7104297032eb26d35bb228b217530c1fee261a834d883166f20,7dd8941dcdf9a40c2444d3d84fabfc80df5e9bdf48e58404ee6acfe904091cf5,e33e7b4bab07227a7d11146027fadd00e2c9f15c4d7d176d23ed38329f886437,9b46438f0c6472734127bfa9cd1af70b6f2fde91c76fb5ea353f515c3e1c3354,c43f3255726fed92ee142584ccd3a88728861862cb38f7c3defce8669ea501e6,20260813,,a23e0943d474d99dd812c0e2bcb43b1360570f0f4642e24ce48f9e3f977d3bb3,ours_native,True,True,4096,True,/home/kai3/coco/quantization_graph/results/disk_environment/.test_runs/gist/gist_test_20260829_204245/runs/gist_test_20260829_204245/05B_diskann_shared_graph/gist/artifacts/test/Ours-Disk__hybrid_disk__B2__standard__w32__r0.json,Ours-Disk,05B shared graph
05b,gist,Ours-Disk,hybrid_disk,test,gist_test_20260829_204245,0,32,2.0,beam1,25,25,db1+coalescing+reuse,standard,1,0.805,12.558949771,2221055.3293975,2188900.608,3095641.493,3459315.213,,,,,1768.757458687,1325003840,,,437551104,529000000.0,1177000000.0,341336064.0,0.0,569.465,569.85125,2334110.72,2219253.08586875,296.24159125,86.41876875,689.360125,108.806445,1690.66625,471.69625,1689.66625,543.8925,544.8925,542.60875,25.0,0.0,800,02_diskann_fair,ExRaBitQ4 symmetric Vamana + DB1 x INT8 production search,05b-ours-release-native-odirect-v2,ad3c67ae1fadf7104297032eb26d35bb228b217530c1fee261a834d883166f20,7dd8941dcdf9a40c2444d3d84fabfc80df5e9bdf48e58404ee6acfe904091cf5,e33e7b4bab07227a7d11146027fadd00e2c9f15c4d7d176d23ed38329f886437,9b46438f0c6472734127bfa9cd1af70b6f2fde91c76fb5ea353f515c3e1c3354,c43f3255726fed92ee142584ccd3a88728861862cb38f7c3defce8669ea501e6,20260813,,a23e0943d474d99dd812c0e2bcb43b1360570f0f4642e24ce48f9e3f977d3bb3,ours_native,True,True,4096,True,/home/kai3/coco/quantization_graph/results/disk_environment/.test_runs/gist/gist_test_20260829_204245/runs/gist_test_20260829_204245/05B_diskann_shared_graph/gist/artifacts/test/Ours-Disk__hybrid_disk__B2__standard__w32__r0.json,Ours-Disk,05B shared graph
05b,gist,Ours-Disk,hybrid_disk,test,gist_test_20260829_204245,0,32,2.0,beam1,26,26,db1+coalescing+reuse,standard,1,0.811625,11.973380064,2336866.11531125,2288236.836,3308837.434,3788150.098,,,,,1768.757458687,1325003840,,,429543424,529000000.0,1177000000.0,341336064.0,0.0,580.845,581.23625,2380743.68,2335026.386835001,303.3141175,83.66908375,707.19179625,114.99319375,1730.94375,483.93625,1729.94375,554.6,555.6,553.2475,26.0,0.0,800,02_diskann_fair,ExRaBitQ4 symmetric Vamana + DB1 x INT8 production search,05b-ours-release-native-odirect-v2,ad3c67ae1fadf7104297032eb26d35bb228b217530c1fee261a834d883166f20,7dd8941dcdf9a40c2444d3d84fabfc80df5e9bdf48e58404ee6acfe904091cf5,e33e7b4bab07227a7d11146027fadd00e2c9f15c4d7d176d23ed38329f886437,9b46438f0c6472734127bfa9cd1af70b6f2fde91c76fb5ea353f515c3e1c3354,c43f3255726fed92ee142584ccd3a88728861862cb38f7c3defce8669ea501e6,20260813,,a23e0943d474d99dd812c0e2bcb43b1360570f0f4642e24ce48f9e3f977d3bb3,ours_native,True,True,4096,True,/home/kai3/coco/quantization_graph/results/disk_environment/.test_runs/gist/gist_test_20260829_204245/runs/gist_test_20260829_204245/05B_diskann_shared_graph/gist/artifacts/test/Ours-Disk__hybrid_disk__B2__standard__w32__r0.json,Ours-Disk,05B shared graph
05b,gist,Ours-Disk,hybrid_disk,test,gist_test_20260829_204245,0,32,2.0,beam1,27,27,db1+coalescing+reuse,standard,1,0.817875,11.918994665,2342641.634843747,2309089.248,3285159.851,3797354.136,,,,,1768.757458687,1325003840,,,440713216,529000000.0,1177000000.0,341336064.0,0.0,592.23875,592.63375,2427427.84,2340754.170852498,309.37233875,85.01949625,725.18855625,117.06395875,1773.60125,496.3375,1772.60125,565.31375,566.31375,563.87,27.0,0.0,800,02_diskann_fair,ExRaBitQ4 symmetric Vamana + DB1 x INT8 production search,05b-ours-release-native-odirect-v2,ad3c67ae1fadf7104297032eb26d35bb228b217530c1fee261a834d883166f20,7dd8941dcdf9a40c2444d3d84fabfc80df5e9bdf48e58404ee6acfe904091cf5,e33e7b4bab07227a7d11146027fadd00e2c9f15c4d7d176d23ed38329f886437,9b46438f0c6472734127bfa9cd1af70b6f2fde91c76fb5ea353f515c3e1c3354,c43f3255726fed92ee142584ccd3a88728861862cb38f7c3defce8669ea501e6,20260813,,a23e0943d474d99dd812c0e2bcb43b1360570f0f4642e24ce48f9e3f977d3bb3,ours_native,True,True,4096,True,/home/kai3/coco/quantization_graph/results/disk_environment/.test_runs/gist/gist_test_20260829_204245/runs/gist_test_20260829_204245/05B_diskann_shared_graph/gist/artifacts/test/Ours-Disk__hybrid_disk__B2__standard__w32__r0.json,Ours-Disk,05B shared graph
05b,gist,Ours-Disk,hybrid_disk,test,gist_test_20260829_204245,0,32,2.0,beam1,28,28,db1+coalescing+reuse,standard,1,0.821875,11.607764719,2402324.840547503,2382734.521,3290560.841,3864535.31,,,,,1768.757458687,1325003840,,,445022208,529000000.0,1177000000.0,341336064.0,0.0,603.59375,603.99375,2473958.4,2400407.70719375,315.58979375,84.15755625,743.79213375,120.949325,1816.2675,508.6875,1815.2675,575.9925,576.9925,574.4575,28.0,0.0,800,02_diskann_fair,ExRaBitQ4 symmetric Vamana + DB1 x INT8 production search,05b-ours-release-native-odirect-v2,ad3c67ae1fadf7104297032eb26d35bb228b217530c1fee261a834d883166f20,7dd8941dcdf9a40c2444d3d84fabfc80df5e9bdf48e58404ee6acfe904091cf5,e33e7b4bab07227a7d11146027fadd00e2c9f15c4d7d176d23ed38329f886437,9b46438f0c6472734127bfa9cd1af70b6f2fde91c76fb5ea353f515c3e1c3354,c43f3255726fed92ee142584ccd3a88728861862cb38f7c3defce8669ea501e6,20260813,,a23e0943d474d99dd812c0e2bcb43b1360570f0f4642e24ce48f9e3f977d3bb3,ours_native,True,True,4096,True,/home/kai3/coco/quantization_graph/results/disk_environment/.test_runs/gist/gist_test_20260829_204245/runs/gist_test_20260829_204245/05B_diskann_shared_graph/gist/artifacts/test/Ours-Disk__hybrid_disk__B2__standard__w32__r0.json,Ours-Disk,05B shared graph
05b,gist,Ours-Disk,hybrid_disk,test,gist_test_20260829_204245,0,32,2.0,beam1,29,29,db1+coalescing+reuse,standard,1,0.826625,11.437822325,2433620.247473749,2387671.474,3368083.738,3787097.907,,,,,1768.757458687,1325003840,,,441131008,529000000.0,1177000000.0,341336064.0,0.0,614.85875,615.2625,2520115.2,2431647.449463746,322.79105375,83.94591375,765.484775,125.16330375,1861.1075,520.90625,1860.1075,586.545,587.545,584.91875,29.0,0.0,800,02_diskann_fair,ExRaBitQ4 symmetric Vamana + DB1 x INT8 production search,05b-ours-release-native-odirect-v2,ad3c67ae1fadf7104297032eb26d35bb228b217530c1fee261a834d883166f20,7dd8941dcdf9a40c2444d3d84fabfc80df5e9bdf48e58404ee6acfe904091cf5,e33e7b4bab07227a7d11146027fadd00e2c9f15c4d7d176d23ed38329f886437,9b46438f0c6472734127bfa9cd1af70b6f2fde91c76fb5ea353f515c3e1c3354,c43f3255726fed92ee142584ccd3a88728861862cb38f7c3defce8669ea501e6,20260813,,a23e0943d474d99dd812c0e2bcb43b1360570f0f4642e24ce48f9e3f977d3bb3,ours_native,True,True,4096,True,/home/kai3/coco/quantization_graph/results/disk_environment/.test_runs/gist/gist_test_20260829_204245/runs/gist_test_20260829_204245/05B_diskann_shared_graph/gist/artifacts/test/Ours-Disk__hybrid_disk__B2__standard__w32__r0.json,Ours-Disk,05B shared graph
05b,gist,Ours-Disk,hybrid_disk,test,gist_test_20260829_204245,0,32,2.0,beam1,30,30,db1+coalescing+reuse,standard,1,0.832,11.137768838,2506883.364883753,2465114.982,3434823.81,3958278.582,,,,,1768.757458687,1325003840,,,446816256,529000000.0,1177000000.0,341336064.0,0.0,626.34125,626.75,2567168.0,2504867.58140375,328.45216875,84.19653875,783.22642875,128.488875,1906.985,533.38875,1905.985,597.25,598.25,595.55,30.0,0.0,800,02_diskann_fair,ExRaBitQ4 symmetric Vamana + DB1 x INT8 production search,05b-ours-release-native-odirect-v2,ad3c67ae1fadf7104297032eb26d35bb228b217530c1fee261a834d883166f20,7dd8941dcdf9a40c2444d3d84fabfc80df5e9bdf48e58404ee6acfe904091cf5,e33e7b4bab07227a7d11146027fadd00e2c9f15c4d7d176d23ed38329f886437,9b46438f0c6472734127bfa9cd1af70b6f2fde91c76fb5ea353f515c3e1c3354,c43f3255726fed92ee142584ccd3a88728861862cb38f7c3defce8669ea501e6,20260813,,a23e0943d474d99dd812c0e2bcb43b1360570f0f4642e24ce48f9e3f977d3bb3,ours_native,True,True,4096,True,/home/kai3/coco/quantization_graph/results/disk_environment/.test_runs/gist/gist_test_20260829_204245/runs/gist_test_20260829_204245/05B_diskann_shared_graph/gist/artifacts/test/Ours-Disk__hybrid_disk__B2__standard__w32__r0.json,Ours-Disk,05B shared graph
05b,gist,Ours-Disk,hybrid_disk,test,gist_test_20260829_204245,0,32,2.0,beam1,40,40,db1+coalescing+reuse,standard,1,0.873,9.00527825,3104741.932960001,3043007.408,4273113.463,5119179.881,,,,,1768.757458687,1325003840,,,481157120,529000000.0,1177000000.0,341336064.0,0.0,732.52625,733.0075,3002398.72,3102362.217849997,384.71178875,87.17323,967.87638875,163.08378375,2338.38875,646.8475,2337.38875,696.0925,697.0925,693.5825,40.0,0.0,800,02_diskann_fair,ExRaBitQ4 symmetric Vamana + DB1 x INT8 production search,05b-ours-release-native-odirect-v2,ad3c67ae1fadf7104297032eb26d35bb228b217530c1fee261a834d883166f20,7dd8941dcdf9a40c2444d3d84fabfc80df5e9bdf48e58404ee6acfe904091cf5,e33e7b4bab07227a7d11146027fadd00e2c9f15c4d7d176d23ed38329f886437,9b46438f0c6472734127bfa9cd1af70b6f2fde91c76fb5ea353f515c3e1c3354,c43f3255726fed92ee142584ccd3a88728861862cb38f7c3defce8669ea501e6,20260813,,a23e0943d474d99dd812c0e2bcb43b1360570f0f4642e24ce48f9e3f977d3bb3,ours_native,True,True,4096,True,/home/kai3/coco/quantization_graph/results/disk_environment/.test_runs/gist/gist_test_20260829_204245/runs/gist_test_20260829_204245/05B_diskann_shared_graph/gist/artifacts/test/Ours-Disk__hybrid_disk__B2__standard__w32__r0.json,Ours-Disk,05B shared graph
05b,gist,Ours-Disk,hybrid_disk,test,gist_test_20260829_204245,0,32,2.0,beam1,50,50,db1+coalescing+reuse,standard,1,0.894625,7.919874244,3524702.506842498,3487920.696,4649262.437,5465210.562,,,,,1768.757458687,1325003840,,,501268480,529000000.0,1177000000.0,341336064.0,0.0,833.0925,833.63375,3414563.84,3521941.556467501,438.64844125,84.0773775,1148.6140775,204.21376625,2765.4425,748.28125,2764.4425,789.21125,790.21125,785.9,50.0,0.0,800,02_diskann_fair,ExRaBitQ4 symmetric Vamana + DB1 x INT8 production search,05b-ours-release-native-odirect-v2,ad3c67ae1fadf7104297032eb26d35bb228b217530c1fee261a834d883166f20,7dd8941dcdf9a40c2444d3d84fabfc80df5e9bdf48e58404ee6acfe904091cf5,e33e7b4bab07227a7d11146027fadd00e2c9f15c4d7d176d23ed38329f886437,9b46438f0c6472734127bfa9cd1af70b6f2fde91c76fb5ea353f515c3e1c3354,c43f3255726fed92ee142584ccd3a88728861862cb38f7c3defce8669ea501e6,20260813,,a23e0943d474d99dd812c0e2bcb43b1360570f0f4642e24ce48f9e3f977d3bb3,ours_native,True,True,4096,True,/home/kai3/coco/quantization_graph/results/disk_environment/.test_runs/gist/gist_test_20260829_204245/runs/gist_test_20260829_204245/05B_diskann_shared_graph/gist/artifacts/test/Ours-Disk__hybrid_disk__B2__standard__w32__r0.json,Ours-Disk,05B shared graph
05b,gist,Ours-Disk,hybrid_disk,test,gist_test_20260829_204245,0,32,2.0,beam1,60,60,db1+coalescing+reuse,standard,1,0.914875,6.953181769,4010947.295627495,3939490.448,5303899.538,6105604.115,,,,,1768.757458687,1325003840,,,524619776,529000000.0,1177000000.0,341336064.0,0.0,930.09375,930.6875,3812096.0,4007831.326311247,491.8863125,84.6732925,1320.6022275,238.2427175,3184.055,843.64125,3183.055,878.8075,879.8075,874.6175,60.0,0.0,800,02_diskann_fair,ExRaBitQ4 symmetric Vamana + DB1 x INT8 production search,05b-ours-release-native-odirect-v2,ad3c67ae1fadf7104297032eb26d35bb228b217530c1fee261a834d883166f20,7dd8941dcdf9a40c2444d3d84fabfc80df5e9bdf48e58404ee6acfe904091cf5,e33e7b4bab07227a7d11146027fadd00e2c9f15c4d7d176d23ed38329f886437,9b46438f0c6472734127bfa9cd1af70b6f2fde91c76fb5ea353f515c3e1c3354,c43f3255726fed92ee142584ccd3a88728861862cb38f7c3defce8669ea501e6,20260813,,a23e0943d474d99dd812c0e2bcb43b1360570f0f4642e24ce48f9e3f977d3bb3,ours_native,True,True,4096,True,/home/kai3/coco/quantization_graph/results/disk_environment/.test_runs/gist/gist_test_20260829_204245/runs/gist_test_20260829_204245/05B_diskann_shared_graph/gist/artifacts/test/Ours-Disk__hybrid_disk__B2__standard__w32__r0.json,Ours-Disk,05B shared graph
05b,gist,Ours-Disk,hybrid_disk,test,gist_test_20260829_204245,0,32,2.0,beam1,70,70,db1+coalescing+reuse,standard,1,0.927625,6.228021643,4478312.367821252,4405408.914,5920438.722,6795077.997,,,,,1768.757458687,1325003840,,,557871104,529000000.0,1177000000.0,341336064.0,0.0,1021.99625,1022.635,4188712.96,4474853.03906625,541.112705,84.89384875,1494.94844375,278.07448375,3595.03125,932.1575,3594.03125,963.23125,964.23125,958.195,70.0,0.0,800,02_diskann_fair,ExRaBitQ4 symmetric Vamana + DB1 x INT8 production search,05b-ours-release-native-odirect-v2,ad3c67ae1fadf7104297032eb26d35bb228b217530c1fee261a834d883166f20,7dd8941dcdf9a40c2444d3d84fabfc80df5e9bdf48e58404ee6acfe904091cf5,e33e7b4bab07227a7d11146027fadd00e2c9f15c4d7d176d23ed38329f886437,9b46438f0c6472734127bfa9cd1af70b6f2fde91c76fb5ea353f515c3e1c3354,c43f3255726fed92ee142584ccd3a88728861862cb38f7c3defce8669ea501e6,20260813,,a23e0943d474d99dd812c0e2bcb43b1360570f0f4642e24ce48f9e3f977d3bb3,ours_native,True,True,4096,True,/home/kai3/coco/quantization_graph/results/disk_environment/.test_runs/gist/gist_test_20260829_204245/runs/gist_test_20260829_204245/05B_diskann_shared_graph/gist/artifacts/test/Ours-Disk__hybrid_disk__B2__standard__w32__r0.json,Ours-Disk,05B shared graph
05b,gist,Ours-Disk,hybrid_disk,test,gist_test_20260829_204245,0,32,2.0,beam1,80,80,db1+coalescing+reuse,standard,1,0.937875,5.554847189,4977379.526627501,4896441.19,6492581.736,7618205.064999999,,,,,1768.757458687,1325003840,,,588574720,529000000.0,1177000000.0,341336064.0,0.0,1111.77625,1112.455,4556615.68,4973574.389521251,589.66819375,86.33505125,1659.799425,312.2653125,3997.53,1016.8525,3996.53,1045.5225,1046.5225,1039.60625,80.0,0.0,800,02_diskann_fair,ExRaBitQ4 symmetric Vamana + DB1 x INT8 production search,05b-ours-release-native-odirect-v2,ad3c67ae1fadf7104297032eb26d35bb228b217530c1fee261a834d883166f20,7dd8941dcdf9a40c2444d3d84fabfc80df5e9bdf48e58404ee6acfe904091cf5,e33e7b4bab07227a7d11146027fadd00e2c9f15c4d7d176d23ed38329f886437,9b46438f0c6472734127bfa9cd1af70b6f2fde91c76fb5ea353f515c3e1c3354,c43f3255726fed92ee142584ccd3a88728861862cb38f7c3defce8669ea501e6,20260813,,a23e0943d474d99dd812c0e2bcb43b1360570f0f4642e24ce48f9e3f977d3bb3,ours_native,True,True,4096,True,/home/kai3/coco/quantization_graph/results/disk_environment/.test_runs/gist/gist_test_20260829_204245/runs/gist_test_20260829_204245/05B_diskann_shared_graph/gist/artifacts/test/Ours-Disk__hybrid_disk__B2__standard__w32__r0.json,Ours-Disk,05B shared graph
05b,gist,Ours-Disk,hybrid_disk,test,gist_test_20260829_204245,0,32,2.0,beam1,90,90,db1+coalescing+reuse,standard,1,0.945375,5.185927148,5388197.320671247,5288360.64,6920009.964,8096515.175000001,,,,,1768.757458687,1325003840,,,601456640,529000000.0,1177000000.0,341336064.0,0.0,1198.93125,1199.64875,4913761.28,5384037.692518752,637.77799375,84.93788125,1820.21288,353.112295,4392.71625,1098.52625,4391.71625,1125.23625,1126.23625,1118.435,90.0,0.0,800,02_diskann_fair,ExRaBitQ4 symmetric Vamana + DB1 x INT8 production search,05b-ours-release-native-odirect-v2,ad3c67ae1fadf7104297032eb26d35bb228b217530c1fee261a834d883166f20,7dd8941dcdf9a40c2444d3d84fabfc80df5e9bdf48e58404ee6acfe904091cf5,e33e7b4bab07227a7d11146027fadd00e2c9f15c4d7d176d23ed38329f886437,9b46438f0c6472734127bfa9cd1af70b6f2fde91c76fb5ea353f515c3e1c3354,c43f3255726fed92ee142584ccd3a88728861862cb38f7c3defce8669ea501e6,20260813,,a23e0943d474d99dd812c0e2bcb43b1360570f0f4642e24ce48f9e3f977d3bb3,ours_native,True,True,4096,True,/home/kai3/coco/quantization_graph/results/disk_environment/.test_runs/gist/gist_test_20260829_204245/runs/gist_test_20260829_204245/05B_diskann_shared_graph/gist/artifacts/test/Ours-Disk__hybrid_disk__B2__standard__w32__r0.json,Ours-Disk,05B shared graph
05b,gist,Ours-Disk,hybrid_disk,test,gist_test_20260829_204245,0,32,2.0,beam1,100,100,db1+coalescing+reuse,standard,1,0.951375,4.792032399,5821656.355987499,5756805.350000001,7547514.052,8635241.509,,,,,1768.757458687,1325003840,,,645038080,529000000.0,1177000000.0,341336064.0,0.0,1284.04,1284.81625,5262607.36,5816889.761464992,689.31343625,85.865785,2101.39766875,399.47702875,4786.48625,1177.36,4785.48625,1202.78125,1203.78125,1195.08375,100.0,0.0,800,02_diskann_fair,ExRaBitQ4 symmetric Vamana + DB1 x INT8 production search,05b-ours-release-native-odirect-v2,ad3c67ae1fadf7104297032eb26d35bb228b217530c1fee261a834d883166f20,7dd8941dcdf9a40c2444d3d84fabfc80df5e9bdf48e58404ee6acfe904091cf5,e33e7b4bab07227a7d11146027fadd00e2c9f15c4d7d176d23ed38329f886437,9b46438f0c6472734127bfa9cd1af70b6f2fde91c76fb5ea353f515c3e1c3354,c43f3255726fed92ee142584ccd3a88728861862cb38f7c3defce8669ea501e6,20260813,,a23e0943d474d99dd812c0e2bcb43b1360570f0f4642e24ce48f9e3f977d3bb3,ours_native,True,True,4096,True,/home/kai3/coco/quantization_graph/results/disk_environment/.test_runs/gist/gist_test_20260829_204245/runs/gist_test_20260829_204245/05B_diskann_shared_graph/gist/artifacts/test/Ours-Disk__hybrid_disk__B2__standard__w32__r0.json,Ours-Disk,05B shared graph
05b,gist,Ours-Disk,hybrid_disk,test,gist_test_20260829_204245,0,32,2.0,beam1,140,140,db1+coalescing+reuse,standard,1,0.969625,3.661071761,7658607.904793761,7466361.02,10266185.265,11919364.919,,,,,1768.757458687,1325003840,,,716812288,529000000.0,1177000000.0,341336064.0,0.0,1605.18625,1606.11625,6578652.16,7652390.413251251,876.00144625,95.32379625,2827.32032,413.57770625,6275.25125,1472.04125,6274.25125,1494.08125,1495.08125,1482.5675,100.0,0.0,800,02_diskann_fair,ExRaBitQ4 symmetric Vamana + DB1 x INT8 production search,05b-ours-release-native-odirect-v2,ad3c67ae1fadf7104297032eb26d35bb228b217530c1fee261a834d883166f20,7dd8941dcdf9a40c2444d3d84fabfc80df5e9bdf48e58404ee6acfe904091cf5,e33e7b4bab07227a7d11146027fadd00e2c9f15c4d7d176d23ed38329f886437,9b46438f0c6472734127bfa9cd1af70b6f2fde91c76fb5ea353f515c3e1c3354,c43f3255726fed92ee142584ccd3a88728861862cb38f7c3defce8669ea501e6,20260813,,a23e0943d474d99dd812c0e2bcb43b1360570f0f4642e24ce48f9e3f977d3bb3,ours_native,True,True,4096,True,/home/kai3/coco/quantization_graph/results/disk_environment/.test_runs/gist/gist_test_20260829_204245/runs/gist_test_20260829_204245/05B_diskann_shared_graph/gist/artifacts/test/Ours-Disk__hybrid_disk__B2__standard__w32__r0.json,Ours-Disk,05B shared graph
05b,gist,Ours-Disk,hybrid_disk,test,gist_test_20260829_204245,0,32,2.0,beam1,180,180,db1+coalescing+reuse,standard,1,0.975625,3.061048893,9114326.260006256,8982432.205,11774421.247,13740409.853999998,,,,,1768.757458687,1325003840,,,788557824,529000000.0,1177000000.0,341336064.0,0.0,1906.29375,1907.37375,7812602.88,9106829.0635825,1043.9800825,99.71074125,3423.6533025,420.77661875,7680.43625,1745.08625,7679.43625,1765.34375,1766.34375,1749.845,100.0,0.0,800,02_diskann_fair,ExRaBitQ4 symmetric Vamana + DB1 x INT8 production search,05b-ours-release-native-odirect-v2,ad3c67ae1fadf7104297032eb26d35bb228b217530c1fee261a834d883166f20,7dd8941dcdf9a40c2444d3d84fabfc80df5e9bdf48e58404ee6acfe904091cf5,e33e7b4bab07227a7d11146027fadd00e2c9f15c4d7d176d23ed38329f886437,9b46438f0c6472734127bfa9cd1af70b6f2fde91c76fb5ea353f515c3e1c3354,c43f3255726fed92ee142584ccd3a88728861862cb38f7c3defce8669ea501e6,20260813,,a23e0943d474d99dd812c0e2bcb43b1360570f0f4642e24ce48f9e3f977d3bb3,ours_native,True,True,4096,True,/home/kai3/coco/quantization_graph/results/disk_environment/.test_runs/gist/gist_test_20260829_204245/runs/gist_test_20260829_204245/05B_diskann_shared_graph/gist/artifacts/test/Ours-Disk__hybrid_disk__B2__standard__w32__r0.json,Ours-Disk,05B shared graph
05b,gist,Ours-Disk,hybrid_disk,test,gist_test_20260829_204245,0,32,2.0,beam1,220,220,db1+coalescing+reuse,standard,1,0.980375,2.63318807,10612204.757498749,10473930.964000002,13592247.084,15830709.215,,,,,1768.757458687,1325003840,,,876625920,529000000.0,1177000000.0,341336064.0,0.0,2191.41125,2192.62,8980971.52,10603205.309256256,1215.581865,98.17307625,4111.1022175,439.269405,9020.9425,2001.81875,9019.9425,2020.88875,2021.88875,2001.21125,100.0,0.0,800,02_diskann_fair,ExRaBitQ4 symmetric Vamana + DB1 x INT8 production search,05b-ours-release-native-odirect-v2,ad3c67ae1fadf7104297032eb26d35bb228b217530c1fee261a834d883166f20,7dd8941dcdf9a40c2444d3d84fabfc80df5e9bdf48e58404ee6acfe904091cf5,e33e7b4bab07227a7d11146027fadd00e2c9f15c4d7d176d23ed38329f886437,9b46438f0c6472734127bfa9cd1af70b6f2fde91c76fb5ea353f515c3e1c3354,c43f3255726fed92ee142584ccd3a88728861862cb38f7c3defce8669ea501e6,20260813,,a23e0943d474d99dd812c0e2bcb43b1360570f0f4642e24ce48f9e3f977d3bb3,ours_native,True,True,4096,True,/home/kai3/coco/quantization_graph/results/disk_environment/.test_runs/gist/gist_test_20260829_204245/runs/gist_test_20260829_204245/05B_diskann_shared_graph/gist/artifacts/test/Ours-Disk__hybrid_disk__B2__standard__w32__r0.json,Ours-Disk,05B shared graph
05b,gist,Ours-Disk,hybrid_disk,test,gist_test_20260829_204245,0,32,2.0,beam1,260,260,db1+coalescing+reuse,standard,1,0.982125,2.295897165,12133625.975372486,11931557.416,15742756.441000002,17859915.826,,,,,1768.757458687,1325003840,,,920735744,529000000.0,1177000000.0,341336064.0,0.0,2466.0625,2467.38125,10106393.6,12123462.966508755,1371.36973125,99.14833625,4669.5301225,436.05596,10305.28625,2247.5175,10304.28625,2266.0375,2267.0375,2242.15875,100.0,0.0,800,02_diskann_fair,ExRaBitQ4 symmetric Vamana + DB1 x INT8 production search,05b-ours-release-native-odirect-v2,ad3c67ae1fadf7104297032eb26d35bb228b217530c1fee261a834d883166f20,7dd8941dcdf9a40c2444d3d84fabfc80df5e9bdf48e58404ee6acfe904091cf5,e33e7b4bab07227a7d11146027fadd00e2c9f15c4d7d176d23ed38329f886437,9b46438f0c6472734127bfa9cd1af70b6f2fde91c76fb5ea353f515c3e1c3354,c43f3255726fed92ee142584ccd3a88728861862cb38f7c3defce8669ea501e6,20260813,,a23e0943d474d99dd812c0e2bcb43b1360570f0f4642e24ce48f9e3f977d3bb3,ours_native,True,True,4096,True,/home/kai3/coco/quantization_graph/results/disk_environment/.test_runs/gist/gist_test_20260829_204245/runs/gist_test_20260829_204245/05B_diskann_shared_graph/gist/artifacts/test/Ours-Disk__hybrid_disk__B2__standard__w32__r0.json,Ours-Disk,05B shared graph
05b,gist,Ours-Disk,hybrid_disk,test,gist_test_20260829_204245,0,32,2.0,beam1,300,300,db1+coalescing+reuse,standard,1,0.9835,2.054722994,13585958.194193736,13420116.638,17468438.442,19719490.597,,,,,1768.757458687,1325003840,,,979828736,529000000.0,1177000000.0,341336064.0,0.0,2729.39875,2730.82,11185438.72,13574780.657298751,1511.11848875,99.34552625,5175.289525,440.0064875,11546.6125,2481.8775,11545.6125,2499.72625,2500.72625,2471.64125,100.0,0.0,800,02_diskann_fair,ExRaBitQ4 symmetric Vamana + DB1 x INT8 production search,05b-ours-release-native-odirect-v2,ad3c67ae1fadf7104297032eb26d35bb228b217530c1fee261a834d883166f20,7dd8941dcdf9a40c2444d3d84fabfc80df5e9bdf48e58404ee6acfe904091cf5,e33e7b4bab07227a7d11146027fadd00e2c9f15c4d7d176d23ed38329f886437,9b46438f0c6472734127bfa9cd1af70b6f2fde91c76fb5ea353f515c3e1c3354,c43f3255726fed92ee142584ccd3a88728861862cb38f7c3defce8669ea501e6,20260813,,a23e0943d474d99dd812c0e2bcb43b1360570f0f4642e24ce48f9e3f977d3bb3,ours_native,True,True,4096,True,/home/kai3/coco/quantization_graph/results/disk_environment/.test_runs/gist/gist_test_20260829_204245/runs/gist_test_20260829_204245/05B_diskann_shared_graph/gist/artifacts/test/Ours-Disk__hybrid_disk__B2__standard__w32__r0.json,Ours-Disk,05B shared graph
05b,gist,Ours-Disk,hybrid_disk,test,gist_test_20260829_204245,0,32,2.0,beam1,340,340,db1+coalescing+reuse,standard,1,0.984125,1.86708007,14984764.653402489,14841724.629,19261359.98,21612834.09,,,,,1768.757458687,1325003840,,,1060470784,529000000.0,1177000000.0,341336064.0,0.0,2984.65375,2986.1775,12231383.04,14972256.00266876,1666.79647625,99.03176375,5779.7326725,448.20045625,12736.08125,2708.42375,12735.08125,2725.57875,2726.57875,2693.08625,100.0,0.0,800,02_diskann_fair,ExRaBitQ4 symmetric Vamana + DB1 x INT8 production search,05b-ours-release-native-odirect-v2,ad3c67ae1fadf7104297032eb26d35bb228b217530c1fee261a834d883166f20,7dd8941dcdf9a40c2444d3d84fabfc80df5e9bdf48e58404ee6acfe904091cf5,e33e7b4bab07227a7d11146027fadd00e2c9f15c4d7d176d23ed38329f886437,9b46438f0c6472734127bfa9cd1af70b6f2fde91c76fb5ea353f515c3e1c3354,c43f3255726fed92ee142584ccd3a88728861862cb38f7c3defce8669ea501e6,20260813,,a23e0943d474d99dd812c0e2bcb43b1360570f0f4642e24ce48f9e3f977d3bb3,ours_native,True,True,4096,True,/home/kai3/coco/quantization_graph/results/disk_environment/.test_runs/gist/gist_test_20260829_204245/runs/gist_test_20260829_204245/05B_diskann_shared_graph/gist/artifacts/test/Ours-Disk__hybrid_disk__B2__standard__w32__r0.json,Ours-Disk,05B shared graph
05b,gist,Ours-Disk,hybrid_disk,test,gist_test_20260829_204245,0,32,2.0,beam1,380,380,db1+coalescing+reuse,standard,1,0.984875,1.721662938,16229923.429911254,16085942.055,20624845.951,23175963.355,,,,,1768.757458687,1325003840,,,1135198208,529000000.0,1177000000.0,341336064.0,0.0,3234.45625,3236.06625,13254927.36,16216224.97177749,1798.52806625,99.70795125,6268.67594875,452.796165,13893.3,2929.14,13892.3,2946.10125,2947.10125,2909.11125,100.0,0.0,800,02_diskann_fair,ExRaBitQ4 symmetric Vamana + DB1 x INT8 production search,05b-ours-release-native-odirect-v2,ad3c67ae1fadf7104297032eb26d35bb228b217530c1fee261a834d883166f20,7dd8941dcdf9a40c2444d3d84fabfc80df5e9bdf48e58404ee6acfe904091cf5,e33e7b4bab07227a7d11146027fadd00e2c9f15c4d7d176d23ed38329f886437,9b46438f0c6472734127bfa9cd1af70b6f2fde91c76fb5ea353f515c3e1c3354,c43f3255726fed92ee142584ccd3a88728861862cb38f7c3defce8669ea501e6,20260813,,a23e0943d474d99dd812c0e2bcb43b1360570f0f4642e24ce48f9e3f977d3bb3,ours_native,True,True,4096,True,/home/kai3/coco/quantization_graph/results/disk_environment/.test_runs/gist/gist_test_20260829_204245/runs/gist_test_20260829_204245/05B_diskann_shared_graph/gist/artifacts/test/Ours-Disk__hybrid_disk__B2__standard__w32__r0.json,Ours-Disk,05B shared graph
05b,gist,Ours-Disk,hybrid_disk,test,gist_test_20260829_204245,0,32,2.0,beam1,420,420,db1+coalescing+reuse,standard,1,0.985125,1.583758432,17647354.4367925,17433970.452,22699069.253,25210690.335,,,,,1768.757458687,1325003840,,,1155608576,529000000.0,1177000000.0,341336064.0,0.0,3477.375,3479.06125,14250234.88,17632777.944751237,1943.6941175,98.512875,6644.44256375,451.25423625,15017.865,3143.21125,15016.865,3160.125,3161.125,3118.49625,100.0,0.0,800,02_diskann_fair,ExRaBitQ4 symmetric Vamana + DB1 x INT8 production search,05b-ours-release-native-odirect-v2,ad3c67ae1fadf7104297032eb26d35bb228b217530c1fee261a834d883166f20,7dd8941dcdf9a40c2444d3d84fabfc80df5e9bdf48e58404ee6acfe904091cf5,e33e7b4bab07227a7d11146027fadd00e2c9f15c4d7d176d23ed38329f886437,9b46438f0c6472734127bfa9cd1af70b6f2fde91c76fb5ea353f515c3e1c3354,c43f3255726fed92ee142584ccd3a88728861862cb38f7c3defce8669ea501e6,20260813,,a23e0943d474d99dd812c0e2bcb43b1360570f0f4642e24ce48f9e3f977d3bb3,ours_native,True,True,4096,True,/home/kai3/coco/quantization_graph/results/disk_environment/.test_runs/gist/gist_test_20260829_204245/runs/gist_test_20260829_204245/05B_diskann_shared_graph/gist/artifacts/test/Ours-Disk__hybrid_disk__B2__standard__w32__r0.json,Ours-Disk,05B shared graph
05b,gist,Ours-Disk,hybrid_disk,test,gist_test_20260829_204245,0,32,2.0,beam1,460,460,db1+coalescing+reuse,standard,1,0.985375,1.476344928,18922785.081523743,18680601.098,24130289.281,27667253.461000003,,,,,1768.757458687,1325003840,,,1248276480,529000000.0,1177000000.0,341336064.0,0.0,3715.01375,3716.77875,15223925.76,18907090.919375017,2099.50120625,97.89351375,7260.73887875,444.83229,16114.2225,3352.23,16113.2225,3368.71375,3369.71375,3322.305,100.0,0.0,800,02_diskann_fair,ExRaBitQ4 symmetric Vamana + DB1 x INT8 production search,05b-ours-release-native-odirect-v2,ad3c67ae1fadf7104297032eb26d35bb228b217530c1fee261a834d883166f20,7dd8941dcdf9a40c2444d3d84fabfc80df5e9bdf48e58404ee6acfe904091cf5,e33e7b4bab07227a7d11146027fadd00e2c9f15c4d7d176d23ed38329f886437,9b46438f0c6472734127bfa9cd1af70b6f2fde91c76fb5ea353f515c3e1c3354,c43f3255726fed92ee142584ccd3a88728861862cb38f7c3defce8669ea501e6,20260813,,a23e0943d474d99dd812c0e2bcb43b1360570f0f4642e24ce48f9e3f977d3bb3,ours_native,True,True,4096,True,/home/kai3/coco/quantization_graph/results/disk_environment/.test_runs/gist/gist_test_20260829_204245/runs/gist_test_20260829_204245/05B_diskann_shared_graph/gist/artifacts/test/Ours-Disk__hybrid_disk__B2__standard__w32__r0.json,Ours-Disk,05B shared graph
05b,gist,Ours-Disk,hybrid_disk,test,gist_test_20260829_204245,0,32,2.0,beam1,480,480,db1+coalescing+reuse,standard,1,0.98575,1.42145538,19673369.679596223,19460863.337,24833026.939,28643528.781,,,,,1768.757458687,1325003840,,,1256169472,529000000.0,1177000000.0,341336064.0,0.0,3832.08375,3833.89125,15703618.56,19656994.476136245,2150.9980925,98.58802,7494.88588625,458.04759625,16652.64625,3455.22875,16651.64625,3471.3675,3472.3675,3422.615,100.0,0.0,800,02_diskann_fair,ExRaBitQ4 symmetric Vamana + DB1 x INT8 production search,05b-ours-release-native-odirect-v2,ad3c67ae1fadf7104297032eb26d35bb228b217530c1fee261a834d883166f20,7dd8941dcdf9a40c2444d3d84fabfc80df5e9bdf48e58404ee6acfe904091cf5,e33e7b4bab07227a7d11146027fadd00e2c9f15c4d7d176d23ed38329f886437,9b46438f0c6472734127bfa9cd1af70b6f2fde91c76fb5ea353f515c3e1c3354,c43f3255726fed92ee142584ccd3a88728861862cb38f7c3defce8669ea501e6,20260813,,a23e0943d474d99dd812c0e2bcb43b1360570f0f4642e24ce48f9e3f977d3bb3,ours_native,True,True,4096,True,/home/kai3/coco/quantization_graph/results/disk_environment/.test_runs/gist/gist_test_20260829_204245/runs/gist_test_20260829_204245/05B_diskann_shared_graph/gist/artifacts/test/Ours-Disk__hybrid_disk__B2__standard__w32__r0.json,Ours-Disk,05B shared graph
05c,gist,Ours-Disk,hybrid_disk,test,gist_test_20260829_204245,0,32,2.0,beam1,1,1,db1+coalescing+reuse,standard,1,0.620875,21.755380383,1247073.657813749,1212181.251,1895972.575,2275348.536,,,,,1768.757458687,1325003840,,,365821952,529000000.0,1177000000.0,341336064.0,0.0,368.2275,368.4925,1509345.28,1245862.001198751,198.07538125,81.28115,403.99910125,57.34081,976.48,253.0525,975.48,353.68,354.68,353.61125,10.0,0.0,800,03_system_fair,ExRaBitQ4 symmetric Vamana + DB1 x INT8 production search,05c-ours-release-native-odirect-v2,ad3c67ae1fadf7104297032eb26d35bb228b217530c1fee261a834d883166f20,7dd8941dcdf9a40c2444d3d84fabfc80df5e9bdf48e58404ee6acfe904091cf5,77c4b1995109c74ac01226e0503820d7df1fd6c5a465f078640c34d8a639d360,9b46438f0c6472734127bfa9cd1af70b6f2fde91c76fb5ea353f515c3e1c3354,c43f3255726fed92ee142584ccd3a88728861862cb38f7c3defce8669ea501e6,20260813,,a23e0943d474d99dd812c0e2bcb43b1360570f0f4642e24ce48f9e3f977d3bb3,ours_native,True,True,4096,True,/home/kai3/coco/quantization_graph/results/disk_environment/.test_runs/gist/gist_test_20260829_204245/runs/gist_test_20260829_204245/05C_disk_system_fair/gist/artifacts/test/Ours-Disk__hybrid_disk__B2__standard__w32__r0.json,Ours-Disk,05C system
05c,gist,Ours-Disk,hybrid_disk,test,gist_test_20260829_204245,0,32,2.0,beam1,2,2,db1+coalescing+reuse,standard,1,0.620875,22.607624762,1221870.71692625,1186131.658,1884432.699,2346138.777,,,,,1768.757458687,1325003840,,,367931392,529000000.0,1177000000.0,341336064.0,0.0,368.2275,368.4925,1509345.28,1220663.1563575,198.3143125,82.4171475,405.065245,57.4337925,976.48,253.0525,975.48,353.68,354.68,353.61125,10.0,0.0,800,03_system_fair,ExRaBitQ4 symmetric Vamana + DB1 x INT8 production search,05c-ours-release-native-odirect-v2,ad3c67ae1fadf7104297032eb26d35bb228b217530c1fee261a834d883166f20,7dd8941dcdf9a40c2444d3d84fabfc80df5e9bdf48e58404ee6acfe904091cf5,77c4b1995109c74ac01226e0503820d7df1fd6c5a465f078640c34d8a639d360,9b46438f0c6472734127bfa9cd1af70b6f2fde91c76fb5ea353f515c3e1c3354,c43f3255726fed92ee142584ccd3a88728861862cb38f7c3defce8669ea501e6,20260813,,a23e0943d474d99dd812c0e2bcb43b1360570f0f4642e24ce48f9e3f977d3bb3,ours_native,True,True,4096,True,/home/kai3/coco/quantization_graph/results/disk_environment/.test_runs/gist/gist_test_20260829_204245/runs/gist_test_20260829_204245/05C_disk_system_fair/gist/artifacts/test/Ours-Disk__hybrid_disk__B2__standard__w32__r0.json,Ours-Disk,05C system
05c,gist,Ours-Disk,hybrid_disk,test,gist_test_20260829_204245,0,32,2.0,beam1,3,3,db1+coalescing+reuse,standard,1,0.620875,22.456485769,1236495.120821249,1187365.428,1936987.881,2271274.289,,,,,1768.757458687,1325003840,,,367091712,529000000.0,1177000000.0,341336064.0,0.0,368.2275,368.4925,1509345.28,1235280.212767499,198.23687375,82.64635875,404.78237875,57.38964,976.48,253.0525,975.48,353.68,354.68,353.61125,10.0,0.0,800,03_system_fair,ExRaBitQ4 symmetric Vamana + DB1 x INT8 production search,05c-ours-release-native-odirect-v2,ad3c67ae1fadf7104297032eb26d35bb228b217530c1fee261a834d883166f20,7dd8941dcdf9a40c2444d3d84fabfc80df5e9bdf48e58404ee6acfe904091cf5,77c4b1995109c74ac01226e0503820d7df1fd6c5a465f078640c34d8a639d360,9b46438f0c6472734127bfa9cd1af70b6f2fde91c76fb5ea353f515c3e1c3354,c43f3255726fed92ee142584ccd3a88728861862cb38f7c3defce8669ea501e6,20260813,,a23e0943d474d99dd812c0e2bcb43b1360570f0f4642e24ce48f9e3f977d3bb3,ours_native,True,True,4096,True,/home/kai3/coco/quantization_graph/results/disk_environment/.test_runs/gist/gist_test_20260829_204245/runs/gist_test_20260829_204245/05C_disk_system_fair/gist/artifacts/test/Ours-Disk__hybrid_disk__B2__standard__w32__r0.json,Ours-Disk,05C system
05c,gist,Ours-Disk,hybrid_disk,test,gist_test_20260829_204245,0,32,2.0,beam1,4,4,db1+coalescing+reuse,standard,1,0.620875,22.482337869,1237714.28537,1195466.767,1888813.17,2296598.941,,,,,1768.757458687,1325003840,,,369881088,529000000.0,1177000000.0,341336064.0,0.0,368.2275,368.4925,1509345.28,1236508.198445,196.3219575,82.42197,402.0923975,56.89366125,976.48,253.0525,975.48,353.68,354.68,353.61125,10.0,0.0,800,03_system_fair,ExRaBitQ4 symmetric Vamana + DB1 x INT8 production search,05c-ours-release-native-odirect-v2,ad3c67ae1fadf7104297032eb26d35bb228b217530c1fee261a834d883166f20,7dd8941dcdf9a40c2444d3d84fabfc80df5e9bdf48e58404ee6acfe904091cf5,77c4b1995109c74ac01226e0503820d7df1fd6c5a465f078640c34d8a639d360,9b46438f0c6472734127bfa9cd1af70b6f2fde91c76fb5ea353f515c3e1c3354,c43f3255726fed92ee142584ccd3a88728861862cb38f7c3defce8669ea501e6,20260813,,a23e0943d474d99dd812c0e2bcb43b1360570f0f4642e24ce48f9e3f977d3bb3,ours_native,True,True,4096,True,/home/kai3/coco/quantization_graph/results/disk_environment/.test_runs/gist/gist_test_20260829_204245/runs/gist_test_20260829_204245/05C_disk_system_fair/gist/artifacts/test/Ours-Disk__hybrid_disk__B2__standard__w32__r0.json,Ours-Disk,05C system
05c,gist,Ours-Disk,hybrid_disk,test,gist_test_20260829_204245,0,32,2.0,beam1,5,5,db1+coalescing+reuse,standard,1,0.620875,22.456795764,1238123.463147499,1201958.422,1934812.195,2349344.756,,,,,1768.757458687,1325003840,,,374693888,529000000.0,1177000000.0,341336064.0,0.0,368.2275,368.4925,1509345.28,1236910.245238751,197.69461,83.15603625,403.6300125,56.66510375,976.48,253.0525,975.48,353.68,354.68,353.61125,10.0,0.0,800,03_system_fair,ExRaBitQ4 symmetric Vamana + DB1 x INT8 production search,05c-ours-release-native-odirect-v2,ad3c67ae1fadf7104297032eb26d35bb228b217530c1fee261a834d883166f20,7dd8941dcdf9a40c2444d3d84fabfc80df5e9bdf48e58404ee6acfe904091cf5,77c4b1995109c74ac01226e0503820d7df1fd6c5a465f078640c34d8a639d360,9b46438f0c6472734127bfa9cd1af70b6f2fde91c76fb5ea353f515c3e1c3354,c43f3255726fed92ee142584ccd3a88728861862cb38f7c3defce8669ea501e6,20260813,,a23e0943d474d99dd812c0e2bcb43b1360570f0f4642e24ce48f9e3f977d3bb3,ours_native,True,True,4096,True,/home/kai3/coco/quantization_graph/results/disk_environment/.test_runs/gist/gist_test_20260829_204245/runs/gist_test_20260829_204245/05C_disk_system_fair/gist/artifacts/test/Ours-Disk__hybrid_disk__B2__standard__w32__r0.json,Ours-Disk,05C system
05c,gist,Ours-Disk,hybrid_disk,test,gist_test_20260829_204245,0,32,2.0,beam1,6,6,db1+coalescing+reuse,standard,1,0.620875,22.619263218,1224187.529326248,1190506.8,1871812.177,2189720.76,,,,,1768.757458687,1325003840,,,373919744,529000000.0,1177000000.0,341336064.0,0.0,368.2275,368.4925,1509345.28,1222972.602425,197.64828125,82.90019625,404.0518,56.8717275,976.48,253.0525,975.48,353.68,354.68,353.61125,10.0,0.0,800,03_system_fair,ExRaBitQ4 symmetric Vamana + DB1 x INT8 production search,05c-ours-release-native-odirect-v2,ad3c67ae1fadf7104297032eb26d35bb228b217530c1fee261a834d883166f20,7dd8941dcdf9a40c2444d3d84fabfc80df5e9bdf48e58404ee6acfe904091cf5,77c4b1995109c74ac01226e0503820d7df1fd6c5a465f078640c34d8a639d360,9b46438f0c6472734127bfa9cd1af70b6f2fde91c76fb5ea353f515c3e1c3354,c43f3255726fed92ee142584ccd3a88728861862cb38f7c3defce8669ea501e6,20260813,,a23e0943d474d99dd812c0e2bcb43b1360570f0f4642e24ce48f9e3f977d3bb3,ours_native,True,True,4096,True,/home/kai3/coco/quantization_graph/results/disk_environment/.test_runs/gist/gist_test_20260829_204245/runs/gist_test_20260829_204245/05C_disk_system_fair/gist/artifacts/test/Ours-Disk__hybrid_disk__B2__standard__w32__r0.json,Ours-Disk,05C system
05c,gist,Ours-Disk,hybrid_disk,test,gist_test_20260829_204245,0,32,2.0,beam1,7,7,db1+coalescing+reuse,standard,1,0.620875,22.406551793,1235888.52269,1196518.422,1935067.931,2288997.614,,,,,1768.757458687,1325003840,,,372789248,529000000.0,1177000000.0,341336064.0,0.0,368.2275,368.4925,1509345.28,1234667.92029625,198.00573875,82.8669925,404.9403675,57.71948875,976.48,253.0525,975.48,353.68,354.68,353.61125,10.0,0.0,800,03_system_fair,ExRaBitQ4 symmetric Vamana + DB1 x INT8 production search,05c-ours-release-native-odirect-v2,ad3c67ae1fadf7104297032eb26d35bb228b217530c1fee261a834d883166f20,7dd8941dcdf9a40c2444d3d84fabfc80df5e9bdf48e58404ee6acfe904091cf5,77c4b1995109c74ac01226e0503820d7df1fd6c5a465f078640c34d8a639d360,9b46438f0c6472734127bfa9cd1af70b6f2fde91c76fb5ea353f515c3e1c3354,c43f3255726fed92ee142584ccd3a88728861862cb38f7c3defce8669ea501e6,20260813,,a23e0943d474d99dd812c0e2bcb43b1360570f0f4642e24ce48f9e3f977d3bb3,ours_native,True,True,4096,True,/home/kai3/coco/quantization_graph/results/disk_environment/.test_runs/gist/gist_test_20260829_204245/runs/gist_test_20260829_204245/05C_disk_system_fair/gist/artifacts/test/Ours-Disk__hybrid_disk__B2__standard__w32__r0.json,Ours-Disk,05C system
05c,gist,Ours-Disk,hybrid_disk,test,gist_test_20260829_204245,0,32,2.0,beam1,8,8,db1+coalescing+reuse,standard,1,0.620875,22.158196898,1251167.54177,1185391.824,1976275.863,2281542.011,,,,,1768.757458687,1325003840,,,376217600,529000000.0,1177000000.0,341336064.0,0.0,368.2275,368.4925,1509345.28,1249950.0617525,198.34764625,82.6359725,403.9620575,57.39642625,976.48,253.0525,975.48,353.68,354.68,353.61125,10.0,0.0,800,03_system_fair,ExRaBitQ4 symmetric Vamana + DB1 x INT8 production search,05c-ours-release-native-odirect-v2,ad3c67ae1fadf7104297032eb26d35bb228b217530c1fee261a834d883166f20,7dd8941dcdf9a40c2444d3d84fabfc80df5e9bdf48e58404ee6acfe904091cf5,77c4b1995109c74ac01226e0503820d7df1fd6c5a465f078640c34d8a639d360,9b46438f0c6472734127bfa9cd1af70b6f2fde91c76fb5ea353f515c3e1c3354,c43f3255726fed92ee142584ccd3a88728861862cb38f7c3defce8669ea501e6,20260813,,a23e0943d474d99dd812c0e2bcb43b1360570f0f4642e24ce48f9e3f977d3bb3,ours_native,True,True,4096,True,/home/kai3/coco/quantization_graph/results/disk_environment/.test_runs/gist/gist_test_20260829_204245/runs/gist_test_20260829_204245/05C_disk_system_fair/gist/artifacts/test/Ours-Disk__hybrid_disk__B2__standard__w32__r0.json,Ours-Disk,05C system
05c,gist,Ours-Disk,hybrid_disk,test,gist_test_20260829_204245,0,32,2.0,beam1,9,9,db1+coalescing+reuse,standard,1,0.620875,22.776315399,1223044.004142499,1192013.055,1871011.941,2201787.669,,,,,1768.757458687,1325003840,,,372629504,529000000.0,1177000000.0,341336064.0,0.0,368.2275,368.4925,1509345.28,1221838.6730825,197.2938175,83.15824375,401.3377575,56.36572375,976.48,253.0525,975.48,353.68,354.68,353.61125,10.0,0.0,800,03_system_fair,ExRaBitQ4 symmetric Vamana + DB1 x INT8 production search,05c-ours-release-native-odirect-v2,ad3c67ae1fadf7104297032eb26d35bb228b217530c1fee261a834d883166f20,7dd8941dcdf9a40c2444d3d84fabfc80df5e9bdf48e58404ee6acfe904091cf5,77c4b1995109c74ac01226e0503820d7df1fd6c5a465f078640c34d8a639d360,9b46438f0c6472734127bfa9cd1af70b6f2fde91c76fb5ea353f515c3e1c3354,c43f3255726fed92ee142584ccd3a88728861862cb38f7c3defce8669ea501e6,20260813,,a23e0943d474d99dd812c0e2bcb43b1360570f0f4642e24ce48f9e3f977d3bb3,ours_native,True,True,4096,True,/home/kai3/coco/quantization_graph/results/disk_environment/.test_runs/gist/gist_test_20260829_204245/runs/gist_test_20260829_204245/05C_disk_system_fair/gist/artifacts/test/Ours-Disk__hybrid_disk__B2__standard__w32__r0.json,Ours-Disk,05C system
05c,gist,Ours-Disk,hybrid_disk,test,gist_test_20260829_204245,0,32,2.0,beam1,10,10,db1+coalescing+reuse,standard,1,0.620875,22.570832182,1224509.349606249,1177765.751,1906870.237,2330753.594,,,,,1768.757458687,1325003840,,,375775232,529000000.0,1177000000.0,341336064.0,0.0,368.2275,368.4925,1509345.28,1223300.794181249,197.05656375,82.86039125,400.73503125,57.08495,976.48,253.0525,975.48,353.68,354.68,353.61125,10.0,0.0,800,03_system_fair,ExRaBitQ4 symmetric Vamana + DB1 x INT8 production search,05c-ours-release-native-odirect-v2,ad3c67ae1fadf7104297032eb26d35bb228b217530c1fee261a834d883166f20,7dd8941dcdf9a40c2444d3d84fabfc80df5e9bdf48e58404ee6acfe904091cf5,77c4b1995109c74ac01226e0503820d7df1fd6c5a465f078640c34d8a639d360,9b46438f0c6472734127bfa9cd1af70b6f2fde91c76fb5ea353f515c3e1c3354,c43f3255726fed92ee142584ccd3a88728861862cb38f7c3defce8669ea501e6,20260813,,a23e0943d474d99dd812c0e2bcb43b1360570f0f4642e24ce48f9e3f977d3bb3,ours_native,True,True,4096,True,/home/kai3/coco/quantization_graph/results/disk_environment/.test_runs/gist/gist_test_20260829_204245/runs/gist_test_20260829_204245/05C_disk_system_fair/gist/artifacts/test/Ours-Disk__hybrid_disk__B2__standard__w32__r0.json,Ours-Disk,05C system
05c,gist,Ours-Disk,hybrid_disk,test,gist_test_20260829_204245,0,32,2.0,beam1,11,11,db1+coalescing+reuse,standard,1,0.645,21.303819309,1302272.363782502,1259072.839,2014606.979,2420639.301,,,,,1768.757458687,1325003840,,,374505472,529000000.0,1177000000.0,341336064.0,0.0,383.93125,384.20625,1573708.8,1301020.551591249,204.8576875,84.4392875,422.79103875,59.47966875,1027.04375,270.3175,1026.04375,368.65,369.65,368.4925,11.0,0.0,800,03_system_fair,ExRaBitQ4 symmetric Vamana + DB1 x INT8 production search,05c-ours-release-native-odirect-v2,ad3c67ae1fadf7104297032eb26d35bb228b217530c1fee261a834d883166f20,7dd8941dcdf9a40c2444d3d84fabfc80df5e9bdf48e58404ee6acfe904091cf5,77c4b1995109c74ac01226e0503820d7df1fd6c5a465f078640c34d8a639d360,9b46438f0c6472734127bfa9cd1af70b6f2fde91c76fb5ea353f515c3e1c3354,c43f3255726fed92ee142584ccd3a88728861862cb38f7c3defce8669ea501e6,20260813,,a23e0943d474d99dd812c0e2bcb43b1360570f0f4642e24ce48f9e3f977d3bb3,ours_native,True,True,4096,True,/home/kai3/coco/quantization_graph/results/disk_environment/.test_runs/gist/gist_test_20260829_204245/runs/gist_test_20260829_204245/05C_disk_system_fair/gist/artifacts/test/Ours-Disk__hybrid_disk__B2__standard__w32__r0.json,Ours-Disk,05C system
05c,gist,Ours-Disk,hybrid_disk,test,gist_test_20260829_204245,0,32,2.0,beam1,12,12,db1+coalescing+reuse,standard,1,0.66875,20.108819743,1377228.27196375,1333326.566,2101993.124,2452764.94,,,,,1768.757458687,1325003840,,,383610880,529000000.0,1177000000.0,341336064.0,0.0,399.63625,399.92375,1638087.68,1375923.452941252,214.01497125,83.13211,446.2797075,63.210985,1081.07,287.0075,1080.07,383.5475,384.5475,383.32125,12.0,0.0,800,03_system_fair,ExRaBitQ4 symmetric Vamana + DB1 x INT8 production search,05c-ours-release-native-odirect-v2,ad3c67ae1fadf7104297032eb26d35bb228b217530c1fee261a834d883166f20,7dd8941dcdf9a40c2444d3d84fabfc80df5e9bdf48e58404ee6acfe904091cf5,77c4b1995109c74ac01226e0503820d7df1fd6c5a465f078640c34d8a639d360,9b46438f0c6472734127bfa9cd1af70b6f2fde91c76fb5ea353f515c3e1c3354,c43f3255726fed92ee142584ccd3a88728861862cb38f7c3defce8669ea501e6,20260813,,a23e0943d474d99dd812c0e2bcb43b1360570f0f4642e24ce48f9e3f977d3bb3,ours_native,True,True,4096,True,/home/kai3/coco/quantization_graph/results/disk_environment/.test_runs/gist/gist_test_20260829_204245/runs/gist_test_20260829_204245/05C_disk_system_fair/gist/artifacts/test/Ours-Disk__hybrid_disk__B2__standard__w32__r0.json,Ours-Disk,05C system
05c,gist,Ours-Disk,hybrid_disk,test,gist_test_20260829_204245,0,32,2.0,beam1,13,13,db1+coalescing+reuse,standard,1,0.687375,19.284447682,1440772.139321251,1403528.674,2107205.095,2518582.806,,,,,1768.757458687,1325003840,,,384192512,529000000.0,1177000000.0,341336064.0,0.0,414.90375,415.2,1700659.2,1439418.575467502,221.603715,83.288125,469.6014725,67.02474,1132.5325,303.35125,1131.5325,398.00875,399.00875,397.72375,13.0,0.0,800,03_system_fair,ExRaBitQ4 symmetric Vamana + DB1 x INT8 production search,05c-ours-release-native-odirect-v2,ad3c67ae1fadf7104297032eb26d35bb228b217530c1fee261a834d883166f20,7dd8941dcdf9a40c2444d3d84fabfc80df5e9bdf48e58404ee6acfe904091cf5,77c4b1995109c74ac01226e0503820d7df1fd6c5a465f078640c34d8a639d360,9b46438f0c6472734127bfa9cd1af70b6f2fde91c76fb5ea353f515c3e1c3354,c43f3255726fed92ee142584ccd3a88728861862cb38f7c3defce8669ea501e6,20260813,,a23e0943d474d99dd812c0e2bcb43b1360570f0f4642e24ce48f9e3f977d3bb3,ours_native,True,True,4096,True,/home/kai3/coco/quantization_graph/results/disk_environment/.test_runs/gist/gist_test_20260829_204245/runs/gist_test_20260829_204245/05C_disk_system_fair/gist/artifacts/test/Ours-Disk__hybrid_disk__B2__standard__w32__r0.json,Ours-Disk,05C system
05c,gist,Ours-Disk,hybrid_disk,test,gist_test_20260829_204245,0,32,2.0,beam1,14,14,db1+coalescing+reuse,standard,1,0.70225,18.42995437,1501091.856412499,1457996.618,2280939.39,2624752.452,,,,,1768.757458687,1325003840,,,388276224,529000000.0,1177000000.0,341336064.0,0.0,428.9975,429.30375,1758428.16,1499690.223453749,229.77967125,83.4416325,490.8762025,70.333695,1179.4725,318.57875,1178.4725,411.3925,412.3925,411.0375,14.0,0.0,800,03_system_fair,ExRaBitQ4 symmetric Vamana + DB1 x INT8 production search,05c-ours-release-native-odirect-v2,ad3c67ae1fadf7104297032eb26d35bb228b217530c1fee261a834d883166f20,7dd8941dcdf9a40c2444d3d84fabfc80df5e9bdf48e58404ee6acfe904091cf5,77c4b1995109c74ac01226e0503820d7df1fd6c5a465f078640c34d8a639d360,9b46438f0c6472734127bfa9cd1af70b6f2fde91c76fb5ea353f515c3e1c3354,c43f3255726fed92ee142584ccd3a88728861862cb38f7c3defce8669ea501e6,20260813,,a23e0943d474d99dd812c0e2bcb43b1360570f0f4642e24ce48f9e3f977d3bb3,ours_native,True,True,4096,True,/home/kai3/coco/quantization_graph/results/disk_environment/.test_runs/gist/gist_test_20260829_204245/runs/gist_test_20260829_204245/05C_disk_system_fair/gist/artifacts/test/Ours-Disk__hybrid_disk__B2__standard__w32__r0.json,Ours-Disk,05C system
05c,gist,Ours-Disk,hybrid_disk,test,gist_test_20260829_204245,0,32,2.0,beam1,15,15,db1+coalescing+reuse,standard,1,0.71275,17.728838981,1570118.071939999,1549255.862,2283257.402,2792610.713,,,,,1768.757458687,1325003840,,,390111232,529000000.0,1177000000.0,341336064.0,0.0,442.41625,442.72625,1813406.72,1568677.862657499,237.36957375,83.329005,511.3790675,73.281845,1224.81625,333.19,1223.81625,424.1125,425.1125,423.68375,15.0,0.0,800,03_system_fair,ExRaBitQ4 symmetric Vamana + DB1 x INT8 production search,05c-ours-release-native-odirect-v2,ad3c67ae1fadf7104297032eb26d35bb228b217530c1fee261a834d883166f20,7dd8941dcdf9a40c2444d3d84fabfc80df5e9bdf48e58404ee6acfe904091cf5,77c4b1995109c74ac01226e0503820d7df1fd6c5a465f078640c34d8a639d360,9b46438f0c6472734127bfa9cd1af70b6f2fde91c76fb5ea353f515c3e1c3354,c43f3255726fed92ee142584ccd3a88728861862cb38f7c3defce8669ea501e6,20260813,,a23e0943d474d99dd812c0e2bcb43b1360570f0f4642e24ce48f9e3f977d3bb3,ours_native,True,True,4096,True,/home/kai3/coco/quantization_graph/results/disk_environment/.test_runs/gist/gist_test_20260829_204245/runs/gist_test_20260829_204245/05C_disk_system_fair/gist/artifacts/test/Ours-Disk__hybrid_disk__B2__standard__w32__r0.json,Ours-Disk,05C system
05c,gist,Ours-Disk,hybrid_disk,test,gist_test_20260829_204245,0,32,2.0,beam1,16,16,db1+coalescing+reuse,standard,1,0.7275,17.028529545,1635856.22747625,1604337.283,2463167.195,2861887.984,,,,,1768.757458687,1325003840,,,399093760,529000000.0,1177000000.0,341336064.0,0.0,456.5225,456.85,1871257.6,1634367.089972497,244.48182,84.1697975,533.08282875,75.91762875,1275.26625,348.695,1274.26625,437.50625,438.50625,436.97125,16.0,0.0,800,03_system_fair,ExRaBitQ4 symmetric Vamana + DB1 x INT8 production search,05c-ours-release-native-odirect-v2,ad3c67ae1fadf7104297032eb26d35bb228b217530c1fee261a834d883166f20,7dd8941dcdf9a40c2444d3d84fabfc80df5e9bdf48e58404ee6acfe904091cf5,77c4b1995109c74ac01226e0503820d7df1fd6c5a465f078640c34d8a639d360,9b46438f0c6472734127bfa9cd1af70b6f2fde91c76fb5ea353f515c3e1c3354,c43f3255726fed92ee142584ccd3a88728861862cb38f7c3defce8669ea501e6,20260813,,a23e0943d474d99dd812c0e2bcb43b1360570f0f4642e24ce48f9e3f977d3bb3,ours_native,True,True,4096,True,/home/kai3/coco/quantization_graph/results/disk_environment/.test_runs/gist/gist_test_20260829_204245/runs/gist_test_20260829_204245/05C_disk_system_fair/gist/artifacts/test/Ours-Disk__hybrid_disk__B2__standard__w32__r0.json,Ours-Disk,05C system
05c,gist,Ours-Disk,hybrid_disk,test,gist_test_20260829_204245,0,32,2.0,beam1,17,17,db1+coalescing+reuse,standard,1,0.7395,16.338528287,1697071.641723749,1629272.089,2495136.334,2867103.721,,,,,1768.757458687,1325003840,,,412295168,529000000.0,1177000000.0,341336064.0,0.0,470.20375,470.5325,1927301.12,1695536.282980001,250.874465,85.24367875,555.73698,80.88102625,1325.9175,363.645,1324.9175,450.38375,451.38375,449.78625,17.0,0.0,800,03_system_fair,ExRaBitQ4 symmetric Vamana + DB1 x INT8 production search,05c-ours-release-native-odirect-v2,ad3c67ae1fadf7104297032eb26d35bb228b217530c1fee261a834d883166f20,7dd8941dcdf9a40c2444d3d84fabfc80df5e9bdf48e58404ee6acfe904091cf5,77c4b1995109c74ac01226e0503820d7df1fd6c5a465f078640c34d8a639d360,9b46438f0c6472734127bfa9cd1af70b6f2fde91c76fb5ea353f515c3e1c3354,c43f3255726fed92ee142584ccd3a88728861862cb38f7c3defce8669ea501e6,20260813,,a23e0943d474d99dd812c0e2bcb43b1360570f0f4642e24ce48f9e3f977d3bb3,ours_native,True,True,4096,True,/home/kai3/coco/quantization_graph/results/disk_environment/.test_runs/gist/gist_test_20260829_204245/runs/gist_test_20260829_204245/05C_disk_system_fair/gist/artifacts/test/Ours-Disk__hybrid_disk__B2__standard__w32__r0.json,Ours-Disk,05C system
05c,gist,Ours-Disk,hybrid_disk,test,gist_test_20260829_204245,0,32,2.0,beam1,18,18,db1+coalescing+reuse,standard,1,0.7485,16.037271201,1728163.937866251,1692303.909,2526028.231,2895949.544,,,,,1768.757458687,1325003840,,,402493440,529000000.0,1177000000.0,341336064.0,0.0,483.57375,483.90875,1982090.24,1726586.617420001,258.52016625,80.45788375,574.58004875,88.7272325,1370.3475,378.225,1369.3475,463.0675,464.0675,462.38375,18.0,0.0,800,03_system_fair,ExRaBitQ4 symmetric Vamana + DB1 x INT8 production search,05c-ours-release-native-odirect-v2,ad3c67ae1fadf7104297032eb26d35bb228b217530c1fee261a834d883166f20,7dd8941dcdf9a40c2444d3d84fabfc80df5e9bdf48e58404ee6acfe904091cf5,77c4b1995109c74ac01226e0503820d7df1fd6c5a465f078640c34d8a639d360,9b46438f0c6472734127bfa9cd1af70b6f2fde91c76fb5ea353f515c3e1c3354,c43f3255726fed92ee142584ccd3a88728861862cb38f7c3defce8669ea501e6,20260813,,a23e0943d474d99dd812c0e2bcb43b1360570f0f4642e24ce48f9e3f977d3bb3,ours_native,True,True,4096,True,/home/kai3/coco/quantization_graph/results/disk_environment/.test_runs/gist/gist_test_20260829_204245/runs/gist_test_20260829_204245/05C_disk_system_fair/gist/artifacts/test/Ours-Disk__hybrid_disk__B2__standard__w32__r0.json,Ours-Disk,05C system
05c,gist,Ours-Disk,hybrid_disk,test,gist_test_20260829_204245,0,32,2.0,beam1,19,19,db1+coalescing+reuse,standard,1,0.75775,15.388133835,1794789.931143753,1751384.418,2567753.947,3110609.812,,,,,1768.757458687,1325003840,,,408653824,529000000.0,1177000000.0,341336064.0,0.0,496.4125,496.75375,2034703.36,1793172.557071249,264.76272125,82.97307625,595.6105575,89.883825,1417.0925,392.21125,1416.0925,475.18125,476.18125,474.4125,19.0,0.0,800,03_system_fair,ExRaBitQ4 symmetric Vamana + DB1 x INT8 production search,05c-ours-release-native-odirect-v2,ad3c67ae1fadf7104297032eb26d35bb228b217530c1fee261a834d883166f20,7dd8941dcdf9a40c2444d3d84fabfc80df5e9bdf48e58404ee6acfe904091cf5,77c4b1995109c74ac01226e0503820d7df1fd6c5a465f078640c34d8a639d360,9b46438f0c6472734127bfa9cd1af70b6f2fde91c76fb5ea353f515c3e1c3354,c43f3255726fed92ee142584ccd3a88728861862cb38f7c3defce8669ea501e6,20260813,,a23e0943d474d99dd812c0e2bcb43b1360570f0f4642e24ce48f9e3f977d3bb3,ours_native,True,True,4096,True,/home/kai3/coco/quantization_graph/results/disk_environment/.test_runs/gist/gist_test_20260829_204245/runs/gist_test_20260829_204245/05C_disk_system_fair/gist/artifacts/test/Ours-Disk__hybrid_disk__B2__standard__w32__r0.json,Ours-Disk,05C system
05c,gist,Ours-Disk,hybrid_disk,test,gist_test_20260829_204245,0,32,2.0,beam1,20,20,db1+coalescing+reuse,standard,1,0.768125,14.840192489,1874142.396622498,1817271.53,2750723.183,3216791.172,,,,,1768.757458687,1325003840,,,415272960,529000000.0,1177000000.0,341336064.0,0.0,509.64,509.99125,2088924.16,1872480.33376125,271.61958375,81.97527875,616.90724875,93.8923725,1467.36,406.17375,1466.36,487.62875,488.62875,486.7725,20.0,0.0,800,03_system_fair,ExRaBitQ4 symmetric Vamana + DB1 x INT8 production search,05c-ours-release-native-odirect-v2,ad3c67ae1fadf7104297032eb26d35bb228b217530c1fee261a834d883166f20,7dd8941dcdf9a40c2444d3d84fabfc80df5e9bdf48e58404ee6acfe904091cf5,77c4b1995109c74ac01226e0503820d7df1fd6c5a465f078640c34d8a639d360,9b46438f0c6472734127bfa9cd1af70b6f2fde91c76fb5ea353f515c3e1c3354,c43f3255726fed92ee142584ccd3a88728861862cb38f7c3defce8669ea501e6,20260813,,a23e0943d474d99dd812c0e2bcb43b1360570f0f4642e24ce48f9e3f977d3bb3,ours_native,True,True,4096,True,/home/kai3/coco/quantization_graph/results/disk_environment/.test_runs/gist/gist_test_20260829_204245/runs/gist_test_20260829_204245/05C_disk_system_fair/gist/artifacts/test/Ours-Disk__hybrid_disk__B2__standard__w32__r0.json,Ours-Disk,05C system
05c,gist,Ours-Disk,hybrid_disk,test,gist_test_20260829_204245,0,32,2.0,beam1,21,21,db1+coalescing+reuse,standard,1,0.77525,14.417611126,1930410.532735,1851825.972,2835446.333,3362622.561,,,,,1768.757458687,1325003840,,,416698368,529000000.0,1177000000.0,341336064.0,0.0,522.12,522.48125,2140083.2,1928696.286607501,279.66501125,82.50942625,637.93214875,96.813765,1511.89875,419.875,1510.89875,499.3875,500.3875,498.46,21.0,0.0,800,03_system_fair,ExRaBitQ4 symmetric Vamana + DB1 x INT8 production search,05c-ours-release-native-odirect-v2,ad3c67ae1fadf7104297032eb26d35bb228b217530c1fee261a834d883166f20,7dd8941dcdf9a40c2444d3d84fabfc80df5e9bdf48e58404ee6acfe904091cf5,77c4b1995109c74ac01226e0503820d7df1fd6c5a465f078640c34d8a639d360,9b46438f0c6472734127bfa9cd1af70b6f2fde91c76fb5ea353f515c3e1c3354,c43f3255726fed92ee142584ccd3a88728861862cb38f7c3defce8669ea501e6,20260813,,a23e0943d474d99dd812c0e2bcb43b1360570f0f4642e24ce48f9e3f977d3bb3,ours_native,True,True,4096,True,/home/kai3/coco/quantization_graph/results/disk_environment/.test_runs/gist/gist_test_20260829_204245/runs/gist_test_20260829_204245/05C_disk_system_fair/gist/artifacts/test/Ours-Disk__hybrid_disk__B2__standard__w32__r0.json,Ours-Disk,05C system
05c,gist,Ours-Disk,hybrid_disk,test,gist_test_20260829_204245,0,32,2.0,beam1,22,22,db1+coalescing+reuse,standard,1,0.783125,14.015431588,1978801.71462125,1932101.469,2880839.364,3247209.485,,,,,1768.757458687,1325003840,,,424710144,529000000.0,1177000000.0,341336064.0,0.0,533.885,534.255,2188308.48,1977047.5065475,285.6346575,81.31406875,656.90402125,101.3731675,1554.15375,432.8125,1553.15375,510.485,511.485,509.46125,22.0,0.0,800,03_system_fair,ExRaBitQ4 symmetric Vamana + DB1 x INT8 production search,05c-ours-release-native-odirect-v2,ad3c67ae1fadf7104297032eb26d35bb228b217530c1fee261a834d883166f20,7dd8941dcdf9a40c2444d3d84fabfc80df5e9bdf48e58404ee6acfe904091cf5,77c4b1995109c74ac01226e0503820d7df1fd6c5a465f078640c34d8a639d360,9b46438f0c6472734127bfa9cd1af70b6f2fde91c76fb5ea353f515c3e1c3354,c43f3255726fed92ee142584ccd3a88728861862cb38f7c3defce8669ea501e6,20260813,,a23e0943d474d99dd812c0e2bcb43b1360570f0f4642e24ce48f9e3f977d3bb3,ours_native,True,True,4096,True,/home/kai3/coco/quantization_graph/results/disk_environment/.test_runs/gist/gist_test_20260829_204245/runs/gist_test_20260829_204245/05C_disk_system_fair/gist/artifacts/test/Ours-Disk__hybrid_disk__B2__standard__w32__r0.json,Ours-Disk,05C system
05c,gist,Ours-Disk,hybrid_disk,test,gist_test_20260829_204245,0,32,2.0,beam1,23,23,db1+coalescing+reuse,standard,1,0.7915,13.703278159,2035901.81075625,1991811.914,2937920.123,3329188.593,,,,,1768.757458687,1325003840,,,423231488,529000000.0,1177000000.0,341336064.0,0.0,546.14125,546.51875,2238540.8,2034106.158553749,292.54950125,82.04052625,678.93057,104.9509875,1601.80875,446.2325,1600.80875,522.01375,523.01375,520.89125,23.0,0.0,800,03_system_fair,ExRaBitQ4 symmetric Vamana + DB1 x INT8 production search,05c-ours-release-native-odirect-v2,ad3c67ae1fadf7104297032eb26d35bb228b217530c1fee261a834d883166f20,7dd8941dcdf9a40c2444d3d84fabfc80df5e9bdf48e58404ee6acfe904091cf5,77c4b1995109c74ac01226e0503820d7df1fd6c5a465f078640c34d8a639d360,9b46438f0c6472734127bfa9cd1af70b6f2fde91c76fb5ea353f515c3e1c3354,c43f3255726fed92ee142584ccd3a88728861862cb38f7c3defce8669ea501e6,20260813,,a23e0943d474d99dd812c0e2bcb43b1360570f0f4642e24ce48f9e3f977d3bb3,ours_native,True,True,4096,True,/home/kai3/coco/quantization_graph/results/disk_environment/.test_runs/gist/gist_test_20260829_204245/runs/gist_test_20260829_204245/05C_disk_system_fair/gist/artifacts/test/Ours-Disk__hybrid_disk__B2__standard__w32__r0.json,Ours-Disk,05C system
05c,gist,Ours-Disk,hybrid_disk,test,gist_test_20260829_204245,0,32,2.0,beam1,24,24,db1+coalescing+reuse,standard,1,0.797875,13.214377288,2110955.441693753,2076312.709,3059751.639,3403041.903,,,,,1768.757458687,1325003840,,,431226880,529000000.0,1177000000.0,341336064.0,0.0,557.86875,558.25125,2286597.12,2109128.730696251,297.9916525,84.56735,696.1559725,105.365075,1644.54625,459.025,1643.54625,533.04,534.04,531.8325,24.0,0.0,800,03_system_fair,ExRaBitQ4 symmetric Vamana + DB1 x INT8 production search,05c-ours-release-native-odirect-v2,ad3c67ae1fadf7104297032eb26d35bb228b217530c1fee261a834d883166f20,7dd8941dcdf9a40c2444d3d84fabfc80df5e9bdf48e58404ee6acfe904091cf5,77c4b1995109c74ac01226e0503820d7df1fd6c5a465f078640c34d8a639d360,9b46438f0c6472734127bfa9cd1af70b6f2fde91c76fb5ea353f515c3e1c3354,c43f3255726fed92ee142584ccd3a88728861862cb38f7c3defce8669ea501e6,20260813,,a23e0943d474d99dd812c0e2bcb43b1360570f0f4642e24ce48f9e3f977d3bb3,ours_native,True,True,4096,True,/home/kai3/coco/quantization_graph/results/disk_environment/.test_runs/gist/gist_test_20260829_204245/runs/gist_test_20260829_204245/05C_disk_system_fair/gist/artifacts/test/Ours-Disk__hybrid_disk__B2__standard__w32__r0.json,Ours-Disk,05C system
05c,gist,Ours-Disk,hybrid_disk,test,gist_test_20260829_204245,0,32,2.0,beam1,25,25,db1+coalescing+reuse,standard,1,0.805,12.849399868,2168094.335712502,2118980.033,3093939.277,3537220.265,,,,,1768.757458687,1325003840,,,438345728,529000000.0,1177000000.0,341336064.0,0.0,569.465,569.85125,2334110.72,2166213.779773748,305.06419375,84.131035,718.4351325,110.767215,1690.66625,471.69625,1689.66625,543.8925,544.8925,542.60875,25.0,0.0,800,03_system_fair,ExRaBitQ4 symmetric Vamana + DB1 x INT8 production search,05c-ours-release-native-odirect-v2,ad3c67ae1fadf7104297032eb26d35bb228b217530c1fee261a834d883166f20,7dd8941dcdf9a40c2444d3d84fabfc80df5e9bdf48e58404ee6acfe904091cf5,77c4b1995109c74ac01226e0503820d7df1fd6c5a465f078640c34d8a639d360,9b46438f0c6472734127bfa9cd1af70b6f2fde91c76fb5ea353f515c3e1c3354,c43f3255726fed92ee142584ccd3a88728861862cb38f7c3defce8669ea501e6,20260813,,a23e0943d474d99dd812c0e2bcb43b1360570f0f4642e24ce48f9e3f977d3bb3,ours_native,True,True,4096,True,/home/kai3/coco/quantization_graph/results/disk_environment/.test_runs/gist/gist_test_20260829_204245/runs/gist_test_20260829_204245/05C_disk_system_fair/gist/artifacts/test/Ours-Disk__hybrid_disk__B2__standard__w32__r0.json,Ours-Disk,05C system
05c,gist,Ours-Disk,hybrid_disk,test,gist_test_20260829_204245,0,32,2.0,beam1,26,26,db1+coalescing+reuse,standard,1,0.811625,12.795990242,2175977.200474998,2127281.724,3035750.579,3561954.536,,,,,1768.757458687,1325003840,,,442400768,529000000.0,1177000000.0,341336064.0,0.0,580.845,581.23625,2380743.68,2174059.02162875,311.3176,81.3050925,735.0591775,116.14918375,1730.94375,483.93625,1729.94375,554.6,555.6,553.2475,26.0,0.0,800,03_system_fair,ExRaBitQ4 symmetric Vamana + DB1 x INT8 production search,05c-ours-release-native-odirect-v2,ad3c67ae1fadf7104297032eb26d35bb228b217530c1fee261a834d883166f20,7dd8941dcdf9a40c2444d3d84fabfc80df5e9bdf48e58404ee6acfe904091cf5,77c4b1995109c74ac01226e0503820d7df1fd6c5a465f078640c34d8a639d360,9b46438f0c6472734127bfa9cd1af70b6f2fde91c76fb5ea353f515c3e1c3354,c43f3255726fed92ee142584ccd3a88728861862cb38f7c3defce8669ea501e6,20260813,,a23e0943d474d99dd812c0e2bcb43b1360570f0f4642e24ce48f9e3f977d3bb3,ours_native,True,True,4096,True,/home/kai3/coco/quantization_graph/results/disk_environment/.test_runs/gist/gist_test_20260829_204245/runs/gist_test_20260829_204245/05C_disk_system_fair/gist/artifacts/test/Ours-Disk__hybrid_disk__B2__standard__w32__r0.json,Ours-Disk,05C system
05c,gist,Ours-Disk,hybrid_disk,test,gist_test_20260829_204245,0,32,2.0,beam1,27,27,db1+coalescing+reuse,standard,1,0.817875,12.215189428,2293413.315316253,2233037.778,3272961.665,3740529.463,,,,,1768.757458687,1325003840,,,441876480,529000000.0,1177000000.0,341336064.0,0.0,592.23875,592.63375,2427427.84,2291452.733461249,318.96338,82.24235375,756.25593625,118.81064375,1773.60125,496.3375,1772.60125,565.31375,566.31375,563.87,27.0,0.0,800,03_system_fair,ExRaBitQ4 symmetric Vamana + DB1 x INT8 production search,05c-ours-release-native-odirect-v2,ad3c67ae1fadf7104297032eb26d35bb228b217530c1fee261a834d883166f20,7dd8941dcdf9a40c2444d3d84fabfc80df5e9bdf48e58404ee6acfe904091cf5,77c4b1995109c74ac01226e0503820d7df1fd6c5a465f078640c34d8a639d360,9b46438f0c6472734127bfa9cd1af70b6f2fde91c76fb5ea353f515c3e1c3354,c43f3255726fed92ee142584ccd3a88728861862cb38f7c3defce8669ea501e6,20260813,,a23e0943d474d99dd812c0e2bcb43b1360570f0f4642e24ce48f9e3f977d3bb3,ours_native,True,True,4096,True,/home/kai3/coco/quantization_graph/results/disk_environment/.test_runs/gist/gist_test_20260829_204245/runs/gist_test_20260829_204245/05C_disk_system_fair/gist/artifacts/test/Ours-Disk__hybrid_disk__B2__standard__w32__r0.json,Ours-Disk,05C system
05c,gist,Ours-Disk,hybrid_disk,test,gist_test_20260829_204245,0,32,2.0,beam1,28,28,db1+coalescing+reuse,standard,1,0.821875,12.072299982,2306727.652591248,2254736.613,3280816.144,3826384.997,,,,,1768.757458687,1325003840,,,443789312,529000000.0,1177000000.0,341336064.0,0.0,603.59375,603.99375,2473958.4,2304728.554287503,324.67127125,82.6948275,773.96962375,122.17281375,1816.2675,508.6875,1815.2675,575.9925,576.9925,574.4575,28.0,0.0,800,03_system_fair,ExRaBitQ4 symmetric Vamana + DB1 x INT8 production search,05c-ours-release-native-odirect-v2,ad3c67ae1fadf7104297032eb26d35bb228b217530c1fee261a834d883166f20,7dd8941dcdf9a40c2444d3d84fabfc80df5e9bdf48e58404ee6acfe904091cf5,77c4b1995109c74ac01226e0503820d7df1fd6c5a465f078640c34d8a639d360,9b46438f0c6472734127bfa9cd1af70b6f2fde91c76fb5ea353f515c3e1c3354,c43f3255726fed92ee142584ccd3a88728861862cb38f7c3defce8669ea501e6,20260813,,a23e0943d474d99dd812c0e2bcb43b1360570f0f4642e24ce48f9e3f977d3bb3,ours_native,True,True,4096,True,/home/kai3/coco/quantization_graph/results/disk_environment/.test_runs/gist/gist_test_20260829_204245/runs/gist_test_20260829_204245/05C_disk_system_fair/gist/artifacts/test/Ours-Disk__hybrid_disk__B2__standard__w32__r0.json,Ours-Disk,05C system
05c,gist,Ours-Disk,hybrid_disk,test,gist_test_20260829_204245,0,32,2.0,beam1,29,29,db1+coalescing+reuse,standard,1,0.826625,11.673948185,2401559.644777501,2347570.914,3331276.178,3904873.54,,,,,1768.757458687,1325003840,,,441077760,529000000.0,1177000000.0,341336064.0,0.0,614.85875,615.2625,2520115.2,2399526.191576251,330.42151875,82.177485,791.94169625,126.04749625,1861.1075,520.90625,1860.1075,586.545,587.545,584.91875,29.0,0.0,800,03_system_fair,ExRaBitQ4 symmetric Vamana + DB1 x INT8 production search,05c-ours-release-native-odirect-v2,ad3c67ae1fadf7104297032eb26d35bb228b217530c1fee261a834d883166f20,7dd8941dcdf9a40c2444d3d84fabfc80df5e9bdf48e58404ee6acfe904091cf5,77c4b1995109c74ac01226e0503820d7df1fd6c5a465f078640c34d8a639d360,9b46438f0c6472734127bfa9cd1af70b6f2fde91c76fb5ea353f515c3e1c3354,c43f3255726fed92ee142584ccd3a88728861862cb38f7c3defce8669ea501e6,20260813,,a23e0943d474d99dd812c0e2bcb43b1360570f0f4642e24ce48f9e3f977d3bb3,ours_native,True,True,4096,True,/home/kai3/coco/quantization_graph/results/disk_environment/.test_runs/gist/gist_test_20260829_204245/runs/gist_test_20260829_204245/05C_disk_system_fair/gist/artifacts/test/Ours-Disk__hybrid_disk__B2__standard__w32__r0.json,Ours-Disk,05C system
05c,gist,Ours-Disk,hybrid_disk,test,gist_test_20260829_204245,0,32,2.0,beam1,30,30,db1+coalescing+reuse,standard,1,0.832,10.760276256,2606763.849644999,2457248.552,4008281.902,5019169.955,,,,,1768.757458687,1325003840,,,448036864,529000000.0,1177000000.0,341336064.0,0.0,626.34125,626.75,2567168.0,2604689.357091251,336.209945,82.34610125,810.59305875,129.4192,1906.985,533.38875,1905.985,597.25,598.25,595.55,30.0,0.0,800,03_system_fair,ExRaBitQ4 symmetric Vamana + DB1 x INT8 production search,05c-ours-release-native-odirect-v2,ad3c67ae1fadf7104297032eb26d35bb228b217530c1fee261a834d883166f20,7dd8941dcdf9a40c2444d3d84fabfc80df5e9bdf48e58404ee6acfe904091cf5,77c4b1995109c74ac01226e0503820d7df1fd6c5a465f078640c34d8a639d360,9b46438f0c6472734127bfa9cd1af70b6f2fde91c76fb5ea353f515c3e1c3354,c43f3255726fed92ee142584ccd3a88728861862cb38f7c3defce8669ea501e6,20260813,,a23e0943d474d99dd812c0e2bcb43b1360570f0f4642e24ce48f9e3f977d3bb3,ours_native,True,True,4096,True,/home/kai3/coco/quantization_graph/results/disk_environment/.test_runs/gist/gist_test_20260829_204245/runs/gist_test_20260829_204245/05C_disk_system_fair/gist/artifacts/test/Ours-Disk__hybrid_disk__B2__standard__w32__r0.json,Ours-Disk,05C system
05c,gist,Ours-Disk,hybrid_disk,test,gist_test_20260829_204245,0,32,2.0,beam1,40,40,db1+coalescing+reuse,standard,1,0.873,9.480480003,2942768.539022504,2890175.512,4041069.183,4621186.662,,,,,1768.757458687,1325003840,,,477564928,529000000.0,1177000000.0,341336064.0,0.0,732.52625,733.0075,3002398.72,2940294.263742505,395.8721,83.46776,1004.60737625,164.58580375,2338.38875,646.8475,2337.38875,696.0925,697.0925,693.5825,40.0,0.0,800,03_system_fair,ExRaBitQ4 symmetric Vamana + DB1 x INT8 production search,05c-ours-release-native-odirect-v2,ad3c67ae1fadf7104297032eb26d35bb228b217530c1fee261a834d883166f20,7dd8941dcdf9a40c2444d3d84fabfc80df5e9bdf48e58404ee6acfe904091cf5,77c4b1995109c74ac01226e0503820d7df1fd6c5a465f078640c34d8a639d360,9b46438f0c6472734127bfa9cd1af70b6f2fde91c76fb5ea353f515c3e1c3354,c43f3255726fed92ee142584ccd3a88728861862cb38f7c3defce8669ea501e6,20260813,,a23e0943d474d99dd812c0e2bcb43b1360570f0f4642e24ce48f9e3f977d3bb3,ours_native,True,True,4096,True,/home/kai3/coco/quantization_graph/results/disk_environment/.test_runs/gist/gist_test_20260829_204245/runs/gist_test_20260829_204245/05C_disk_system_fair/gist/artifacts/test/Ours-Disk__hybrid_disk__B2__standard__w32__r0.json,Ours-Disk,05C system
05c,gist,Ours-Disk,hybrid_disk,test,gist_test_20260829_204245,0,32,2.0,beam1,50,50,db1+coalescing+reuse,standard,1,0.894625,8.202248554,3400024.910513752,3336969.142,4562827.881999999,5456896.735,,,,,1768.757458687,1325003840,,,519553024,529000000.0,1177000000.0,341336064.0,0.0,833.0925,833.63375,3414563.84,3397161.983508751,451.60252,81.04690375,1192.790915,206.11478625,2765.4425,748.28125,2764.4425,789.21125,790.21125,785.9,50.0,0.0,800,03_system_fair,ExRaBitQ4 symmetric Vamana + DB1 x INT8 production search,05c-ours-release-native-odirect-v2,ad3c67ae1fadf7104297032eb26d35bb228b217530c1fee261a834d883166f20,7dd8941dcdf9a40c2444d3d84fabfc80df5e9bdf48e58404ee6acfe904091cf5,77c4b1995109c74ac01226e0503820d7df1fd6c5a465f078640c34d8a639d360,9b46438f0c6472734127bfa9cd1af70b6f2fde91c76fb5ea353f515c3e1c3354,c43f3255726fed92ee142584ccd3a88728861862cb38f7c3defce8669ea501e6,20260813,,a23e0943d474d99dd812c0e2bcb43b1360570f0f4642e24ce48f9e3f977d3bb3,ours_native,True,True,4096,True,/home/kai3/coco/quantization_graph/results/disk_environment/.test_runs/gist/gist_test_20260829_204245/runs/gist_test_20260829_204245/05C_disk_system_fair/gist/artifacts/test/Ours-Disk__hybrid_disk__B2__standard__w32__r0.json,Ours-Disk,05C system
05c,gist,Ours-Disk,hybrid_disk,test,gist_test_20260829_204245,0,32,2.0,beam1,60,60,db1+coalescing+reuse,standard,1,0.914875,7.246687179,3847321.248209999,3763295.98,5277496.081999999,6070631.669,,,,,1768.757458687,1325003840,,,534376448,529000000.0,1177000000.0,341336064.0,0.0,930.09375,930.6875,3812096.0,3844084.521122503,507.65392875,84.48217375,1373.39697625,238.35059875,3184.055,843.64125,3183.055,878.8075,879.8075,874.6175,60.0,0.0,800,03_system_fair,ExRaBitQ4 symmetric Vamana + DB1 x INT8 production search,05c-ours-release-native-odirect-v2,ad3c67ae1fadf7104297032eb26d35bb228b217530c1fee261a834d883166f20,7dd8941dcdf9a40c2444d3d84fabfc80df5e9bdf48e58404ee6acfe904091cf5,77c4b1995109c74ac01226e0503820d7df1fd6c5a465f078640c34d8a639d360,9b46438f0c6472734127bfa9cd1af70b6f2fde91c76fb5ea353f515c3e1c3354,c43f3255726fed92ee142584ccd3a88728861862cb38f7c3defce8669ea501e6,20260813,,a23e0943d474d99dd812c0e2bcb43b1360570f0f4642e24ce48f9e3f977d3bb3,ours_native,True,True,4096,True,/home/kai3/coco/quantization_graph/results/disk_environment/.test_runs/gist/gist_test_20260829_204245/runs/gist_test_20260829_204245/05C_disk_system_fair/gist/artifacts/test/Ours-Disk__hybrid_disk__B2__standard__w32__r0.json,Ours-Disk,05C system
05c,gist,Ours-Disk,hybrid_disk,test,gist_test_20260829_204245,0,32,2.0,beam1,70,70,db1+coalescing+reuse,standard,1,0.927625,6.490965112,4303152.999659996,4226567.28,5781645.427,6776360.35,,,,,1768.757458687,1325003840,,,562806784,529000000.0,1177000000.0,341336064.0,0.0,1021.99625,1022.635,4188712.96,4299544.502384997,559.6095925,84.52272875,1554.31191625,279.24127,3595.03125,932.1575,3594.03125,963.23125,964.23125,958.195,70.0,0.0,800,03_system_fair,ExRaBitQ4 symmetric Vamana + DB1 x INT8 production search,05c-ours-release-native-odirect-v2,ad3c67ae1fadf7104297032eb26d35bb228b217530c1fee261a834d883166f20,7dd8941dcdf9a40c2444d3d84fabfc80df5e9bdf48e58404ee6acfe904091cf5,77c4b1995109c74ac01226e0503820d7df1fd6c5a465f078640c34d8a639d360,9b46438f0c6472734127bfa9cd1af70b6f2fde91c76fb5ea353f515c3e1c3354,c43f3255726fed92ee142584ccd3a88728861862cb38f7c3defce8669ea501e6,20260813,,a23e0943d474d99dd812c0e2bcb43b1360570f0f4642e24ce48f9e3f977d3bb3,ours_native,True,True,4096,True,/home/kai3/coco/quantization_graph/results/disk_environment/.test_runs/gist/gist_test_20260829_204245/runs/gist_test_20260829_204245/05C_disk_system_fair/gist/artifacts/test/Ours-Disk__hybrid_disk__B2__standard__w32__r0.json,Ours-Disk,05C system
05c,gist,Ours-Disk,hybrid_disk,test,gist_test_20260829_204245,0,32,2.0,beam1,80,80,db1+coalescing+reuse,standard,1,0.937875,5.877868629,4738179.827707498,4664069.94,6149487.409,7661893.572000001,,,,,1768.757458687,1325003840,,,571736064,529000000.0,1177000000.0,341336064.0,0.0,1111.77625,1112.455,4556615.68,4734211.082617503,610.54290375,84.98353375,1725.9607375,313.48165125,3997.53,1016.8525,3996.53,1045.5225,1046.5225,1039.60625,80.0,0.0,800,03_system_fair,ExRaBitQ4 symmetric Vamana + DB1 x INT8 production search,05c-ours-release-native-odirect-v2,ad3c67ae1fadf7104297032eb26d35bb228b217530c1fee261a834d883166f20,7dd8941dcdf9a40c2444d3d84fabfc80df5e9bdf48e58404ee6acfe904091cf5,77c4b1995109c74ac01226e0503820d7df1fd6c5a465f078640c34d8a639d360,9b46438f0c6472734127bfa9cd1af70b6f2fde91c76fb5ea353f515c3e1c3354,c43f3255726fed92ee142584ccd3a88728861862cb38f7c3defce8669ea501e6,20260813,,a23e0943d474d99dd812c0e2bcb43b1360570f0f4642e24ce48f9e3f977d3bb3,ours_native,True,True,4096,True,/home/kai3/coco/quantization_graph/results/disk_environment/.test_runs/gist/gist_test_20260829_204245/runs/gist_test_20260829_204245/05C_disk_system_fair/gist/artifacts/test/Ours-Disk__hybrid_disk__B2__standard__w32__r0.json,Ours-Disk,05C system
05c,gist,Ours-Disk,hybrid_disk,test,gist_test_20260829_204245,0,32,2.0,beam1,90,90,db1+coalescing+reuse,standard,1,0.945375,5.397089681,5176167.686307501,5059854.914,6965583.743,8137967.501,,,,,1768.757458687,1325003840,,,602927104,529000000.0,1177000000.0,341336064.0,0.0,1198.93125,1199.64875,4913761.28,5171770.453451252,663.9569525,83.7538925,1895.652685,362.0489875,4392.71625,1098.52625,4391.71625,1125.23625,1126.23625,1118.435,90.0,0.0,800,03_system_fair,ExRaBitQ4 symmetric Vamana + DB1 x INT8 production search,05c-ours-release-native-odirect-v2,ad3c67ae1fadf7104297032eb26d35bb228b217530c1fee261a834d883166f20,7dd8941dcdf9a40c2444d3d84fabfc80df5e9bdf48e58404ee6acfe904091cf5,77c4b1995109c74ac01226e0503820d7df1fd6c5a465f078640c34d8a639d360,9b46438f0c6472734127bfa9cd1af70b6f2fde91c76fb5ea353f515c3e1c3354,c43f3255726fed92ee142584ccd3a88728861862cb38f7c3defce8669ea501e6,20260813,,a23e0943d474d99dd812c0e2bcb43b1360570f0f4642e24ce48f9e3f977d3bb3,ours_native,True,True,4096,True,/home/kai3/coco/quantization_graph/results/disk_environment/.test_runs/gist/gist_test_20260829_204245/runs/gist_test_20260829_204245/05C_disk_system_fair/gist/artifacts/test/Ours-Disk__hybrid_disk__B2__standard__w32__r0.json,Ours-Disk,05C system
05c,gist,Ours-Disk,hybrid_disk,test,gist_test_20260829_204245,0,32,2.0,beam1,100,100,db1+coalescing+reuse,standard,1,0.951375,4.987303378,5592766.667373761,5490293.716,7216338.814,8967398.918000001,,,,,1768.757458687,1325003840,,,642850816,529000000.0,1177000000.0,341336064.0,0.0,1284.04,1284.81625,5262607.36,5587945.635856253,711.8571675,85.97690625,2172.72342,389.144445,4786.48625,1177.36,4785.48625,1202.78125,1203.78125,1195.08375,100.0,0.0,800,03_system_fair,ExRaBitQ4 symmetric Vamana + DB1 x INT8 production search,05c-ours-release-native-odirect-v2,ad3c67ae1fadf7104297032eb26d35bb228b217530c1fee261a834d883166f20,7dd8941dcdf9a40c2444d3d84fabfc80df5e9bdf48e58404ee6acfe904091cf5,77c4b1995109c74ac01226e0503820d7df1fd6c5a465f078640c34d8a639d360,9b46438f0c6472734127bfa9cd1af70b6f2fde91c76fb5ea353f515c3e1c3354,c43f3255726fed92ee142584ccd3a88728861862cb38f7c3defce8669ea501e6,20260813,,a23e0943d474d99dd812c0e2bcb43b1360570f0f4642e24ce48f9e3f977d3bb3,ours_native,True,True,4096,True,/home/kai3/coco/quantization_graph/results/disk_environment/.test_runs/gist/gist_test_20260829_204245/runs/gist_test_20260829_204245/05C_disk_system_fair/gist/artifacts/test/Ours-Disk__hybrid_disk__B2__standard__w32__r0.json,Ours-Disk,05C system
05c,gist,Ours-Disk,hybrid_disk,test,gist_test_20260829_204245,0,32,2.0,beam1,140,140,db1+coalescing+reuse,standard,1,0.969625,3.882734064,7193062.575413754,7087029.182,9526001.859,10967577.638,,,,,1768.757458687,1325003840,,,720912384,529000000.0,1177000000.0,341336064.0,0.0,1605.18625,1606.11625,6578652.16,7186535.945783745,913.5347775,96.7501325,2935.85277875,416.18826625,6275.25125,1472.04125,6274.25125,1494.08125,1495.08125,1482.5675,100.0,0.0,800,03_system_fair,ExRaBitQ4 symmetric Vamana + DB1 x INT8 production search,05c-ours-release-native-odirect-v2,ad3c67ae1fadf7104297032eb26d35bb228b217530c1fee261a834d883166f20,7dd8941dcdf9a40c2444d3d84fabfc80df5e9bdf48e58404ee6acfe904091cf5,77c4b1995109c74ac01226e0503820d7df1fd6c5a465f078640c34d8a639d360,9b46438f0c6472734127bfa9cd1af70b6f2fde91c76fb5ea353f515c3e1c3354,c43f3255726fed92ee142584ccd3a88728861862cb38f7c3defce8669ea501e6,20260813,,a23e0943d474d99dd812c0e2bcb43b1360570f0f4642e24ce48f9e3f977d3bb3,ours_native,True,True,4096,True,/home/kai3/coco/quantization_graph/results/disk_environment/.test_runs/gist/gist_test_20260829_204245/runs/gist_test_20260829_204245/05C_disk_system_fair/gist/artifacts/test/Ours-Disk__hybrid_disk__B2__standard__w32__r0.json,Ours-Disk,05C system
05c,gist,Ours-Disk,hybrid_disk,test,gist_test_20260829_204245,0,32,2.0,beam1,180,180,db1+coalescing+reuse,standard,1,0.975625,3.213156806,8689842.124205012,8544458.479999999,11269855.716,13404470.785,,,,,1768.757458687,1325003840,,,820109312,529000000.0,1177000000.0,341336064.0,0.0,1906.29375,1907.37375,7812602.88,8682080.8047875,1075.1414525,101.47862625,3541.1950675,421.44896875,7680.43625,1745.08625,7679.43625,1765.34375,1766.34375,1749.845,100.0,0.0,800,03_system_fair,ExRaBitQ4 symmetric Vamana + DB1 x INT8 production search,05c-ours-release-native-odirect-v2,ad3c67ae1fadf7104297032eb26d35bb228b217530c1fee261a834d883166f20,7dd8941dcdf9a40c2444d3d84fabfc80df5e9bdf48e58404ee6acfe904091cf5,77c4b1995109c74ac01226e0503820d7df1fd6c5a465f078640c34d8a639d360,9b46438f0c6472734127bfa9cd1af70b6f2fde91c76fb5ea353f515c3e1c3354,c43f3255726fed92ee142584ccd3a88728861862cb38f7c3defce8669ea501e6,20260813,,a23e0943d474d99dd812c0e2bcb43b1360570f0f4642e24ce48f9e3f977d3bb3,ours_native,True,True,4096,True,/home/kai3/coco/quantization_graph/results/disk_environment/.test_runs/gist/gist_test_20260829_204245/runs/gist_test_20260829_204245/05C_disk_system_fair/gist/artifacts/test/Ours-Disk__hybrid_disk__B2__standard__w32__r0.json,Ours-Disk,05C system
05c,gist,Ours-Disk,hybrid_disk,test,gist_test_20260829_204245,0,32,2.0,beam1,220,220,db1+coalescing+reuse,standard,1,0.980375,2.749707384,10154796.998303743,9996386.166,13194819.087,15895312.424,,,,,1768.757458687,1325003840,,,848773120,529000000.0,1177000000.0,341336064.0,0.0,2191.41125,2192.62,8980971.52,10145527.846884994,1254.9260625,99.2847675,4232.78878875,433.8535,9020.9425,2001.81875,9019.9425,2020.88875,2021.88875,2001.21125,100.0,0.0,800,03_system_fair,ExRaBitQ4 symmetric Vamana + DB1 x INT8 production search,05c-ours-release-native-odirect-v2,ad3c67ae1fadf7104297032eb26d35bb228b217530c1fee261a834d883166f20,7dd8941dcdf9a40c2444d3d84fabfc80df5e9bdf48e58404ee6acfe904091cf5,77c4b1995109c74ac01226e0503820d7df1fd6c5a465f078640c34d8a639d360,9b46438f0c6472734127bfa9cd1af70b6f2fde91c76fb5ea353f515c3e1c3354,c43f3255726fed92ee142584ccd3a88728861862cb38f7c3defce8669ea501e6,20260813,,a23e0943d474d99dd812c0e2bcb43b1360570f0f4642e24ce48f9e3f977d3bb3,ours_native,True,True,4096,True,/home/kai3/coco/quantization_graph/results/disk_environment/.test_runs/gist/gist_test_20260829_204245/runs/gist_test_20260829_204245/05C_disk_system_fair/gist/artifacts/test/Ours-Disk__hybrid_disk__B2__standard__w32__r0.json,Ours-Disk,05C system
05c,gist,Ours-Disk,hybrid_disk,test,gist_test_20260829_204245,0,32,2.0,beam1,260,260,db1+coalescing+reuse,standard,1,0.982125,2.397581377,11632966.177833758,11393969.663,15981321.107,17922105.145,,,,,1768.757458687,1325003840,,,920027136,529000000.0,1177000000.0,341336064.0,0.0,2466.0625,2467.38125,10106393.6,11622527.31556751,1412.2448175,101.35128125,4805.40905125,433.69109875,10305.28625,2247.5175,10304.28625,2266.0375,2267.0375,2242.15875,100.0,0.0,800,03_system_fair,ExRaBitQ4 symmetric Vamana + DB1 x INT8 production search,05c-ours-release-native-odirect-v2,ad3c67ae1fadf7104297032eb26d35bb228b217530c1fee261a834d883166f20,7dd8941dcdf9a40c2444d3d84fabfc80df5e9bdf48e58404ee6acfe904091cf5,77c4b1995109c74ac01226e0503820d7df1fd6c5a465f078640c34d8a639d360,9b46438f0c6472734127bfa9cd1af70b6f2fde91c76fb5ea353f515c3e1c3354,c43f3255726fed92ee142584ccd3a88728861862cb38f7c3defce8669ea501e6,20260813,,a23e0943d474d99dd812c0e2bcb43b1360570f0f4642e24ce48f9e3f977d3bb3,ours_native,True,True,4096,True,/home/kai3/coco/quantization_graph/results/disk_environment/.test_runs/gist/gist_test_20260829_204245/runs/gist_test_20260829_204245/05C_disk_system_fair/gist/artifacts/test/Ours-Disk__hybrid_disk__B2__standard__w32__r0.json,Ours-Disk,05C system
05c,gist,Ours-Disk,hybrid_disk,test,gist_test_20260829_204245,0,32,2.0,beam1,300,300,db1+coalescing+reuse,standard,1,0.9835,2.16600366,12900058.388849996,12718568.517,16977694.325999998,19551912.128,,,,,1768.757458687,1325003840,,,983064576,529000000.0,1177000000.0,341336064.0,0.0,2729.39875,2730.82,11185438.72,12888480.369684994,1568.39266375,100.57861875,5351.25264875,437.9533675,11546.6125,2481.8775,11545.6125,2499.72625,2500.72625,2471.64125,100.0,0.0,800,03_system_fair,ExRaBitQ4 symmetric Vamana + DB1 x INT8 production search,05c-ours-release-native-odirect-v2,ad3c67ae1fadf7104297032eb26d35bb228b217530c1fee261a834d883166f20,7dd8941dcdf9a40c2444d3d84fabfc80df5e9bdf48e58404ee6acfe904091cf5,77c4b1995109c74ac01226e0503820d7df1fd6c5a465f078640c34d8a639d360,9b46438f0c6472734127bfa9cd1af70b6f2fde91c76fb5ea353f515c3e1c3354,c43f3255726fed92ee142584ccd3a88728861862cb38f7c3defce8669ea501e6,20260813,,a23e0943d474d99dd812c0e2bcb43b1360570f0f4642e24ce48f9e3f977d3bb3,ours_native,True,True,4096,True,/home/kai3/coco/quantization_graph/results/disk_environment/.test_runs/gist/gist_test_20260829_204245/runs/gist_test_20260829_204245/05C_disk_system_fair/gist/artifacts/test/Ours-Disk__hybrid_disk__B2__standard__w32__r0.json,Ours-Disk,05C system
05c,gist,Ours-Disk,hybrid_disk,test,gist_test_20260829_204245,0,32,2.0,beam1,340,340,db1+coalescing+reuse,standard,1,0.984125,1.958812252,14247957.84906748,14074141.586,18555978.292,21307879.22,,,,,1768.757458687,1325003840,,,1070317568,529000000.0,1177000000.0,341336064.0,0.0,2984.65375,2986.1775,12231383.04,14235103.858693743,1723.45894,99.96520875,5974.67180125,440.77094375,12736.08125,2708.42375,12735.08125,2725.57875,2726.57875,2693.08625,100.0,0.0,800,03_system_fair,ExRaBitQ4 symmetric Vamana + DB1 x INT8 production search,05c-ours-release-native-odirect-v2,ad3c67ae1fadf7104297032eb26d35bb228b217530c1fee261a834d883166f20,7dd8941dcdf9a40c2444d3d84fabfc80df5e9bdf48e58404ee6acfe904091cf5,77c4b1995109c74ac01226e0503820d7df1fd6c5a465f078640c34d8a639d360,9b46438f0c6472734127bfa9cd1af70b6f2fde91c76fb5ea353f515c3e1c3354,c43f3255726fed92ee142584ccd3a88728861862cb38f7c3defce8669ea501e6,20260813,,a23e0943d474d99dd812c0e2bcb43b1360570f0f4642e24ce48f9e3f977d3bb3,ours_native,True,True,4096,True,/home/kai3/coco/quantization_graph/results/disk_environment/.test_runs/gist/gist_test_20260829_204245/runs/gist_test_20260829_204245/05C_disk_system_fair/gist/artifacts/test/Ours-Disk__hybrid_disk__B2__standard__w32__r0.json,Ours-Disk,05C system
05c,gist,Ours-Disk,hybrid_disk,test,gist_test_20260829_204245,0,32,2.0,beam1,380,380,db1+coalescing+reuse,standard,1,0.984875,1.78914429,15583774.681807509,15403005.141,20236682.622,23601479.608,,,,,1768.757458687,1325003840,,,1127251968,529000000.0,1177000000.0,341336064.0,0.0,3234.45625,3236.06625,13254927.36,15569497.34197625,1878.566675,99.64455125,6480.4969725,461.4328125,13893.3,2929.14,13892.3,2946.10125,2947.10125,2909.11125,100.0,0.0,800,03_system_fair,ExRaBitQ4 symmetric Vamana + DB1 x INT8 production search,05c-ours-release-native-odirect-v2,ad3c67ae1fadf7104297032eb26d35bb228b217530c1fee261a834d883166f20,7dd8941dcdf9a40c2444d3d84fabfc80df5e9bdf48e58404ee6acfe904091cf5,77c4b1995109c74ac01226e0503820d7df1fd6c5a465f078640c34d8a639d360,9b46438f0c6472734127bfa9cd1af70b6f2fde91c76fb5ea353f515c3e1c3354,c43f3255726fed92ee142584ccd3a88728861862cb38f7c3defce8669ea501e6,20260813,,a23e0943d474d99dd812c0e2bcb43b1360570f0f4642e24ce48f9e3f977d3bb3,ours_native,True,True,4096,True,/home/kai3/coco/quantization_graph/results/disk_environment/.test_runs/gist/gist_test_20260829_204245/runs/gist_test_20260829_204245/05C_disk_system_fair/gist/artifacts/test/Ours-Disk__hybrid_disk__B2__standard__w32__r0.json,Ours-Disk,05C system
05c,gist,Ours-Disk,hybrid_disk,test,gist_test_20260829_204245,0,32,2.0,beam1,420,420,db1+coalescing+reuse,standard,1,0.985125,1.649189423,16938589.514309976,16678729.015000002,21907614.678000003,24847053.891000003,,,,,1768.757458687,1325003840,,,1197993984,529000000.0,1177000000.0,341336064.0,0.0,3477.375,3479.06125,14250234.88,16923432.375111245,2026.857685,100.51437375,7021.513655,440.90567375,15017.865,3143.21125,15016.865,3160.125,3161.125,3118.49625,100.0,0.0,800,03_system_fair,ExRaBitQ4 symmetric Vamana + DB1 x INT8 production search,05c-ours-release-native-odirect-v2,ad3c67ae1fadf7104297032eb26d35bb228b217530c1fee261a834d883166f20,7dd8941dcdf9a40c2444d3d84fabfc80df5e9bdf48e58404ee6acfe904091cf5,77c4b1995109c74ac01226e0503820d7df1fd6c5a465f078640c34d8a639d360,9b46438f0c6472734127bfa9cd1af70b6f2fde91c76fb5ea353f515c3e1c3354,c43f3255726fed92ee142584ccd3a88728861862cb38f7c3defce8669ea501e6,20260813,,a23e0943d474d99dd812c0e2bcb43b1360570f0f4642e24ce48f9e3f977d3bb3,ours_native,True,True,4096,True,/home/kai3/coco/quantization_graph/results/disk_environment/.test_runs/gist/gist_test_20260829_204245/runs/gist_test_20260829_204245/05C_disk_system_fair/gist/artifacts/test/Ours-Disk__hybrid_disk__B2__standard__w32__r0.json,Ours-Disk,05C system
05c,gist,Ours-Disk,hybrid_disk,test,gist_test_20260829_204245,0,32,2.0,beam1,460,460,db1+coalescing+reuse,standard,1,0.985375,1.549927045,18008191.06830376,17798752.483000003,23036303.645,27097333.654,,,,,1768.757458687,1325003840,,,1215451136,529000000.0,1177000000.0,341336064.0,0.0,3715.01375,3716.77875,15223925.76,17991899.548515007,2197.59222375,100.115905,7412.72014,450.97708875,16114.2225,3352.23,16113.2225,3368.71375,3369.71375,3322.305,100.0,0.0,800,03_system_fair,ExRaBitQ4 symmetric Vamana + DB1 x INT8 production search,05c-ours-release-native-odirect-v2,ad3c67ae1fadf7104297032eb26d35bb228b217530c1fee261a834d883166f20,7dd8941dcdf9a40c2444d3d84fabfc80df5e9bdf48e58404ee6acfe904091cf5,77c4b1995109c74ac01226e0503820d7df1fd6c5a465f078640c34d8a639d360,9b46438f0c6472734127bfa9cd1af70b6f2fde91c76fb5ea353f515c3e1c3354,c43f3255726fed92ee142584ccd3a88728861862cb38f7c3defce8669ea501e6,20260813,,a23e0943d474d99dd812c0e2bcb43b1360570f0f4642e24ce48f9e3f977d3bb3,ours_native,True,True,4096,True,/home/kai3/coco/quantization_graph/results/disk_environment/.test_runs/gist/gist_test_20260829_204245/runs/gist_test_20260829_204245/05C_disk_system_fair/gist/artifacts/test/Ours-Disk__hybrid_disk__B2__standard__w32__r0.json,Ours-Disk,05C system
05c,gist,Ours-Disk,hybrid_disk,test,gist_test_20260829_204245,0,32,2.0,beam1,480,480,db1+coalescing+reuse,standard,1,0.98575,1.49678841,18674077.337736245,18461322.595,24072843.812,27736439.961,,,,,1768.757458687,1325003840,,,1277861888,529000000.0,1177000000.0,341336064.0,0.0,3832.08375,3833.89125,15703618.56,18657375.447247505,2240.92844125,100.47235625,7740.4738775,442.47393875,16652.64625,3455.22875,16651.64625,3471.3675,3472.3675,3422.615,100.0,0.0,800,03_system_fair,ExRaBitQ4 symmetric Vamana + DB1 x INT8 production search,05c-ours-release-native-odirect-v2,ad3c67ae1fadf7104297032eb26d35bb228b217530c1fee261a834d883166f20,7dd8941dcdf9a40c2444d3d84fabfc80df5e9bdf48e58404ee6acfe904091cf5,77c4b1995109c74ac01226e0503820d7df1fd6c5a465f078640c34d8a639d360,9b46438f0c6472734127bfa9cd1af70b6f2fde91c76fb5ea353f515c3e1c3354,c43f3255726fed92ee142584ccd3a88728861862cb38f7c3defce8669ea501e6,20260813,,a23e0943d474d99dd812c0e2bcb43b1360570f0f4642e24ce48f9e3f977d3bb3,ours_native,True,True,4096,True,/home/kai3/coco/quantization_graph/results/disk_environment/.test_runs/gist/gist_test_20260829_204245/runs/gist_test_20260829_204245/05C_disk_system_fair/gist/artifacts/test/Ours-Disk__hybrid_disk__B2__standard__w32__r0.json,Ours-Disk,05C system
05c,gist,OG-LVQ-DiskPort,hybrid_disk,test,gist_test_20260829_204245,0,32,2.0,LVQ4_R64_W400,W=1,1,,standard,1,0.592625,19.7612,1461880.0,1379690.0,2262750.0,3118960.0,,,,,818.461,7952,,,12048,,,,,957.808,957.808,3923180.0,1452170.0,1461880.0,0.146729,1461880.0,0.0,16.8612,939.946,,,,,,,800,03_system_fair,official SVS LVQ4 distance kernel,05c-og-lvq-svs-layout-native-odirect-v1,c5ae806ecc0b843514ced45ee2b2507e8a03956707086140d22939ddac12d7c6,7dd8941dcdf9a40c2444d3d84fabfc80df5e9bdf48e58404ee6acfe904091cf5,62c0a824e813255fd8caa7aa2229a5f31750cf605ab547953be7b95734d15667,9b46438f0c6472734127bfa9cd1af70b6f2fde91c76fb5ea353f515c3e1c3354,c43f3255726fed92ee142584ccd3a88728861862cb38f7c3defce8669ea501e6,20260813,,,,True,True,4096,True,/home/kai3/coco/quantization_graph/results/disk_environment/.test_runs/gist/gist_test_20260829_204245/runs/gist_test_20260829_204245/05C_disk_system_fair/gist/artifacts/test/OG-LVQ-DiskPort__hybrid_disk__B2__standard__w32__r0.json,OG-LVQ,05C system
05c,gist,OG-LVQ-DiskPort,hybrid_disk,test,gist_test_20260829_204245,0,32,2.0,LVQ4_R64_W400,W=2,2,,standard,1,0.592625,20.5056,1396520.0,1366370.0,1971110.0,2304120.0,,,,,818.461,7952,,,12048,,,,,957.808,957.808,3923180.0,1386830.0,1396520.0,0.146898,1396520.0,0.0,16.8612,939.946,,,,,,,800,03_system_fair,official SVS LVQ4 distance kernel,05c-og-lvq-svs-layout-native-odirect-v1,c5ae806ecc0b843514ced45ee2b2507e8a03956707086140d22939ddac12d7c6,7dd8941dcdf9a40c2444d3d84fabfc80df5e9bdf48e58404ee6acfe904091cf5,62c0a824e813255fd8caa7aa2229a5f31750cf605ab547953be7b95734d15667,9b46438f0c6472734127bfa9cd1af70b6f2fde91c76fb5ea353f515c3e1c3354,c43f3255726fed92ee142584ccd3a88728861862cb38f7c3defce8669ea501e6,20260813,,,,True,True,4096,True,/home/kai3/coco/quantization_graph/results/disk_environment/.test_runs/gist/gist_test_20260829_204245/runs/gist_test_20260829_204245/05C_disk_system_fair/gist/artifacts/test/OG-LVQ-DiskPort__hybrid_disk__B2__standard__w32__r0.json,OG-LVQ,05C system
05c,gist,OG-LVQ-DiskPort,hybrid_disk,test,gist_test_20260829_204245,0,32,2.0,LVQ4_R64_W400,W=3,3,,standard,1,0.592625,20.4792,1400950.0,1359950.0,2022630.0,2375850.0,,,,,818.461,7952,,,12048,,,,,957.808,957.808,3923180.0,1391340.0,1400950.0,0.145185,1400950.0,0.0,16.8612,939.946,,,,,,,800,03_system_fair,official SVS LVQ4 distance kernel,05c-og-lvq-svs-layout-native-odirect-v1,c5ae806ecc0b843514ced45ee2b2507e8a03956707086140d22939ddac12d7c6,7dd8941dcdf9a40c2444d3d84fabfc80df5e9bdf48e58404ee6acfe904091cf5,62c0a824e813255fd8caa7aa2229a5f31750cf605ab547953be7b95734d15667,9b46438f0c6472734127bfa9cd1af70b6f2fde91c76fb5ea353f515c3e1c3354,c43f3255726fed92ee142584ccd3a88728861862cb38f7c3defce8669ea501e6,20260813,,,,True,True,4096,True,/home/kai3/coco/quantization_graph/results/disk_environment/.test_runs/gist/gist_test_20260829_204245/runs/gist_test_20260829_204245/05C_disk_system_fair/gist/artifacts/test/OG-LVQ-DiskPort__hybrid_disk__B2__standard__w32__r0.json,OG-LVQ,05C system
05c,gist,OG-LVQ-DiskPort,hybrid_disk,test,gist_test_20260829_204245,0,32,2.0,LVQ4_R64_W400,W=4,4,,standard,1,0.592625,20.8087,1378150.0,1339910.0,1973300.0,2300360.0,,,,,818.461,7952,,,12048,,,,,957.808,957.808,3923180.0,1368520.0,1378150.0,0.142648,1378150.0,0.0,16.8612,939.946,,,,,,,800,03_system_fair,official SVS LVQ4 distance kernel,05c-og-lvq-svs-layout-native-odirect-v1,c5ae806ecc0b843514ced45ee2b2507e8a03956707086140d22939ddac12d7c6,7dd8941dcdf9a40c2444d3d84fabfc80df5e9bdf48e58404ee6acfe904091cf5,62c0a824e813255fd8caa7aa2229a5f31750cf605ab547953be7b95734d15667,9b46438f0c6472734127bfa9cd1af70b6f2fde91c76fb5ea353f515c3e1c3354,c43f3255726fed92ee142584ccd3a88728861862cb38f7c3defce8669ea501e6,20260813,,,,True,True,4096,True,/home/kai3/coco/quantization_graph/results/disk_environment/.test_runs/gist/gist_test_20260829_204245/runs/gist_test_20260829_204245/05C_disk_system_fair/gist/artifacts/test/OG-LVQ-DiskPort__hybrid_disk__B2__standard__w32__r0.json,OG-LVQ,05C system
05c,gist,OG-LVQ-DiskPort,hybrid_disk,test,gist_test_20260829_204245,0,32,2.0,LVQ4_R64_W400,W=5,5,,standard,1,0.592625,20.6797,1387980.0,1359060.0,1961220.0,2262210.0,,,,,818.461,7952,,,12048,,,,,957.808,957.808,3923180.0,1378400.0,1387980.0,0.157665,1387980.0,0.0,16.8612,939.946,,,,,,,800,03_system_fair,official SVS LVQ4 distance kernel,05c-og-lvq-svs-layout-native-odirect-v1,c5ae806ecc0b843514ced45ee2b2507e8a03956707086140d22939ddac12d7c6,7dd8941dcdf9a40c2444d3d84fabfc80df5e9bdf48e58404ee6acfe904091cf5,62c0a824e813255fd8caa7aa2229a5f31750cf605ab547953be7b95734d15667,9b46438f0c6472734127bfa9cd1af70b6f2fde91c76fb5ea353f515c3e1c3354,c43f3255726fed92ee142584ccd3a88728861862cb38f7c3defce8669ea501e6,20260813,,,,True,True,4096,True,/home/kai3/coco/quantization_graph/results/disk_environment/.test_runs/gist/gist_test_20260829_204245/runs/gist_test_20260829_204245/05C_disk_system_fair/gist/artifacts/test/OG-LVQ-DiskPort__hybrid_disk__B2__standard__w32__r0.json,OG-LVQ,05C system
05c,gist,OG-LVQ-DiskPort,hybrid_disk,test,gist_test_20260829_204245,0,32,2.0,LVQ4_R64_W400,W=6,6,,standard,1,0.592625,20.7436,1389080.0,1357320.0,2029070.0,2303480.0,,,,,818.461,7952,,,12048,,,,,957.808,957.808,3923180.0,1379450.0,1389080.0,0.143136,1389080.0,0.0,16.8612,939.946,,,,,,,800,03_system_fair,official SVS LVQ4 distance kernel,05c-og-lvq-svs-layout-native-odirect-v1,c5ae806ecc0b843514ced45ee2b2507e8a03956707086140d22939ddac12d7c6,7dd8941dcdf9a40c2444d3d84fabfc80df5e9bdf48e58404ee6acfe904091cf5,62c0a824e813255fd8caa7aa2229a5f31750cf605ab547953be7b95734d15667,9b46438f0c6472734127bfa9cd1af70b6f2fde91c76fb5ea353f515c3e1c3354,c43f3255726fed92ee142584ccd3a88728861862cb38f7c3defce8669ea501e6,20260813,,,,True,True,4096,True,/home/kai3/coco/quantization_graph/results/disk_environment/.test_runs/gist/gist_test_20260829_204245/runs/gist_test_20260829_204245/05C_disk_system_fair/gist/artifacts/test/OG-LVQ-DiskPort__hybrid_disk__B2__standard__w32__r0.json,OG-LVQ,05C system
05c,gist,OG-LVQ-DiskPort,hybrid_disk,test,gist_test_20260829_204245,0,32,2.0,LVQ4_R64_W400,W=7,7,,standard,1,0.592625,20.5314,1404410.0,1356780.0,2020170.0,2379690.0,,,,,818.461,7952,,,12048,,,,,957.808,957.808,3923180.0,1394790.0,1404410.0,0.142541,1404410.0,0.0,16.8612,939.946,,,,,,,800,03_system_fair,official SVS LVQ4 distance kernel,05c-og-lvq-svs-layout-native-odirect-v1,c5ae806ecc0b843514ced45ee2b2507e8a03956707086140d22939ddac12d7c6,7dd8941dcdf9a40c2444d3d84fabfc80df5e9bdf48e58404ee6acfe904091cf5,62c0a824e813255fd8caa7aa2229a5f31750cf605ab547953be7b95734d15667,9b46438f0c6472734127bfa9cd1af70b6f2fde91c76fb5ea353f515c3e1c3354,c43f3255726fed92ee142584ccd3a88728861862cb38f7c3defce8669ea501e6,20260813,,,,True,True,4096,True,/home/kai3/coco/quantization_graph/results/disk_environment/.test_runs/gist/gist_test_20260829_204245/runs/gist_test_20260829_204245/05C_disk_system_fair/gist/artifacts/test/OG-LVQ-DiskPort__hybrid_disk__B2__standard__w32__r0.json,OG-LVQ,05C system
05c,gist,OG-LVQ-DiskPort,hybrid_disk,test,gist_test_20260829_204245,0,32,2.0,LVQ4_R64_W400,W=8,8,,standard,1,0.592625,20.5975,1405660.0,1361880.0,2009660.0,2414730.0,,,,,818.461,7952,,,12048,,,,,957.808,957.808,3923180.0,1396080.0,1405660.0,0.141419,1405660.0,0.0,16.8612,939.946,,,,,,,800,03_system_fair,official SVS LVQ4 distance kernel,05c-og-lvq-svs-layout-native-odirect-v1,c5ae806ecc0b843514ced45ee2b2507e8a03956707086140d22939ddac12d7c6,7dd8941dcdf9a40c2444d3d84fabfc80df5e9bdf48e58404ee6acfe904091cf5,62c0a824e813255fd8caa7aa2229a5f31750cf605ab547953be7b95734d15667,9b46438f0c6472734127bfa9cd1af70b6f2fde91c76fb5ea353f515c3e1c3354,c43f3255726fed92ee142584ccd3a88728861862cb38f7c3defce8669ea501e6,20260813,,,,True,True,4096,True,/home/kai3/coco/quantization_graph/results/disk_environment/.test_runs/gist/gist_test_20260829_204245/runs/gist_test_20260829_204245/05C_disk_system_fair/gist/artifacts/test/OG-LVQ-DiskPort__hybrid_disk__B2__standard__w32__r0.json,OG-LVQ,05C system
05c,gist,OG-LVQ-DiskPort,hybrid_disk,test,gist_test_20260829_204245,0,32,2.0,LVQ4_R64_W400,W=9,9,,standard,1,0.592625,20.7054,1395660.0,1336590.0,2039650.0,2249280.0,,,,,818.461,7952,,,12048,,,,,957.808,957.808,3923180.0,1386040.0,1395660.0,0.141754,1395660.0,0.0,16.8612,939.946,,,,,,,800,03_system_fair,official SVS LVQ4 distance kernel,05c-og-lvq-svs-layout-native-odirect-v1,c5ae806ecc0b843514ced45ee2b2507e8a03956707086140d22939ddac12d7c6,7dd8941dcdf9a40c2444d3d84fabfc80df5e9bdf48e58404ee6acfe904091cf5,62c0a824e813255fd8caa7aa2229a5f31750cf605ab547953be7b95734d15667,9b46438f0c6472734127bfa9cd1af70b6f2fde91c76fb5ea353f515c3e1c3354,c43f3255726fed92ee142584ccd3a88728861862cb38f7c3defce8669ea501e6,20260813,,,,True,True,4096,True,/home/kai3/coco/quantization_graph/results/disk_environment/.test_runs/gist/gist_test_20260829_204245/runs/gist_test_20260829_204245/05C_disk_system_fair/gist/artifacts/test/OG-LVQ-DiskPort__hybrid_disk__B2__standard__w32__r0.json,OG-LVQ,05C system
05c,gist,OG-LVQ-DiskPort,hybrid_disk,test,gist_test_20260829_204245,0,32,2.0,LVQ4_R64_W400,W=10,10,,standard,1,0.592625,20.8757,1379030.0,1344510.0,1976800.0,2377620.0,,,,,818.461,7952,,,12048,,,,,957.808,957.808,3923180.0,1369430.0,1379030.0,0.143179,1379030.0,0.0,16.8612,939.946,,,,,,,800,03_system_fair,official SVS LVQ4 distance kernel,05c-og-lvq-svs-layout-native-odirect-v1,c5ae806ecc0b843514ced45ee2b2507e8a03956707086140d22939ddac12d7c6,7dd8941dcdf9a40c2444d3d84fabfc80df5e9bdf48e58404ee6acfe904091cf5,62c0a824e813255fd8caa7aa2229a5f31750cf605ab547953be7b95734d15667,9b46438f0c6472734127bfa9cd1af70b6f2fde91c76fb5ea353f515c3e1c3354,c43f3255726fed92ee142584ccd3a88728861862cb38f7c3defce8669ea501e6,20260813,,,,True,True,4096,True,/home/kai3/coco/quantization_graph/results/disk_environment/.test_runs/gist/gist_test_20260829_204245/runs/gist_test_20260829_204245/05C_disk_system_fair/gist/artifacts/test/OG-LVQ-DiskPort__hybrid_disk__B2__standard__w32__r0.json,OG-LVQ,05C system
05c,gist,OG-LVQ-DiskPort,hybrid_disk,test,gist_test_20260829_204245,0,32,2.0,LVQ4_R64_W400,W=11,11,,standard,1,0.611375,19.5791,1485540.0,1451810.0,2101730.0,2453940.0,,,,,818.461,7952,,,12048,,,,,1008.3,1008.3,4129990.0,1475370.0,1485540.0,0.150986,1485540.0,0.0,17.8337,989.465,,,,,,,800,03_system_fair,official SVS LVQ4 distance kernel,05c-og-lvq-svs-layout-native-odirect-v1,c5ae806ecc0b843514ced45ee2b2507e8a03956707086140d22939ddac12d7c6,7dd8941dcdf9a40c2444d3d84fabfc80df5e9bdf48e58404ee6acfe904091cf5,62c0a824e813255fd8caa7aa2229a5f31750cf605ab547953be7b95734d15667,9b46438f0c6472734127bfa9cd1af70b6f2fde91c76fb5ea353f515c3e1c3354,c43f3255726fed92ee142584ccd3a88728861862cb38f7c3defce8669ea501e6,20260813,,,,True,True,4096,True,/home/kai3/coco/quantization_graph/results/disk_environment/.test_runs/gist/gist_test_20260829_204245/runs/gist_test_20260829_204245/05C_disk_system_fair/gist/artifacts/test/OG-LVQ-DiskPort__hybrid_disk__B2__standard__w32__r0.json,OG-LVQ,05C system
05c,gist,OG-LVQ-DiskPort,hybrid_disk,test,gist_test_20260829_204245,0,32,2.0,LVQ4_R64_W400,W=12,12,,standard,1,0.628375,18.5384,1572430.0,1532100.0,2205320.0,2655350.0,,,,,818.461,7952,,,12048,,,,,1059.82,1059.82,4341010.0,1561750.0,1572430.0,0.143818,1572430.0,0.0,18.83,1039.99,,,,,,,800,03_system_fair,official SVS LVQ4 distance kernel,05c-og-lvq-svs-layout-native-odirect-v1,c5ae806ecc0b843514ced45ee2b2507e8a03956707086140d22939ddac12d7c6,7dd8941dcdf9a40c2444d3d84fabfc80df5e9bdf48e58404ee6acfe904091cf5,62c0a824e813255fd8caa7aa2229a5f31750cf605ab547953be7b95734d15667,9b46438f0c6472734127bfa9cd1af70b6f2fde91c76fb5ea353f515c3e1c3354,c43f3255726fed92ee142584ccd3a88728861862cb38f7c3defce8669ea501e6,20260813,,,,True,True,4096,True,/home/kai3/coco/quantization_graph/results/disk_environment/.test_runs/gist/gist_test_20260829_204245/runs/gist_test_20260829_204245/05C_disk_system_fair/gist/artifacts/test/OG-LVQ-DiskPort__hybrid_disk__B2__standard__w32__r0.json,OG-LVQ,05C system
05c,gist,OG-LVQ-DiskPort,hybrid_disk,test,gist_test_20260829_204245,0,32,2.0,LVQ4_R64_W400,W=13,13,,standard,1,0.64575,17.85,1637620.0,1595280.0,2307940.0,2803200.0,,,,,818.461,7952,,,12048,,,,,1111.18,1111.18,4551380.0,1626370.0,1637620.0,0.145135,1637620.0,0.0,19.825,1090.35,,,,,,,800,03_system_fair,official SVS LVQ4 distance kernel,05c-og-lvq-svs-layout-native-odirect-v1,c5ae806ecc0b843514ced45ee2b2507e8a03956707086140d22939ddac12d7c6,7dd8941dcdf9a40c2444d3d84fabfc80df5e9bdf48e58404ee6acfe904091cf5,62c0a824e813255fd8caa7aa2229a5f31750cf605ab547953be7b95734d15667,9b46438f0c6472734127bfa9cd1af70b6f2fde91c76fb5ea353f515c3e1c3354,c43f3255726fed92ee142584ccd3a88728861862cb38f7c3defce8669ea501e6,20260813,,,,True,True,4096,True,/home/kai3/coco/quantization_graph/results/disk_environment/.test_runs/gist/gist_test_20260829_204245/runs/gist_test_20260829_204245/05C_disk_system_fair/gist/artifacts/test/OG-LVQ-DiskPort__hybrid_disk__B2__standard__w32__r0.json,OG-LVQ,05C system
05c,gist,OG-LVQ-DiskPort,hybrid_disk,test,gist_test_20260829_204245,0,32,2.0,LVQ4_R64_W400,W=14,14,,standard,1,0.66125,16.842,1737810.0,1708960.0,2390580.0,2910970.0,,,,,818.461,7952,,,12048,,,,,1160.11,1160.11,4751790.0,1726130.0,1737810.0,0.148149,1737810.0,0.0,20.7925,1138.31,,,,,,,800,03_system_fair,official SVS LVQ4 distance kernel,05c-og-lvq-svs-layout-native-odirect-v1,c5ae806ecc0b843514ced45ee2b2507e8a03956707086140d22939ddac12d7c6,7dd8941dcdf9a40c2444d3d84fabfc80df5e9bdf48e58404ee6acfe904091cf5,62c0a824e813255fd8caa7aa2229a5f31750cf605ab547953be7b95734d15667,9b46438f0c6472734127bfa9cd1af70b6f2fde91c76fb5ea353f515c3e1c3354,c43f3255726fed92ee142584ccd3a88728861862cb38f7c3defce8669ea501e6,20260813,,,,True,True,4096,True,/home/kai3/coco/quantization_graph/results/disk_environment/.test_runs/gist/gist_test_20260829_204245/runs/gist_test_20260829_204245/05C_disk_system_fair/gist/artifacts/test/OG-LVQ-DiskPort__hybrid_disk__B2__standard__w32__r0.json,OG-LVQ,05C system
05c,gist,OG-LVQ-DiskPort,hybrid_disk,test,gist_test_20260829_204245,0,32,2.0,LVQ4_R64_W400,W=15,15,,standard,1,0.676125,16.1137,1819330.0,1790770.0,2508000.0,2987760.0,,,,,818.461,7952,,,12048,,,,,1211.98,1211.98,4964290.0,1807050.0,1819330.0,0.154679,1819330.0,0.0,21.8137,1189.17,,,,,,,800,03_system_fair,official SVS LVQ4 distance kernel,05c-og-lvq-svs-layout-native-odirect-v1,c5ae806ecc0b843514ced45ee2b2507e8a03956707086140d22939ddac12d7c6,7dd8941dcdf9a40c2444d3d84fabfc80df5e9bdf48e58404ee6acfe904091cf5,62c0a824e813255fd8caa7aa2229a5f31750cf605ab547953be7b95734d15667,9b46438f0c6472734127bfa9cd1af70b6f2fde91c76fb5ea353f515c3e1c3354,c43f3255726fed92ee142584ccd3a88728861862cb38f7c3defce8669ea501e6,20260813,,,,True,True,4096,True,/home/kai3/coco/quantization_graph/results/disk_environment/.test_runs/gist/gist_test_20260829_204245/runs/gist_test_20260829_204245/05C_disk_system_fair/gist/artifacts/test/OG-LVQ-DiskPort__hybrid_disk__B2__standard__w32__r0.json,OG-LVQ,05C system
05c,gist,OG-LVQ-DiskPort,hybrid_disk,test,gist_test_20260829_204245,0,32,2.0,LVQ4_R64_W400,W=16,16,,standard,1,0.690625,14.734,2006510.0,1916810.0,3139010.0,3695700.0,,,,,818.461,7952,,,12048,,,,,1266.74,1266.74,5188580.0,1993360.0,2006500.0,0.160088,2006500.0,0.0,22.8938,1242.85,,,,,,,800,03_system_fair,official SVS LVQ4 distance kernel,05c-og-lvq-svs-layout-native-odirect-v1,c5ae806ecc0b843514ced45ee2b2507e8a03956707086140d22939ddac12d7c6,7dd8941dcdf9a40c2444d3d84fabfc80df5e9bdf48e58404ee6acfe904091cf5,62c0a824e813255fd8caa7aa2229a5f31750cf605ab547953be7b95734d15667,9b46438f0c6472734127bfa9cd1af70b6f2fde91c76fb5ea353f515c3e1c3354,c43f3255726fed92ee142584ccd3a88728861862cb38f7c3defce8669ea501e6,20260813,,,,True,True,4096,True,/home/kai3/coco/quantization_graph/results/disk_environment/.test_runs/gist/gist_test_20260829_204245/runs/gist_test_20260829_204245/05C_disk_system_fair/gist/artifacts/test/OG-LVQ-DiskPort__hybrid_disk__B2__standard__w32__r0.json,OG-LVQ,05C system
05c,gist,OG-LVQ-DiskPort,hybrid_disk,test,gist_test_20260829_204245,0,32,2.0,LVQ4_R64_W400,W=17,17,,standard,1,0.699,15.0237,1968700.0,1930530.0,2691690.0,3192540.0,,,,,818.461,7952,,,12048,,,,,1310.61,1310.61,5368270.0,1955060.0,1968700.0,0.145126,1968700.0,0.0,23.7625,1285.85,,,,,,,800,03_system_fair,official SVS LVQ4 distance kernel,05c-og-lvq-svs-layout-native-odirect-v1,c5ae806ecc0b843514ced45ee2b2507e8a03956707086140d22939ddac12d7c6,7dd8941dcdf9a40c2444d3d84fabfc80df5e9bdf48e58404ee6acfe904091cf5,62c0a824e813255fd8caa7aa2229a5f31750cf605ab547953be7b95734d15667,9b46438f0c6472734127bfa9cd1af70b6f2fde91c76fb5ea353f515c3e1c3354,c43f3255726fed92ee142584ccd3a88728861862cb38f7c3defce8669ea501e6,20260813,,,,True,True,4096,True,/home/kai3/coco/quantization_graph/results/disk_environment/.test_runs/gist/gist_test_20260829_204245/runs/gist_test_20260829_204245/05C_disk_system_fair/gist/artifacts/test/OG-LVQ-DiskPort__hybrid_disk__B2__standard__w32__r0.json,OG-LVQ,05C system
05c,gist,OG-LVQ-DiskPort,hybrid_disk,test,gist_test_20260829_204245,0,32,2.0,LVQ4_R64_W400,W=18,18,,standard,1,0.71025,14.2694,2079370.0,2037130.0,2830800.0,3284640.0,,,,,818.461,7952,,,12048,,,,,1362.29,1362.29,5579930.0,2065180.0,2079370.0,0.146784,2079370.0,0.0,24.7825,1336.51,,,,,,,800,03_system_fair,official SVS LVQ4 distance kernel,05c-og-lvq-svs-layout-native-odirect-v1,c5ae806ecc0b843514ced45ee2b2507e8a03956707086140d22939ddac12d7c6,7dd8941dcdf9a40c2444d3d84fabfc80df5e9bdf48e58404ee6acfe904091cf5,62c0a824e813255fd8caa7aa2229a5f31750cf605ab547953be7b95734d15667,9b46438f0c6472734127bfa9cd1af70b6f2fde91c76fb5ea353f515c3e1c3354,c43f3255726fed92ee142584ccd3a88728861862cb38f7c3defce8669ea501e6,20260813,,,,True,True,4096,True,/home/kai3/coco/quantization_graph/results/disk_environment/.test_runs/gist/gist_test_20260829_204245/runs/gist_test_20260829_204245/05C_disk_system_fair/gist/artifacts/test/OG-LVQ-DiskPort__hybrid_disk__B2__standard__w32__r0.json,OG-LVQ,05C system
05c,gist,OG-LVQ-DiskPort,hybrid_disk,test,gist_test_20260829_204245,0,32,2.0,LVQ4_R64_W400,W=19,19,,standard,1,0.719875,13.929,2134560.0,2109620.0,2968460.0,3294150.0,,,,,818.461,7952,,,12048,,,,,1408.58,1408.58,5769530.0,2119830.0,2134560.0,0.150409,2134560.0,0.0,25.7162,1381.86,,,,,,,800,03_system_fair,official SVS LVQ4 distance kernel,05c-og-lvq-svs-layout-native-odirect-v1,c5ae806ecc0b843514ced45ee2b2507e8a03956707086140d22939ddac12d7c6,7dd8941dcdf9a40c2444d3d84fabfc80df5e9bdf48e58404ee6acfe904091cf5,62c0a824e813255fd8caa7aa2229a5f31750cf605ab547953be7b95734d15667,9b46438f0c6472734127bfa9cd1af70b6f2fde91c76fb5ea353f515c3e1c3354,c43f3255726fed92ee142584ccd3a88728861862cb38f7c3defce8669ea501e6,20260813,,,,True,True,4096,True,/home/kai3/coco/quantization_graph/results/disk_environment/.test_runs/gist/gist_test_20260829_204245/runs/gist_test_20260829_204245/05C_disk_system_fair/gist/artifacts/test/OG-LVQ-DiskPort__hybrid_disk__B2__standard__w32__r0.json,OG-LVQ,05C system
05c,gist,OG-LVQ-DiskPort,hybrid_disk,test,gist_test_20260829_204245,0,32,2.0,LVQ4_R64_W400,W=20,20,,standard,1,0.727,13.3696,2228750.0,2187410.0,3039230.0,3455550.0,,,,,818.461,7952,,,12048,,,,,1453.53,1453.53,5953640.0,2213580.0,2228750.0,0.147556,2228750.0,0.0,26.6225,1425.9,,,,,,,800,03_system_fair,official SVS LVQ4 distance kernel,05c-og-lvq-svs-layout-native-odirect-v1,c5ae806ecc0b843514ced45ee2b2507e8a03956707086140d22939ddac12d7c6,7dd8941dcdf9a40c2444d3d84fabfc80df5e9bdf48e58404ee6acfe904091cf5,62c0a824e813255fd8caa7aa2229a5f31750cf605ab547953be7b95734d15667,9b46438f0c6472734127bfa9cd1af70b6f2fde91c76fb5ea353f515c3e1c3354,c43f3255726fed92ee142584ccd3a88728861862cb38f7c3defce8669ea501e6,20260813,,,,True,True,4096,True,/home/kai3/coco/quantization_graph/results/disk_environment/.test_runs/gist/gist_test_20260829_204245/runs/gist_test_20260829_204245/05C_disk_system_fair/gist/artifacts/test/OG-LVQ-DiskPort__hybrid_disk__B2__standard__w32__r0.json,OG-LVQ,05C system
05c,gist,OG-LVQ-DiskPort,hybrid_disk,test,gist_test_20260829_204245,0,32,2.0,LVQ4_R64_W400,W=21,21,,standard,1,0.73625,13.0828,2284120.0,2256300.0,3074940.0,3436430.0,,,,,818.461,7952,,,12048,,,,,1500.43,1500.43,6145760.0,2268470.0,2284120.0,0.147328,2284120.0,0.0,27.5862,1471.84,,,,,,,800,03_system_fair,official SVS LVQ4 distance kernel,05c-og-lvq-svs-layout-native-odirect-v1,c5ae806ecc0b843514ced45ee2b2507e8a03956707086140d22939ddac12d7c6,7dd8941dcdf9a40c2444d3d84fabfc80df5e9bdf48e58404ee6acfe904091cf5,62c0a824e813255fd8caa7aa2229a5f31750cf605ab547953be7b95734d15667,9b46438f0c6472734127bfa9cd1af70b6f2fde91c76fb5ea353f515c3e1c3354,c43f3255726fed92ee142584ccd3a88728861862cb38f7c3defce8669ea501e6,20260813,,,,True,True,4096,True,/home/kai3/coco/quantization_graph/results/disk_environment/.test_runs/gist/gist_test_20260829_204245/runs/gist_test_20260829_204245/05C_disk_system_fair/gist/artifacts/test/OG-LVQ-DiskPort__hybrid_disk__B2__standard__w32__r0.json,OG-LVQ,05C system
05c,gist,OG-LVQ-DiskPort,hybrid_disk,test,gist_test_20260829_204245,0,32,2.0,LVQ4_R64_W400,W=22,22,,standard,1,0.742625,12.503,2400230.0,2325690.0,3355530.0,3830220.0,,,,,818.461,7952,,,12048,,,,,1543.26,1543.26,6321180.0,2384140.0,2400230.0,0.149983,2400230.0,0.0,28.4688,1513.79,,,,,,,800,03_system_fair,official SVS LVQ4 distance kernel,05c-og-lvq-svs-layout-native-odirect-v1,c5ae806ecc0b843514ced45ee2b2507e8a03956707086140d22939ddac12d7c6,7dd8941dcdf9a40c2444d3d84fabfc80df5e9bdf48e58404ee6acfe904091cf5,62c0a824e813255fd8caa7aa2229a5f31750cf605ab547953be7b95734d15667,9b46438f0c6472734127bfa9cd1af70b6f2fde91c76fb5ea353f515c3e1c3354,c43f3255726fed92ee142584ccd3a88728861862cb38f7c3defce8669ea501e6,20260813,,,,True,True,4096,True,/home/kai3/coco/quantization_graph/results/disk_environment/.test_runs/gist/gist_test_20260829_204245/runs/gist_test_20260829_204245/05C_disk_system_fair/gist/artifacts/test/OG-LVQ-DiskPort__hybrid_disk__B2__standard__w32__r0.json,OG-LVQ,05C system
05c,gist,OG-LVQ-DiskPort,hybrid_disk,test,gist_test_20260829_204245,0,32,2.0,LVQ4_R64_W400,W=23,23,,standard,1,0.750625,12.1135,2483630.0,2443300.0,3293740.0,3848780.0,,,,,818.461,7952,,,12048,,,,,1591.09,1591.09,6517090.0,2466990.0,2483630.0,0.156853,2483630.0,0.0,29.455,1560.63,,,,,,,800,03_system_fair,official SVS LVQ4 distance kernel,05c-og-lvq-svs-layout-native-odirect-v1,c5ae806ecc0b843514ced45ee2b2507e8a03956707086140d22939ddac12d7c6,7dd8941dcdf9a40c2444d3d84fabfc80df5e9bdf48e58404ee6acfe904091cf5,62c0a824e813255fd8caa7aa2229a5f31750cf605ab547953be7b95734d15667,9b46438f0c6472734127bfa9cd1af70b6f2fde91c76fb5ea353f515c3e1c3354,c43f3255726fed92ee142584ccd3a88728861862cb38f7c3defce8669ea501e6,20260813,,,,True,True,4096,True,/home/kai3/coco/quantization_graph/results/disk_environment/.test_runs/gist/gist_test_20260829_204245/runs/gist_test_20260829_204245/05C_disk_system_fair/gist/artifacts/test/OG-LVQ-DiskPort__hybrid_disk__B2__standard__w32__r0.json,OG-LVQ,05C system
05c,gist,OG-LVQ-DiskPort,hybrid_disk,test,gist_test_20260829_204245,0,32,2.0,LVQ4_R64_W400,W=24,24,,standard,1,0.754875,11.8471,2525560.0,2493580.0,3326530.0,3792150.0,,,,,818.461,7952,,,12048,,,,,1634.36,1634.36,6694350.0,2508500.0,2525560.0,0.150335,2525560.0,0.0,30.3513,1603.01,,,,,,,800,03_system_fair,official SVS LVQ4 distance kernel,05c-og-lvq-svs-layout-native-odirect-v1,c5ae806ecc0b843514ced45ee2b2507e8a03956707086140d22939ddac12d7c6,7dd8941dcdf9a40c2444d3d84fabfc80df5e9bdf48e58404ee6acfe904091cf5,62c0a824e813255fd8caa7aa2229a5f31750cf605ab547953be7b95734d15667,9b46438f0c6472734127bfa9cd1af70b6f2fde91c76fb5ea353f515c3e1c3354,c43f3255726fed92ee142584ccd3a88728861862cb38f7c3defce8669ea501e6,20260813,,,,True,True,4096,True,/home/kai3/coco/quantization_graph/results/disk_environment/.test_runs/gist/gist_test_20260829_204245/runs/gist_test_20260829_204245/05C_disk_system_fair/gist/artifacts/test/OG-LVQ-DiskPort__hybrid_disk__B2__standard__w32__r0.json,OG-LVQ,05C system
05c,gist,OG-LVQ-DiskPort,hybrid_disk,test,gist_test_20260829_204245,0,32,2.0,LVQ4_R64_W400,W=25,25,,standard,1,0.760625,11.6474,2580810.0,2536180.0,3470440.0,3934140.0,,,,,818.461,7952,,,12048,,,,,1679.75,1679.75,6880260.0,2563290.0,2580810.0,0.14786,2580810.0,0.0,31.295,1647.46,,,,,,,800,03_system_fair,official SVS LVQ4 distance kernel,05c-og-lvq-svs-layout-native-odirect-v1,c5ae806ecc0b843514ced45ee2b2507e8a03956707086140d22939ddac12d7c6,7dd8941dcdf9a40c2444d3d84fabfc80df5e9bdf48e58404ee6acfe904091cf5,62c0a824e813255fd8caa7aa2229a5f31750cf605ab547953be7b95734d15667,9b46438f0c6472734127bfa9cd1af70b6f2fde91c76fb5ea353f515c3e1c3354,c43f3255726fed92ee142584ccd3a88728861862cb38f7c3defce8669ea501e6,20260813,,,,True,True,4096,True,/home/kai3/coco/quantization_graph/results/disk_environment/.test_runs/gist/gist_test_20260829_204245/runs/gist_test_20260829_204245/05C_disk_system_fair/gist/artifacts/test/OG-LVQ-DiskPort__hybrid_disk__B2__standard__w32__r0.json,OG-LVQ,05C system
05c,gist,OG-LVQ-DiskPort,hybrid_disk,test,gist_test_20260829_204245,0,32,2.0,LVQ4_R64_W400,W=26,26,,standard,1,0.767125,11.3753,2643310.0,2624470.0,3474390.0,3840350.0,,,,,818.461,7952,,,12048,,,,,1725.39,1725.39,7067180.0,2625280.0,2643310.0,0.149895,2643310.0,0.0,32.245,1692.14,,,,,,,800,03_system_fair,official SVS LVQ4 distance kernel,05c-og-lvq-svs-layout-native-odirect-v1,c5ae806ecc0b843514ced45ee2b2507e8a03956707086140d22939ddac12d7c6,7dd8941dcdf9a40c2444d3d84fabfc80df5e9bdf48e58404ee6acfe904091cf5,62c0a824e813255fd8caa7aa2229a5f31750cf605ab547953be7b95734d15667,9b46438f0c6472734127bfa9cd1af70b6f2fde91c76fb5ea353f515c3e1c3354,c43f3255726fed92ee142584ccd3a88728861862cb38f7c3defce8669ea501e6,20260813,,,,True,True,4096,True,/home/kai3/coco/quantization_graph/results/disk_environment/.test_runs/gist/gist_test_20260829_204245/runs/gist_test_20260829_204245/05C_disk_system_fair/gist/artifacts/test/OG-LVQ-DiskPort__hybrid_disk__B2__standard__w32__r0.json,OG-LVQ,05C system
05c,gist,OG-LVQ-DiskPort,hybrid_disk,test,gist_test_20260829_204245,0,32,2.0,LVQ4_R64_W400,W=27,27,,standard,1,0.77375,10.8654,2775160.0,2762930.0,3643520.0,4171280.0,,,,,818.461,7952,,,12048,,,,,1773.3,1773.3,7263430.0,2756560.0,2775160.0,0.164001,2775160.0,0.0,33.2425,1739.06,,,,,,,800,03_system_fair,official SVS LVQ4 distance kernel,05c-og-lvq-svs-layout-native-odirect-v1,c5ae806ecc0b843514ced45ee2b2507e8a03956707086140d22939ddac12d7c6,7dd8941dcdf9a40c2444d3d84fabfc80df5e9bdf48e58404ee6acfe904091cf5,62c0a824e813255fd8caa7aa2229a5f31750cf605ab547953be7b95734d15667,9b46438f0c6472734127bfa9cd1af70b6f2fde91c76fb5ea353f515c3e1c3354,c43f3255726fed92ee142584ccd3a88728861862cb38f7c3defce8669ea501e6,20260813,,,,True,True,4096,True,/home/kai3/coco/quantization_graph/results/disk_environment/.test_runs/gist/gist_test_20260829_204245/runs/gist_test_20260829_204245/05C_disk_system_fair/gist/artifacts/test/OG-LVQ-DiskPort__hybrid_disk__B2__standard__w32__r0.json,OG-LVQ,05C system
05c,gist,OG-LVQ-DiskPort,hybrid_disk,test,gist_test_20260829_204245,0,32,2.0,LVQ4_R64_W400,W=28,28,,standard,1,0.778625,10.6996,2826180.0,2823440.0,3686980.0,4278330.0,,,,,818.461,7952,,,12048,,,,,1814.31,1814.31,7431420.0,2807160.0,2826180.0,0.148538,2826180.0,0.0,34.12,1779.19,,,,,,,800,03_system_fair,official SVS LVQ4 distance kernel,05c-og-lvq-svs-layout-native-odirect-v1,c5ae806ecc0b843514ced45ee2b2507e8a03956707086140d22939ddac12d7c6,7dd8941dcdf9a40c2444d3d84fabfc80df5e9bdf48e58404ee6acfe904091cf5,62c0a824e813255fd8caa7aa2229a5f31750cf605ab547953be7b95734d15667,9b46438f0c6472734127bfa9cd1af70b6f2fde91c76fb5ea353f515c3e1c3354,c43f3255726fed92ee142584ccd3a88728861862cb38f7c3defce8669ea501e6,20260813,,,,True,True,4096,True,/home/kai3/coco/quantization_graph/results/disk_environment/.test_runs/gist/gist_test_20260829_204245/runs/gist_test_20260829_204245/05C_disk_system_fair/gist/artifacts/test/OG-LVQ-DiskPort__hybrid_disk__B2__standard__w32__r0.json,OG-LVQ,05C system
05c,gist,OG-LVQ-DiskPort,hybrid_disk,test,gist_test_20260829_204245,0,32,2.0,LVQ4_R64_W400,W=29,29,,standard,1,0.78425,10.3914,2907570.0,2891910.0,3777120.0,4170230.0,,,,,818.461,7952,,,12048,,,,,1860.35,1860.35,7620000.0,2888070.0,2907570.0,0.149028,2907570.0,0.0,35.0988,1824.25,,,,,,,800,03_system_fair,official SVS LVQ4 distance kernel,05c-og-lvq-svs-layout-native-odirect-v1,c5ae806ecc0b843514ced45ee2b2507e8a03956707086140d22939ddac12d7c6,7dd8941dcdf9a40c2444d3d84fabfc80df5e9bdf48e58404ee6acfe904091cf5,62c0a824e813255fd8caa7aa2229a5f31750cf605ab547953be7b95734d15667,9b46438f0c6472734127bfa9cd1af70b6f2fde91c76fb5ea353f515c3e1c3354,c43f3255726fed92ee142584ccd3a88728861862cb38f7c3defce8669ea501e6,20260813,,,,True,True,4096,True,/home/kai3/coco/quantization_graph/results/disk_environment/.test_runs/gist/gist_test_20260829_204245/runs/gist_test_20260829_204245/05C_disk_system_fair/gist/artifacts/test/OG-LVQ-DiskPort__hybrid_disk__B2__standard__w32__r0.json,OG-LVQ,05C system
05c,gist,OG-LVQ-DiskPort,hybrid_disk,test,gist_test_20260829_204245,0,32,2.0,LVQ4_R64_W400,W=30,30,,standard,1,0.788625,10.062,3007370.0,3011630.0,3955710.0,4425710.0,,,,,818.461,7952,,,12048,,,,,1903.03,1903.03,7794790.0,2987340.0,3007370.0,0.149049,3007370.0,0.0,36.0037,1866.02,,,,,,,800,03_system_fair,official SVS LVQ4 distance kernel,05c-og-lvq-svs-layout-native-odirect-v1,c5ae806ecc0b843514ced45ee2b2507e8a03956707086140d22939ddac12d7c6,7dd8941dcdf9a40c2444d3d84fabfc80df5e9bdf48e58404ee6acfe904091cf5,62c0a824e813255fd8caa7aa2229a5f31750cf605ab547953be7b95734d15667,9b46438f0c6472734127bfa9cd1af70b6f2fde91c76fb5ea353f515c3e1c3354,c43f3255726fed92ee142584ccd3a88728861862cb38f7c3defce8669ea501e6,20260813,,,,True,True,4096,True,/home/kai3/coco/quantization_graph/results/disk_environment/.test_runs/gist/gist_test_20260829_204245/runs/gist_test_20260829_204245/05C_disk_system_fair/gist/artifacts/test/OG-LVQ-DiskPort__hybrid_disk__B2__standard__w32__r0.json,OG-LVQ,05C system
05c,gist,OG-LVQ-DiskPort,hybrid_disk,test,gist_test_20260829_204245,0,32,2.0,LVQ4_R64_W400,W=40,40,,standard,1,0.82075,8.25037,3705020.0,3727720.0,4618530.0,5116400.0,,,,,818.461,7952,,,12048,,,,,2344.45,2344.45,9602860.0,3679320.0,3705020.0,0.157055,3705020.0,0.0,45.5463,2297.9,,,,,,,800,03_system_fair,official SVS LVQ4 distance kernel,05c-og-lvq-svs-layout-native-odirect-v1,c5ae806ecc0b843514ced45ee2b2507e8a03956707086140d22939ddac12d7c6,7dd8941dcdf9a40c2444d3d84fabfc80df5e9bdf48e58404ee6acfe904091cf5,62c0a824e813255fd8caa7aa2229a5f31750cf605ab547953be7b95734d15667,9b46438f0c6472734127bfa9cd1af70b6f2fde91c76fb5ea353f515c3e1c3354,c43f3255726fed92ee142584ccd3a88728861862cb38f7c3defce8669ea501e6,20260813,,,,True,True,4096,True,/home/kai3/coco/quantization_graph/results/disk_environment/.test_runs/gist/gist_test_20260829_204245/runs/gist_test_20260829_204245/05C_disk_system_fair/gist/artifacts/test/OG-LVQ-DiskPort__hybrid_disk__B2__standard__w32__r0.json,OG-LVQ,05C system
05c,gist,OG-LVQ-DiskPort,hybrid_disk,test,gist_test_20260829_204245,0,32,2.0,LVQ4_R64_W400,W=50,50,,standard,1,0.83925,6.96831,4414710.0,4494900.0,5480160.0,5990520.0,,,,,818.461,7952,,,12048,,,,,2774.71,2774.71,11365200.0,4383610.0,4414710.0,0.152584,4414710.0,0.0,55.13,2718.58,,,,,,,800,03_system_fair,official SVS LVQ4 distance kernel,05c-og-lvq-svs-layout-native-odirect-v1,c5ae806ecc0b843514ced45ee2b2507e8a03956707086140d22939ddac12d7c6,7dd8941dcdf9a40c2444d3d84fabfc80df5e9bdf48e58404ee6acfe904091cf5,62c0a824e813255fd8caa7aa2229a5f31750cf605ab547953be7b95734d15667,9b46438f0c6472734127bfa9cd1af70b6f2fde91c76fb5ea353f515c3e1c3354,c43f3255726fed92ee142584ccd3a88728861862cb38f7c3defce8669ea501e6,20260813,,,,True,True,4096,True,/home/kai3/coco/quantization_graph/results/disk_environment/.test_runs/gist/gist_test_20260829_204245/runs/gist_test_20260829_204245/05C_disk_system_fair/gist/artifacts/test/OG-LVQ-DiskPort__hybrid_disk__B2__standard__w32__r0.json,OG-LVQ,05C system
05c,gist,OG-LVQ-DiskPort,hybrid_disk,test,gist_test_20260829_204245,0,32,2.0,LVQ4_R64_W400,W=60,60,,standard,1,0.855375,6.00209,5148450.0,5273590.0,6313680.0,6688360.0,,,,,818.461,7952,,,12048,,,,,3200.07,3200.07,13107500.0,5111950.0,5148450.0,0.152963,5148450.0,0.0,64.795,3134.28,,,,,,,800,03_system_fair,official SVS LVQ4 distance kernel,05c-og-lvq-svs-layout-native-odirect-v1,c5ae806ecc0b843514ced45ee2b2507e8a03956707086140d22939ddac12d7c6,7dd8941dcdf9a40c2444d3d84fabfc80df5e9bdf48e58404ee6acfe904091cf5,62c0a824e813255fd8caa7aa2229a5f31750cf605ab547953be7b95734d15667,9b46438f0c6472734127bfa9cd1af70b6f2fde91c76fb5ea353f515c3e1c3354,c43f3255726fed92ee142584ccd3a88728861862cb38f7c3defce8669ea501e6,20260813,,,,True,True,4096,True,/home/kai3/coco/quantization_graph/results/disk_environment/.test_runs/gist/gist_test_20260829_204245/runs/gist_test_20260829_204245/05C_disk_system_fair/gist/artifacts/test/OG-LVQ-DiskPort__hybrid_disk__B2__standard__w32__r0.json,OG-LVQ,05C system
05c,gist,OG-LVQ-DiskPort,hybrid_disk,test,gist_test_20260829_204245,0,32,2.0,LVQ4_R64_W400,W=70,70,,standard,1,0.866,5.27315,5866060.0,6001400.0,7026170.0,7364540.0,,,,,818.461,7952,,,12048,,,,,3622.1,3622.1,14836100.0,5823720.0,5866060.0,0.150246,5866060.0,0.0,74.6338,3546.47,,,,,,,800,03_system_fair,official SVS LVQ4 distance kernel,05c-og-lvq-svs-layout-native-odirect-v1,c5ae806ecc0b843514ced45ee2b2507e8a03956707086140d22939ddac12d7c6,7dd8941dcdf9a40c2444d3d84fabfc80df5e9bdf48e58404ee6acfe904091cf5,62c0a824e813255fd8caa7aa2229a5f31750cf605ab547953be7b95734d15667,9b46438f0c6472734127bfa9cd1af70b6f2fde91c76fb5ea353f515c3e1c3354,c43f3255726fed92ee142584ccd3a88728861862cb38f7c3defce8669ea501e6,20260813,,,,True,True,4096,True,/home/kai3/coco/quantization_graph/results/disk_environment/.test_runs/gist/gist_test_20260829_204245/runs/gist_test_20260829_204245/05C_disk_system_fair/gist/artifacts/test/OG-LVQ-DiskPort__hybrid_disk__B2__standard__w32__r0.json,OG-LVQ,05C system
05c,gist,OG-LVQ-DiskPort,hybrid_disk,test,gist_test_20260829_204245,0,32,2.0,LVQ4_R64_W400,W=80,80,,standard,1,0.875375,4.72115,6573160.0,6719710.0,8029170.0,8451770.0,,,,,818.461,7952,,,12048,,,,,4033.28,4033.28,16520300.0,6523320.0,6573160.0,0.156975,6573160.0,0.0,84.4087,3947.87,,,,,,,800,03_system_fair,official SVS LVQ4 distance kernel,05c-og-lvq-svs-layout-native-odirect-v1,c5ae806ecc0b843514ced45ee2b2507e8a03956707086140d22939ddac12d7c6,7dd8941dcdf9a40c2444d3d84fabfc80df5e9bdf48e58404ee6acfe904091cf5,62c0a824e813255fd8caa7aa2229a5f31750cf605ab547953be7b95734d15667,9b46438f0c6472734127bfa9cd1af70b6f2fde91c76fb5ea353f515c3e1c3354,c43f3255726fed92ee142584ccd3a88728861862cb38f7c3defce8669ea501e6,20260813,,,,True,True,4096,True,/home/kai3/coco/quantization_graph/results/disk_environment/.test_runs/gist/gist_test_20260829_204245/runs/gist_test_20260829_204245/05C_disk_system_fair/gist/artifacts/test/OG-LVQ-DiskPort__hybrid_disk__B2__standard__w32__r0.json,OG-LVQ,05C system
05c,gist,OG-LVQ-DiskPort,hybrid_disk,test,gist_test_20260829_204245,0,32,2.0,LVQ4_R64_W400,W=90,90,,standard,1,0.88025,4.24695,7282740.0,7509240.0,8688200.0,9128720.0,,,,,818.461,7952,,,12048,,,,,4436.76,4436.76,18173000.0,7226830.0,7282740.0,0.153715,7282740.0,0.0,94.205,4341.56,,,,,,,800,03_system_fair,official SVS LVQ4 distance kernel,05c-og-lvq-svs-layout-native-odirect-v1,c5ae806ecc0b843514ced45ee2b2507e8a03956707086140d22939ddac12d7c6,7dd8941dcdf9a40c2444d3d84fabfc80df5e9bdf48e58404ee6acfe904091cf5,62c0a824e813255fd8caa7aa2229a5f31750cf605ab547953be7b95734d15667,9b46438f0c6472734127bfa9cd1af70b6f2fde91c76fb5ea353f515c3e1c3354,c43f3255726fed92ee142584ccd3a88728861862cb38f7c3defce8669ea501e6,20260813,,,,True,True,4096,True,/home/kai3/coco/quantization_graph/results/disk_environment/.test_runs/gist/gist_test_20260829_204245/runs/gist_test_20260829_204245/05C_disk_system_fair/gist/artifacts/test/OG-LVQ-DiskPort__hybrid_disk__B2__standard__w32__r0.json,OG-LVQ,05C system
05c,gist,OG-LVQ-DiskPort,hybrid_disk,test,gist_test_20260829_204245,0,32,2.0,LVQ4_R64_W400,W=100,100,,standard,1,0.885,3.92619,7934620.0,8140730.0,9582040.0,10030500.0,,,,,818.461,7952,,,12048,,,,,4838.48,4838.48,19818400.0,7871260.0,7934620.0,0.158493,7934620.0,0.0,104.112,4733.36,,,,,,,800,03_system_fair,official SVS LVQ4 distance kernel,05c-og-lvq-svs-layout-native-odirect-v1,c5ae806ecc0b843514ced45ee2b2507e8a03956707086140d22939ddac12d7c6,7dd8941dcdf9a40c2444d3d84fabfc80df5e9bdf48e58404ee6acfe904091cf5,62c0a824e813255fd8caa7aa2229a5f31750cf605ab547953be7b95734d15667,9b46438f0c6472734127bfa9cd1af70b6f2fde91c76fb5ea353f515c3e1c3354,c43f3255726fed92ee142584ccd3a88728861862cb38f7c3defce8669ea501e6,20260813,,,,True,True,4096,True,/home/kai3/coco/quantization_graph/results/disk_environment/.test_runs/gist/gist_test_20260829_204245/runs/gist_test_20260829_204245/05C_disk_system_fair/gist/artifacts/test/OG-LVQ-DiskPort__hybrid_disk__B2__standard__w32__r0.json,OG-LVQ,05C system
05c,gist,OG-LVQ-DiskPort,hybrid_disk,test,gist_test_20260829_204245,0,32,2.0,LVQ4_R64_W400,W=140,140,,standard,1,0.895375,2.96572,10534700.0,10858700.0,12693400.0,13213200.0,,,,,818.461,7952,,,12048,,,,,6378.49,6378.49,26126300.0,10443700.0,10534700.0,0.159071,10534700.0,0.0,143.781,6233.71,,,,,,,800,03_system_fair,official SVS LVQ4 distance kernel,05c-og-lvq-svs-layout-native-odirect-v1,c5ae806ecc0b843514ced45ee2b2507e8a03956707086140d22939ddac12d7c6,7dd8941dcdf9a40c2444d3d84fabfc80df5e9bdf48e58404ee6acfe904091cf5,62c0a824e813255fd8caa7aa2229a5f31750cf605ab547953be7b95734d15667,9b46438f0c6472734127bfa9cd1af70b6f2fde91c76fb5ea353f515c3e1c3354,c43f3255726fed92ee142584ccd3a88728861862cb38f7c3defce8669ea501e6,20260813,,,,True,True,4096,True,/home/kai3/coco/quantization_graph/results/disk_environment/.test_runs/gist/gist_test_20260829_204245/runs/gist_test_20260829_204245/05C_disk_system_fair/gist/artifacts/test/OG-LVQ-DiskPort__hybrid_disk__B2__standard__w32__r0.json,OG-LVQ,05C system
05c,gist,OG-LVQ-DiskPort,hybrid_disk,test,gist_test_20260829_204245,0,32,2.0,LVQ4_R64_W400,W=180,180,,standard,1,0.90025,2.3833,13140600.0,13622600.0,15840000.0,16525900.0,,,,,818.461,7952,,,12048,,,,,7841.69,7841.69,32119600.0,13012500.0,13140600.0,0.161844,13140600.0,0.0,183.574,7657.12,,,,,,,800,03_system_fair,official SVS LVQ4 distance kernel,05c-og-lvq-svs-layout-native-odirect-v1,c5ae806ecc0b843514ced45ee2b2507e8a03956707086140d22939ddac12d7c6,7dd8941dcdf9a40c2444d3d84fabfc80df5e9bdf48e58404ee6acfe904091cf5,62c0a824e813255fd8caa7aa2229a5f31750cf605ab547953be7b95734d15667,9b46438f0c6472734127bfa9cd1af70b6f2fde91c76fb5ea353f515c3e1c3354,c43f3255726fed92ee142584ccd3a88728861862cb38f7c3defce8669ea501e6,20260813,,,,True,True,4096,True,/home/kai3/coco/quantization_graph/results/disk_environment/.test_runs/gist/gist_test_20260829_204245/runs/gist_test_20260829_204245/05C_disk_system_fair/gist/artifacts/test/OG-LVQ-DiskPort__hybrid_disk__B2__standard__w32__r0.json,OG-LVQ,05C system
05c,gist,OG-LVQ-DiskPort,hybrid_disk,test,gist_test_20260829_204245,0,32,2.0,LVQ4_R64_W400,W=220,220,,standard,1,0.901875,2.00829,15605900.0,16273900.0,18834000.0,19456300.0,,,,,818.461,7952,,,12048,,,,,9239.2,9239.2,37843800.0,15442800.0,15605900.0,0.161613,15605900.0,0.0,223.39,9014.81,,,,,,,800,03_system_fair,official SVS LVQ4 distance kernel,05c-og-lvq-svs-layout-native-odirect-v1,c5ae806ecc0b843514ced45ee2b2507e8a03956707086140d22939ddac12d7c6,7dd8941dcdf9a40c2444d3d84fabfc80df5e9bdf48e58404ee6acfe904091cf5,62c0a824e813255fd8caa7aa2229a5f31750cf605ab547953be7b95734d15667,9b46438f0c6472734127bfa9cd1af70b6f2fde91c76fb5ea353f515c3e1c3354,c43f3255726fed92ee142584ccd3a88728861862cb38f7c3defce8669ea501e6,20260813,,,,True,True,4096,True,/home/kai3/coco/quantization_graph/results/disk_environment/.test_runs/gist/gist_test_20260829_204245/runs/gist_test_20260829_204245/05C_disk_system_fair/gist/artifacts/test/OG-LVQ-DiskPort__hybrid_disk__B2__standard__w32__r0.json,OG-LVQ,05C system
05c,gist,OG-LVQ-DiskPort,hybrid_disk,test,gist_test_20260829_204245,0,32,2.0,LVQ4_R64_W400,W=260,260,,standard,1,0.903375,1.74833,17933100.0,18660100.0,21573700.0,22273800.0,,,,,818.461,7952,,,12048,,,,,10586.9,10586.9,43364000.0,17729200.0,17933100.0,0.164018,17933100.0,0.0,263.294,10322.6,,,,,,,800,03_system_fair,official SVS LVQ4 distance kernel,05c-og-lvq-svs-layout-native-odirect-v1,c5ae806ecc0b843514ced45ee2b2507e8a03956707086140d22939ddac12d7c6,7dd8941dcdf9a40c2444d3d84fabfc80df5e9bdf48e58404ee6acfe904091cf5,62c0a824e813255fd8caa7aa2229a5f31750cf605ab547953be7b95734d15667,9b46438f0c6472734127bfa9cd1af70b6f2fde91c76fb5ea353f515c3e1c3354,c43f3255726fed92ee142584ccd3a88728861862cb38f7c3defce8669ea501e6,20260813,,,,True,True,4096,True,/home/kai3/coco/quantization_graph/results/disk_environment/.test_runs/gist/gist_test_20260829_204245/runs/gist_test_20260829_204245/05C_disk_system_fair/gist/artifacts/test/OG-LVQ-DiskPort__hybrid_disk__B2__standard__w32__r0.json,OG-LVQ,05C system
05c,gist,OG-LVQ-DiskPort,hybrid_disk,test,gist_test_20260829_204245,0,32,2.0,LVQ4_R64_W400,W=300,300,,standard,1,0.903625,1.54299,20354300.0,21195300.0,24884200.0,25813700.0,,,,,818.461,7952,,,12048,,,,,11883.7,11883.7,48675800.0,20091400.0,20354300.0,0.166133,20354300.0,0.0,303.185,11579.5,,,,,,,800,03_system_fair,official SVS LVQ4 distance kernel,05c-og-lvq-svs-layout-native-odirect-v1,c5ae806ecc0b843514ced45ee2b2507e8a03956707086140d22939ddac12d7c6,7dd8941dcdf9a40c2444d3d84fabfc80df5e9bdf48e58404ee6acfe904091cf5,62c0a824e813255fd8caa7aa2229a5f31750cf605ab547953be7b95734d15667,9b46438f0c6472734127bfa9cd1af70b6f2fde91c76fb5ea353f515c3e1c3354,c43f3255726fed92ee142584ccd3a88728861862cb38f7c3defce8669ea501e6,20260813,,,,True,True,4096,True,/home/kai3/coco/quantization_graph/results/disk_environment/.test_runs/gist/gist_test_20260829_204245/runs/gist_test_20260829_204245/05C_disk_system_fair/gist/artifacts/test/OG-LVQ-DiskPort__hybrid_disk__B2__standard__w32__r0.json,OG-LVQ,05C system
05c,gist,OG-LVQ-DiskPort,hybrid_disk,test,gist_test_20260829_204245,0,32,2.0,LVQ4_R64_W400,W=340,340,,standard,1,0.904625,1.38928,22593500.0,23616200.0,27635400.0,28372400.0,,,,,818.461,7952,,,12048,,,,,13138.6,13138.6,53815800.0,22281300.0,22593500.0,0.174209,22593500.0,0.0,343.085,12794.5,,,,,,,800,03_system_fair,official SVS LVQ4 distance kernel,05c-og-lvq-svs-layout-native-odirect-v1,c5ae806ecc0b843514ced45ee2b2507e8a03956707086140d22939ddac12d7c6,7dd8941dcdf9a40c2444d3d84fabfc80df5e9bdf48e58404ee6acfe904091cf5,62c0a824e813255fd8caa7aa2229a5f31750cf605ab547953be7b95734d15667,9b46438f0c6472734127bfa9cd1af70b6f2fde91c76fb5ea353f515c3e1c3354,c43f3255726fed92ee142584ccd3a88728861862cb38f7c3defce8669ea501e6,20260813,,,,True,True,4096,True,/home/kai3/coco/quantization_graph/results/disk_environment/.test_runs/gist/gist_test_20260829_204245/runs/gist_test_20260829_204245/05C_disk_system_fair/gist/artifacts/test/OG-LVQ-DiskPort__hybrid_disk__B2__standard__w32__r0.json,OG-LVQ,05C system
05c,gist,OG-LVQ-DiskPort,hybrid_disk,test,gist_test_20260829_204245,0,32,2.0,LVQ4_R64_W400,W=380,380,,standard,1,0.90475,1.26653,24802400.0,25858300.0,30354000.0,31252000.0,,,,,818.461,7952,,,12048,,,,,14358.4,14358.4,58811900.0,24440700.0,24802400.0,0.165009,24802400.0,0.0,383.022,13974.4,,,,,,,800,03_system_fair,official SVS LVQ4 distance kernel,05c-og-lvq-svs-layout-native-odirect-v1,c5ae806ecc0b843514ced45ee2b2507e8a03956707086140d22939ddac12d7c6,7dd8941dcdf9a40c2444d3d84fabfc80df5e9bdf48e58404ee6acfe904091cf5,62c0a824e813255fd8caa7aa2229a5f31750cf605ab547953be7b95734d15667,9b46438f0c6472734127bfa9cd1af70b6f2fde91c76fb5ea353f515c3e1c3354,c43f3255726fed92ee142584ccd3a88728861862cb38f7c3defce8669ea501e6,20260813,,,,True,True,4096,True,/home/kai3/coco/quantization_graph/results/disk_environment/.test_runs/gist/gist_test_20260829_204245/runs/gist_test_20260829_204245/05C_disk_system_fair/gist/artifacts/test/OG-LVQ-DiskPort__hybrid_disk__B2__standard__w32__r0.json,OG-LVQ,05C system
05c,gist,OG-LVQ-DiskPort,hybrid_disk,test,gist_test_20260829_204245,0,32,2.0,LVQ4_R64_W400,W=420,420,,standard,1,0.905125,1.16469,26974400.0,28185000.0,33017400.0,34212400.0,,,,,818.461,7952,,,12048,,,,,15544.3,15544.3,63669600.0,26557000.0,26974400.0,0.167066,26974400.0,0.0,422.921,15120.4,,,,,,,800,03_system_fair,official SVS LVQ4 distance kernel,05c-og-lvq-svs-layout-native-odirect-v1,c5ae806ecc0b843514ced45ee2b2507e8a03956707086140d22939ddac12d7c6,7dd8941dcdf9a40c2444d3d84fabfc80df5e9bdf48e58404ee6acfe904091cf5,62c0a824e813255fd8caa7aa2229a5f31750cf605ab547953be7b95734d15667,9b46438f0c6472734127bfa9cd1af70b6f2fde91c76fb5ea353f515c3e1c3354,c43f3255726fed92ee142584ccd3a88728861862cb38f7c3defce8669ea501e6,20260813,,,,True,True,4096,True,/home/kai3/coco/quantization_graph/results/disk_environment/.test_runs/gist/gist_test_20260829_204245/runs/gist_test_20260829_204245/05C_disk_system_fair/gist/artifacts/test/OG-LVQ-DiskPort__hybrid_disk__B2__standard__w32__r0.json,OG-LVQ,05C system
05c,gist,OG-LVQ-DiskPort,hybrid_disk,test,gist_test_20260829_204245,0,32,2.0,LVQ4_R64_W400,W=460,460,,standard,1,0.90525,1.08517,28969300.0,30189300.0,35409600.0,36575300.0,,,,,818.461,7952,,,12048,,,,,16705.9,16705.9,68427400.0,28499900.0,28969300.0,0.168948,28969300.0,0.0,462.87,16242.0,,,,,,,800,03_system_fair,official SVS LVQ4 distance kernel,05c-og-lvq-svs-layout-native-odirect-v1,c5ae806ecc0b843514ced45ee2b2507e8a03956707086140d22939ddac12d7c6,7dd8941dcdf9a40c2444d3d84fabfc80df5e9bdf48e58404ee6acfe904091cf5,62c0a824e813255fd8caa7aa2229a5f31750cf605ab547953be7b95734d15667,9b46438f0c6472734127bfa9cd1af70b6f2fde91c76fb5ea353f515c3e1c3354,c43f3255726fed92ee142584ccd3a88728861862cb38f7c3defce8669ea501e6,20260813,,,,True,True,4096,True,/home/kai3/coco/quantization_graph/results/disk_environment/.test_runs/gist/gist_test_20260829_204245/runs/gist_test_20260829_204245/05C_disk_system_fair/gist/artifacts/test/OG-LVQ-DiskPort__hybrid_disk__B2__standard__w32__r0.json,OG-LVQ,05C system
05c,gist,OG-LVQ-DiskPort,hybrid_disk,test,gist_test_20260829_204245,0,32,2.0,LVQ4_R64_W400,W=480,480,,standard,1,0.905375,1.04725,30028300.0,31158900.0,36872100.0,38145800.0,,,,,818.461,7952,,,12048,,,,,17276.0,17276.0,70762500.0,29530300.0,30028300.0,0.165686,30028300.0,0.0,482.845,16792.2,,,,,,,800,03_system_fair,official SVS LVQ4 distance kernel,05c-og-lvq-svs-layout-native-odirect-v1,c5ae806ecc0b843514ced45ee2b2507e8a03956707086140d22939ddac12d7c6,7dd8941dcdf9a40c2444d3d84fabfc80df5e9bdf48e58404ee6acfe904091cf5,62c0a824e813255fd8caa7aa2229a5f31750cf605ab547953be7b95734d15667,9b46438f0c6472734127bfa9cd1af70b6f2fde91c76fb5ea353f515c3e1c3354,c43f3255726fed92ee142584ccd3a88728861862cb38f7c3defce8669ea501e6,20260813,,,,True,True,4096,True,/home/kai3/coco/quantization_graph/results/disk_environment/.test_runs/gist/gist_test_20260829_204245/runs/gist_test_20260829_204245/05C_disk_system_fair/gist/artifacts/test/OG-LVQ-DiskPort__hybrid_disk__B2__standard__w32__r0.json,OG-LVQ,05C system
05c,gist,Glass-NSG-DiskPort,hybrid_disk,test,gist_test_20260829_204245,0,32,2.0,NSG_R64_L100_SQ4U,ef=1,1,,standard,1,0.477875,31.2768,875036.0,802047.174,1454712.81,2488151.49,,,,,732.422,3940,,,3280740,,,,,769.409,769.409,3151500.0,870807.0,874934.0,97.2388,874934.0,5.2027,17.1575,759.79,,,,,,,800,03_system_fair,official Glass NSG SQ4U distance kernel,05c-glass-nsg-sq4u-native-odirect-v1,c6954872331b14342ffdfa2b6ca592903af41c83dc1c07c01b9ae41e978d138c,7dd8941dcdf9a40c2444d3d84fabfc80df5e9bdf48e58404ee6acfe904091cf5,3dc26ac9e53a9c1959b1f36a97726a3705df2defbd242e8e8017f3a424590f62,9b46438f0c6472734127bfa9cd1af70b6f2fde91c76fb5ea353f515c3e1c3354,c43f3255726fed92ee142584ccd3a88728861862cb38f7c3defce8669ea501e6,20260813,,,,True,True,4096,True,/home/kai3/coco/quantization_graph/results/disk_environment/.test_runs/gist/gist_test_20260829_204245/runs/gist_test_20260829_204245/05C_disk_system_fair/gist/artifacts/test/Glass-NSG-DiskPort__hybrid_disk__B2__standard__w32__r0.json,Glass-NSG,05C system
05c,gist,Glass-NSG-DiskPort,hybrid_disk,test,gist_test_20260829_204245,0,32,2.0,NSG_R64_L100_SQ4U,ef=2,2,,standard,1,0.477875,33.179,814955.0,785575.535,1249086.75,1459895.95,,,,,732.422,3940,,,3280740,,,,,769.409,769.409,3151500.0,811324.0,814857.0,93.0669,814857.0,5.37825,17.1575,759.79,,,,,,,800,03_system_fair,official Glass NSG SQ4U distance kernel,05c-glass-nsg-sq4u-native-odirect-v1,c6954872331b14342ffdfa2b6ca592903af41c83dc1c07c01b9ae41e978d138c,7dd8941dcdf9a40c2444d3d84fabfc80df5e9bdf48e58404ee6acfe904091cf5,3dc26ac9e53a9c1959b1f36a97726a3705df2defbd242e8e8017f3a424590f62,9b46438f0c6472734127bfa9cd1af70b6f2fde91c76fb5ea353f515c3e1c3354,c43f3255726fed92ee142584ccd3a88728861862cb38f7c3defce8669ea501e6,20260813,,,,True,True,4096,True,/home/kai3/coco/quantization_graph/results/disk_environment/.test_runs/gist/gist_test_20260829_204245/runs/gist_test_20260829_204245/05C_disk_system_fair/gist/artifacts/test/Glass-NSG-DiskPort__hybrid_disk__B2__standard__w32__r0.json,Glass-NSG,05C system
05c,gist,Glass-NSG-DiskPort,hybrid_disk,test,gist_test_20260829_204245,0,32,2.0,NSG_R64_L100_SQ4U,ef=3,3,,standard,1,0.477875,33.9294,793144.0,761226.576,1233545.08,1405510.05,,,,,732.422,3940,,,3280740,,,,,769.409,769.409,3151500.0,789330.0,792860.0,278.09,792860.0,5.536,17.1575,759.79,,,,,,,800,03_system_fair,official Glass NSG SQ4U distance kernel,05c-glass-nsg-sq4u-native-odirect-v1,c6954872331b14342ffdfa2b6ca592903af41c83dc1c07c01b9ae41e978d138c,7dd8941dcdf9a40c2444d3d84fabfc80df5e9bdf48e58404ee6acfe904091cf5,3dc26ac9e53a9c1959b1f36a97726a3705df2defbd242e8e8017f3a424590f62,9b46438f0c6472734127bfa9cd1af70b6f2fde91c76fb5ea353f515c3e1c3354,c43f3255726fed92ee142584ccd3a88728861862cb38f7c3defce8669ea501e6,20260813,,,,True,True,4096,True,/home/kai3/coco/quantization_graph/results/disk_environment/.test_runs/gist/gist_test_20260829_204245/runs/gist_test_20260829_204245/05C_disk_system_fair/gist/artifacts/test/Glass-NSG-DiskPort__hybrid_disk__B2__standard__w32__r0.json,Glass-NSG,05C system
05c,gist,Glass-NSG-DiskPort,hybrid_disk,test,gist_test_20260829_204245,0,32,2.0,NSG_R64_L100_SQ4U,ef=4,4,,standard,1,0.477875,33.3801,804788.0,776108.873,1207234.34,1587834.59,,,,,732.422,3940,,,3280740,,,,,769.409,769.409,3151500.0,801232.0,804678.0,104.543,804678.0,5.88645,17.1575,759.79,,,,,,,800,03_system_fair,official Glass NSG SQ4U distance kernel,05c-glass-nsg-sq4u-native-odirect-v1,c6954872331b14342ffdfa2b6ca592903af41c83dc1c07c01b9ae41e978d138c,7dd8941dcdf9a40c2444d3d84fabfc80df5e9bdf48e58404ee6acfe904091cf5,3dc26ac9e53a9c1959b1f36a97726a3705df2defbd242e8e8017f3a424590f62,9b46438f0c6472734127bfa9cd1af70b6f2fde91c76fb5ea353f515c3e1c3354,c43f3255726fed92ee142584ccd3a88728861862cb38f7c3defce8669ea501e6,20260813,,,,True,True,4096,True,/home/kai3/coco/quantization_graph/results/disk_environment/.test_runs/gist/gist_test_20260829_204245/runs/gist_test_20260829_204245/05C_disk_system_fair/gist/artifacts/test/Glass-NSG-DiskPort__hybrid_disk__B2__standard__w32__r0.json,Glass-NSG,05C system
05c,gist,Glass-NSG-DiskPort,hybrid_disk,test,gist_test_20260829_204245,0,32,2.0,NSG_R64_L100_SQ4U,ef=5,5,,standard,1,0.477875,34.1035,787540.0,765178.334,1222383.78,1482955.18,,,,,732.422,3940,,,3280740,,,,,769.409,769.409,3151500.0,783978.0,787427.0,107.986,787427.0,5.39141,17.1575,759.79,,,,,,,800,03_system_fair,official Glass NSG SQ4U distance kernel,05c-glass-nsg-sq4u-native-odirect-v1,c6954872331b14342ffdfa2b6ca592903af41c83dc1c07c01b9ae41e978d138c,7dd8941dcdf9a40c2444d3d84fabfc80df5e9bdf48e58404ee6acfe904091cf5,3dc26ac9e53a9c1959b1f36a97726a3705df2defbd242e8e8017f3a424590f62,9b46438f0c6472734127bfa9cd1af70b6f2fde91c76fb5ea353f515c3e1c3354,c43f3255726fed92ee142584ccd3a88728861862cb38f7c3defce8669ea501e6,20260813,,,,True,True,4096,True,/home/kai3/coco/quantization_graph/results/disk_environment/.test_runs/gist/gist_test_20260829_204245/runs/gist_test_20260829_204245/05C_disk_system_fair/gist/artifacts/test/Glass-NSG-DiskPort__hybrid_disk__B2__standard__w32__r0.json,Glass-NSG,05C system
05c,gist,Glass-NSG-DiskPort,hybrid_disk,test,gist_test_20260829_204245,0,32,2.0,NSG_R64_L100_SQ4U,ef=6,6,,standard,1,0.477875,33.3309,810615.0,785053.552,1264038.78,1517950.62,,,,,732.422,3940,,,3280740,,,,,769.409,769.409,3151500.0,806833.0,810284.0,325.902,810284.0,5.14192,17.1575,759.79,,,,,,,800,03_system_fair,official Glass NSG SQ4U distance kernel,05c-glass-nsg-sq4u-native-odirect-v1,c6954872331b14342ffdfa2b6ca592903af41c83dc1c07c01b9ae41e978d138c,7dd8941dcdf9a40c2444d3d84fabfc80df5e9bdf48e58404ee6acfe904091cf5,3dc26ac9e53a9c1959b1f36a97726a3705df2defbd242e8e8017f3a424590f62,9b46438f0c6472734127bfa9cd1af70b6f2fde91c76fb5ea353f515c3e1c3354,c43f3255726fed92ee142584ccd3a88728861862cb38f7c3defce8669ea501e6,20260813,,,,True,True,4096,True,/home/kai3/coco/quantization_graph/results/disk_environment/.test_runs/gist/gist_test_20260829_204245/runs/gist_test_20260829_204245/05C_disk_system_fair/gist/artifacts/test/Glass-NSG-DiskPort__hybrid_disk__B2__standard__w32__r0.json,Glass-NSG,05C system
05c,gist,Glass-NSG-DiskPort,hybrid_disk,test,gist_test_20260829_204245,0,32,2.0,NSG_R64_L100_SQ4U,ef=7,7,,standard,1,0.477875,33.7334,799853.0,776134.725,1242654.77,1504946.32,,,,,732.422,3940,,,3280740,,,,,769.409,769.409,3151500.0,796274.0,799738.0,109.696,799738.0,5.39841,17.1575,759.79,,,,,,,800,03_system_fair,official Glass NSG SQ4U distance kernel,05c-glass-nsg-sq4u-native-odirect-v1,c6954872331b14342ffdfa2b6ca592903af41c83dc1c07c01b9ae41e978d138c,7dd8941dcdf9a40c2444d3d84fabfc80df5e9bdf48e58404ee6acfe904091cf5,3dc26ac9e53a9c1959b1f36a97726a3705df2defbd242e8e8017f3a424590f62,9b46438f0c6472734127bfa9cd1af70b6f2fde91c76fb5ea353f515c3e1c3354,c43f3255726fed92ee142584ccd3a88728861862cb38f7c3defce8669ea501e6,20260813,,,,True,True,4096,True,/home/kai3/coco/quantization_graph/results/disk_environment/.test_runs/gist/gist_test_20260829_204245/runs/gist_test_20260829_204245/05C_disk_system_fair/gist/artifacts/test/Glass-NSG-DiskPort__hybrid_disk__B2__standard__w32__r0.json,Glass-NSG,05C system
05c,gist,Glass-NSG-DiskPort,hybrid_disk,test,gist_test_20260829_204245,0,32,2.0,NSG_R64_L100_SQ4U,ef=8,8,,standard,1,0.477875,34.0285,789355.0,759011.512,1236989.31,1486465.03,,,,,732.422,3940,,,3280740,,,,,769.409,769.409,3151500.0,785879.0,789248.0,100.962,789248.0,5.18046,17.1575,759.79,,,,,,,800,03_system_fair,official Glass NSG SQ4U distance kernel,05c-glass-nsg-sq4u-native-odirect-v1,c6954872331b14342ffdfa2b6ca592903af41c83dc1c07c01b9ae41e978d138c,7dd8941dcdf9a40c2444d3d84fabfc80df5e9bdf48e58404ee6acfe904091cf5,3dc26ac9e53a9c1959b1f36a97726a3705df2defbd242e8e8017f3a424590f62,9b46438f0c6472734127bfa9cd1af70b6f2fde91c76fb5ea353f515c3e1c3354,c43f3255726fed92ee142584ccd3a88728861862cb38f7c3defce8669ea501e6,20260813,,,,True,True,4096,True,/home/kai3/coco/quantization_graph/results/disk_environment/.test_runs/gist/gist_test_20260829_204245/runs/gist_test_20260829_204245/05C_disk_system_fair/gist/artifacts/test/Glass-NSG-DiskPort__hybrid_disk__B2__standard__w32__r0.json,Glass-NSG,05C system
05c,gist,Glass-NSG-DiskPort,hybrid_disk,test,gist_test_20260829_204245,0,32,2.0,NSG_R64_L100_SQ4U,ef=9,9,,standard,1,0.477875,33.4063,804676.0,764547.358,1232642.59,1441636.17,,,,,732.422,3940,,,3280740,,,,,769.409,769.409,3151500.0,801117.0,804563.0,108.026,804563.0,5.38047,17.1575,759.79,,,,,,,800,03_system_fair,official Glass NSG SQ4U distance kernel,05c-glass-nsg-sq4u-native-odirect-v1,c6954872331b14342ffdfa2b6ca592903af41c83dc1c07c01b9ae41e978d138c,7dd8941dcdf9a40c2444d3d84fabfc80df5e9bdf48e58404ee6acfe904091cf5,3dc26ac9e53a9c1959b1f36a97726a3705df2defbd242e8e8017f3a424590f62,9b46438f0c6472734127bfa9cd1af70b6f2fde91c76fb5ea353f515c3e1c3354,c43f3255726fed92ee142584ccd3a88728861862cb38f7c3defce8669ea501e6,20260813,,,,True,True,4096,True,/home/kai3/coco/quantization_graph/results/disk_environment/.test_runs/gist/gist_test_20260829_204245/runs/gist_test_20260829_204245/05C_disk_system_fair/gist/artifacts/test/Glass-NSG-DiskPort__hybrid_disk__B2__standard__w32__r0.json,Glass-NSG,05C system
05c,gist,Glass-NSG-DiskPort,hybrid_disk,test,gist_test_20260829_204245,0,32,2.0,NSG_R64_L100_SQ4U,ef=10,10,,standard,1,0.477875,33.0464,818882.0,792627.943,1258676.54,1501010.06,,,,,732.422,3940,,,3280740,,,,,769.409,769.409,3151500.0,815316.0,818765.0,111.083,818765.0,5.3199,17.1575,759.79,,,,,,,800,03_system_fair,official Glass NSG SQ4U distance kernel,05c-glass-nsg-sq4u-native-odirect-v1,c6954872331b14342ffdfa2b6ca592903af41c83dc1c07c01b9ae41e978d138c,7dd8941dcdf9a40c2444d3d84fabfc80df5e9bdf48e58404ee6acfe904091cf5,3dc26ac9e53a9c1959b1f36a97726a3705df2defbd242e8e8017f3a424590f62,9b46438f0c6472734127bfa9cd1af70b6f2fde91c76fb5ea353f515c3e1c3354,c43f3255726fed92ee142584ccd3a88728861862cb38f7c3defce8669ea501e6,20260813,,,,True,True,4096,True,/home/kai3/coco/quantization_graph/results/disk_environment/.test_runs/gist/gist_test_20260829_204245/runs/gist_test_20260829_204245/05C_disk_system_fair/gist/artifacts/test/Glass-NSG-DiskPort__hybrid_disk__B2__standard__w32__r0.json,Glass-NSG,05C system
05c,gist,Glass-NSG-DiskPort,hybrid_disk,test,gist_test_20260829_204245,0,32,2.0,NSG_R64_L100_SQ4U,ef=11,11,,standard,1,0.4945,32.6564,827969.0,802760.448,1226019.69,1499602.87,,,,,732.422,3940,,,3280740,,,,,806.055,806.055,3301600.0,824361.0,827859.0,104.785,827859.0,5.16483,18.1375,796.14,,,,,,,800,03_system_fair,official Glass NSG SQ4U distance kernel,05c-glass-nsg-sq4u-native-odirect-v1,c6954872331b14342ffdfa2b6ca592903af41c83dc1c07c01b9ae41e978d138c,7dd8941dcdf9a40c2444d3d84fabfc80df5e9bdf48e58404ee6acfe904091cf5,3dc26ac9e53a9c1959b1f36a97726a3705df2defbd242e8e8017f3a424590f62,9b46438f0c6472734127bfa9cd1af70b6f2fde91c76fb5ea353f515c3e1c3354,c43f3255726fed92ee142584ccd3a88728861862cb38f7c3defce8669ea501e6,20260813,,,,True,True,4096,True,/home/kai3/coco/quantization_graph/results/disk_environment/.test_runs/gist/gist_test_20260829_204245/runs/gist_test_20260829_204245/05C_disk_system_fair/gist/artifacts/test/Glass-NSG-DiskPort__hybrid_disk__B2__standard__w32__r0.json,Glass-NSG,05C system
05c,gist,Glass-NSG-DiskPort,hybrid_disk,test,gist_test_20260829_204245,0,32,2.0,NSG_R64_L100_SQ4U,ef=12,12,,standard,1,0.512,31.1574,874194.0,839284.024,1319028.05,1558390.37,,,,,732.422,3940,,,3280740,,,,,848.326,848.326,3474740.0,870245.0,874072.0,116.566,874072.0,5.30894,19.225,838.145,,,,,,,800,03_system_fair,official Glass NSG SQ4U distance kernel,05c-glass-nsg-sq4u-native-odirect-v1,c6954872331b14342ffdfa2b6ca592903af41c83dc1c07c01b9ae41e978d138c,7dd8941dcdf9a40c2444d3d84fabfc80df5e9bdf48e58404ee6acfe904091cf5,3dc26ac9e53a9c1959b1f36a97726a3705df2defbd242e8e8017f3a424590f62,9b46438f0c6472734127bfa9cd1af70b6f2fde91c76fb5ea353f515c3e1c3354,c43f3255726fed92ee142584ccd3a88728861862cb38f7c3defce8669ea501e6,20260813,,,,True,True,4096,True,/home/kai3/coco/quantization_graph/results/disk_environment/.test_runs/gist/gist_test_20260829_204245/runs/gist_test_20260829_204245/05C_disk_system_fair/gist/artifacts/test/Glass-NSG-DiskPort__hybrid_disk__B2__standard__w32__r0.json,Glass-NSG,05C system
05c,gist,Glass-NSG-DiskPort,hybrid_disk,test,gist_test_20260829_204245,0,32,2.0,NSG_R64_L100_SQ4U,ef=13,13,,standard,1,0.526125,29.6136,925806.0,912091.507,1370695.3,1605264.92,,,,,732.422,3940,,,3280740,,,,,884.469,884.469,3622780.0,921730.0,925688.0,112.537,925688.0,5.32655,20.2225,873.984,,,,,,,800,03_system_fair,official Glass NSG SQ4U distance kernel,05c-glass-nsg-sq4u-native-odirect-v1,c6954872331b14342ffdfa2b6ca592903af41c83dc1c07c01b9ae41e978d138c,7dd8941dcdf9a40c2444d3d84fabfc80df5e9bdf48e58404ee6acfe904091cf5,3dc26ac9e53a9c1959b1f36a97726a3705df2defbd242e8e8017f3a424590f62,9b46438f0c6472734127bfa9cd1af70b6f2fde91c76fb5ea353f515c3e1c3354,c43f3255726fed92ee142584ccd3a88728861862cb38f7c3defce8669ea501e6,20260813,,,,True,True,4096,True,/home/kai3/coco/quantization_graph/results/disk_environment/.test_runs/gist/gist_test_20260829_204245/runs/gist_test_20260829_204245/05C_disk_system_fair/gist/artifacts/test/Glass-NSG-DiskPort__hybrid_disk__B2__standard__w32__r0.json,Glass-NSG,05C system
05c,gist,Glass-NSG-DiskPort,hybrid_disk,test,gist_test_20260829_204245,0,32,2.0,NSG_R64_L100_SQ4U,ef=14,14,,standard,1,0.53975,28.2507,982651.0,946323.391,1463710.75,1730045.11,,,,,732.422,3940,,,3280740,,,,,923.534,923.534,3782790.0,978284.0,982526.0,119.447,982526.0,5.34085,21.26,912.715,,,,,,,800,03_system_fair,official Glass NSG SQ4U distance kernel,05c-glass-nsg-sq4u-native-odirect-v1,c6954872331b14342ffdfa2b6ca592903af41c83dc1c07c01b9ae41e978d138c,7dd8941dcdf9a40c2444d3d84fabfc80df5e9bdf48e58404ee6acfe904091cf5,3dc26ac9e53a9c1959b1f36a97726a3705df2defbd242e8e8017f3a424590f62,9b46438f0c6472734127bfa9cd1af70b6f2fde91c76fb5ea353f515c3e1c3354,c43f3255726fed92ee142584ccd3a88728861862cb38f7c3defce8669ea501e6,20260813,,,,True,True,4096,True,/home/kai3/coco/quantization_graph/results/disk_environment/.test_runs/gist/gist_test_20260829_204245/runs/gist_test_20260829_204245/05C_disk_system_fair/gist/artifacts/test/Glass-NSG-DiskPort__hybrid_disk__B2__standard__w32__r0.json,Glass-NSG,05C system
05c,gist,Glass-NSG-DiskPort,hybrid_disk,test,gist_test_20260829_204245,0,32,2.0,NSG_R64_L100_SQ4U,ef=15,15,,standard,1,0.551625,27.2899,1017290.0,984565.345,1554734.86,1847978.83,,,,,732.422,3940,,,3280740,,,,,959.351,959.351,3929500.0,1012800.0,1017170.0,115.137,1017170.0,5.33607,22.2413,948.305,,,,,,,800,03_system_fair,official Glass NSG SQ4U distance kernel,05c-glass-nsg-sq4u-native-odirect-v1,c6954872331b14342ffdfa2b6ca592903af41c83dc1c07c01b9ae41e978d138c,7dd8941dcdf9a40c2444d3d84fabfc80df5e9bdf48e58404ee6acfe904091cf5,3dc26ac9e53a9c1959b1f36a97726a3705df2defbd242e8e8017f3a424590f62,9b46438f0c6472734127bfa9cd1af70b6f2fde91c76fb5ea353f515c3e1c3354,c43f3255726fed92ee142584ccd3a88728861862cb38f7c3defce8669ea501e6,20260813,,,,True,True,4096,True,/home/kai3/coco/quantization_graph/results/disk_environment/.test_runs/gist/gist_test_20260829_204245/runs/gist_test_20260829_204245/05C_disk_system_fair/gist/artifacts/test/Glass-NSG-DiskPort__hybrid_disk__B2__standard__w32__r0.json,Glass-NSG,05C system
05c,gist,Glass-NSG-DiskPort,hybrid_disk,test,gist_test_20260829_204245,0,32,2.0,NSG_R64_L100_SQ4U,ef=16,16,,standard,1,0.56075,26.4079,1058920.0,1026797.02,1583157.39,1778662.31,,,,,732.422,3940,,,3280740,,,,,992.178,992.178,4063960.0,1053930.0,1058800.0,116.823,1058800.0,5.34566,23.1625,980.894,,,,,,,800,03_system_fair,official Glass NSG SQ4U distance kernel,05c-glass-nsg-sq4u-native-odirect-v1,c6954872331b14342ffdfa2b6ca592903af41c83dc1c07c01b9ae41e978d138c,7dd8941dcdf9a40c2444d3d84fabfc80df5e9bdf48e58404ee6acfe904091cf5,3dc26ac9e53a9c1959b1f36a97726a3705df2defbd242e8e8017f3a424590f62,9b46438f0c6472734127bfa9cd1af70b6f2fde91c76fb5ea353f515c3e1c3354,c43f3255726fed92ee142584ccd3a88728861862cb38f7c3defce8669ea501e6,20260813,,,,True,True,4096,True,/home/kai3/coco/quantization_graph/results/disk_environment/.test_runs/gist/gist_test_20260829_204245/runs/gist_test_20260829_204245/05C_disk_system_fair/gist/artifacts/test/Glass-NSG-DiskPort__hybrid_disk__B2__standard__w32__r0.json,Glass-NSG,05C system
05c,gist,Glass-NSG-DiskPort,hybrid_disk,test,gist_test_20260829_204245,0,32,2.0,NSG_R64_L100_SQ4U,ef=17,17,,standard,1,0.570875,25.6204,1097060.0,1075574.05,1622155.16,1921624.07,,,,,732.422,3940,,,3280740,,,,,1028.45,1028.45,4212540.0,1091950.0,1096940.0,113.242,1096940.0,5.31665,24.1725,1016.94,,,,,,,800,03_system_fair,official Glass NSG SQ4U distance kernel,05c-glass-nsg-sq4u-native-odirect-v1,c6954872331b14342ffdfa2b6ca592903af41c83dc1c07c01b9ae41e978d138c,7dd8941dcdf9a40c2444d3d84fabfc80df5e9bdf48e58404ee6acfe904091cf5,3dc26ac9e53a9c1959b1f36a97726a3705df2defbd242e8e8017f3a424590f62,9b46438f0c6472734127bfa9cd1af70b6f2fde91c76fb5ea353f515c3e1c3354,c43f3255726fed92ee142584ccd3a88728861862cb38f7c3defce8669ea501e6,20260813,,,,True,True,4096,True,/home/kai3/coco/quantization_graph/results/disk_environment/.test_runs/gist/gist_test_20260829_204245/runs/gist_test_20260829_204245/05C_disk_system_fair/gist/artifacts/test/Glass-NSG-DiskPort__hybrid_disk__B2__standard__w32__r0.json,Glass-NSG,05C system
05c,gist,Glass-NSG-DiskPort,hybrid_disk,test,gist_test_20260829_204245,0,32,2.0,NSG_R64_L100_SQ4U,ef=18,18,,standard,1,0.5805,24.3681,1158450.0,1132739.38,1661378.29,1961830.62,,,,,732.422,3940,,,3280740,,,,,1064.58,1064.58,4360510.0,1153060.0,1158330.0,118.669,1158330.0,5.34382,25.18,1052.88,,,,,,,800,03_system_fair,official Glass NSG SQ4U distance kernel,05c-glass-nsg-sq4u-native-odirect-v1,c6954872331b14342ffdfa2b6ca592903af41c83dc1c07c01b9ae41e978d138c,7dd8941dcdf9a40c2444d3d84fabfc80df5e9bdf48e58404ee6acfe904091cf5,3dc26ac9e53a9c1959b1f36a97726a3705df2defbd242e8e8017f3a424590f62,9b46438f0c6472734127bfa9cd1af70b6f2fde91c76fb5ea353f515c3e1c3354,c43f3255726fed92ee142584ccd3a88728861862cb38f7c3defce8669ea501e6,20260813,,,,True,True,4096,True,/home/kai3/coco/quantization_graph/results/disk_environment/.test_runs/gist/gist_test_20260829_204245/runs/gist_test_20260829_204245/05C_disk_system_fair/gist/artifacts/test/Glass-NSG-DiskPort__hybrid_disk__B2__standard__w32__r0.json,Glass-NSG,05C system
05c,gist,Glass-NSG-DiskPort,hybrid_disk,test,gist_test_20260829_204245,0,32,2.0,NSG_R64_L100_SQ4U,ef=19,19,,standard,1,0.588625,23.096,1232590.0,1190074.21,1976051.82,2489514.01,,,,,732.422,3940,,,3280740,,,,,1100.66,1100.66,4508300.0,1227120.0,1232480.0,111.873,1232480.0,5.31472,26.1675,1088.74,,,,,,,800,03_system_fair,official Glass NSG SQ4U distance kernel,05c-glass-nsg-sq4u-native-odirect-v1,c6954872331b14342ffdfa2b6ca592903af41c83dc1c07c01b9ae41e978d138c,7dd8941dcdf9a40c2444d3d84fabfc80df5e9bdf48e58404ee6acfe904091cf5,3dc26ac9e53a9c1959b1f36a97726a3705df2defbd242e8e8017f3a424590f62,9b46438f0c6472734127bfa9cd1af70b6f2fde91c76fb5ea353f515c3e1c3354,c43f3255726fed92ee142584ccd3a88728861862cb38f7c3defce8669ea501e6,20260813,,,,True,True,4096,True,/home/kai3/coco/quantization_graph/results/disk_environment/.test_runs/gist/gist_test_20260829_204245/runs/gist_test_20260829_204245/05C_disk_system_fair/gist/artifacts/test/Glass-NSG-DiskPort__hybrid_disk__B2__standard__w32__r0.json,Glass-NSG,05C system
05c,gist,Glass-NSG-DiskPort,hybrid_disk,test,gist_test_20260829_204245,0,32,2.0,NSG_R64_L100_SQ4U,ef=20,20,,standard,1,0.59625,23.0946,1231540.0,1189513.63,1807593.85,2139300.45,,,,,732.422,3940,,,3280740,,,,,1133.01,1133.01,4640820.0,1225850.0,1231410.0,120.714,1231410.0,5.24556,27.105,1120.89,,,,,,,800,03_system_fair,official Glass NSG SQ4U distance kernel,05c-glass-nsg-sq4u-native-odirect-v1,c6954872331b14342ffdfa2b6ca592903af41c83dc1c07c01b9ae41e978d138c,7dd8941dcdf9a40c2444d3d84fabfc80df5e9bdf48e58404ee6acfe904091cf5,3dc26ac9e53a9c1959b1f36a97726a3705df2defbd242e8e8017f3a424590f62,9b46438f0c6472734127bfa9cd1af70b6f2fde91c76fb5ea353f515c3e1c3354,c43f3255726fed92ee142584ccd3a88728861862cb38f7c3defce8669ea501e6,20260813,,,,True,True,4096,True,/home/kai3/coco/quantization_graph/results/disk_environment/.test_runs/gist/gist_test_20260829_204245/runs/gist_test_20260829_204245/05C_disk_system_fair/gist/artifacts/test/Glass-NSG-DiskPort__hybrid_disk__B2__standard__w32__r0.json,Glass-NSG,05C system
05c,gist,Glass-NSG-DiskPort,hybrid_disk,test,gist_test_20260829_204245,0,32,2.0,NSG_R64_L100_SQ4U,ef=21,21,,standard,1,0.6035,22.0149,1297480.0,1265807.59,1846819.46,2185753.28,,,,,732.422,3940,,,3280740,,,,,1168.57,1168.57,4786450.0,1291480.0,1297350.0,126.119,1297350.0,5.47576,28.1163,1156.36,,,,,,,800,03_system_fair,official Glass NSG SQ4U distance kernel,05c-glass-nsg-sq4u-native-odirect-v1,c6954872331b14342ffdfa2b6ca592903af41c83dc1c07c01b9ae41e978d138c,7dd8941dcdf9a40c2444d3d84fabfc80df5e9bdf48e58404ee6acfe904091cf5,3dc26ac9e53a9c1959b1f36a97726a3705df2defbd242e8e8017f3a424590f62,9b46438f0c6472734127bfa9cd1af70b6f2fde91c76fb5ea353f515c3e1c3354,c43f3255726fed92ee142584ccd3a88728861862cb38f7c3defce8669ea501e6,20260813,,,,True,True,4096,True,/home/kai3/coco/quantization_graph/results/disk_environment/.test_runs/gist/gist_test_20260829_204245/runs/gist_test_20260829_204245/05C_disk_system_fair/gist/artifacts/test/Glass-NSG-DiskPort__hybrid_disk__B2__standard__w32__r0.json,Glass-NSG,05C system
05c,gist,Glass-NSG-DiskPort,hybrid_disk,test,gist_test_20260829_204245,0,32,2.0,NSG_R64_L100_SQ4U,ef=22,22,,standard,1,0.612,21.2554,1354190.0,1311578.44,1989307.4,2287417.81,,,,,732.422,3940,,,3280740,,,,,1206.87,1206.87,4943330.0,1348170.0,1354080.0,110.817,1354080.0,5.21328,29.2025,1194.51,,,,,,,800,03_system_fair,official Glass NSG SQ4U distance kernel,05c-glass-nsg-sq4u-native-odirect-v1,c6954872331b14342ffdfa2b6ca592903af41c83dc1c07c01b9ae41e978d138c,7dd8941dcdf9a40c2444d3d84fabfc80df5e9bdf48e58404ee6acfe904091cf5,3dc26ac9e53a9c1959b1f36a97726a3705df2defbd242e8e8017f3a424590f62,9b46438f0c6472734127bfa9cd1af70b6f2fde91c76fb5ea353f515c3e1c3354,c43f3255726fed92ee142584ccd3a88728861862cb38f7c3defce8669ea501e6,20260813,,,,True,True,4096,True,/home/kai3/coco/quantization_graph/results/disk_environment/.test_runs/gist/gist_test_20260829_204245/runs/gist_test_20260829_204245/05C_disk_system_fair/gist/artifacts/test/Glass-NSG-DiskPort__hybrid_disk__B2__standard__w32__r0.json,Glass-NSG,05C system
05c,gist,Glass-NSG-DiskPort,hybrid_disk,test,gist_test_20260829_204245,0,32,2.0,NSG_R64_L100_SQ4U,ef=23,23,,standard,1,0.618625,21.0933,1362780.0,1343530.75,1865168.99,2104314.81,,,,,732.422,3940,,,3280740,,,,,1237.91,1237.91,5070490.0,1356300.0,1362510.0,257.229,1362510.0,5.27283,30.1088,1225.36,,,,,,,800,03_system_fair,official Glass NSG SQ4U distance kernel,05c-glass-nsg-sq4u-native-odirect-v1,c6954872331b14342ffdfa2b6ca592903af41c83dc1c07c01b9ae41e978d138c,7dd8941dcdf9a40c2444d3d84fabfc80df5e9bdf48e58404ee6acfe904091cf5,3dc26ac9e53a9c1959b1f36a97726a3705df2defbd242e8e8017f3a424590f62,9b46438f0c6472734127bfa9cd1af70b6f2fde91c76fb5ea353f515c3e1c3354,c43f3255726fed92ee142584ccd3a88728861862cb38f7c3defce8669ea501e6,20260813,,,,True,True,4096,True,/home/kai3/coco/quantization_graph/results/disk_environment/.test_runs/gist/gist_test_20260829_204245/runs/gist_test_20260829_204245/05C_disk_system_fair/gist/artifacts/test/Glass-NSG-DiskPort__hybrid_disk__B2__standard__w32__r0.json,Glass-NSG,05C system
05c,gist,Glass-NSG-DiskPort,hybrid_disk,test,gist_test_20260829_204245,0,32,2.0,NSG_R64_L100_SQ4U,ef=24,24,,standard,1,0.624,19.9745,1451220.0,1404384.09,2163652.96,2677711.93,,,,,732.422,3940,,,3280740,,,,,1271.88,1271.88,5209640.0,1444790.0,1451090.0,121.368,1451090.0,5.3699,31.0637,1259.2,,,,,,,800,03_system_fair,official Glass NSG SQ4U distance kernel,05c-glass-nsg-sq4u-native-odirect-v1,c6954872331b14342ffdfa2b6ca592903af41c83dc1c07c01b9ae41e978d138c,7dd8941dcdf9a40c2444d3d84fabfc80df5e9bdf48e58404ee6acfe904091cf5,3dc26ac9e53a9c1959b1f36a97726a3705df2defbd242e8e8017f3a424590f62,9b46438f0c6472734127bfa9cd1af70b6f2fde91c76fb5ea353f515c3e1c3354,c43f3255726fed92ee142584ccd3a88728861862cb38f7c3defce8669ea501e6,20260813,,,,True,True,4096,True,/home/kai3/coco/quantization_graph/results/disk_environment/.test_runs/gist/gist_test_20260829_204245/runs/gist_test_20260829_204245/05C_disk_system_fair/gist/artifacts/test/Glass-NSG-DiskPort__hybrid_disk__B2__standard__w32__r0.json,Glass-NSG,05C system
05c,gist,Glass-NSG-DiskPort,hybrid_disk,test,gist_test_20260829_204245,0,32,2.0,NSG_R64_L100_SQ4U,ef=25,25,,standard,1,0.628625,19.7067,1459040.0,1424023.12,2050410.99,2365836.2,,,,,732.422,3940,,,3280740,,,,,1304.09,1304.09,5341560.0,1452400.0,1458920.0,114.105,1458920.0,5.39186,31.975,1291.3,,,,,,,800,03_system_fair,official Glass NSG SQ4U distance kernel,05c-glass-nsg-sq4u-native-odirect-v1,c6954872331b14342ffdfa2b6ca592903af41c83dc1c07c01b9ae41e978d138c,7dd8941dcdf9a40c2444d3d84fabfc80df5e9bdf48e58404ee6acfe904091cf5,3dc26ac9e53a9c1959b1f36a97726a3705df2defbd242e8e8017f3a424590f62,9b46438f0c6472734127bfa9cd1af70b6f2fde91c76fb5ea353f515c3e1c3354,c43f3255726fed92ee142584ccd3a88728861862cb38f7c3defce8669ea501e6,20260813,,,,True,True,4096,True,/home/kai3/coco/quantization_graph/results/disk_environment/.test_runs/gist/gist_test_20260829_204245/runs/gist_test_20260829_204245/05C_disk_system_fair/gist/artifacts/test/Glass-NSG-DiskPort__hybrid_disk__B2__standard__w32__r0.json,Glass-NSG,05C system
05c,gist,Glass-NSG-DiskPort,hybrid_disk,test,gist_test_20260829_204245,0,32,2.0,NSG_R64_L100_SQ4U,ef=26,26,,standard,1,0.634125,19.3308,1488310.0,1456592.28,2107853.23,2285806.07,,,,,732.422,3940,,,3280740,,,,,1336.2,1336.2,5473090.0,1481600.0,1488200.0,110.111,1488200.0,5.27869,32.9038,1323.38,,,,,,,800,03_system_fair,official Glass NSG SQ4U distance kernel,05c-glass-nsg-sq4u-native-odirect-v1,c6954872331b14342ffdfa2b6ca592903af41c83dc1c07c01b9ae41e978d138c,7dd8941dcdf9a40c2444d3d84fabfc80df5e9bdf48e58404ee6acfe904091cf5,3dc26ac9e53a9c1959b1f36a97726a3705df2defbd242e8e8017f3a424590f62,9b46438f0c6472734127bfa9cd1af70b6f2fde91c76fb5ea353f515c3e1c3354,c43f3255726fed92ee142584ccd3a88728861862cb38f7c3defce8669ea501e6,20260813,,,,True,True,4096,True,/home/kai3/coco/quantization_graph/results/disk_environment/.test_runs/gist/gist_test_20260829_204245/runs/gist_test_20260829_204245/05C_disk_system_fair/gist/artifacts/test/Glass-NSG-DiskPort__hybrid_disk__B2__standard__w32__r0.json,Glass-NSG,05C system
05c,gist,Glass-NSG-DiskPort,hybrid_disk,test,gist_test_20260829_204245,0,32,2.0,NSG_R64_L100_SQ4U,ef=27,27,,standard,1,0.6385,18.7838,1539740.0,1517775.05,2185509.66,2497413.53,,,,,732.422,3940,,,3280740,,,,,1366.71,1366.71,5598050.0,1532600.0,1539510.0,230.871,1539510.0,5.24415,33.8162,1353.77,,,,,,,800,03_system_fair,official Glass NSG SQ4U distance kernel,05c-glass-nsg-sq4u-native-odirect-v1,c6954872331b14342ffdfa2b6ca592903af41c83dc1c07c01b9ae41e978d138c,7dd8941dcdf9a40c2444d3d84fabfc80df5e9bdf48e58404ee6acfe904091cf5,3dc26ac9e53a9c1959b1f36a97726a3705df2defbd242e8e8017f3a424590f62,9b46438f0c6472734127bfa9cd1af70b6f2fde91c76fb5ea353f515c3e1c3354,c43f3255726fed92ee142584ccd3a88728861862cb38f7c3defce8669ea501e6,20260813,,,,True,True,4096,True,/home/kai3/coco/quantization_graph/results/disk_environment/.test_runs/gist/gist_test_20260829_204245/runs/gist_test_20260829_204245/05C_disk_system_fair/gist/artifacts/test/Glass-NSG-DiskPort__hybrid_disk__B2__standard__w32__r0.json,Glass-NSG,05C system
05c,gist,Glass-NSG-DiskPort,hybrid_disk,test,gist_test_20260829_204245,0,32,2.0,NSG_R64_L100_SQ4U,ef=28,28,,standard,1,0.64325,18.3879,1578850.0,1562279.87,2206982.73,2516151.22,,,,,732.422,3940,,,3280740,,,,,1399.69,1399.69,5733120.0,1571690.0,1578720.0,118.93,1578720.0,5.2999,34.7863,1386.65,,,,,,,800,03_system_fair,official Glass NSG SQ4U distance kernel,05c-glass-nsg-sq4u-native-odirect-v1,c6954872331b14342ffdfa2b6ca592903af41c83dc1c07c01b9ae41e978d138c,7dd8941dcdf9a40c2444d3d84fabfc80df5e9bdf48e58404ee6acfe904091cf5,3dc26ac9e53a9c1959b1f36a97726a3705df2defbd242e8e8017f3a424590f62,9b46438f0c6472734127bfa9cd1af70b6f2fde91c76fb5ea353f515c3e1c3354,c43f3255726fed92ee142584ccd3a88728861862cb38f7c3defce8669ea501e6,20260813,,,,True,True,4096,True,/home/kai3/coco/quantization_graph/results/disk_environment/.test_runs/gist/gist_test_20260829_204245/runs/gist_test_20260829_204245/05C_disk_system_fair/gist/artifacts/test/Glass-NSG-DiskPort__hybrid_disk__B2__standard__w32__r0.json,Glass-NSG,05C system
05c,gist,Glass-NSG-DiskPort,hybrid_disk,test,gist_test_20260829_204245,0,32,2.0,NSG_R64_L100_SQ4U,ef=29,29,,standard,1,0.64825,18.1466,1604130.0,1577631.46,2251300.93,2510327.13,,,,,732.422,3940,,,3280740,,,,,1431.19,1431.19,5862150.0,1596750.0,1604010.0,115.773,1604010.0,5.37597,35.7463,1418.16,,,,,,,800,03_system_fair,official Glass NSG SQ4U distance kernel,05c-glass-nsg-sq4u-native-odirect-v1,c6954872331b14342ffdfa2b6ca592903af41c83dc1c07c01b9ae41e978d138c,7dd8941dcdf9a40c2444d3d84fabfc80df5e9bdf48e58404ee6acfe904091cf5,3dc26ac9e53a9c1959b1f36a97726a3705df2defbd242e8e8017f3a424590f62,9b46438f0c6472734127bfa9cd1af70b6f2fde91c76fb5ea353f515c3e1c3354,c43f3255726fed92ee142584ccd3a88728861862cb38f7c3defce8669ea501e6,20260813,,,,True,True,4096,True,/home/kai3/coco/quantization_graph/results/disk_environment/.test_runs/gist/gist_test_20260829_204245/runs/gist_test_20260829_204245/05C_disk_system_fair/gist/artifacts/test/Glass-NSG-DiskPort__hybrid_disk__B2__standard__w32__r0.json,Glass-NSG,05C system
05c,gist,Glass-NSG-DiskPort,hybrid_disk,test,gist_test_20260829_204245,0,32,2.0,NSG_R64_L100_SQ4U,ef=30,30,,standard,1,0.653,17.5864,1658270.0,1645923.84,2234917.22,2612053.18,,,,,732.422,3940,,,3280740,,,,,1461.53,1461.53,5986440.0,1650600.0,1658150.0,117.642,1658150.0,5.63578,36.6463,1448.46,,,,,,,800,03_system_fair,official Glass NSG SQ4U distance kernel,05c-glass-nsg-sq4u-native-odirect-v1,c6954872331b14342ffdfa2b6ca592903af41c83dc1c07c01b9ae41e978d138c,7dd8941dcdf9a40c2444d3d84fabfc80df5e9bdf48e58404ee6acfe904091cf5,3dc26ac9e53a9c1959b1f36a97726a3705df2defbd242e8e8017f3a424590f62,9b46438f0c6472734127bfa9cd1af70b6f2fde91c76fb5ea353f515c3e1c3354,c43f3255726fed92ee142584ccd3a88728861862cb38f7c3defce8669ea501e6,20260813,,,,True,True,4096,True,/home/kai3/coco/quantization_graph/results/disk_environment/.test_runs/gist/gist_test_20260829_204245/runs/gist_test_20260829_204245/05C_disk_system_fair/gist/artifacts/test/Glass-NSG-DiskPort__hybrid_disk__B2__standard__w32__r0.json,Glass-NSG,05C system
05c,gist,Glass-NSG-DiskPort,hybrid_disk,test,gist_test_20260829_204245,0,32,2.0,NSG_R64_L100_SQ4U,ef=40,40,,standard,1,0.685625,14.3347,2070000.0,2075339.63,2813096.64,3046983.76,,,,,732.422,3940,,,3280740,,,,,1776.15,1776.15,7275130.0,2059430.0,2069880.0,119.553,2069880.0,5.62167,46.1375,1763.3,,,,,,,800,03_system_fair,official Glass NSG SQ4U distance kernel,05c-glass-nsg-sq4u-native-odirect-v1,c6954872331b14342ffdfa2b6ca592903af41c83dc1c07c01b9ae41e978d138c,7dd8941dcdf9a40c2444d3d84fabfc80df5e9bdf48e58404ee6acfe904091cf5,3dc26ac9e53a9c1959b1f36a97726a3705df2defbd242e8e8017f3a424590f62,9b46438f0c6472734127bfa9cd1af70b6f2fde91c76fb5ea353f515c3e1c3354,c43f3255726fed92ee142584ccd3a88728861862cb38f7c3defce8669ea501e6,20260813,,,,True,True,4096,True,/home/kai3/coco/quantization_graph/results/disk_environment/.test_runs/gist/gist_test_20260829_204245/runs/gist_test_20260829_204245/05C_disk_system_fair/gist/artifacts/test/Glass-NSG-DiskPort__hybrid_disk__B2__standard__w32__r0.json,Glass-NSG,05C system
05c,gist,Glass-NSG-DiskPort,hybrid_disk,test,gist_test_20260829_204245,0,32,2.0,NSG_R64_L100_SQ4U,ef=50,50,,standard,1,0.7115,12.0485,2486020.0,2462231.85,3349018.01,3678407.86,,,,,732.422,3940,,,3280740,,,,,2083.96,2083.96,8535920.0,2472480.0,2485900.0,116.423,2485900.0,5.47439,55.795,2072.14,,,,,,,800,03_system_fair,official Glass NSG SQ4U distance kernel,05c-glass-nsg-sq4u-native-odirect-v1,c6954872331b14342ffdfa2b6ca592903af41c83dc1c07c01b9ae41e978d138c,7dd8941dcdf9a40c2444d3d84fabfc80df5e9bdf48e58404ee6acfe904091cf5,3dc26ac9e53a9c1959b1f36a97726a3705df2defbd242e8e8017f3a424590f62,9b46438f0c6472734127bfa9cd1af70b6f2fde91c76fb5ea353f515c3e1c3354,c43f3255726fed92ee142584ccd3a88728861862cb38f7c3defce8669ea501e6,20260813,,,,True,True,4096,True,/home/kai3/coco/quantization_graph/results/disk_environment/.test_runs/gist/gist_test_20260829_204245/runs/gist_test_20260829_204245/05C_disk_system_fair/gist/artifacts/test/Glass-NSG-DiskPort__hybrid_disk__B2__standard__w32__r0.json,Glass-NSG,05C system
05c,gist,Glass-NSG-DiskPort,hybrid_disk,test,gist_test_20260829_204245,0,32,2.0,NSG_R64_L100_SQ4U,ef=60,60,,standard,1,0.725,10.5567,2860260.0,2875269.41,3799899.88,4122280.8,,,,,732.422,3940,,,3280740,,,,,2379.84,2379.84,9747850.0,2842710.0,2860070.0,185.33,2860070.0,5.63666,65.3825,2369.98,,,,,,,800,03_system_fair,official Glass NSG SQ4U distance kernel,05c-glass-nsg-sq4u-native-odirect-v1,c6954872331b14342ffdfa2b6ca592903af41c83dc1c07c01b9ae41e978d138c,7dd8941dcdf9a40c2444d3d84fabfc80df5e9bdf48e58404ee6acfe904091cf5,3dc26ac9e53a9c1959b1f36a97726a3705df2defbd242e8e8017f3a424590f62,9b46438f0c6472734127bfa9cd1af70b6f2fde91c76fb5ea353f515c3e1c3354,c43f3255726fed92ee142584ccd3a88728861862cb38f7c3defce8669ea501e6,20260813,,,,True,True,4096,True,/home/kai3/coco/quantization_graph/results/disk_environment/.test_runs/gist/gist_test_20260829_204245/runs/gist_test_20260829_204245/05C_disk_system_fair/gist/artifacts/test/Glass-NSG-DiskPort__hybrid_disk__B2__standard__w32__r0.json,Glass-NSG,05C system
05c,gist,Glass-NSG-DiskPort,hybrid_disk,test,gist_test_20260829_204245,0,32,2.0,NSG_R64_L100_SQ4U,ef=70,70,,standard,1,0.7395,9.26317,3268490.0,3319144.58,4239086.88,4600657.28,,,,,732.422,3940,,,3280740,,,,,2675.75,2675.75,10959900.0,3247230.0,3268370.0,112.355,3268370.0,5.70325,75.155,2669.05,,,,,,,800,03_system_fair,official Glass NSG SQ4U distance kernel,05c-glass-nsg-sq4u-native-odirect-v1,c6954872331b14342ffdfa2b6ca592903af41c83dc1c07c01b9ae41e978d138c,7dd8941dcdf9a40c2444d3d84fabfc80df5e9bdf48e58404ee6acfe904091cf5,3dc26ac9e53a9c1959b1f36a97726a3705df2defbd242e8e8017f3a424590f62,9b46438f0c6472734127bfa9cd1af70b6f2fde91c76fb5ea353f515c3e1c3354,c43f3255726fed92ee142584ccd3a88728861862cb38f7c3defce8669ea501e6,20260813,,,,True,True,4096,True,/home/kai3/coco/quantization_graph/results/disk_environment/.test_runs/gist/gist_test_20260829_204245/runs/gist_test_20260829_204245/05C_disk_system_fair/gist/artifacts/test/Glass-NSG-DiskPort__hybrid_disk__B2__standard__w32__r0.json,Glass-NSG,05C system
05c,gist,Glass-NSG-DiskPort,hybrid_disk,test,gist_test_20260829_204245,0,32,2.0,NSG_R64_L100_SQ4U,ef=80,80,,standard,1,0.750875,8.34191,3660700.0,3682885.5,4816378.92,5215956.95,,,,,732.422,3940,,,3280740,,,,,2965.79,2965.79,12147900.0,3634590.0,3660570.0,115.817,3660570.0,5.6676,84.95,2962.97,,,,,,,800,03_system_fair,official Glass NSG SQ4U distance kernel,05c-glass-nsg-sq4u-native-odirect-v1,c6954872331b14342ffdfa2b6ca592903af41c83dc1c07c01b9ae41e978d138c,7dd8941dcdf9a40c2444d3d84fabfc80df5e9bdf48e58404ee6acfe904091cf5,3dc26ac9e53a9c1959b1f36a97726a3705df2defbd242e8e8017f3a424590f62,9b46438f0c6472734127bfa9cd1af70b6f2fde91c76fb5ea353f515c3e1c3354,c43f3255726fed92ee142584ccd3a88728861862cb38f7c3defce8669ea501e6,20260813,,,,True,True,4096,True,/home/kai3/coco/quantization_graph/results/disk_environment/.test_runs/gist/gist_test_20260829_204245/runs/gist_test_20260829_204245/05C_disk_system_fair/gist/artifacts/test/Glass-NSG-DiskPort__hybrid_disk__B2__standard__w32__r0.json,Glass-NSG,05C system
05c,gist,Glass-NSG-DiskPort,hybrid_disk,test,gist_test_20260829_204245,0,32,2.0,NSG_R64_L100_SQ4U,ef=90,90,,standard,1,0.757625,7.69275,3974300.0,4017486.36,5116114.45,5584860.95,,,,,732.422,3940,,,3280740,,,,,3246.16,3246.16,13296300.0,3944540.0,3974180.0,115.43,3974180.0,5.73997,94.7075,3247.96,,,,,,,800,03_system_fair,official Glass NSG SQ4U distance kernel,05c-glass-nsg-sq4u-native-odirect-v1,c6954872331b14342ffdfa2b6ca592903af41c83dc1c07c01b9ae41e978d138c,7dd8941dcdf9a40c2444d3d84fabfc80df5e9bdf48e58404ee6acfe904091cf5,3dc26ac9e53a9c1959b1f36a97726a3705df2defbd242e8e8017f3a424590f62,9b46438f0c6472734127bfa9cd1af70b6f2fde91c76fb5ea353f515c3e1c3354,c43f3255726fed92ee142584ccd3a88728861862cb38f7c3defce8669ea501e6,20260813,,,,True,True,4096,True,/home/kai3/coco/quantization_graph/results/disk_environment/.test_runs/gist/gist_test_20260829_204245/runs/gist_test_20260829_204245/05C_disk_system_fair/gist/artifacts/test/Glass-NSG-DiskPort__hybrid_disk__B2__standard__w32__r0.json,Glass-NSG,05C system
05c,gist,Glass-NSG-DiskPort,hybrid_disk,test,gist_test_20260829_204245,0,32,2.0,NSG_R64_L100_SQ4U,ef=100,100,,standard,1,0.762375,7.10632,4319740.0,4401480.16,5467090.66,5935640.71,,,,,732.422,3940,,,3280740,,,,,3519.83,3519.83,14417200.0,4286020.0,4319620.0,113.583,4319620.0,5.76727,104.474,3526.64,,,,,,,800,03_system_fair,official Glass NSG SQ4U distance kernel,05c-glass-nsg-sq4u-native-odirect-v1,c6954872331b14342ffdfa2b6ca592903af41c83dc1c07c01b9ae41e978d138c,7dd8941dcdf9a40c2444d3d84fabfc80df5e9bdf48e58404ee6acfe904091cf5,3dc26ac9e53a9c1959b1f36a97726a3705df2defbd242e8e8017f3a424590f62,9b46438f0c6472734127bfa9cd1af70b6f2fde91c76fb5ea353f515c3e1c3354,c43f3255726fed92ee142584ccd3a88728861862cb38f7c3defce8669ea501e6,20260813,,,,True,True,4096,True,/home/kai3/coco/quantization_graph/results/disk_environment/.test_runs/gist/gist_test_20260829_204245/runs/gist_test_20260829_204245/05C_disk_system_fair/gist/artifacts/test/Glass-NSG-DiskPort__hybrid_disk__B2__standard__w32__r0.json,Glass-NSG,05C system
05c,gist,Glass-NSG-DiskPort,hybrid_disk,test,gist_test_20260829_204245,0,32,2.0,NSG_R64_L100_SQ4U,ef=140,140,,standard,1,0.7745,5.29803,5833660.0,5931554.77,7423766.09,8166226.3,,,,,732.422,3940,,,3280740,,,,,4583.08,4583.08,18772300.0,5780640.0,5833530.0,125.972,5833530.0,6.17871,144.058,4616.8,,,,,,,800,03_system_fair,official Glass NSG SQ4U distance kernel,05c-glass-nsg-sq4u-native-odirect-v1,c6954872331b14342ffdfa2b6ca592903af41c83dc1c07c01b9ae41e978d138c,7dd8941dcdf9a40c2444d3d84fabfc80df5e9bdf48e58404ee6acfe904091cf5,3dc26ac9e53a9c1959b1f36a97726a3705df2defbd242e8e8017f3a424590f62,9b46438f0c6472734127bfa9cd1af70b6f2fde91c76fb5ea353f515c3e1c3354,c43f3255726fed92ee142584ccd3a88728861862cb38f7c3defce8669ea501e6,20260813,,,,True,True,4096,True,/home/kai3/coco/quantization_graph/results/disk_environment/.test_runs/gist/gist_test_20260829_204245/runs/gist_test_20260829_204245/05C_disk_system_fair/gist/artifacts/test/Glass-NSG-DiskPort__hybrid_disk__B2__standard__w32__r0.json,Glass-NSG,05C system
05c,gist,Glass-NSG-DiskPort,hybrid_disk,test,gist_test_20260829_204245,0,32,2.0,NSG_R64_L100_SQ4U,ef=180,180,,standard,1,0.782,4.32647,7178710.0,7343768.25,9034278.37,9616793.8,,,,,732.422,3940,,,3280740,,,,,5578.35,5578.35,22848900.0,7101330.0,7178590.0,118.193,7178590.0,6.44595,183.78,5647.28,,,,,,,800,03_system_fair,official Glass NSG SQ4U distance kernel,05c-glass-nsg-sq4u-native-odirect-v1,c6954872331b14342ffdfa2b6ca592903af41c83dc1c07c01b9ae41e978d138c,7dd8941dcdf9a40c2444d3d84fabfc80df5e9bdf48e58404ee6acfe904091cf5,3dc26ac9e53a9c1959b1f36a97726a3705df2defbd242e8e8017f3a424590f62,9b46438f0c6472734127bfa9cd1af70b6f2fde91c76fb5ea353f515c3e1c3354,c43f3255726fed92ee142584ccd3a88728861862cb38f7c3defce8669ea501e6,20260813,,,,True,True,4096,True,/home/kai3/coco/quantization_graph/results/disk_environment/.test_runs/gist/gist_test_20260829_204245/runs/gist_test_20260829_204245/05C_disk_system_fair/gist/artifacts/test/Glass-NSG-DiskPort__hybrid_disk__B2__standard__w32__r0.json,Glass-NSG,05C system
05c,gist,Glass-NSG-DiskPort,hybrid_disk,test,gist_test_20260829_204245,0,32,2.0,NSG_R64_L100_SQ4U,ef=220,220,,standard,1,0.78625,3.71294,8386850.0,8517461.63,10594245.6,11186220.4,,,,,732.422,3940,,,3280740,,,,,6523.09,6523.09,26718600.0,8285420.0,8386720.0,119.996,8386720.0,7.06959,223.595,6634.2,,,,,,,800,03_system_fair,official Glass NSG SQ4U distance kernel,05c-glass-nsg-sq4u-native-odirect-v1,c6954872331b14342ffdfa2b6ca592903af41c83dc1c07c01b9ae41e978d138c,7dd8941dcdf9a40c2444d3d84fabfc80df5e9bdf48e58404ee6acfe904091cf5,3dc26ac9e53a9c1959b1f36a97726a3705df2defbd242e8e8017f3a424590f62,9b46438f0c6472734127bfa9cd1af70b6f2fde91c76fb5ea353f515c3e1c3354,c43f3255726fed92ee142584ccd3a88728861862cb38f7c3defce8669ea501e6,20260813,,,,True,True,4096,True,/home/kai3/coco/quantization_graph/results/disk_environment/.test_runs/gist/gist_test_20260829_204245/runs/gist_test_20260829_204245/05C_disk_system_fair/gist/artifacts/test/Glass-NSG-DiskPort__hybrid_disk__B2__standard__w32__r0.json,Glass-NSG,05C system
05c,gist,Glass-NSG-DiskPort,hybrid_disk,test,gist_test_20260829_204245,0,32,2.0,NSG_R64_L100_SQ4U,ef=260,260,,standard,1,0.788875,3.21843,9699330.0,9963482.86,12195925.2,12871159.3,,,,,732.422,3940,,,3280740,,,,,7422.79,7422.79,30403800.0,9572100.0,9699210.0,118.092,9699210.0,7.10928,263.365,7583.09,,,,,,,800,03_system_fair,official Glass NSG SQ4U distance kernel,05c-glass-nsg-sq4u-native-odirect-v1,c6954872331b14342ffdfa2b6ca592903af41c83dc1c07c01b9ae41e978d138c,7dd8941dcdf9a40c2444d3d84fabfc80df5e9bdf48e58404ee6acfe904091cf5,3dc26ac9e53a9c1959b1f36a97726a3705df2defbd242e8e8017f3a424590f62,9b46438f0c6472734127bfa9cd1af70b6f2fde91c76fb5ea353f515c3e1c3354,c43f3255726fed92ee142584ccd3a88728861862cb38f7c3defce8669ea501e6,20260813,,,,True,True,4096,True,/home/kai3/coco/quantization_graph/results/disk_environment/.test_runs/gist/gist_test_20260829_204245/runs/gist_test_20260829_204245/05C_disk_system_fair/gist/artifacts/test/Glass-NSG-DiskPort__hybrid_disk__B2__standard__w32__r0.json,Glass-NSG,05C system
05c,gist,Glass-NSG-DiskPort,hybrid_disk,test,gist_test_20260829_204245,0,32,2.0,NSG_R64_L100_SQ4U,ef=300,300,,standard,1,0.79125,2.80744,11127400.0,11483255.9,13977682.2,14619276.4,,,,,732.422,3940,,,3280740,,,,,8289.31,8289.31,33953000.0,10957900.0,11127300.0,112.189,11127300.0,7.16788,303.332,8504.34,,,,,,,800,03_system_fair,official Glass NSG SQ4U distance kernel,05c-glass-nsg-sq4u-native-odirect-v1,c6954872331b14342ffdfa2b6ca592903af41c83dc1c07c01b9ae41e978d138c,7dd8941dcdf9a40c2444d3d84fabfc80df5e9bdf48e58404ee6acfe904091cf5,3dc26ac9e53a9c1959b1f36a97726a3705df2defbd242e8e8017f3a424590f62,9b46438f0c6472734127bfa9cd1af70b6f2fde91c76fb5ea353f515c3e1c3354,c43f3255726fed92ee142584ccd3a88728861862cb38f7c3defce8669ea501e6,20260813,,,,True,True,4096,True,/home/kai3/coco/quantization_graph/results/disk_environment/.test_runs/gist/gist_test_20260829_204245/runs/gist_test_20260829_204245/05C_disk_system_fair/gist/artifacts/test/Glass-NSG-DiskPort__hybrid_disk__B2__standard__w32__r0.json,Glass-NSG,05C system
05c,gist,Glass-NSG-DiskPort,hybrid_disk,test,gist_test_20260829_204245,0,32,2.0,NSG_R64_L100_SQ4U,ef=340,340,,standard,1,0.793875,2.55892,12221600.0,12468749.8,15345679.3,16284030.8,,,,,732.422,3940,,,3280740,,,,,9111.98,9111.98,37322700.0,12020500.0,12221500.0,119.041,12221500.0,7.57495,343.185,9384.9,,,,,,,800,03_system_fair,official Glass NSG SQ4U distance kernel,05c-glass-nsg-sq4u-native-odirect-v1,c6954872331b14342ffdfa2b6ca592903af41c83dc1c07c01b9ae41e978d138c,7dd8941dcdf9a40c2444d3d84fabfc80df5e9bdf48e58404ee6acfe904091cf5,3dc26ac9e53a9c1959b1f36a97726a3705df2defbd242e8e8017f3a424590f62,9b46438f0c6472734127bfa9cd1af70b6f2fde91c76fb5ea353f515c3e1c3354,c43f3255726fed92ee142584ccd3a88728861862cb38f7c3defce8669ea501e6,20260813,,,,True,True,4096,True,/home/kai3/coco/quantization_graph/results/disk_environment/.test_runs/gist/gist_test_20260829_204245/runs/gist_test_20260829_204245/05C_disk_system_fair/gist/artifacts/test/Glass-NSG-DiskPort__hybrid_disk__B2__standard__w32__r0.json,Glass-NSG,05C system
05c,gist,Glass-NSG-DiskPort,hybrid_disk,test,gist_test_20260829_204245,0,32,2.0,NSG_R64_L100_SQ4U,ef=380,380,,standard,1,0.794625,2.33465,13405000.0,13771482.2,16662194.8,17663822.5,,,,,732.422,3940,,,3280740,,,,,9910.67,9910.67,40594100.0,13169600.0,13404900.0,127.044,13404900.0,7.70672,383.08,10246.7,,,,,,,800,03_system_fair,official Glass NSG SQ4U distance kernel,05c-glass-nsg-sq4u-native-odirect-v1,c6954872331b14342ffdfa2b6ca592903af41c83dc1c07c01b9ae41e978d138c,7dd8941dcdf9a40c2444d3d84fabfc80df5e9bdf48e58404ee6acfe904091cf5,3dc26ac9e53a9c1959b1f36a97726a3705df2defbd242e8e8017f3a424590f62,9b46438f0c6472734127bfa9cd1af70b6f2fde91c76fb5ea353f515c3e1c3354,c43f3255726fed92ee142584ccd3a88728861862cb38f7c3defce8669ea501e6,20260813,,,,True,True,4096,True,/home/kai3/coco/quantization_graph/results/disk_environment/.test_runs/gist/gist_test_20260829_204245/runs/gist_test_20260829_204245/05C_disk_system_fair/gist/artifacts/test/Glass-NSG-DiskPort__hybrid_disk__B2__standard__w32__r0.json,Glass-NSG,05C system
05c,gist,Glass-NSG-DiskPort,hybrid_disk,test,gist_test_20260829_204245,0,32,2.0,NSG_R64_L100_SQ4U,ef=420,420,,standard,1,0.79475,2.13765,14643100.0,15044721.4,18298744.7,19471923.7,,,,,732.422,3940,,,3280740,,,,,10686.0,10686.0,43769800.0,14369800.0,14642900.0,127.949,14642900.0,8.02937,423.002,11088.5,,,,,,,800,03_system_fair,official Glass NSG SQ4U distance kernel,05c-glass-nsg-sq4u-native-odirect-v1,c6954872331b14342ffdfa2b6ca592903af41c83dc1c07c01b9ae41e978d138c,7dd8941dcdf9a40c2444d3d84fabfc80df5e9bdf48e58404ee6acfe904091cf5,3dc26ac9e53a9c1959b1f36a97726a3705df2defbd242e8e8017f3a424590f62,9b46438f0c6472734127bfa9cd1af70b6f2fde91c76fb5ea353f515c3e1c3354,c43f3255726fed92ee142584ccd3a88728861862cb38f7c3defce8669ea501e6,20260813,,,,True,True,4096,True,/home/kai3/coco/quantization_graph/results/disk_environment/.test_runs/gist/gist_test_20260829_204245/runs/gist_test_20260829_204245/05C_disk_system_fair/gist/artifacts/test/Glass-NSG-DiskPort__hybrid_disk__B2__standard__w32__r0.json,Glass-NSG,05C system
05c,gist,Glass-NSG-DiskPort,hybrid_disk,test,gist_test_20260829_204245,0,32,2.0,NSG_R64_L100_SQ4U,ef=460,460,,standard,1,0.79525,1.99152,15722600.0,16133913.2,19614532.8,20678602.4,,,,,732.422,3940,,,3280740,,,,,11433.6,11433.6,46831900.0,15408100.0,15722500.0,124.261,15722500.0,8.05178,463.001,11906.3,,,,,,,800,03_system_fair,official Glass NSG SQ4U distance kernel,05c-glass-nsg-sq4u-native-odirect-v1,c6954872331b14342ffdfa2b6ca592903af41c83dc1c07c01b9ae41e978d138c,7dd8941dcdf9a40c2444d3d84fabfc80df5e9bdf48e58404ee6acfe904091cf5,3dc26ac9e53a9c1959b1f36a97726a3705df2defbd242e8e8017f3a424590f62,9b46438f0c6472734127bfa9cd1af70b6f2fde91c76fb5ea353f515c3e1c3354,c43f3255726fed92ee142584ccd3a88728861862cb38f7c3defce8669ea501e6,20260813,,,,True,True,4096,True,/home/kai3/coco/quantization_graph/results/disk_environment/.test_runs/gist/gist_test_20260829_204245/runs/gist_test_20260829_204245/05C_disk_system_fair/gist/artifacts/test/Glass-NSG-DiskPort__hybrid_disk__B2__standard__w32__r0.json,Glass-NSG,05C system
05c,gist,Glass-NSG-DiskPort,hybrid_disk,test,gist_test_20260829_204245,0,32,2.0,NSG_R64_L100_SQ4U,ef=480,480,,standard,1,0.79575,1.933,16200700.0,16535652.3,20201367.4,21595358.8,,,,,732.422,3940,,,3280740,,,,,11798.1,11798.1,48324900.0,15862300.0,16200600.0,123.268,16200600.0,8.19685,482.924,12307.4,,,,,,,800,03_system_fair,official Glass NSG SQ4U distance kernel,05c-glass-nsg-sq4u-native-odirect-v1,c6954872331b14342ffdfa2b6ca592903af41c83dc1c07c01b9ae41e978d138c,7dd8941dcdf9a40c2444d3d84fabfc80df5e9bdf48e58404ee6acfe904091cf5,3dc26ac9e53a9c1959b1f36a97726a3705df2defbd242e8e8017f3a424590f62,9b46438f0c6472734127bfa9cd1af70b6f2fde91c76fb5ea353f515c3e1c3354,c43f3255726fed92ee142584ccd3a88728861862cb38f7c3defce8669ea501e6,20260813,,,,True,True,4096,True,/home/kai3/coco/quantization_graph/results/disk_environment/.test_runs/gist/gist_test_20260829_204245/runs/gist_test_20260829_204245/05C_disk_system_fair/gist/artifacts/test/Glass-NSG-DiskPort__hybrid_disk__B2__standard__w32__r0.json,Glass-NSG,05C system
05c,gist,SymphonyQG-DiskPort,hybrid_disk,test,formal_diskenv_20260826_114755_bc_gist,0,32,2.0,QG_R64_EF400_t3,ef=100,100,,standard,1,0.934625,13.1993,62906.7,62661.3,66115.1,69171.7,,,,,15625.0,8192,,,12288,,,,,104.564,418.255,1713170.0,59606.0,62899.9,4.45355,62899.9,2.35446,104.564,104.564,,,,,,,800,03_system_fair,official SymphonyQG FastScan LUT+SIMD,05c-symphonyqg-fastscan-native-odirect-v1,15aa8fbf92d469f572b1c0298b94597dbcbcaacaf2603ca99e88b50b8a9b007f,0c2580f2a5104f5a224506eb6faca585e802deecd4698d9e78940c268fa83bea,168b4b09bb5353251d0e5b345c26143e6390a4bb81f31f94d4db949c21e45cf2,9b46438f0c6472734127bfa9cd1af70b6f2fde91c76fb5ea353f515c3e1c3354,c43f3255726fed92ee142584ccd3a88728861862cb38f7c3defce8669ea501e6,20260813,,,,True,True,4096,True,/home/msy2025/quantization_graph/results/disk_environment/.formal_runs/runs/formal_diskenv_20260826_114755_bc_gist/05C_disk_system_fair/gist/artifacts/test/SymphonyQG-DiskPort__hybrid_disk__B2__standard__w32__r0.json,SymphonyQG,05C system
