layer,dataset,method,storage_mode,phase,run_id,repeat_id,workers,search_dram_budget_gib,config_id,search_param,search_width,ablation,cache_mode,beam_width,recall,qps,latency_mean_us,latency_p50_us,latency_p95_us,latency_p99_us,fixed_candidate_recall_at_10,mean_relative_error,p95_relative_error,pairwise_flip_rate,index_size_mb,resident_bytes,cache_bytes,cache_nodes,peak_rss_bytes,ours_4bit_payload_bytes,ours_8bit_payload_bytes,ours_adjacency_bytes,ours_fp32_base_bytes,io_requests_per_query,sectors_4k_per_query,bytes_read_per_query,io_wait_us,distance_compute_us,query_prep_us,queue_compute_us,rerank_us,visited_nodes,distance_evaluations,db1_checks,db1_survivors,full4_candidates,full4_page_reads,rerank_candidates,rerank_page_reads,query_count,source_suite,source_kernel,implementation_fingerprint,native_binary_sha256,input_manifest_sha256,source_index_manifest_sha256,query_split_sha256,query_order_sha256,query_order_seed,shared_graph_sha256,source_graph_sha256,graph_role,direct_io,native_aio,page_size,formal_ready,artifact_path,implementation_parity,git_commit,method_display
05c,agnews,OG-LVQ-DiskPort,hybrid_disk,test,agnews_05c_rerun_20260901_152210,0.0,32,2.0,LVQ4_R64_W400,W=10,10,,standard,1,0.918875,51.7239,465015.0,391537.0,806038.0,2077840.0,,,,,629.711,8208,,,12304,,,,,717.21,717.21,2937690.0,457151.0,465015.0,0.132491,465015.0,0.0,15.3525,700.857,,,,,,,800,03_system_fair,official SVS LVQ4 distance kernel,05c-og-lvq-svs-layout-native-odirect-v1,c5ae806ecc0b843514ced45ee2b2507e8a03956707086140d22939ddac12d7c6,fa6f6a857171b3d9d561fc50aab70e1ed195f30016c7985ed20812436804f610,7b41f41c83f779854b41e89b6f5dc3ec6baae2d9c30100edf78d128c7efa183a,078548f8ed3526b3de09fb06f5c9b26f0125e3c1e0aeb017b99f5f4c95be6bb7,c43f3255726fed92ee142584ccd3a88728861862cb38f7c3defce8669ea501e6,20260813.0,,,,True,True,4096,True,/home/kai3/coco/quantization_graph/results/disk_environment/.formal_runs/runs/agnews_05c_rerun_20260901_152210/05C_disk_system_fair/agnews/artifacts/test/OG-LVQ-DiskPort__hybrid_disk__B2__standard__w32__r0.json,,,OG-LVQ
05c,agnews,OG-LVQ-DiskPort,hybrid_disk,test,agnews_05c_rerun_20260901_152210,0.0,32,2.0,LVQ4_R64_W400,W=11,11,,standard,1,0.923125,55.585,426824.0,409244.0,695845.0,835592.0,,,,,629.711,8208,,,12304,,,,,749.117,749.117,3068390.0,418686.0,426824.0,0.129987,426824.0,0.0,16.3163,731.801,,,,,,,800,03_system_fair,official SVS LVQ4 distance kernel,05c-og-lvq-svs-layout-native-odirect-v1,c5ae806ecc0b843514ced45ee2b2507e8a03956707086140d22939ddac12d7c6,fa6f6a857171b3d9d561fc50aab70e1ed195f30016c7985ed20812436804f610,7b41f41c83f779854b41e89b6f5dc3ec6baae2d9c30100edf78d128c7efa183a,078548f8ed3526b3de09fb06f5c9b26f0125e3c1e0aeb017b99f5f4c95be6bb7,c43f3255726fed92ee142584ccd3a88728861862cb38f7c3defce8669ea501e6,20260813.0,,,,True,True,4096,True,/home/kai3/coco/quantization_graph/results/disk_environment/.formal_runs/runs/agnews_05c_rerun_20260901_152210/05C_disk_system_fair/agnews/artifacts/test/OG-LVQ-DiskPort__hybrid_disk__B2__standard__w32__r0.json,,,OG-LVQ
05c,agnews,OG-LVQ-DiskPort,hybrid_disk,test,agnews_05c_rerun_20260901_152210,0.0,32,2.0,LVQ4_R64_W400,W=12,12,,standard,1,0.924875,56.7189,411589.0,395459.0,665790.0,774996.0,,,,,629.711,8208,,,12304,,,,,779.013,779.013,3190840.0,403180.0,411589.0,0.137834,411589.0,0.0,17.24,760.773,,,,,,,800,03_system_fair,official SVS LVQ4 distance kernel,05c-og-lvq-svs-layout-native-odirect-v1,c5ae806ecc0b843514ced45ee2b2507e8a03956707086140d22939ddac12d7c6,fa6f6a857171b3d9d561fc50aab70e1ed195f30016c7985ed20812436804f610,7b41f41c83f779854b41e89b6f5dc3ec6baae2d9c30100edf78d128c7efa183a,078548f8ed3526b3de09fb06f5c9b26f0125e3c1e0aeb017b99f5f4c95be6bb7,c43f3255726fed92ee142584ccd3a88728861862cb38f7c3defce8669ea501e6,20260813.0,,,,True,True,4096,True,/home/kai3/coco/quantization_graph/results/disk_environment/.formal_runs/runs/agnews_05c_rerun_20260901_152210/05C_disk_system_fair/agnews/artifacts/test/OG-LVQ-DiskPort__hybrid_disk__B2__standard__w32__r0.json,,,OG-LVQ
05c,agnews,OG-LVQ-DiskPort,hybrid_disk,test,agnews_05c_rerun_20260901_152210,0.0,32,2.0,LVQ4_R64_W400,W=13,13,,standard,1,0.926875,53.3455,446201.0,431244.0,688022.0,867797.0,,,,,629.711,8208,,,12304,,,,,808.995,808.995,3313640.0,437371.0,446201.0,0.138322,446201.0,0.0,18.1775,789.817,,,,,,,800,03_system_fair,official SVS LVQ4 distance kernel,05c-og-lvq-svs-layout-native-odirect-v1,c5ae806ecc0b843514ced45ee2b2507e8a03956707086140d22939ddac12d7c6,fa6f6a857171b3d9d561fc50aab70e1ed195f30016c7985ed20812436804f610,7b41f41c83f779854b41e89b6f5dc3ec6baae2d9c30100edf78d128c7efa183a,078548f8ed3526b3de09fb06f5c9b26f0125e3c1e0aeb017b99f5f4c95be6bb7,c43f3255726fed92ee142584ccd3a88728861862cb38f7c3defce8669ea501e6,20260813.0,,,,True,True,4096,True,/home/kai3/coco/quantization_graph/results/disk_environment/.formal_runs/runs/agnews_05c_rerun_20260901_152210/05C_disk_system_fair/agnews/artifacts/test/OG-LVQ-DiskPort__hybrid_disk__B2__standard__w32__r0.json,,,OG-LVQ
05c,agnews,OG-LVQ-DiskPort,hybrid_disk,test,agnews_05c_rerun_20260901_152210,0.0,32,2.0,LVQ4_R64_W400,W=14,14,,standard,1,0.931,53.2745,448887.0,432068.0,704196.0,852429.0,,,,,629.711,8208,,,12304,,,,,840.29,840.29,3441830.0,439807.0,448887.0,0.133815,448887.0,0.0,19.1625,820.128,,,,,,,800,03_system_fair,official SVS LVQ4 distance kernel,05c-og-lvq-svs-layout-native-odirect-v1,c5ae806ecc0b843514ced45ee2b2507e8a03956707086140d22939ddac12d7c6,fa6f6a857171b3d9d561fc50aab70e1ed195f30016c7985ed20812436804f610,7b41f41c83f779854b41e89b6f5dc3ec6baae2d9c30100edf78d128c7efa183a,078548f8ed3526b3de09fb06f5c9b26f0125e3c1e0aeb017b99f5f4c95be6bb7,c43f3255726fed92ee142584ccd3a88728861862cb38f7c3defce8669ea501e6,20260813.0,,,,True,True,4096,True,/home/kai3/coco/quantization_graph/results/disk_environment/.formal_runs/runs/agnews_05c_rerun_20260901_152210/05C_disk_system_fair/agnews/artifacts/test/OG-LVQ-DiskPort__hybrid_disk__B2__standard__w32__r0.json,,,OG-LVQ
05c,agnews,OG-LVQ-DiskPort,hybrid_disk,test,agnews_05c_rerun_20260901_152210,0.0,32,2.0,LVQ4_R64_W400,W=15,15,,standard,1,0.932625,52.4933,456120.0,439288.0,693262.0,805655.0,,,,,629.711,8208,,,12304,,,,,870.388,870.388,3565110.0,446701.0,456120.0,0.132222,456120.0,0.0,20.115,849.273,,,,,,,800,03_system_fair,official SVS LVQ4 distance kernel,05c-og-lvq-svs-layout-native-odirect-v1,c5ae806ecc0b843514ced45ee2b2507e8a03956707086140d22939ddac12d7c6,fa6f6a857171b3d9d561fc50aab70e1ed195f30016c7985ed20812436804f610,7b41f41c83f779854b41e89b6f5dc3ec6baae2d9c30100edf78d128c7efa183a,078548f8ed3526b3de09fb06f5c9b26f0125e3c1e0aeb017b99f5f4c95be6bb7,c43f3255726fed92ee142584ccd3a88728861862cb38f7c3defce8669ea501e6,20260813.0,,,,True,True,4096,True,/home/kai3/coco/quantization_graph/results/disk_environment/.formal_runs/runs/agnews_05c_rerun_20260901_152210/05C_disk_system_fair/agnews/artifacts/test/OG-LVQ-DiskPort__hybrid_disk__B2__standard__w32__r0.json,,,OG-LVQ
05c,agnews,OG-LVQ-DiskPort,hybrid_disk,test,agnews_05c_rerun_20260901_152210,0.0,32,2.0,LVQ4_R64_W400,W=16,16,,standard,1,0.93575,48.2869,510018.0,495587.0,809504.0,970330.0,,,,,629.711,8208,,,12304,,,,,900.342,900.342,3687800.0,500111.0,510018.0,0.16345,510018.0,0.0,21.0738,878.269,,,,,,,800,03_system_fair,official SVS LVQ4 distance kernel,05c-og-lvq-svs-layout-native-odirect-v1,c5ae806ecc0b843514ced45ee2b2507e8a03956707086140d22939ddac12d7c6,fa6f6a857171b3d9d561fc50aab70e1ed195f30016c7985ed20812436804f610,7b41f41c83f779854b41e89b6f5dc3ec6baae2d9c30100edf78d128c7efa183a,078548f8ed3526b3de09fb06f5c9b26f0125e3c1e0aeb017b99f5f4c95be6bb7,c43f3255726fed92ee142584ccd3a88728861862cb38f7c3defce8669ea501e6,20260813.0,,,,True,True,4096,True,/home/kai3/coco/quantization_graph/results/disk_environment/.formal_runs/runs/agnews_05c_rerun_20260901_152210/05C_disk_system_fair/agnews/artifacts/test/OG-LVQ-DiskPort__hybrid_disk__B2__standard__w32__r0.json,,,OG-LVQ
05c,agnews,OG-LVQ-DiskPort,hybrid_disk,test,agnews_05c_rerun_20260901_152210,0.0,32,2.0,LVQ4_R64_W400,W=17,17,,standard,1,0.936875,48.4585,509423.0,490707.0,806268.0,987067.0,,,,,629.711,8208,,,12304,,,,,929.842,929.842,3808630.0,499243.0,509423.0,0.13205,509423.0,0.0,22.035,906.808,,,,,,,800,03_system_fair,official SVS LVQ4 distance kernel,05c-og-lvq-svs-layout-native-odirect-v1,c5ae806ecc0b843514ced45ee2b2507e8a03956707086140d22939ddac12d7c6,fa6f6a857171b3d9d561fc50aab70e1ed195f30016c7985ed20812436804f610,7b41f41c83f779854b41e89b6f5dc3ec6baae2d9c30100edf78d128c7efa183a,078548f8ed3526b3de09fb06f5c9b26f0125e3c1e0aeb017b99f5f4c95be6bb7,c43f3255726fed92ee142584ccd3a88728861862cb38f7c3defce8669ea501e6,20260813.0,,,,True,True,4096,True,/home/kai3/coco/quantization_graph/results/disk_environment/.formal_runs/runs/agnews_05c_rerun_20260901_152210/05C_disk_system_fair/agnews/artifacts/test/OG-LVQ-DiskPort__hybrid_disk__B2__standard__w32__r0.json,,,OG-LVQ
05c,agnews,OG-LVQ-DiskPort,hybrid_disk,test,agnews_05c_rerun_20260901_152210,0.0,32,2.0,LVQ4_R64_W400,W=18,18,,standard,1,0.937375,47.2721,522879.0,506169.0,789524.0,930336.0,,,,,629.711,8208,,,12304,,,,,958.541,958.541,3926180.0,512295.0,522879.0,0.132075,522879.0,0.0,22.9812,934.56,,,,,,,800,03_system_fair,official SVS LVQ4 distance kernel,05c-og-lvq-svs-layout-native-odirect-v1,c5ae806ecc0b843514ced45ee2b2507e8a03956707086140d22939ddac12d7c6,fa6f6a857171b3d9d561fc50aab70e1ed195f30016c7985ed20812436804f610,7b41f41c83f779854b41e89b6f5dc3ec6baae2d9c30100edf78d128c7efa183a,078548f8ed3526b3de09fb06f5c9b26f0125e3c1e0aeb017b99f5f4c95be6bb7,c43f3255726fed92ee142584ccd3a88728861862cb38f7c3defce8669ea501e6,20260813.0,,,,True,True,4096,True,/home/kai3/coco/quantization_graph/results/disk_environment/.formal_runs/runs/agnews_05c_rerun_20260901_152210/05C_disk_system_fair/agnews/artifacts/test/OG-LVQ-DiskPort__hybrid_disk__B2__standard__w32__r0.json,,,OG-LVQ
05c,agnews,OG-LVQ-DiskPort,hybrid_disk,test,agnews_05c_rerun_20260901_152210,0.0,32,2.0,LVQ4_R64_W400,W=19,19,,standard,1,0.939,45.8796,544320.0,525999.0,820720.0,1041130.0,,,,,629.711,8208,,,12304,,,,,989.727,989.727,4053920.0,533329.0,544320.0,0.138351,544320.0,0.0,23.9763,964.751,,,,,,,800,03_system_fair,official SVS LVQ4 distance kernel,05c-og-lvq-svs-layout-native-odirect-v1,c5ae806ecc0b843514ced45ee2b2507e8a03956707086140d22939ddac12d7c6,fa6f6a857171b3d9d561fc50aab70e1ed195f30016c7985ed20812436804f610,7b41f41c83f779854b41e89b6f5dc3ec6baae2d9c30100edf78d128c7efa183a,078548f8ed3526b3de09fb06f5c9b26f0125e3c1e0aeb017b99f5f4c95be6bb7,c43f3255726fed92ee142584ccd3a88728861862cb38f7c3defce8669ea501e6,20260813.0,,,,True,True,4096,True,/home/kai3/coco/quantization_graph/results/disk_environment/.formal_runs/runs/agnews_05c_rerun_20260901_152210/05C_disk_system_fair/agnews/artifacts/test/OG-LVQ-DiskPort__hybrid_disk__B2__standard__w32__r0.json,,,OG-LVQ
05c,agnews,OG-LVQ-DiskPort,hybrid_disk,test,agnews_05c_rerun_20260901_152210,0.0,32,2.0,LVQ4_R64_W400,W=20,20,,standard,1,0.94025,43.4335,583472.0,568519.0,874917.0,1040180.0,,,,,629.711,8208,,,12304,,,,,1020.11,1020.11,4178360.0,572163.0,583472.0,0.142126,583472.0,0.0,24.9475,994.159,,,,,,,800,03_system_fair,official SVS LVQ4 distance kernel,05c-og-lvq-svs-layout-native-odirect-v1,c5ae806ecc0b843514ced45ee2b2507e8a03956707086140d22939ddac12d7c6,fa6f6a857171b3d9d561fc50aab70e1ed195f30016c7985ed20812436804f610,7b41f41c83f779854b41e89b6f5dc3ec6baae2d9c30100edf78d128c7efa183a,078548f8ed3526b3de09fb06f5c9b26f0125e3c1e0aeb017b99f5f4c95be6bb7,c43f3255726fed92ee142584ccd3a88728861862cb38f7c3defce8669ea501e6,20260813.0,,,,True,True,4096,True,/home/kai3/coco/quantization_graph/results/disk_environment/.formal_runs/runs/agnews_05c_rerun_20260901_152210/05C_disk_system_fair/agnews/artifacts/test/OG-LVQ-DiskPort__hybrid_disk__B2__standard__w32__r0.json,,,OG-LVQ
05c,agnews,OG-LVQ-DiskPort,hybrid_disk,test,agnews_05c_rerun_20260901_152210,0.0,32,2.0,LVQ4_R64_W400,W=21,21,,standard,1,0.940875,42.0667,606636.0,587263.0,925305.0,1095190.0,,,,,629.711,8208,,,12304,,,,,1049.59,1049.59,4299120.0,594973.0,606636.0,0.130382,606636.0,0.0,25.9262,1022.66,,,,,,,800,03_system_fair,official SVS LVQ4 distance kernel,05c-og-lvq-svs-layout-native-odirect-v1,c5ae806ecc0b843514ced45ee2b2507e8a03956707086140d22939ddac12d7c6,fa6f6a857171b3d9d561fc50aab70e1ed195f30016c7985ed20812436804f610,7b41f41c83f779854b41e89b6f5dc3ec6baae2d9c30100edf78d128c7efa183a,078548f8ed3526b3de09fb06f5c9b26f0125e3c1e0aeb017b99f5f4c95be6bb7,c43f3255726fed92ee142584ccd3a88728861862cb38f7c3defce8669ea501e6,20260813.0,,,,True,True,4096,True,/home/kai3/coco/quantization_graph/results/disk_environment/.formal_runs/runs/agnews_05c_rerun_20260901_152210/05C_disk_system_fair/agnews/artifacts/test/OG-LVQ-DiskPort__hybrid_disk__B2__standard__w32__r0.json,,,OG-LVQ
05c,agnews,OG-LVQ-DiskPort,hybrid_disk,test,agnews_05c_rerun_20260901_152210,0.0,32,2.0,LVQ4_R64_W400,W=22,22,,standard,1,0.941625,42.997,590948.0,575179.0,904208.0,1024440.0,,,,,629.711,8208,,,12304,,,,,1078.79,1078.79,4418740.0,578992.0,590948.0,0.127855,590948.0,0.0,26.8975,1050.9,,,,,,,800,03_system_fair,official SVS LVQ4 distance kernel,05c-og-lvq-svs-layout-native-odirect-v1,c5ae806ecc0b843514ced45ee2b2507e8a03956707086140d22939ddac12d7c6,fa6f6a857171b3d9d561fc50aab70e1ed195f30016c7985ed20812436804f610,7b41f41c83f779854b41e89b6f5dc3ec6baae2d9c30100edf78d128c7efa183a,078548f8ed3526b3de09fb06f5c9b26f0125e3c1e0aeb017b99f5f4c95be6bb7,c43f3255726fed92ee142584ccd3a88728861862cb38f7c3defce8669ea501e6,20260813.0,,,,True,True,4096,True,/home/kai3/coco/quantization_graph/results/disk_environment/.formal_runs/runs/agnews_05c_rerun_20260901_152210/05C_disk_system_fair/agnews/artifacts/test/OG-LVQ-DiskPort__hybrid_disk__B2__standard__w32__r0.json,,,OG-LVQ
05c,agnews,OG-LVQ-DiskPort,hybrid_disk,test,agnews_05c_rerun_20260901_152210,0.0,32,2.0,LVQ4_R64_W400,W=23,23,,standard,1,0.94175,41.699,613374.0,597255.0,922000.0,1122940.0,,,,,629.711,8208,,,12304,,,,,1108.72,1108.72,4541300.0,600978.0,613374.0,0.131222,613374.0,0.0,27.875,1079.84,,,,,,,800,03_system_fair,official SVS LVQ4 distance kernel,05c-og-lvq-svs-layout-native-odirect-v1,c5ae806ecc0b843514ced45ee2b2507e8a03956707086140d22939ddac12d7c6,fa6f6a857171b3d9d561fc50aab70e1ed195f30016c7985ed20812436804f610,7b41f41c83f779854b41e89b6f5dc3ec6baae2d9c30100edf78d128c7efa183a,078548f8ed3526b3de09fb06f5c9b26f0125e3c1e0aeb017b99f5f4c95be6bb7,c43f3255726fed92ee142584ccd3a88728861862cb38f7c3defce8669ea501e6,20260813.0,,,,True,True,4096,True,/home/kai3/coco/quantization_graph/results/disk_environment/.formal_runs/runs/agnews_05c_rerun_20260901_152210/05C_disk_system_fair/agnews/artifacts/test/OG-LVQ-DiskPort__hybrid_disk__B2__standard__w32__r0.json,,,OG-LVQ
05c,agnews,OG-LVQ-DiskPort,hybrid_disk,test,agnews_05c_rerun_20260901_152210,0.0,32,2.0,LVQ4_R64_W400,W=24,24,,standard,1,0.942625,38.4032,678596.0,649903.0,1046720.0,1256380.0,,,,,629.711,8208,,,12304,,,,,1138.77,1138.77,4664400.0,665917.0,678596.0,0.139445,678596.0,0.0,28.8738,1108.9,,,,,,,800,03_system_fair,official SVS LVQ4 distance kernel,05c-og-lvq-svs-layout-native-odirect-v1,c5ae806ecc0b843514ced45ee2b2507e8a03956707086140d22939ddac12d7c6,fa6f6a857171b3d9d561fc50aab70e1ed195f30016c7985ed20812436804f610,7b41f41c83f779854b41e89b6f5dc3ec6baae2d9c30100edf78d128c7efa183a,078548f8ed3526b3de09fb06f5c9b26f0125e3c1e0aeb017b99f5f4c95be6bb7,c43f3255726fed92ee142584ccd3a88728861862cb38f7c3defce8669ea501e6,20260813.0,,,,True,True,4096,True,/home/kai3/coco/quantization_graph/results/disk_environment/.formal_runs/runs/agnews_05c_rerun_20260901_152210/05C_disk_system_fair/agnews/artifacts/test/OG-LVQ-DiskPort__hybrid_disk__B2__standard__w32__r0.json,,,OG-LVQ
05c,agnews,OG-LVQ-DiskPort,hybrid_disk,test,agnews_05c_rerun_20260901_152210,0.0,32,2.0,LVQ4_R64_W400,W=25,25,,standard,1,0.943,38.46,679137.0,662610.0,1009240.0,1190340.0,,,,,629.711,8208,,,12304,,,,,1166.8,1166.8,4779220.0,666251.0,679137.0,0.137814,679137.0,0.0,29.825,1135.98,,,,,,,800,03_system_fair,official SVS LVQ4 distance kernel,05c-og-lvq-svs-layout-native-odirect-v1,c5ae806ecc0b843514ced45ee2b2507e8a03956707086140d22939ddac12d7c6,fa6f6a857171b3d9d561fc50aab70e1ed195f30016c7985ed20812436804f610,7b41f41c83f779854b41e89b6f5dc3ec6baae2d9c30100edf78d128c7efa183a,078548f8ed3526b3de09fb06f5c9b26f0125e3c1e0aeb017b99f5f4c95be6bb7,c43f3255726fed92ee142584ccd3a88728861862cb38f7c3defce8669ea501e6,20260813.0,,,,True,True,4096,True,/home/kai3/coco/quantization_graph/results/disk_environment/.formal_runs/runs/agnews_05c_rerun_20260901_152210/05C_disk_system_fair/agnews/artifacts/test/OG-LVQ-DiskPort__hybrid_disk__B2__standard__w32__r0.json,,,OG-LVQ
05c,agnews,OG-LVQ-DiskPort,hybrid_disk,test,agnews_05c_rerun_20260901_152210,0.0,32,2.0,LVQ4_R64_W400,W=26,26,,standard,1,0.943375,38.8611,667343.0,653588.0,999742.0,1176620.0,,,,,629.711,8208,,,12304,,,,,1194.9,1194.9,4894320.0,654233.0,667343.0,0.134736,667343.0,0.0,30.7825,1163.12,,,,,,,800,03_system_fair,official SVS LVQ4 distance kernel,05c-og-lvq-svs-layout-native-odirect-v1,c5ae806ecc0b843514ced45ee2b2507e8a03956707086140d22939ddac12d7c6,fa6f6a857171b3d9d561fc50aab70e1ed195f30016c7985ed20812436804f610,7b41f41c83f779854b41e89b6f5dc3ec6baae2d9c30100edf78d128c7efa183a,078548f8ed3526b3de09fb06f5c9b26f0125e3c1e0aeb017b99f5f4c95be6bb7,c43f3255726fed92ee142584ccd3a88728861862cb38f7c3defce8669ea501e6,20260813.0,,,,True,True,4096,True,/home/kai3/coco/quantization_graph/results/disk_environment/.formal_runs/runs/agnews_05c_rerun_20260901_152210/05C_disk_system_fair/agnews/artifacts/test/OG-LVQ-DiskPort__hybrid_disk__B2__standard__w32__r0.json,,,OG-LVQ
05c,agnews,OG-LVQ-DiskPort,hybrid_disk,test,agnews_05c_rerun_20260901_152210,0.0,32,2.0,LVQ4_R64_W400,W=27,27,,standard,1,0.9435,38.3099,678726.0,657412.0,991533.0,1175130.0,,,,,629.711,8208,,,12304,,,,,1223.75,1223.75,5012490.0,665299.0,678725.0,0.131741,678725.0,0.0,31.76,1190.99,,,,,,,800,03_system_fair,official SVS LVQ4 distance kernel,05c-og-lvq-svs-layout-native-odirect-v1,c5ae806ecc0b843514ced45ee2b2507e8a03956707086140d22939ddac12d7c6,fa6f6a857171b3d9d561fc50aab70e1ed195f30016c7985ed20812436804f610,7b41f41c83f779854b41e89b6f5dc3ec6baae2d9c30100edf78d128c7efa183a,078548f8ed3526b3de09fb06f5c9b26f0125e3c1e0aeb017b99f5f4c95be6bb7,c43f3255726fed92ee142584ccd3a88728861862cb38f7c3defce8669ea501e6,20260813.0,,,,True,True,4096,True,/home/kai3/coco/quantization_graph/results/disk_environment/.formal_runs/runs/agnews_05c_rerun_20260901_152210/05C_disk_system_fair/agnews/artifacts/test/OG-LVQ-DiskPort__hybrid_disk__B2__standard__w32__r0.json,,,OG-LVQ
05c,agnews,OG-LVQ-DiskPort,hybrid_disk,test,agnews_05c_rerun_20260901_152210,0.0,32,2.0,LVQ4_R64_W400,W=28,28,,standard,1,0.943875,37.3602,700793.0,688786.0,1019600.0,1210320.0,,,,,629.711,8208,,,12304,,,,,1252.67,1252.67,5130930.0,687087.0,700793.0,0.139109,700793.0,0.0,32.74,1218.93,,,,,,,800,03_system_fair,official SVS LVQ4 distance kernel,05c-og-lvq-svs-layout-native-odirect-v1,c5ae806ecc0b843514ced45ee2b2507e8a03956707086140d22939ddac12d7c6,fa6f6a857171b3d9d561fc50aab70e1ed195f30016c7985ed20812436804f610,7b41f41c83f779854b41e89b6f5dc3ec6baae2d9c30100edf78d128c7efa183a,078548f8ed3526b3de09fb06f5c9b26f0125e3c1e0aeb017b99f5f4c95be6bb7,c43f3255726fed92ee142584ccd3a88728861862cb38f7c3defce8669ea501e6,20260813.0,,,,True,True,4096,True,/home/kai3/coco/quantization_graph/results/disk_environment/.formal_runs/runs/agnews_05c_rerun_20260901_152210/05C_disk_system_fair/agnews/artifacts/test/OG-LVQ-DiskPort__hybrid_disk__B2__standard__w32__r0.json,,,OG-LVQ
05c,agnews,OG-LVQ-DiskPort,hybrid_disk,test,agnews_05c_rerun_20260901_152210,0.0,32,2.0,LVQ4_R64_W400,W=29,29,,standard,1,0.944625,35.451,740957.0,724255.0,1098450.0,1282430.0,,,,,629.711,8208,,,12304,,,,,1282.01,1282.01,5251110.0,726933.0,740957.0,0.135631,740957.0,0.0,33.7338,1247.28,,,,,,,800,03_system_fair,official SVS LVQ4 distance kernel,05c-og-lvq-svs-layout-native-odirect-v1,c5ae806ecc0b843514ced45ee2b2507e8a03956707086140d22939ddac12d7c6,fa6f6a857171b3d9d561fc50aab70e1ed195f30016c7985ed20812436804f610,7b41f41c83f779854b41e89b6f5dc3ec6baae2d9c30100edf78d128c7efa183a,078548f8ed3526b3de09fb06f5c9b26f0125e3c1e0aeb017b99f5f4c95be6bb7,c43f3255726fed92ee142584ccd3a88728861862cb38f7c3defce8669ea501e6,20260813.0,,,,True,True,4096,True,/home/kai3/coco/quantization_graph/results/disk_environment/.formal_runs/runs/agnews_05c_rerun_20260901_152210/05C_disk_system_fair/agnews/artifacts/test/OG-LVQ-DiskPort__hybrid_disk__B2__standard__w32__r0.json,,,OG-LVQ
05c,agnews,OG-LVQ-DiskPort,hybrid_disk,test,agnews_05c_rerun_20260901_152210,0.0,32,2.0,LVQ4_R64_W400,W=30,30,,standard,1,0.94575,35.289,746061.0,730982.0,1118340.0,1255780.0,,,,,629.711,8208,,,12304,,,,,1311.07,1311.07,5370150.0,731620.0,746061.0,0.134115,746061.0,0.0,34.725,1275.35,,,,,,,800,03_system_fair,official SVS LVQ4 distance kernel,05c-og-lvq-svs-layout-native-odirect-v1,c5ae806ecc0b843514ced45ee2b2507e8a03956707086140d22939ddac12d7c6,fa6f6a857171b3d9d561fc50aab70e1ed195f30016c7985ed20812436804f610,7b41f41c83f779854b41e89b6f5dc3ec6baae2d9c30100edf78d128c7efa183a,078548f8ed3526b3de09fb06f5c9b26f0125e3c1e0aeb017b99f5f4c95be6bb7,c43f3255726fed92ee142584ccd3a88728861862cb38f7c3defce8669ea501e6,20260813.0,,,,True,True,4096,True,/home/kai3/coco/quantization_graph/results/disk_environment/.formal_runs/runs/agnews_05c_rerun_20260901_152210/05C_disk_system_fair/agnews/artifacts/test/OG-LVQ-DiskPort__hybrid_disk__B2__standard__w32__r0.json,,,OG-LVQ
05c,agnews,OG-LVQ-DiskPort,hybrid_disk,test,agnews_05c_rerun_20260901_152210,0.0,32,2.0,LVQ4_R64_W400,W=40,40,,standard,1,0.948125,29.2168,933337.0,916249.0,1365540.0,1538360.0,,,,,629.711,8208,,,12304,,,,,1592.53,1592.53,6523010.0,915314.0,933337.0,0.134864,933337.0,0.0,44.5412,1546.99,,,,,,,800,03_system_fair,official SVS LVQ4 distance kernel,05c-og-lvq-svs-layout-native-odirect-v1,c5ae806ecc0b843514ced45ee2b2507e8a03956707086140d22939ddac12d7c6,fa6f6a857171b3d9d561fc50aab70e1ed195f30016c7985ed20812436804f610,7b41f41c83f779854b41e89b6f5dc3ec6baae2d9c30100edf78d128c7efa183a,078548f8ed3526b3de09fb06f5c9b26f0125e3c1e0aeb017b99f5f4c95be6bb7,c43f3255726fed92ee142584ccd3a88728861862cb38f7c3defce8669ea501e6,20260813.0,,,,True,True,4096,True,/home/kai3/coco/quantization_graph/results/disk_environment/.formal_runs/runs/agnews_05c_rerun_20260901_152210/05C_disk_system_fair/agnews/artifacts/test/OG-LVQ-DiskPort__hybrid_disk__B2__standard__w32__r0.json,,,OG-LVQ
05c,agnews,OG-LVQ-DiskPort,hybrid_disk,test,agnews_05c_rerun_20260901_152210,0.0,32,2.0,LVQ4_R64_W400,W=50,50,,standard,1,0.950625,23.6984,1184070.0,1159470.0,1682830.0,1967140.0,,,,,629.711,8208,,,12304,,,,,1864.58,1864.58,7637320.0,1162460.0,1184070.0,0.141649,1184070.0,0.0,54.3837,1809.2,,,,,,,800,03_system_fair,official SVS LVQ4 distance kernel,05c-og-lvq-svs-layout-native-odirect-v1,c5ae806ecc0b843514ced45ee2b2507e8a03956707086140d22939ddac12d7c6,fa6f6a857171b3d9d561fc50aab70e1ed195f30016c7985ed20812436804f610,7b41f41c83f779854b41e89b6f5dc3ec6baae2d9c30100edf78d128c7efa183a,078548f8ed3526b3de09fb06f5c9b26f0125e3c1e0aeb017b99f5f4c95be6bb7,c43f3255726fed92ee142584ccd3a88728861862cb38f7c3defce8669ea501e6,20260813.0,,,,True,True,4096,True,/home/kai3/coco/quantization_graph/results/disk_environment/.formal_runs/runs/agnews_05c_rerun_20260901_152210/05C_disk_system_fair/agnews/artifacts/test/OG-LVQ-DiskPort__hybrid_disk__B2__standard__w32__r0.json,,,OG-LVQ
05c,agnews,OG-LVQ-DiskPort,hybrid_disk,test,agnews_05c_rerun_20260901_152210,0.0,32,2.0,LVQ4_R64_W400,W=60,60,,standard,1,0.95125,20.8283,1371980.0,1348300.0,2009000.0,2233460.0,,,,,629.711,8208,,,12304,,,,,2128.72,2128.72,8719230.0,1346600.0,1371980.0,0.140137,1371980.0,0.0,64.2412,2063.48,,,,,,,800,03_system_fair,official SVS LVQ4 distance kernel,05c-og-lvq-svs-layout-native-odirect-v1,c5ae806ecc0b843514ced45ee2b2507e8a03956707086140d22939ddac12d7c6,fa6f6a857171b3d9d561fc50aab70e1ed195f30016c7985ed20812436804f610,7b41f41c83f779854b41e89b6f5dc3ec6baae2d9c30100edf78d128c7efa183a,078548f8ed3526b3de09fb06f5c9b26f0125e3c1e0aeb017b99f5f4c95be6bb7,c43f3255726fed92ee142584ccd3a88728861862cb38f7c3defce8669ea501e6,20260813.0,,,,True,True,4096,True,/home/kai3/coco/quantization_graph/results/disk_environment/.formal_runs/runs/agnews_05c_rerun_20260901_152210/05C_disk_system_fair/agnews/artifacts/test/OG-LVQ-DiskPort__hybrid_disk__B2__standard__w32__r0.json,,,OG-LVQ
05c,agnews,OG-LVQ-DiskPort,hybrid_disk,test,agnews_05c_rerun_20260901_152210,0.0,32,2.0,LVQ4_R64_W400,W=70,70,,standard,1,0.9515,18.5321,1557150.0,1505270.0,2319310.0,2633840.0,,,,,629.711,8208,,,12304,,,,,2390.22,2390.22,9790340.0,1528010.0,1557150.0,0.156314,1557150.0,0.0,74.1475,2315.07,,,,,,,800,03_system_fair,official SVS LVQ4 distance kernel,05c-og-lvq-svs-layout-native-odirect-v1,c5ae806ecc0b843514ced45ee2b2507e8a03956707086140d22939ddac12d7c6,fa6f6a857171b3d9d561fc50aab70e1ed195f30016c7985ed20812436804f610,7b41f41c83f779854b41e89b6f5dc3ec6baae2d9c30100edf78d128c7efa183a,078548f8ed3526b3de09fb06f5c9b26f0125e3c1e0aeb017b99f5f4c95be6bb7,c43f3255726fed92ee142584ccd3a88728861862cb38f7c3defce8669ea501e6,20260813.0,,,,True,True,4096,True,/home/kai3/coco/quantization_graph/results/disk_environment/.formal_runs/runs/agnews_05c_rerun_20260901_152210/05C_disk_system_fair/agnews/artifacts/test/OG-LVQ-DiskPort__hybrid_disk__B2__standard__w32__r0.json,,,OG-LVQ
05c,agnews,OG-LVQ-DiskPort,hybrid_disk,test,agnews_05c_rerun_20260901_152210,0.0,32,2.0,LVQ4_R64_W400,W=80,80,,standard,1,0.951875,15.6638,1867870.0,1804800.0,2947450.0,3800230.0,,,,,629.711,8208,,,12304,,,,,2645.98,2645.98,10837900.0,1833990.0,1867870.0,0.146184,1867870.0,0.0,84.0487,2560.93,,,,,,,800,03_system_fair,official SVS LVQ4 distance kernel,05c-og-lvq-svs-layout-native-odirect-v1,c5ae806ecc0b843514ced45ee2b2507e8a03956707086140d22939ddac12d7c6,fa6f6a857171b3d9d561fc50aab70e1ed195f30016c7985ed20812436804f610,7b41f41c83f779854b41e89b6f5dc3ec6baae2d9c30100edf78d128c7efa183a,078548f8ed3526b3de09fb06f5c9b26f0125e3c1e0aeb017b99f5f4c95be6bb7,c43f3255726fed92ee142584ccd3a88728861862cb38f7c3defce8669ea501e6,20260813.0,,,,True,True,4096,True,/home/kai3/coco/quantization_graph/results/disk_environment/.formal_runs/runs/agnews_05c_rerun_20260901_152210/05C_disk_system_fair/agnews/artifacts/test/OG-LVQ-DiskPort__hybrid_disk__B2__standard__w32__r0.json,,,OG-LVQ
05c,agnews,OG-LVQ-DiskPort,hybrid_disk,test,agnews_05c_rerun_20260901_152210,0.0,32,2.0,LVQ4_R64_W400,W=90,90,,standard,1,0.95225,13.8662,2120750.0,2060940.0,3081110.0,3557940.0,,,,,629.711,8208,,,12304,,,,,2898.1,2898.1,11870600.0,2082520.0,2120750.0,0.141482,2120750.0,0.0,94.015,2803.08,,,,,,,800,03_system_fair,official SVS LVQ4 distance kernel,05c-og-lvq-svs-layout-native-odirect-v1,c5ae806ecc0b843514ced45ee2b2507e8a03956707086140d22939ddac12d7c6,fa6f6a857171b3d9d561fc50aab70e1ed195f30016c7985ed20812436804f610,7b41f41c83f779854b41e89b6f5dc3ec6baae2d9c30100edf78d128c7efa183a,078548f8ed3526b3de09fb06f5c9b26f0125e3c1e0aeb017b99f5f4c95be6bb7,c43f3255726fed92ee142584ccd3a88728861862cb38f7c3defce8669ea501e6,20260813.0,,,,True,True,4096,True,/home/kai3/coco/quantization_graph/results/disk_environment/.formal_runs/runs/agnews_05c_rerun_20260901_152210/05C_disk_system_fair/agnews/artifacts/test/OG-LVQ-DiskPort__hybrid_disk__B2__standard__w32__r0.json,,,OG-LVQ
05c,agnews,OG-LVQ-DiskPort,hybrid_disk,test,agnews_05c_rerun_20260901_152210,0.0,32,2.0,LVQ4_R64_W400,W=100,100,,standard,1,0.95225,13.112,2266330.0,2211530.0,3306180.0,3759280.0,,,,,629.711,8208,,,12304,,,,,3145.17,3145.17,12882600.0,2223320.0,2266330.0,0.139949,2266330.0,0.0,103.933,3040.24,,,,,,,800,03_system_fair,official SVS LVQ4 distance kernel,05c-og-lvq-svs-layout-native-odirect-v1,c5ae806ecc0b843514ced45ee2b2507e8a03956707086140d22939ddac12d7c6,fa6f6a857171b3d9d561fc50aab70e1ed195f30016c7985ed20812436804f610,7b41f41c83f779854b41e89b6f5dc3ec6baae2d9c30100edf78d128c7efa183a,078548f8ed3526b3de09fb06f5c9b26f0125e3c1e0aeb017b99f5f4c95be6bb7,c43f3255726fed92ee142584ccd3a88728861862cb38f7c3defce8669ea501e6,20260813.0,,,,True,True,4096,True,/home/kai3/coco/quantization_graph/results/disk_environment/.formal_runs/runs/agnews_05c_rerun_20260901_152210/05C_disk_system_fair/agnews/artifacts/test/OG-LVQ-DiskPort__hybrid_disk__B2__standard__w32__r0.json,,,OG-LVQ
05c,agnews,OG-LVQ-DiskPort,hybrid_disk,test,agnews_05c_rerun_20260901_152210,0.0,32,2.0,LVQ4_R64_W400,W=140,140,,standard,1,0.95275,9.9596,3021450.0,2928770.0,4380580.0,4787020.0,,,,,629.711,8208,,,12304,,,,,4098.66,4098.66,16788100.0,2960150.0,3021450.0,0.139957,3021450.0,0.0,143.681,3953.98,,,,,,,800,03_system_fair,official SVS LVQ4 distance kernel,05c-og-lvq-svs-layout-native-odirect-v1,c5ae806ecc0b843514ced45ee2b2507e8a03956707086140d22939ddac12d7c6,fa6f6a857171b3d9d561fc50aab70e1ed195f30016c7985ed20812436804f610,7b41f41c83f779854b41e89b6f5dc3ec6baae2d9c30100edf78d128c7efa183a,078548f8ed3526b3de09fb06f5c9b26f0125e3c1e0aeb017b99f5f4c95be6bb7,c43f3255726fed92ee142584ccd3a88728861862cb38f7c3defce8669ea501e6,20260813.0,,,,True,True,4096,True,/home/kai3/coco/quantization_graph/results/disk_environment/.formal_runs/runs/agnews_05c_rerun_20260901_152210/05C_disk_system_fair/agnews/artifacts/test/OG-LVQ-DiskPort__hybrid_disk__B2__standard__w32__r0.json,,,OG-LVQ
05c,agnews,OG-LVQ-DiskPort,hybrid_disk,test,agnews_05c_rerun_20260901_152210,0.0,32,2.0,LVQ4_R64_W400,W=180,180,,standard,1,0.953,8.23849,3689720.0,3619150.0,5380060.0,5960540.0,,,,,629.711,8208,,,12304,,,,,5015.41,5015.41,20543100.0,3604270.0,3689720.0,0.141686,3689720.0,0.0,183.499,4830.91,,,,,,,800,03_system_fair,official SVS LVQ4 distance kernel,05c-og-lvq-svs-layout-native-odirect-v1,c5ae806ecc0b843514ced45ee2b2507e8a03956707086140d22939ddac12d7c6,fa6f6a857171b3d9d561fc50aab70e1ed195f30016c7985ed20812436804f610,7b41f41c83f779854b41e89b6f5dc3ec6baae2d9c30100edf78d128c7efa183a,078548f8ed3526b3de09fb06f5c9b26f0125e3c1e0aeb017b99f5f4c95be6bb7,c43f3255726fed92ee142584ccd3a88728861862cb38f7c3defce8669ea501e6,20260813.0,,,,True,True,4096,True,/home/kai3/coco/quantization_graph/results/disk_environment/.formal_runs/runs/agnews_05c_rerun_20260901_152210/05C_disk_system_fair/agnews/artifacts/test/OG-LVQ-DiskPort__hybrid_disk__B2__standard__w32__r0.json,,,OG-LVQ
05c,agnews,OG-LVQ-DiskPort,hybrid_disk,test,agnews_05c_rerun_20260901_152210,0.0,32,2.0,LVQ4_R64_W400,W=220,220,,standard,1,0.953,6.97305,4383900.0,4302920.0,6332060.0,6996850.0,,,,,629.711,8208,,,12304,,,,,5901.36,5901.36,24172000.0,4274570.0,4383900.0,0.145997,4383900.0,0.0,223.361,5677.0,,,,,,,800,03_system_fair,official SVS LVQ4 distance kernel,05c-og-lvq-svs-layout-native-odirect-v1,c5ae806ecc0b843514ced45ee2b2507e8a03956707086140d22939ddac12d7c6,fa6f6a857171b3d9d561fc50aab70e1ed195f30016c7985ed20812436804f610,7b41f41c83f779854b41e89b6f5dc3ec6baae2d9c30100edf78d128c7efa183a,078548f8ed3526b3de09fb06f5c9b26f0125e3c1e0aeb017b99f5f4c95be6bb7,c43f3255726fed92ee142584ccd3a88728861862cb38f7c3defce8669ea501e6,20260813.0,,,,True,True,4096,True,/home/kai3/coco/quantization_graph/results/disk_environment/.formal_runs/runs/agnews_05c_rerun_20260901_152210/05C_disk_system_fair/agnews/artifacts/test/OG-LVQ-DiskPort__hybrid_disk__B2__standard__w32__r0.json,,,OG-LVQ
05c,agnews,OG-LVQ-DiskPort,hybrid_disk,test,agnews_05c_rerun_20260901_152210,0.0,32,2.0,LVQ4_R64_W400,W=260,260,,standard,1,0.953,6.02568,5092130.0,5011990.0,7331580.0,8283960.0,,,,,629.711,8208,,,12304,,,,,6764.3,6764.3,27706600.0,4956250.0,5092130.0,0.13934,5092130.0,0.0,263.22,6500.07,,,,,,,800,03_system_fair,official SVS LVQ4 distance kernel,05c-og-lvq-svs-layout-native-odirect-v1,c5ae806ecc0b843514ced45ee2b2507e8a03956707086140d22939ddac12d7c6,fa6f6a857171b3d9d561fc50aab70e1ed195f30016c7985ed20812436804f610,7b41f41c83f779854b41e89b6f5dc3ec6baae2d9c30100edf78d128c7efa183a,078548f8ed3526b3de09fb06f5c9b26f0125e3c1e0aeb017b99f5f4c95be6bb7,c43f3255726fed92ee142584ccd3a88728861862cb38f7c3defce8669ea501e6,20260813.0,,,,True,True,4096,True,/home/kai3/coco/quantization_graph/results/disk_environment/.formal_runs/runs/agnews_05c_rerun_20260901_152210/05C_disk_system_fair/agnews/artifacts/test/OG-LVQ-DiskPort__hybrid_disk__B2__standard__w32__r0.json,,,OG-LVQ
05c,agnews,OG-LVQ-DiskPort,hybrid_disk,test,agnews_05c_rerun_20260901_152210,0.0,32,2.0,LVQ4_R64_W400,W=300,300,,standard,1,0.953,5.38734,5705700.0,5641980.0,8171160.0,9046440.0,,,,,629.711,8208,,,12304,,,,,7611.91,7611.91,31178400.0,5530920.0,5705700.0,0.14809,5705700.0,0.0,303.123,7307.78,,,,,,,800,03_system_fair,official SVS LVQ4 distance kernel,05c-og-lvq-svs-layout-native-odirect-v1,c5ae806ecc0b843514ced45ee2b2507e8a03956707086140d22939ddac12d7c6,fa6f6a857171b3d9d561fc50aab70e1ed195f30016c7985ed20812436804f610,7b41f41c83f779854b41e89b6f5dc3ec6baae2d9c30100edf78d128c7efa183a,078548f8ed3526b3de09fb06f5c9b26f0125e3c1e0aeb017b99f5f4c95be6bb7,c43f3255726fed92ee142584ccd3a88728861862cb38f7c3defce8669ea501e6,20260813.0,,,,True,True,4096,True,/home/kai3/coco/quantization_graph/results/disk_environment/.formal_runs/runs/agnews_05c_rerun_20260901_152210/05C_disk_system_fair/agnews/artifacts/test/OG-LVQ-DiskPort__hybrid_disk__B2__standard__w32__r0.json,,,OG-LVQ
05c,agnews,OG-LVQ-DiskPort,hybrid_disk,test,agnews_05c_rerun_20260901_152210,0.0,32,2.0,LVQ4_R64_W400,W=340,340,,standard,1,0.953,4.75289,6493560.0,6329560.0,9450160.0,10402700.0,,,,,629.711,8208,,,12304,,,,,8442.69,8442.69,34581200.0,6286700.0,6493560.0,0.148056,6493560.0,0.0,343.019,8098.67,,,,,,,800,03_system_fair,official SVS LVQ4 distance kernel,05c-og-lvq-svs-layout-native-odirect-v1,c5ae806ecc0b843514ced45ee2b2507e8a03956707086140d22939ddac12d7c6,fa6f6a857171b3d9d561fc50aab70e1ed195f30016c7985ed20812436804f610,7b41f41c83f779854b41e89b6f5dc3ec6baae2d9c30100edf78d128c7efa183a,078548f8ed3526b3de09fb06f5c9b26f0125e3c1e0aeb017b99f5f4c95be6bb7,c43f3255726fed92ee142584ccd3a88728861862cb38f7c3defce8669ea501e6,20260813.0,,,,True,True,4096,True,/home/kai3/coco/quantization_graph/results/disk_environment/.formal_runs/runs/agnews_05c_rerun_20260901_152210/05C_disk_system_fair/agnews/artifacts/test/OG-LVQ-DiskPort__hybrid_disk__B2__standard__w32__r0.json,,,OG-LVQ
05c,agnews,OG-LVQ-DiskPort,hybrid_disk,test,agnews_05c_rerun_20260901_152210,0.0,32,2.0,LVQ4_R64_W400,W=380,380,,standard,1,0.953,4.22612,7319910.0,7213650.0,10595300.0,11755600.0,,,,,629.711,8208,,,12304,,,,,9256.22,9256.22,37913500.0,7079460.0,7319910.0,0.146355,7319910.0,0.0,382.938,8872.28,,,,,,,800,03_system_fair,official SVS LVQ4 distance kernel,05c-og-lvq-svs-layout-native-odirect-v1,c5ae806ecc0b843514ced45ee2b2507e8a03956707086140d22939ddac12d7c6,fa6f6a857171b3d9d561fc50aab70e1ed195f30016c7985ed20812436804f610,7b41f41c83f779854b41e89b6f5dc3ec6baae2d9c30100edf78d128c7efa183a,078548f8ed3526b3de09fb06f5c9b26f0125e3c1e0aeb017b99f5f4c95be6bb7,c43f3255726fed92ee142584ccd3a88728861862cb38f7c3defce8669ea501e6,20260813.0,,,,True,True,4096,True,/home/kai3/coco/quantization_graph/results/disk_environment/.formal_runs/runs/agnews_05c_rerun_20260901_152210/05C_disk_system_fair/agnews/artifacts/test/OG-LVQ-DiskPort__hybrid_disk__B2__standard__w32__r0.json,,,OG-LVQ
05c,agnews,OG-LVQ-DiskPort,hybrid_disk,test,agnews_05c_rerun_20260901_152210,0.0,32,2.0,LVQ4_R64_W400,W=420,420,,standard,1,0.953,3.94211,7851240.0,7624490.0,11352900.0,12397000.0,,,,,629.711,8208,,,12304,,,,,10056.4,10056.4,41190800.0,7572560.0,7851240.0,0.147626,7851240.0,0.0,422.871,9632.49,,,,,,,800,03_system_fair,official SVS LVQ4 distance kernel,05c-og-lvq-svs-layout-native-odirect-v1,c5ae806ecc0b843514ced45ee2b2507e8a03956707086140d22939ddac12d7c6,fa6f6a857171b3d9d561fc50aab70e1ed195f30016c7985ed20812436804f610,7b41f41c83f779854b41e89b6f5dc3ec6baae2d9c30100edf78d128c7efa183a,078548f8ed3526b3de09fb06f5c9b26f0125e3c1e0aeb017b99f5f4c95be6bb7,c43f3255726fed92ee142584ccd3a88728861862cb38f7c3defce8669ea501e6,20260813.0,,,,True,True,4096,True,/home/kai3/coco/quantization_graph/results/disk_environment/.formal_runs/runs/agnews_05c_rerun_20260901_152210/05C_disk_system_fair/agnews/artifacts/test/OG-LVQ-DiskPort__hybrid_disk__B2__standard__w32__r0.json,,,OG-LVQ
05c,agnews,OG-LVQ-DiskPort,hybrid_disk,test,agnews_05c_rerun_20260901_152210,0.0,32,2.0,LVQ4_R64_W400,W=460,460,,standard,1,0.953,3.70444,8370190.0,8157690.0,11994700.0,13616500.0,,,,,629.711,8208,,,12304,,,,,10844.3,10844.3,44418400.0,8059390.0,8370190.0,0.155559,8370190.0,0.0,462.777,10380.6,,,,,,,800,03_system_fair,official SVS LVQ4 distance kernel,05c-og-lvq-svs-layout-native-odirect-v1,c5ae806ecc0b843514ced45ee2b2507e8a03956707086140d22939ddac12d7c6,fa6f6a857171b3d9d561fc50aab70e1ed195f30016c7985ed20812436804f610,7b41f41c83f779854b41e89b6f5dc3ec6baae2d9c30100edf78d128c7efa183a,078548f8ed3526b3de09fb06f5c9b26f0125e3c1e0aeb017b99f5f4c95be6bb7,c43f3255726fed92ee142584ccd3a88728861862cb38f7c3defce8669ea501e6,20260813.0,,,,True,True,4096,True,/home/kai3/coco/quantization_graph/results/disk_environment/.formal_runs/runs/agnews_05c_rerun_20260901_152210/05C_disk_system_fair/agnews/artifacts/test/OG-LVQ-DiskPort__hybrid_disk__B2__standard__w32__r0.json,,,OG-LVQ
05c,agnews,OG-LVQ-DiskPort,hybrid_disk,test,agnews_05c_rerun_20260901_152210,0.0,32,2.0,LVQ4_R64_W400,W=500,500,,standard,1,0.953,3.41078,9096890.0,8852680.0,13149800.0,14598600.0,,,,,629.711,8208,,,12304,,,,,11615.5,11615.5,47577200.0,8744740.0,9096890.0,0.156462,9096890.0,0.0,502.709,11111.8,,,,,,,800,03_system_fair,official SVS LVQ4 distance kernel,05c-og-lvq-svs-layout-native-odirect-v1,c5ae806ecc0b843514ced45ee2b2507e8a03956707086140d22939ddac12d7c6,fa6f6a857171b3d9d561fc50aab70e1ed195f30016c7985ed20812436804f610,7b41f41c83f779854b41e89b6f5dc3ec6baae2d9c30100edf78d128c7efa183a,078548f8ed3526b3de09fb06f5c9b26f0125e3c1e0aeb017b99f5f4c95be6bb7,c43f3255726fed92ee142584ccd3a88728861862cb38f7c3defce8669ea501e6,20260813.0,,,,True,True,4096,True,/home/kai3/coco/quantization_graph/results/disk_environment/.formal_runs/runs/agnews_05c_rerun_20260901_152210/05C_disk_system_fair/agnews/artifacts/test/OG-LVQ-DiskPort__hybrid_disk__B2__standard__w32__r0.json,,,OG-LVQ
05c,agnews,OG-LVQ-DiskPort,hybrid_disk,test,agnews_05c_rerun_20260901_152210,0.0,32,2.0,LVQ4_R64_W400,W=540,540,,standard,1,0.953,3.17103,9803240.0,9566470.0,14312600.0,15487800.0,,,,,629.711,8208,,,12304,,,,,12379.6,12379.6,50706700.0,9407650.0,9803240.0,0.1514,9803240.0,0.0,542.648,11835.9,,,,,,,800,03_system_fair,official SVS LVQ4 distance kernel,05c-og-lvq-svs-layout-native-odirect-v1,c5ae806ecc0b843514ced45ee2b2507e8a03956707086140d22939ddac12d7c6,fa6f6a857171b3d9d561fc50aab70e1ed195f30016c7985ed20812436804f610,7b41f41c83f779854b41e89b6f5dc3ec6baae2d9c30100edf78d128c7efa183a,078548f8ed3526b3de09fb06f5c9b26f0125e3c1e0aeb017b99f5f4c95be6bb7,c43f3255726fed92ee142584ccd3a88728861862cb38f7c3defce8669ea501e6,20260813.0,,,,True,True,4096,True,/home/kai3/coco/quantization_graph/results/disk_environment/.formal_runs/runs/agnews_05c_rerun_20260901_152210/05C_disk_system_fair/agnews/artifacts/test/OG-LVQ-DiskPort__hybrid_disk__B2__standard__w32__r0.json,,,OG-LVQ
05c,agnews,OG-LVQ-DiskPort,hybrid_disk,test,agnews_05c_rerun_20260901_152210,0.0,32,2.0,LVQ4_R64_W400,W=580,580,,standard,1,0.953,3.04065,10233400.0,9937830.0,14712900.0,16277400.0,,,,,629.711,8208,,,12304,,,,,13131.7,13131.7,53787600.0,9785050.0,10233400.0,0.162765,10233400.0,0.0,582.594,12548.1,,,,,,,800,03_system_fair,official SVS LVQ4 distance kernel,05c-og-lvq-svs-layout-native-odirect-v1,c5ae806ecc0b843514ced45ee2b2507e8a03956707086140d22939ddac12d7c6,fa6f6a857171b3d9d561fc50aab70e1ed195f30016c7985ed20812436804f610,7b41f41c83f779854b41e89b6f5dc3ec6baae2d9c30100edf78d128c7efa183a,078548f8ed3526b3de09fb06f5c9b26f0125e3c1e0aeb017b99f5f4c95be6bb7,c43f3255726fed92ee142584ccd3a88728861862cb38f7c3defce8669ea501e6,20260813.0,,,,True,True,4096,True,/home/kai3/coco/quantization_graph/results/disk_environment/.formal_runs/runs/agnews_05c_rerun_20260901_152210/05C_disk_system_fair/agnews/artifacts/test/OG-LVQ-DiskPort__hybrid_disk__B2__standard__w32__r0.json,,,OG-LVQ
05c,agnews,Glass-NSG-DiskPort,hybrid_disk,test,agnews_05c_rerun_20260901_152210,0.0,32,2.0,NSG_R64_L100_SQ4U,ef=10,10,,standard,1,0.90375,129.391,90530.3,71821.4865,155344.357,481915.121,,,,,563.516,4196,,,3280996,,,,,621.279,621.279,2544760.0,87020.3,90429.3,95.7763,90429.3,5.18799,15.8712,607.07,,,,,,,800,03_system_fair,official Glass NSG SQ4U distance kernel,05c-glass-nsg-sq4u-native-odirect-v1,c6954872331b14342ffdfa2b6ca592903af41c83dc1c07c01b9ae41e978d138c,fa6f6a857171b3d9d561fc50aab70e1ed195f30016c7985ed20812436804f610,fa4c61b3728475ad1ff429504140c54cf5c8756ef533c1deff4b2621a16faacd,078548f8ed3526b3de09fb06f5c9b26f0125e3c1e0aeb017b99f5f4c95be6bb7,c43f3255726fed92ee142584ccd3a88728861862cb38f7c3defce8669ea501e6,20260813.0,,,,True,True,4096,True,/home/kai3/coco/quantization_graph/results/disk_environment/.formal_runs/runs/agnews_05c_rerun_20260901_152210/05C_disk_system_fair/agnews/artifacts/test/Glass-NSG-DiskPort__hybrid_disk__B2__standard__w32__r0.json,,,Glass-NSG
05c,agnews,Glass-NSG-DiskPort,hybrid_disk,test,agnews_05c_rerun_20260901_152210,0.0,32,2.0,NSG_R64_L100_SQ4U,ef=11,11,,standard,1,0.90875,135.547,82192.7,76387.624,149304.674,177120.394,,,,,563.516,4196,,,3280996,,,,,646.73,646.73,2649010.0,78800.7,82043.0,144.263,82043.0,5.39366,16.8487,631.689,,,,,,,800,03_system_fair,official Glass NSG SQ4U distance kernel,05c-glass-nsg-sq4u-native-odirect-v1,c6954872331b14342ffdfa2b6ca592903af41c83dc1c07c01b9ae41e978d138c,fa6f6a857171b3d9d561fc50aab70e1ed195f30016c7985ed20812436804f610,fa4c61b3728475ad1ff429504140c54cf5c8756ef533c1deff4b2621a16faacd,078548f8ed3526b3de09fb06f5c9b26f0125e3c1e0aeb017b99f5f4c95be6bb7,c43f3255726fed92ee142584ccd3a88728861862cb38f7c3defce8669ea501e6,20260813.0,,,,True,True,4096,True,/home/kai3/coco/quantization_graph/results/disk_environment/.formal_runs/runs/agnews_05c_rerun_20260901_152210/05C_disk_system_fair/agnews/artifacts/test/Glass-NSG-DiskPort__hybrid_disk__B2__standard__w32__r0.json,,,Glass-NSG
05c,agnews,Glass-NSG-DiskPort,hybrid_disk,test,agnews_05c_rerun_20260901_152210,0.0,32,2.0,NSG_R64_L100_SQ4U,ef=12,12,,standard,1,0.910625,131.628,86223.5,79846.6965,154796.601,191384.152,,,,,563.516,4196,,,3280996,,,,,668.986,668.986,2740170.0,83111.3,86130.3,88.0224,86130.3,5.23333,17.775,653.165,,,,,,,800,03_system_fair,official Glass NSG SQ4U distance kernel,05c-glass-nsg-sq4u-native-odirect-v1,c6954872331b14342ffdfa2b6ca592903af41c83dc1c07c01b9ae41e978d138c,fa6f6a857171b3d9d561fc50aab70e1ed195f30016c7985ed20812436804f610,fa4c61b3728475ad1ff429504140c54cf5c8756ef533c1deff4b2621a16faacd,078548f8ed3526b3de09fb06f5c9b26f0125e3c1e0aeb017b99f5f4c95be6bb7,c43f3255726fed92ee142584ccd3a88728861862cb38f7c3defce8669ea501e6,20260813.0,,,,True,True,4096,True,/home/kai3/coco/quantization_graph/results/disk_environment/.formal_runs/runs/agnews_05c_rerun_20260901_152210/05C_disk_system_fair/agnews/artifacts/test/Glass-NSG-DiskPort__hybrid_disk__B2__standard__w32__r0.json,,,Glass-NSG
05c,agnews,Glass-NSG-DiskPort,hybrid_disk,test,agnews_05c_rerun_20260901_152210,0.0,32,2.0,NSG_R64_L100_SQ4U,ef=13,13,,standard,1,0.912875,130.664,91171.0,84644.384,163315.932,192088.93,,,,,563.516,4196,,,3280996,,,,,691.128,691.128,2830860.0,87669.3,91002.4,162.958,91002.4,5.66121,18.6988,674.501,,,,,,,800,03_system_fair,official Glass NSG SQ4U distance kernel,05c-glass-nsg-sq4u-native-odirect-v1,c6954872331b14342ffdfa2b6ca592903af41c83dc1c07c01b9ae41e978d138c,fa6f6a857171b3d9d561fc50aab70e1ed195f30016c7985ed20812436804f610,fa4c61b3728475ad1ff429504140c54cf5c8756ef533c1deff4b2621a16faacd,078548f8ed3526b3de09fb06f5c9b26f0125e3c1e0aeb017b99f5f4c95be6bb7,c43f3255726fed92ee142584ccd3a88728861862cb38f7c3defce8669ea501e6,20260813.0,,,,True,True,4096,True,/home/kai3/coco/quantization_graph/results/disk_environment/.formal_runs/runs/agnews_05c_rerun_20260901_152210/05C_disk_system_fair/agnews/artifacts/test/Glass-NSG-DiskPort__hybrid_disk__B2__standard__w32__r0.json,,,Glass-NSG
05c,agnews,Glass-NSG-DiskPort,hybrid_disk,test,agnews_05c_rerun_20260901_152210,0.0,32,2.0,NSG_R64_L100_SQ4U,ef=14,14,,standard,1,0.9155,126.016,96235.1,88957.7665,170271.844,195722.424,,,,,563.516,4196,,,3280996,,,,,714.888,714.888,2928180.0,92768.7,96095.5,134.097,96095.5,5.4962,19.68,697.418,,,,,,,800,03_system_fair,official Glass NSG SQ4U distance kernel,05c-glass-nsg-sq4u-native-odirect-v1,c6954872331b14342ffdfa2b6ca592903af41c83dc1c07c01b9ae41e978d138c,fa6f6a857171b3d9d561fc50aab70e1ed195f30016c7985ed20812436804f610,fa4c61b3728475ad1ff429504140c54cf5c8756ef533c1deff4b2621a16faacd,078548f8ed3526b3de09fb06f5c9b26f0125e3c1e0aeb017b99f5f4c95be6bb7,c43f3255726fed92ee142584ccd3a88728861862cb38f7c3defce8669ea501e6,20260813.0,,,,True,True,4096,True,/home/kai3/coco/quantization_graph/results/disk_environment/.formal_runs/runs/agnews_05c_rerun_20260901_152210/05C_disk_system_fair/agnews/artifacts/test/Glass-NSG-DiskPort__hybrid_disk__B2__standard__w32__r0.json,,,Glass-NSG
05c,agnews,Glass-NSG-DiskPort,hybrid_disk,test,agnews_05c_rerun_20260901_152210,0.0,32,2.0,NSG_R64_L100_SQ4U,ef=15,15,,standard,1,0.918125,121.648,102729.0,95589.835,182461.35,207094.811,,,,,563.516,4196,,,3280996,,,,,739.176,739.176,3027670.0,99181.6,102590.0,133.567,102590.0,5.40926,20.635,720.884,,,,,,,800,03_system_fair,official Glass NSG SQ4U distance kernel,05c-glass-nsg-sq4u-native-odirect-v1,c6954872331b14342ffdfa2b6ca592903af41c83dc1c07c01b9ae41e978d138c,fa6f6a857171b3d9d561fc50aab70e1ed195f30016c7985ed20812436804f610,fa4c61b3728475ad1ff429504140c54cf5c8756ef533c1deff4b2621a16faacd,078548f8ed3526b3de09fb06f5c9b26f0125e3c1e0aeb017b99f5f4c95be6bb7,c43f3255726fed92ee142584ccd3a88728861862cb38f7c3defce8669ea501e6,20260813.0,,,,True,True,4096,True,/home/kai3/coco/quantization_graph/results/disk_environment/.formal_runs/runs/agnews_05c_rerun_20260901_152210/05C_disk_system_fair/agnews/artifacts/test/Glass-NSG-DiskPort__hybrid_disk__B2__standard__w32__r0.json,,,Glass-NSG
05c,agnews,Glass-NSG-DiskPort,hybrid_disk,test,agnews_05c_rerun_20260901_152210,0.0,32,2.0,NSG_R64_L100_SQ4U,ef=16,16,,standard,1,0.920625,120.493,108839.0,102660.257,186411.062,215188.698,,,,,563.516,4196,,,3280996,,,,,762.904,762.904,3124850.0,105141.0,108736.0,96.9054,108736.0,5.33964,21.6163,743.773,,,,,,,800,03_system_fair,official Glass NSG SQ4U distance kernel,05c-glass-nsg-sq4u-native-odirect-v1,c6954872331b14342ffdfa2b6ca592903af41c83dc1c07c01b9ae41e978d138c,fa6f6a857171b3d9d561fc50aab70e1ed195f30016c7985ed20812436804f610,fa4c61b3728475ad1ff429504140c54cf5c8756ef533c1deff4b2621a16faacd,078548f8ed3526b3de09fb06f5c9b26f0125e3c1e0aeb017b99f5f4c95be6bb7,c43f3255726fed92ee142584ccd3a88728861862cb38f7c3defce8669ea501e6,20260813.0,,,,True,True,4096,True,/home/kai3/coco/quantization_graph/results/disk_environment/.formal_runs/runs/agnews_05c_rerun_20260901_152210/05C_disk_system_fair/agnews/artifacts/test/Glass-NSG-DiskPort__hybrid_disk__B2__standard__w32__r0.json,,,Glass-NSG
05c,agnews,Glass-NSG-DiskPort,hybrid_disk,test,agnews_05c_rerun_20260901_152210,0.0,32,2.0,NSG_R64_L100_SQ4U,ef=17,17,,standard,1,0.92175,117.194,110688.0,103867.34,195367.574,219528.721,,,,,563.516,4196,,,3280996,,,,,786.076,786.076,3219770.0,106758.0,110551.0,131.257,110551.0,5.87543,22.5888,766.121,,,,,,,800,03_system_fair,official Glass NSG SQ4U distance kernel,05c-glass-nsg-sq4u-native-odirect-v1,c6954872331b14342ffdfa2b6ca592903af41c83dc1c07c01b9ae41e978d138c,fa6f6a857171b3d9d561fc50aab70e1ed195f30016c7985ed20812436804f610,fa4c61b3728475ad1ff429504140c54cf5c8756ef533c1deff4b2621a16faacd,078548f8ed3526b3de09fb06f5c9b26f0125e3c1e0aeb017b99f5f4c95be6bb7,c43f3255726fed92ee142584ccd3a88728861862cb38f7c3defce8669ea501e6,20260813.0,,,,True,True,4096,True,/home/kai3/coco/quantization_graph/results/disk_environment/.formal_runs/runs/agnews_05c_rerun_20260901_152210/05C_disk_system_fair/agnews/artifacts/test/Glass-NSG-DiskPort__hybrid_disk__B2__standard__w32__r0.json,,,Glass-NSG
05c,agnews,Glass-NSG-DiskPort,hybrid_disk,test,agnews_05c_rerun_20260901_152210,0.0,32,2.0,NSG_R64_L100_SQ4U,ef=18,18,,standard,1,0.922875,115.25,117731.0,113227.057,199063.339,230238.173,,,,,563.516,4196,,,3280996,,,,,809.365,809.365,3315160.0,113854.0,117629.0,96.7289,117629.0,5.27648,23.555,788.624,,,,,,,800,03_system_fair,official Glass NSG SQ4U distance kernel,05c-glass-nsg-sq4u-native-odirect-v1,c6954872331b14342ffdfa2b6ca592903af41c83dc1c07c01b9ae41e978d138c,fa6f6a857171b3d9d561fc50aab70e1ed195f30016c7985ed20812436804f610,fa4c61b3728475ad1ff429504140c54cf5c8756ef533c1deff4b2621a16faacd,078548f8ed3526b3de09fb06f5c9b26f0125e3c1e0aeb017b99f5f4c95be6bb7,c43f3255726fed92ee142584ccd3a88728861862cb38f7c3defce8669ea501e6,20260813.0,,,,True,True,4096,True,/home/kai3/coco/quantization_graph/results/disk_environment/.formal_runs/runs/agnews_05c_rerun_20260901_152210/05C_disk_system_fair/agnews/artifacts/test/Glass-NSG-DiskPort__hybrid_disk__B2__standard__w32__r0.json,,,Glass-NSG
05c,agnews,Glass-NSG-DiskPort,hybrid_disk,test,agnews_05c_rerun_20260901_152210,0.0,32,2.0,NSG_R64_L100_SQ4U,ef=19,19,,standard,1,0.92325,112.641,123672.0,118395.963,207601.717,233767.073,,,,,563.516,4196,,,3280996,,,,,831.707,831.707,3406670.0,119642.0,123568.0,97.8561,123568.0,5.35174,24.5012,810.178,,,,,,,800,03_system_fair,official Glass NSG SQ4U distance kernel,05c-glass-nsg-sq4u-native-odirect-v1,c6954872331b14342ffdfa2b6ca592903af41c83dc1c07c01b9ae41e978d138c,fa6f6a857171b3d9d561fc50aab70e1ed195f30016c7985ed20812436804f610,fa4c61b3728475ad1ff429504140c54cf5c8756ef533c1deff4b2621a16faacd,078548f8ed3526b3de09fb06f5c9b26f0125e3c1e0aeb017b99f5f4c95be6bb7,c43f3255726fed92ee142584ccd3a88728861862cb38f7c3defce8669ea501e6,20260813.0,,,,True,True,4096,True,/home/kai3/coco/quantization_graph/results/disk_environment/.formal_runs/runs/agnews_05c_rerun_20260901_152210/05C_disk_system_fair/agnews/artifacts/test/Glass-NSG-DiskPort__hybrid_disk__B2__standard__w32__r0.json,,,Glass-NSG
05c,agnews,Glass-NSG-DiskPort,hybrid_disk,test,agnews_05c_rerun_20260901_152210,0.0,32,2.0,NSG_R64_L100_SQ4U,ef=20,20,,standard,1,0.92425,112.061,125466.0,117823.25,209010.556,236501.989,,,,,563.516,4196,,,3280996,,,,,855.293,855.293,3503280.0,121115.0,125329.0,132.014,125329.0,5.56476,25.4812,832.999,,,,,,,800,03_system_fair,official Glass NSG SQ4U distance kernel,05c-glass-nsg-sq4u-native-odirect-v1,c6954872331b14342ffdfa2b6ca592903af41c83dc1c07c01b9ae41e978d138c,fa6f6a857171b3d9d561fc50aab70e1ed195f30016c7985ed20812436804f610,fa4c61b3728475ad1ff429504140c54cf5c8756ef533c1deff4b2621a16faacd,078548f8ed3526b3de09fb06f5c9b26f0125e3c1e0aeb017b99f5f4c95be6bb7,c43f3255726fed92ee142584ccd3a88728861862cb38f7c3defce8669ea501e6,20260813.0,,,,True,True,4096,True,/home/kai3/coco/quantization_graph/results/disk_environment/.formal_runs/runs/agnews_05c_rerun_20260901_152210/05C_disk_system_fair/agnews/artifacts/test/Glass-NSG-DiskPort__hybrid_disk__B2__standard__w32__r0.json,,,Glass-NSG
05c,agnews,Glass-NSG-DiskPort,hybrid_disk,test,agnews_05c_rerun_20260901_152210,0.0,32,2.0,NSG_R64_L100_SQ4U,ef=21,21,,standard,1,0.924625,109.329,135705.0,128381.416,219598.616,265091.022,,,,,563.516,4196,,,3280996,,,,,878.668,878.668,3599020.0,131410.0,135602.0,97.9992,135602.0,5.24753,26.4575,855.555,,,,,,,800,03_system_fair,official Glass NSG SQ4U distance kernel,05c-glass-nsg-sq4u-native-odirect-v1,c6954872331b14342ffdfa2b6ca592903af41c83dc1c07c01b9ae41e978d138c,fa6f6a857171b3d9d561fc50aab70e1ed195f30016c7985ed20812436804f610,fa4c61b3728475ad1ff429504140c54cf5c8756ef533c1deff4b2621a16faacd,078548f8ed3526b3de09fb06f5c9b26f0125e3c1e0aeb017b99f5f4c95be6bb7,c43f3255726fed92ee142584ccd3a88728861862cb38f7c3defce8669ea501e6,20260813.0,,,,True,True,4096,True,/home/kai3/coco/quantization_graph/results/disk_environment/.formal_runs/runs/agnews_05c_rerun_20260901_152210/05C_disk_system_fair/agnews/artifacts/test/Glass-NSG-DiskPort__hybrid_disk__B2__standard__w32__r0.json,,,Glass-NSG
05c,agnews,Glass-NSG-DiskPort,hybrid_disk,test,agnews_05c_rerun_20260901_152210,0.0,32,2.0,NSG_R64_L100_SQ4U,ef=22,22,,standard,1,0.926375,106.635,140688.0,134639.973,231243.861,260776.528,,,,,563.516,4196,,,3280996,,,,,903.102,903.102,3699110.0,136256.0,140582.0,101.01,140582.0,5.30198,27.4438,879.178,,,,,,,800,03_system_fair,official Glass NSG SQ4U distance kernel,05c-glass-nsg-sq4u-native-odirect-v1,c6954872331b14342ffdfa2b6ca592903af41c83dc1c07c01b9ae41e978d138c,fa6f6a857171b3d9d561fc50aab70e1ed195f30016c7985ed20812436804f610,fa4c61b3728475ad1ff429504140c54cf5c8756ef533c1deff4b2621a16faacd,078548f8ed3526b3de09fb06f5c9b26f0125e3c1e0aeb017b99f5f4c95be6bb7,c43f3255726fed92ee142584ccd3a88728861862cb38f7c3defce8669ea501e6,20260813.0,,,,True,True,4096,True,/home/kai3/coco/quantization_graph/results/disk_environment/.formal_runs/runs/agnews_05c_rerun_20260901_152210/05C_disk_system_fair/agnews/artifacts/test/Glass-NSG-DiskPort__hybrid_disk__B2__standard__w32__r0.json,,,Glass-NSG
05c,agnews,Glass-NSG-DiskPort,hybrid_disk,test,agnews_05c_rerun_20260901_152210,0.0,32,2.0,NSG_R64_L100_SQ4U,ef=23,23,,standard,1,0.927375,104.508,144681.0,137697.699,238717.923,272121.948,,,,,563.516,4196,,,3280996,,,,,925.221,925.221,3789710.0,140098.0,144574.0,101.606,144574.0,5.35874,28.4025,900.477,,,,,,,800,03_system_fair,official Glass NSG SQ4U distance kernel,05c-glass-nsg-sq4u-native-odirect-v1,c6954872331b14342ffdfa2b6ca592903af41c83dc1c07c01b9ae41e978d138c,fa6f6a857171b3d9d561fc50aab70e1ed195f30016c7985ed20812436804f610,fa4c61b3728475ad1ff429504140c54cf5c8756ef533c1deff4b2621a16faacd,078548f8ed3526b3de09fb06f5c9b26f0125e3c1e0aeb017b99f5f4c95be6bb7,c43f3255726fed92ee142584ccd3a88728861862cb38f7c3defce8669ea501e6,20260813.0,,,,True,True,4096,True,/home/kai3/coco/quantization_graph/results/disk_environment/.formal_runs/runs/agnews_05c_rerun_20260901_152210/05C_disk_system_fair/agnews/artifacts/test/Glass-NSG-DiskPort__hybrid_disk__B2__standard__w32__r0.json,,,Glass-NSG
05c,agnews,Glass-NSG-DiskPort,hybrid_disk,test,agnews_05c_rerun_20260901_152210,0.0,32,2.0,NSG_R64_L100_SQ4U,ef=24,24,,standard,1,0.9285,104.408,150055.0,141041.346,241587.65,278668.657,,,,,563.516,4196,,,3280996,,,,,947.504,947.504,3880980.0,145348.0,149946.0,103.437,149946.0,5.31329,29.385,921.987,,,,,,,800,03_system_fair,official Glass NSG SQ4U distance kernel,05c-glass-nsg-sq4u-native-odirect-v1,c6954872331b14342ffdfa2b6ca592903af41c83dc1c07c01b9ae41e978d138c,fa6f6a857171b3d9d561fc50aab70e1ed195f30016c7985ed20812436804f610,fa4c61b3728475ad1ff429504140c54cf5c8756ef533c1deff4b2621a16faacd,078548f8ed3526b3de09fb06f5c9b26f0125e3c1e0aeb017b99f5f4c95be6bb7,c43f3255726fed92ee142584ccd3a88728861862cb38f7c3defce8669ea501e6,20260813.0,,,,True,True,4096,True,/home/kai3/coco/quantization_graph/results/disk_environment/.formal_runs/runs/agnews_05c_rerun_20260901_152210/05C_disk_system_fair/agnews/artifacts/test/Glass-NSG-DiskPort__hybrid_disk__B2__standard__w32__r0.json,,,Glass-NSG
05c,agnews,Glass-NSG-DiskPort,hybrid_disk,test,agnews_05c_rerun_20260901_152210,0.0,32,2.0,NSG_R64_L100_SQ4U,ef=25,25,,standard,1,0.9295,101.531,156174.0,149755.581,255363.952,286503.463,,,,,563.516,4196,,,3280996,,,,,969.732,969.732,3972020.0,151142.0,156030.0,138.566,156030.0,5.63446,30.355,943.464,,,,,,,800,03_system_fair,official Glass NSG SQ4U distance kernel,05c-glass-nsg-sq4u-native-odirect-v1,c6954872331b14342ffdfa2b6ca592903af41c83dc1c07c01b9ae41e978d138c,fa6f6a857171b3d9d561fc50aab70e1ed195f30016c7985ed20812436804f610,fa4c61b3728475ad1ff429504140c54cf5c8756ef533c1deff4b2621a16faacd,078548f8ed3526b3de09fb06f5c9b26f0125e3c1e0aeb017b99f5f4c95be6bb7,c43f3255726fed92ee142584ccd3a88728861862cb38f7c3defce8669ea501e6,20260813.0,,,,True,True,4096,True,/home/kai3/coco/quantization_graph/results/disk_environment/.formal_runs/runs/agnews_05c_rerun_20260901_152210/05C_disk_system_fair/agnews/artifacts/test/Glass-NSG-DiskPort__hybrid_disk__B2__standard__w32__r0.json,,,Glass-NSG
05c,agnews,Glass-NSG-DiskPort,hybrid_disk,test,agnews_05c_rerun_20260901_152210,0.0,32,2.0,NSG_R64_L100_SQ4U,ef=26,26,,standard,1,0.930625,99.7946,159542.0,151957.382,259827.733,290066.097,,,,,563.516,4196,,,3280996,,,,,992.931,992.931,4067050.0,154584.0,159434.0,103.3,159434.0,5.3412,31.3438,965.89,,,,,,,800,03_system_fair,official Glass NSG SQ4U distance kernel,05c-glass-nsg-sq4u-native-odirect-v1,c6954872331b14342ffdfa2b6ca592903af41c83dc1c07c01b9ae41e978d138c,fa6f6a857171b3d9d561fc50aab70e1ed195f30016c7985ed20812436804f610,fa4c61b3728475ad1ff429504140c54cf5c8756ef533c1deff4b2621a16faacd,078548f8ed3526b3de09fb06f5c9b26f0125e3c1e0aeb017b99f5f4c95be6bb7,c43f3255726fed92ee142584ccd3a88728861862cb38f7c3defce8669ea501e6,20260813.0,,,,True,True,4096,True,/home/kai3/coco/quantization_graph/results/disk_environment/.formal_runs/runs/agnews_05c_rerun_20260901_152210/05C_disk_system_fair/agnews/artifacts/test/Glass-NSG-DiskPort__hybrid_disk__B2__standard__w32__r0.json,,,Glass-NSG
05c,agnews,Glass-NSG-DiskPort,hybrid_disk,test,agnews_05c_rerun_20260901_152210,0.0,32,2.0,NSG_R64_L100_SQ4U,ef=27,27,,standard,1,0.930875,98.1984,167799.0,160689.465,264399.13,296950.0,,,,,563.516,4196,,,3280996,,,,,1016.08,1016.08,4161850.0,162658.0,167690.0,103.453,167690.0,5.33144,32.3312,988.247,,,,,,,800,03_system_fair,official Glass NSG SQ4U distance kernel,05c-glass-nsg-sq4u-native-odirect-v1,c6954872331b14342ffdfa2b6ca592903af41c83dc1c07c01b9ae41e978d138c,fa6f6a857171b3d9d561fc50aab70e1ed195f30016c7985ed20812436804f610,fa4c61b3728475ad1ff429504140c54cf5c8756ef533c1deff4b2621a16faacd,078548f8ed3526b3de09fb06f5c9b26f0125e3c1e0aeb017b99f5f4c95be6bb7,c43f3255726fed92ee142584ccd3a88728861862cb38f7c3defce8669ea501e6,20260813.0,,,,True,True,4096,True,/home/kai3/coco/quantization_graph/results/disk_environment/.formal_runs/runs/agnews_05c_rerun_20260901_152210/05C_disk_system_fair/agnews/artifacts/test/Glass-NSG-DiskPort__hybrid_disk__B2__standard__w32__r0.json,,,Glass-NSG
05c,agnews,Glass-NSG-DiskPort,hybrid_disk,test,agnews_05c_rerun_20260901_152210,0.0,32,2.0,NSG_R64_L100_SQ4U,ef=28,28,,standard,1,0.9325,96.4916,172809.0,168075.326,272197.187,301931.926,,,,,563.516,4196,,,3280996,,,,,1037.95,1037.95,4251460.0,167552.0,172701.0,103.137,172701.0,5.36273,33.3175,1009.37,,,,,,,800,03_system_fair,official Glass NSG SQ4U distance kernel,05c-glass-nsg-sq4u-native-odirect-v1,c6954872331b14342ffdfa2b6ca592903af41c83dc1c07c01b9ae41e978d138c,fa6f6a857171b3d9d561fc50aab70e1ed195f30016c7985ed20812436804f610,fa4c61b3728475ad1ff429504140c54cf5c8756ef533c1deff4b2621a16faacd,078548f8ed3526b3de09fb06f5c9b26f0125e3c1e0aeb017b99f5f4c95be6bb7,c43f3255726fed92ee142584ccd3a88728861862cb38f7c3defce8669ea501e6,20260813.0,,,,True,True,4096,True,/home/kai3/coco/quantization_graph/results/disk_environment/.formal_runs/runs/agnews_05c_rerun_20260901_152210/05C_disk_system_fair/agnews/artifacts/test/Glass-NSG-DiskPort__hybrid_disk__B2__standard__w32__r0.json,,,Glass-NSG
05c,agnews,Glass-NSG-DiskPort,hybrid_disk,test,agnews_05c_rerun_20260901_152210,0.0,32,2.0,NSG_R64_L100_SQ4U,ef=29,29,,standard,1,0.932875,94.9818,177771.0,172860.404,279491.42,315403.205,,,,,563.516,4196,,,3280996,,,,,1059.5,1059.5,4339700.0,172262.0,177625.0,141.165,177625.0,5.46302,34.2912,1030.18,,,,,,,800,03_system_fair,official Glass NSG SQ4U distance kernel,05c-glass-nsg-sq4u-native-odirect-v1,c6954872331b14342ffdfa2b6ca592903af41c83dc1c07c01b9ae41e978d138c,fa6f6a857171b3d9d561fc50aab70e1ed195f30016c7985ed20812436804f610,fa4c61b3728475ad1ff429504140c54cf5c8756ef533c1deff4b2621a16faacd,078548f8ed3526b3de09fb06f5c9b26f0125e3c1e0aeb017b99f5f4c95be6bb7,c43f3255726fed92ee142584ccd3a88728861862cb38f7c3defce8669ea501e6,20260813.0,,,,True,True,4096,True,/home/kai3/coco/quantization_graph/results/disk_environment/.formal_runs/runs/agnews_05c_rerun_20260901_152210/05C_disk_system_fair/agnews/artifacts/test/Glass-NSG-DiskPort__hybrid_disk__B2__standard__w32__r0.json,,,Glass-NSG
05c,agnews,Glass-NSG-DiskPort,hybrid_disk,test,agnews_05c_rerun_20260901_152210,0.0,32,2.0,NSG_R64_L100_SQ4U,ef=30,30,,standard,1,0.933375,93.8703,182320.0,176351.024,285146.75,311987.253,,,,,563.516,4196,,,3280996,,,,,1081.75,1081.75,4430850.0,176855.0,182181.0,133.699,182181.0,5.46745,35.275,1051.68,,,,,,,800,03_system_fair,official Glass NSG SQ4U distance kernel,05c-glass-nsg-sq4u-native-odirect-v1,c6954872331b14342ffdfa2b6ca592903af41c83dc1c07c01b9ae41e978d138c,fa6f6a857171b3d9d561fc50aab70e1ed195f30016c7985ed20812436804f610,fa4c61b3728475ad1ff429504140c54cf5c8756ef533c1deff4b2621a16faacd,078548f8ed3526b3de09fb06f5c9b26f0125e3c1e0aeb017b99f5f4c95be6bb7,c43f3255726fed92ee142584ccd3a88728861862cb38f7c3defce8669ea501e6,20260813.0,,,,True,True,4096,True,/home/kai3/coco/quantization_graph/results/disk_environment/.formal_runs/runs/agnews_05c_rerun_20260901_152210/05C_disk_system_fair/agnews/artifacts/test/Glass-NSG-DiskPort__hybrid_disk__B2__standard__w32__r0.json,,,Glass-NSG
05c,agnews,Glass-NSG-DiskPort,hybrid_disk,test,agnews_05c_rerun_20260901_152210,0.0,32,2.0,NSG_R64_L100_SQ4U,ef=40,40,,standard,1,0.93575,80.2704,240337.0,230346.006,373500.896,419973.631,,,,,563.516,4196,,,3280996,,,,,1301.09,1301.09,5329250.0,233132.0,240227.0,104.548,240227.0,5.3684,45.13,1263.66,,,,,,,800,03_system_fair,official Glass NSG SQ4U distance kernel,05c-glass-nsg-sq4u-native-odirect-v1,c6954872331b14342ffdfa2b6ca592903af41c83dc1c07c01b9ae41e978d138c,fa6f6a857171b3d9d561fc50aab70e1ed195f30016c7985ed20812436804f610,fa4c61b3728475ad1ff429504140c54cf5c8756ef533c1deff4b2621a16faacd,078548f8ed3526b3de09fb06f5c9b26f0125e3c1e0aeb017b99f5f4c95be6bb7,c43f3255726fed92ee142584ccd3a88728861862cb38f7c3defce8669ea501e6,20260813.0,,,,True,True,4096,True,/home/kai3/coco/quantization_graph/results/disk_environment/.formal_runs/runs/agnews_05c_rerun_20260901_152210/05C_disk_system_fair/agnews/artifacts/test/Glass-NSG-DiskPort__hybrid_disk__B2__standard__w32__r0.json,,,Glass-NSG
05c,agnews,Glass-NSG-DiskPort,hybrid_disk,test,agnews_05c_rerun_20260901_152210,0.0,32,2.0,NSG_R64_L100_SQ4U,ef=50,50,,standard,1,0.9385,70.0075,295999.0,280756.252,462357.552,515791.034,,,,,563.516,4196,,,3280996,,,,,1510.73,1510.73,6187940.0,286881.0,295887.0,106.322,295887.0,5.42999,54.945,1466.36,,,,,,,800,03_system_fair,official Glass NSG SQ4U distance kernel,05c-glass-nsg-sq4u-native-odirect-v1,c6954872331b14342ffdfa2b6ca592903af41c83dc1c07c01b9ae41e978d138c,fa6f6a857171b3d9d561fc50aab70e1ed195f30016c7985ed20812436804f610,fa4c61b3728475ad1ff429504140c54cf5c8756ef533c1deff4b2621a16faacd,078548f8ed3526b3de09fb06f5c9b26f0125e3c1e0aeb017b99f5f4c95be6bb7,c43f3255726fed92ee142584ccd3a88728861862cb38f7c3defce8669ea501e6,20260813.0,,,,True,True,4096,True,/home/kai3/coco/quantization_graph/results/disk_environment/.formal_runs/runs/agnews_05c_rerun_20260901_152210/05C_disk_system_fair/agnews/artifacts/test/Glass-NSG-DiskPort__hybrid_disk__B2__standard__w32__r0.json,,,Glass-NSG
05c,agnews,Glass-NSG-DiskPort,hybrid_disk,test,agnews_05c_rerun_20260901_152210,0.0,32,2.0,NSG_R64_L100_SQ4U,ef=60,60,,standard,1,0.940875,62.4669,350848.0,336725.665,545153.118,611685.587,,,,,563.516,4196,,,3280996,,,,,1718.58,1718.58,7039290.0,339106.0,350711.0,129.969,350711.0,7.37269,64.8125,1667.66,,,,,,,800,03_system_fair,official Glass NSG SQ4U distance kernel,05c-glass-nsg-sq4u-native-odirect-v1,c6954872331b14342ffdfa2b6ca592903af41c83dc1c07c01b9ae41e978d138c,fa6f6a857171b3d9d561fc50aab70e1ed195f30016c7985ed20812436804f610,fa4c61b3728475ad1ff429504140c54cf5c8756ef533c1deff4b2621a16faacd,078548f8ed3526b3de09fb06f5c9b26f0125e3c1e0aeb017b99f5f4c95be6bb7,c43f3255726fed92ee142584ccd3a88728861862cb38f7c3defce8669ea501e6,20260813.0,,,,True,True,4096,True,/home/kai3/coco/quantization_graph/results/disk_environment/.formal_runs/runs/agnews_05c_rerun_20260901_152210/05C_disk_system_fair/agnews/artifacts/test/Glass-NSG-DiskPort__hybrid_disk__B2__standard__w32__r0.json,,,Glass-NSG
05c,agnews,Glass-NSG-DiskPort,hybrid_disk,test,agnews_05c_rerun_20260901_152210,0.0,32,2.0,NSG_R64_L100_SQ4U,ef=70,70,,standard,1,0.9415,56.3321,408655.0,388400.693,643240.146,704235.28,,,,,563.516,4196,,,3280996,,,,,1921.44,1921.44,7870210.0,394625.0,408541.0,107.932,408541.0,5.45431,74.675,1864.21,,,,,,,800,03_system_fair,official Glass NSG SQ4U distance kernel,05c-glass-nsg-sq4u-native-odirect-v1,c6954872331b14342ffdfa2b6ca592903af41c83dc1c07c01b9ae41e978d138c,fa6f6a857171b3d9d561fc50aab70e1ed195f30016c7985ed20812436804f610,fa4c61b3728475ad1ff429504140c54cf5c8756ef533c1deff4b2621a16faacd,078548f8ed3526b3de09fb06f5c9b26f0125e3c1e0aeb017b99f5f4c95be6bb7,c43f3255726fed92ee142584ccd3a88728861862cb38f7c3defce8669ea501e6,20260813.0,,,,True,True,4096,True,/home/kai3/coco/quantization_graph/results/disk_environment/.formal_runs/runs/agnews_05c_rerun_20260901_152210/05C_disk_system_fair/agnews/artifacts/test/Glass-NSG-DiskPort__hybrid_disk__B2__standard__w32__r0.json,,,Glass-NSG
05c,agnews,Glass-NSG-DiskPort,hybrid_disk,test,agnews_05c_rerun_20260901_152210,0.0,32,2.0,NSG_R64_L100_SQ4U,ef=80,80,,standard,1,0.941625,51.2076,463964.0,443149.607,731667.209,803828.635,,,,,563.516,4196,,,3280996,,,,,2121.15,2121.15,8688220.0,446174.0,463835.0,122.635,463835.0,5.77409,84.5925,2058.01,,,,,,,800,03_system_fair,official Glass NSG SQ4U distance kernel,05c-glass-nsg-sq4u-native-odirect-v1,c6954872331b14342ffdfa2b6ca592903af41c83dc1c07c01b9ae41e978d138c,fa6f6a857171b3d9d561fc50aab70e1ed195f30016c7985ed20812436804f610,fa4c61b3728475ad1ff429504140c54cf5c8756ef533c1deff4b2621a16faacd,078548f8ed3526b3de09fb06f5c9b26f0125e3c1e0aeb017b99f5f4c95be6bb7,c43f3255726fed92ee142584ccd3a88728861862cb38f7c3defce8669ea501e6,20260813.0,,,,True,True,4096,True,/home/kai3/coco/quantization_graph/results/disk_environment/.formal_runs/runs/agnews_05c_rerun_20260901_152210/05C_disk_system_fair/agnews/artifacts/test/Glass-NSG-DiskPort__hybrid_disk__B2__standard__w32__r0.json,,,Glass-NSG
05c,agnews,Glass-NSG-DiskPort,hybrid_disk,test,agnews_05c_rerun_20260901_152210,0.0,32,2.0,NSG_R64_L100_SQ4U,ef=90,90,,standard,1,0.941875,47.0276,515481.0,488728.056,813301.831,904686.145,,,,,563.516,4196,,,3280996,,,,,2317.16,2317.16,9491070.0,495253.0,515367.0,108.063,515367.0,5.54782,94.5138,2248.39,,,,,,,800,03_system_fair,official Glass NSG SQ4U distance kernel,05c-glass-nsg-sq4u-native-odirect-v1,c6954872331b14342ffdfa2b6ca592903af41c83dc1c07c01b9ae41e978d138c,fa6f6a857171b3d9d561fc50aab70e1ed195f30016c7985ed20812436804f610,fa4c61b3728475ad1ff429504140c54cf5c8756ef533c1deff4b2621a16faacd,078548f8ed3526b3de09fb06f5c9b26f0125e3c1e0aeb017b99f5f4c95be6bb7,c43f3255726fed92ee142584ccd3a88728861862cb38f7c3defce8669ea501e6,20260813.0,,,,True,True,4096,True,/home/kai3/coco/quantization_graph/results/disk_environment/.formal_runs/runs/agnews_05c_rerun_20260901_152210/05C_disk_system_fair/agnews/artifacts/test/Glass-NSG-DiskPort__hybrid_disk__B2__standard__w32__r0.json,,,Glass-NSG
05c,agnews,Glass-NSG-DiskPort,hybrid_disk,test,agnews_05c_rerun_20260901_152210,0.0,32,2.0,NSG_R64_L100_SQ4U,ef=100,100,,standard,1,0.942125,43.5381,568783.0,540527.084,906046.817,1005710.04,,,,,563.516,4196,,,3280996,,,,,2512.71,2512.71,10292100.0,545372.0,568664.0,113.404,568664.0,5.57119,104.46,2438.5,,,,,,,800,03_system_fair,official Glass NSG SQ4U distance kernel,05c-glass-nsg-sq4u-native-odirect-v1,c6954872331b14342ffdfa2b6ca592903af41c83dc1c07c01b9ae41e978d138c,fa6f6a857171b3d9d561fc50aab70e1ed195f30016c7985ed20812436804f610,fa4c61b3728475ad1ff429504140c54cf5c8756ef533c1deff4b2621a16faacd,078548f8ed3526b3de09fb06f5c9b26f0125e3c1e0aeb017b99f5f4c95be6bb7,c43f3255726fed92ee142584ccd3a88728861862cb38f7c3defce8669ea501e6,20260813.0,,,,True,True,4096,True,/home/kai3/coco/quantization_graph/results/disk_environment/.formal_runs/runs/agnews_05c_rerun_20260901_152210/05C_disk_system_fair/agnews/artifacts/test/Glass-NSG-DiskPort__hybrid_disk__B2__standard__w32__r0.json,,,Glass-NSG
05c,agnews,Glass-NSG-DiskPort,hybrid_disk,test,agnews_05c_rerun_20260901_152210,0.0,32,2.0,NSG_R64_L100_SQ4U,ef=140,140,,standard,1,0.944125,33.7401,781083.0,747890.984,1261923.34,1421521.97,,,,,563.516,4196,,,3280996,,,,,3258.99,3258.99,13348800.0,739235.0,780966.0,110.662,780966.0,5.60185,144.191,3165.84,,,,,,,800,03_system_fair,official Glass NSG SQ4U distance kernel,05c-glass-nsg-sq4u-native-odirect-v1,c6954872331b14342ffdfa2b6ca592903af41c83dc1c07c01b9ae41e978d138c,fa6f6a857171b3d9d561fc50aab70e1ed195f30016c7985ed20812436804f610,fa4c61b3728475ad1ff429504140c54cf5c8756ef533c1deff4b2621a16faacd,078548f8ed3526b3de09fb06f5c9b26f0125e3c1e0aeb017b99f5f4c95be6bb7,c43f3255726fed92ee142584ccd3a88728861862cb38f7c3defce8669ea501e6,20260813.0,,,,True,True,4096,True,/home/kai3/coco/quantization_graph/results/disk_environment/.formal_runs/runs/agnews_05c_rerun_20260901_152210/05C_disk_system_fair/agnews/artifacts/test/Glass-NSG-DiskPort__hybrid_disk__B2__standard__w32__r0.json,,,Glass-NSG
05c,agnews,Glass-NSG-DiskPort,hybrid_disk,test,agnews_05c_rerun_20260901_152210,0.0,32,2.0,NSG_R64_L100_SQ4U,ef=180,180,,standard,1,0.944375,27.6759,979450.0,941246.302,1605540.7,1803578.74,,,,,563.516,4196,,,3280996,,,,,3973.77,3973.77,16276500.0,915259.0,979294.0,149.58,979294.0,6.35654,184.015,3865.88,,,,,,,800,03_system_fair,official Glass NSG SQ4U distance kernel,05c-glass-nsg-sq4u-native-odirect-v1,c6954872331b14342ffdfa2b6ca592903af41c83dc1c07c01b9ae41e978d138c,fa6f6a857171b3d9d561fc50aab70e1ed195f30016c7985ed20812436804f610,fa4c61b3728475ad1ff429504140c54cf5c8756ef533c1deff4b2621a16faacd,078548f8ed3526b3de09fb06f5c9b26f0125e3c1e0aeb017b99f5f4c95be6bb7,c43f3255726fed92ee142584ccd3a88728861862cb38f7c3defce8669ea501e6,20260813.0,,,,True,True,4096,True,/home/kai3/coco/quantization_graph/results/disk_environment/.formal_runs/runs/agnews_05c_rerun_20260901_152210/05C_disk_system_fair/agnews/artifacts/test/Glass-NSG-DiskPort__hybrid_disk__B2__standard__w32__r0.json,,,Glass-NSG
05c,agnews,Glass-NSG-DiskPort,hybrid_disk,test,agnews_05c_rerun_20260901_152210,0.0,32,2.0,NSG_R64_L100_SQ4U,ef=220,220,,standard,1,0.944625,23.6039,1171850.0,1127847.61,1934453.28,2122272.0,,,,,563.516,4196,,,3280996,,,,,4667.7,4667.7,19118900.0,1089380.0,1171710.0,132.234,1171710.0,6.25902,223.85,4549.33,,,,,,,800,03_system_fair,official Glass NSG SQ4U distance kernel,05c-glass-nsg-sq4u-native-odirect-v1,c6954872331b14342ffdfa2b6ca592903af41c83dc1c07c01b9ae41e978d138c,fa6f6a857171b3d9d561fc50aab70e1ed195f30016c7985ed20812436804f610,fa4c61b3728475ad1ff429504140c54cf5c8756ef533c1deff4b2621a16faacd,078548f8ed3526b3de09fb06f5c9b26f0125e3c1e0aeb017b99f5f4c95be6bb7,c43f3255726fed92ee142584ccd3a88728861862cb38f7c3defce8669ea501e6,20260813.0,,,,True,True,4096,True,/home/kai3/coco/quantization_graph/results/disk_environment/.formal_runs/runs/agnews_05c_rerun_20260901_152210/05C_disk_system_fair/agnews/artifacts/test/Glass-NSG-DiskPort__hybrid_disk__B2__standard__w32__r0.json,,,Glass-NSG
05c,agnews,Glass-NSG-DiskPort,hybrid_disk,test,agnews_05c_rerun_20260901_152210,0.0,32,2.0,NSG_R64_L100_SQ4U,ef=260,260,,standard,1,0.944625,20.5295,1371700.0,1318073.37,2258142.87,2514311.05,,,,,563.516,4196,,,3280996,,,,,5341.0,5341.0,21876700.0,1268170.0,1371500.0,192.434,1371500.0,6.23422,263.707,5215.74,,,,,,,800,03_system_fair,official Glass NSG SQ4U distance kernel,05c-glass-nsg-sq4u-native-odirect-v1,c6954872331b14342ffdfa2b6ca592903af41c83dc1c07c01b9ae41e978d138c,fa6f6a857171b3d9d561fc50aab70e1ed195f30016c7985ed20812436804f610,fa4c61b3728475ad1ff429504140c54cf5c8756ef533c1deff4b2621a16faacd,078548f8ed3526b3de09fb06f5c9b26f0125e3c1e0aeb017b99f5f4c95be6bb7,c43f3255726fed92ee142584ccd3a88728861862cb38f7c3defce8669ea501e6,20260813.0,,,,True,True,4096,True,/home/kai3/coco/quantization_graph/results/disk_environment/.formal_runs/runs/agnews_05c_rerun_20260901_152210/05C_disk_system_fair/agnews/artifacts/test/Glass-NSG-DiskPort__hybrid_disk__B2__standard__w32__r0.json,,,Glass-NSG
05c,agnews,Glass-NSG-DiskPort,hybrid_disk,test,agnews_05c_rerun_20260901_152210,0.0,32,2.0,NSG_R64_L100_SQ4U,ef=300,300,,standard,1,0.944625,18.3411,1557830.0,1485358.53,2561653.99,2874811.97,,,,,563.516,4196,,,3280996,,,,,5997.78,5997.78,24566900.0,1420970.0,1557680.0,146.17,1557680.0,6.74411,303.591,5868.78,,,,,,,800,03_system_fair,official Glass NSG SQ4U distance kernel,05c-glass-nsg-sq4u-native-odirect-v1,c6954872331b14342ffdfa2b6ca592903af41c83dc1c07c01b9ae41e978d138c,fa6f6a857171b3d9d561fc50aab70e1ed195f30016c7985ed20812436804f610,fa4c61b3728475ad1ff429504140c54cf5c8756ef533c1deff4b2621a16faacd,078548f8ed3526b3de09fb06f5c9b26f0125e3c1e0aeb017b99f5f4c95be6bb7,c43f3255726fed92ee142584ccd3a88728861862cb38f7c3defce8669ea501e6,20260813.0,,,,True,True,4096,True,/home/kai3/coco/quantization_graph/results/disk_environment/.formal_runs/runs/agnews_05c_rerun_20260901_152210/05C_disk_system_fair/agnews/artifacts/test/Glass-NSG-DiskPort__hybrid_disk__B2__standard__w32__r0.json,,,Glass-NSG
05c,agnews,Glass-NSG-DiskPort,hybrid_disk,test,agnews_05c_rerun_20260901_152210,0.0,32,2.0,NSG_R64_L100_SQ4U,ef=340,340,,standard,1,0.944625,16.5567,1750540.0,1683007.11,2885439.09,3237690.56,,,,,563.516,4196,,,3280996,,,,,6646.08,6646.08,27222300.0,1581330.0,1750350.0,181.703,1750350.0,6.66717,343.465,6517.49,,,,,,,800,03_system_fair,official Glass NSG SQ4U distance kernel,05c-glass-nsg-sq4u-native-odirect-v1,c6954872331b14342ffdfa2b6ca592903af41c83dc1c07c01b9ae41e978d138c,fa6f6a857171b3d9d561fc50aab70e1ed195f30016c7985ed20812436804f610,fa4c61b3728475ad1ff429504140c54cf5c8756ef533c1deff4b2621a16faacd,078548f8ed3526b3de09fb06f5c9b26f0125e3c1e0aeb017b99f5f4c95be6bb7,c43f3255726fed92ee142584ccd3a88728861862cb38f7c3defce8669ea501e6,20260813.0,,,,True,True,4096,True,/home/kai3/coco/quantization_graph/results/disk_environment/.formal_runs/runs/agnews_05c_rerun_20260901_152210/05C_disk_system_fair/agnews/artifacts/test/Glass-NSG-DiskPort__hybrid_disk__B2__standard__w32__r0.json,,,Glass-NSG
05c,agnews,Glass-NSG-DiskPort,hybrid_disk,test,agnews_05c_rerun_20260901_152210,0.0,32,2.0,NSG_R64_L100_SQ4U,ef=380,380,,standard,1,0.94475,15.162,1923870.0,1848474.18,3149013.81,3547822.33,,,,,563.516,4196,,,3280996,,,,,7278.53,7278.53,29812800.0,1735810.0,1923700.0,160.458,1923700.0,8.94052,383.414,7153.58,,,,,,,800,03_system_fair,official Glass NSG SQ4U distance kernel,05c-glass-nsg-sq4u-native-odirect-v1,c6954872331b14342ffdfa2b6ca592903af41c83dc1c07c01b9ae41e978d138c,fa6f6a857171b3d9d561fc50aab70e1ed195f30016c7985ed20812436804f610,fa4c61b3728475ad1ff429504140c54cf5c8756ef533c1deff4b2621a16faacd,078548f8ed3526b3de09fb06f5c9b26f0125e3c1e0aeb017b99f5f4c95be6bb7,c43f3255726fed92ee142584ccd3a88728861862cb38f7c3defce8669ea501e6,20260813.0,,,,True,True,4096,True,/home/kai3/coco/quantization_graph/results/disk_environment/.formal_runs/runs/agnews_05c_rerun_20260901_152210/05C_disk_system_fair/agnews/artifacts/test/Glass-NSG-DiskPort__hybrid_disk__B2__standard__w32__r0.json,,,Glass-NSG
05c,agnews,Glass-NSG-DiskPort,hybrid_disk,test,agnews_05c_rerun_20260901_152210,0.0,32,2.0,NSG_R64_L100_SQ4U,ef=420,420,,standard,1,0.94475,13.8281,2123950.0,2038276.26,3463955.76,3908580.88,,,,,563.516,4196,,,3280996,,,,,7890.02,7890.02,32317500.0,1898540.0,2123780.0,158.62,2123780.0,7.40532,423.289,7770.79,,,,,,,800,03_system_fair,official Glass NSG SQ4U distance kernel,05c-glass-nsg-sq4u-native-odirect-v1,c6954872331b14342ffdfa2b6ca592903af41c83dc1c07c01b9ae41e978d138c,fa6f6a857171b3d9d561fc50aab70e1ed195f30016c7985ed20812436804f610,fa4c61b3728475ad1ff429504140c54cf5c8756ef533c1deff4b2621a16faacd,078548f8ed3526b3de09fb06f5c9b26f0125e3c1e0aeb017b99f5f4c95be6bb7,c43f3255726fed92ee142584ccd3a88728861862cb38f7c3defce8669ea501e6,20260813.0,,,,True,True,4096,True,/home/kai3/coco/quantization_graph/results/disk_environment/.formal_runs/runs/agnews_05c_rerun_20260901_152210/05C_disk_system_fair/agnews/artifacts/test/Glass-NSG-DiskPort__hybrid_disk__B2__standard__w32__r0.json,,,Glass-NSG
05c,agnews,Glass-NSG-DiskPort,hybrid_disk,test,agnews_05c_rerun_20260901_152210,0.0,32,2.0,NSG_R64_L100_SQ4U,ef=460,460,,standard,1,0.94475,12.9452,2275660.0,2180852.23,3702084.59,4180158.85,,,,,563.516,4196,,,3280996,,,,,8493.59,8493.59,34789800.0,2024240.0,2275460.0,196.998,2275460.0,6.7954,463.204,8383.28,,,,,,,800,03_system_fair,official Glass NSG SQ4U distance kernel,05c-glass-nsg-sq4u-native-odirect-v1,c6954872331b14342ffdfa2b6ca592903af41c83dc1c07c01b9ae41e978d138c,fa6f6a857171b3d9d561fc50aab70e1ed195f30016c7985ed20812436804f610,fa4c61b3728475ad1ff429504140c54cf5c8756ef533c1deff4b2621a16faacd,078548f8ed3526b3de09fb06f5c9b26f0125e3c1e0aeb017b99f5f4c95be6bb7,c43f3255726fed92ee142584ccd3a88728861862cb38f7c3defce8669ea501e6,20260813.0,,,,True,True,4096,True,/home/kai3/coco/quantization_graph/results/disk_environment/.formal_runs/runs/agnews_05c_rerun_20260901_152210/05C_disk_system_fair/agnews/artifacts/test/Glass-NSG-DiskPort__hybrid_disk__B2__standard__w32__r0.json,,,Glass-NSG
05c,agnews,Glass-NSG-DiskPort,hybrid_disk,test,agnews_05c_rerun_20260901_152210,0.0,32,2.0,NSG_R64_L100_SQ4U,ef=500,500,,standard,1,0.944875,12.0338,2460340.0,2367771.92,4001649.87,4523321.79,,,,,563.516,4196,,,3280996,,,,,9082.12,9082.12,37200400.0,2158410.0,2460110.0,219.259,2460110.0,16.0809,503.176,8983.49,,,,,,,800,03_system_fair,official Glass NSG SQ4U distance kernel,05c-glass-nsg-sq4u-native-odirect-v1,c6954872331b14342ffdfa2b6ca592903af41c83dc1c07c01b9ae41e978d138c,fa6f6a857171b3d9d561fc50aab70e1ed195f30016c7985ed20812436804f610,fa4c61b3728475ad1ff429504140c54cf5c8756ef533c1deff4b2621a16faacd,078548f8ed3526b3de09fb06f5c9b26f0125e3c1e0aeb017b99f5f4c95be6bb7,c43f3255726fed92ee142584ccd3a88728861862cb38f7c3defce8669ea501e6,20260813.0,,,,True,True,4096,True,/home/kai3/coco/quantization_graph/results/disk_environment/.formal_runs/runs/agnews_05c_rerun_20260901_152210/05C_disk_system_fair/agnews/artifacts/test/Glass-NSG-DiskPort__hybrid_disk__B2__standard__w32__r0.json,,,Glass-NSG
05c,agnews,Glass-NSG-DiskPort,hybrid_disk,test,agnews_05c_rerun_20260901_152210,0.0,32,2.0,NSG_R64_L100_SQ4U,ef=540,540,,standard,1,0.944875,11.2741,2637630.0,2535841.85,4318783.48,4851556.8,,,,,563.516,4196,,,3280996,,,,,9664.65,9664.65,39586400.0,2288330.0,2637460.0,157.957,2637460.0,7.45613,543.061,9580.71,,,,,,,800,03_system_fair,official Glass NSG SQ4U distance kernel,05c-glass-nsg-sq4u-native-odirect-v1,c6954872331b14342ffdfa2b6ca592903af41c83dc1c07c01b9ae41e978d138c,fa6f6a857171b3d9d561fc50aab70e1ed195f30016c7985ed20812436804f610,fa4c61b3728475ad1ff429504140c54cf5c8756ef533c1deff4b2621a16faacd,078548f8ed3526b3de09fb06f5c9b26f0125e3c1e0aeb017b99f5f4c95be6bb7,c43f3255726fed92ee142584ccd3a88728861862cb38f7c3defce8669ea501e6,20260813.0,,,,True,True,4096,True,/home/kai3/coco/quantization_graph/results/disk_environment/.formal_runs/runs/agnews_05c_rerun_20260901_152210/05C_disk_system_fair/agnews/artifacts/test/Glass-NSG-DiskPort__hybrid_disk__B2__standard__w32__r0.json,,,Glass-NSG
05c,agnews,Glass-NSG-DiskPort,hybrid_disk,test,agnews_05c_rerun_20260901_152210,0.0,32,2.0,NSG_R64_L100_SQ4U,ef=580,580,,standard,1,0.944875,10.5017,2840440.0,2735742.14,4605881.64,5260162.77,,,,,563.516,4196,,,3280996,,,,,10236.8,10236.8,41930100.0,2410670.0,2840110.0,316.617,2840110.0,7.28455,582.999,10170.1,,,,,,,800,03_system_fair,official Glass NSG SQ4U distance kernel,05c-glass-nsg-sq4u-native-odirect-v1,c6954872331b14342ffdfa2b6ca592903af41c83dc1c07c01b9ae41e978d138c,fa6f6a857171b3d9d561fc50aab70e1ed195f30016c7985ed20812436804f610,fa4c61b3728475ad1ff429504140c54cf5c8756ef533c1deff4b2621a16faacd,078548f8ed3526b3de09fb06f5c9b26f0125e3c1e0aeb017b99f5f4c95be6bb7,c43f3255726fed92ee142584ccd3a88728861862cb38f7c3defce8669ea501e6,20260813.0,,,,True,True,4096,True,/home/kai3/coco/quantization_graph/results/disk_environment/.formal_runs/runs/agnews_05c_rerun_20260901_152210/05C_disk_system_fair/agnews/artifacts/test/Glass-NSG-DiskPort__hybrid_disk__B2__standard__w32__r0.json,,,Glass-NSG
05c,agnews,SymphonyQG-DiskPort,hybrid_disk,test,fix_w32_diskpayload_symphony_20260831_140957,0.0,32,2.0,QG_R64_EF400_t3,ef=10,10,,standard,1,0.82125,4.0495,6443300.0,5272880.0,10913400.0,39055500.0,,,,,12021.6,8192,,,12288,,,,,739.058,2956.23,12108700.0,6434480.0,6443210.0,92.919,6443210.0,4.50189,15.6937,15.6937,,,,,,,800,03_system_fair,official SymphonyQG FastScan LUT+SIMD,05c-symphonyqg-fastscan-native-odirect-neighborfetch-v2,20bc2362d4ef9fee92e447f417c2a652c0b0405ebf39ea4a8061c822b9d9fef4,fa6f6a857171b3d9d561fc50aab70e1ed195f30016c7985ed20812436804f610,18fd9285943166643f61b7c7786380b9c7ff3e3c34b49c24302dc490940be708,078548f8ed3526b3de09fb06f5c9b26f0125e3c1e0aeb017b99f5f4c95be6bb7,c43f3255726fed92ee142584ccd3a88728861862cb38f7c3defce8669ea501e6,20260813.0,,,,True,True,4096,True,/home/kai3/coco/quantization_graph/results/disk_environment/.formal_runs/runs/fix_w32_diskpayload_symphony_20260831_140957/05C_disk_system_fair/agnews/artifacts/test/SymphonyQG-DiskPort__hybrid_disk__B2__standard__w32__r0.json,,,SymphonyQG
05c,agnews,SymphonyQG-DiskPort,hybrid_disk,test,fix_w32_diskpayload_symphony_20260831_140957,0.0,32,2.0,QG_R64_EF400_t3,ef=11,11,,standard,1,0.85175,5.03615,5551520.0,5282290.0,7920200.0,9678980.0,,,,,12021.6,8192,,,12288,,,,,777.408,3109.63,12737000.0,5542490.0,5551440.0,82.5051,5551440.0,5.6103,16.765,16.765,,,,,,,800,03_system_fair,official SymphonyQG FastScan LUT+SIMD,05c-symphonyqg-fastscan-native-odirect-neighborfetch-v2,20bc2362d4ef9fee92e447f417c2a652c0b0405ebf39ea4a8061c822b9d9fef4,fa6f6a857171b3d9d561fc50aab70e1ed195f30016c7985ed20812436804f610,18fd9285943166643f61b7c7786380b9c7ff3e3c34b49c24302dc490940be708,078548f8ed3526b3de09fb06f5c9b26f0125e3c1e0aeb017b99f5f4c95be6bb7,c43f3255726fed92ee142584ccd3a88728861862cb38f7c3defce8669ea501e6,20260813.0,,,,True,True,4096,True,/home/kai3/coco/quantization_graph/results/disk_environment/.formal_runs/runs/fix_w32_diskpayload_symphony_20260831_140957/05C_disk_system_fair/agnews/artifacts/test/SymphonyQG-DiskPort__hybrid_disk__B2__standard__w32__r0.json,,,SymphonyQG
05c,agnews,SymphonyQG-DiskPort,hybrid_disk,test,fix_w32_diskpayload_symphony_20260831_140957,0.0,32,2.0,QG_R64_EF400_t3,ef=12,12,,standard,1,0.876375,5.18181,5711620.0,5559890.0,8233560.0,9812480.0,,,,,12021.6,8192,,,12288,,,,,796.209,3184.84,13045100.0,5703330.0,5711540.0,71.8719,5711540.0,5.13014,17.4812,17.4812,,,,,,,800,03_system_fair,official SymphonyQG FastScan LUT+SIMD,05c-symphonyqg-fastscan-native-odirect-neighborfetch-v2,20bc2362d4ef9fee92e447f417c2a652c0b0405ebf39ea4a8061c822b9d9fef4,fa6f6a857171b3d9d561fc50aab70e1ed195f30016c7985ed20812436804f610,18fd9285943166643f61b7c7786380b9c7ff3e3c34b49c24302dc490940be708,078548f8ed3526b3de09fb06f5c9b26f0125e3c1e0aeb017b99f5f4c95be6bb7,c43f3255726fed92ee142584ccd3a88728861862cb38f7c3defce8669ea501e6,20260813.0,,,,True,True,4096,True,/home/kai3/coco/quantization_graph/results/disk_environment/.formal_runs/runs/fix_w32_diskpayload_symphony_20260831_140957/05C_disk_system_fair/agnews/artifacts/test/SymphonyQG-DiskPort__hybrid_disk__B2__standard__w32__r0.json,,,SymphonyQG
05c,agnews,SymphonyQG-DiskPort,hybrid_disk,test,fix_w32_diskpayload_symphony_20260831_140957,0.0,32,2.0,QG_R64_EF400_t3,ef=13,13,,standard,1,0.893875,4.74574,5964330.0,5815060.0,8522400.0,9852250.0,,,,,12021.6,8192,,,12288,,,,,827.842,3311.37,13563400.0,5955260.0,5964250.0,80.623,5964250.0,5.08436,18.4775,18.4775,,,,,,,800,03_system_fair,official SymphonyQG FastScan LUT+SIMD,05c-symphonyqg-fastscan-native-odirect-neighborfetch-v2,20bc2362d4ef9fee92e447f417c2a652c0b0405ebf39ea4a8061c822b9d9fef4,fa6f6a857171b3d9d561fc50aab70e1ed195f30016c7985ed20812436804f610,18fd9285943166643f61b7c7786380b9c7ff3e3c34b49c24302dc490940be708,078548f8ed3526b3de09fb06f5c9b26f0125e3c1e0aeb017b99f5f4c95be6bb7,c43f3255726fed92ee142584ccd3a88728861862cb38f7c3defce8669ea501e6,20260813.0,,,,True,True,4096,True,/home/kai3/coco/quantization_graph/results/disk_environment/.formal_runs/runs/fix_w32_diskpayload_symphony_20260831_140957/05C_disk_system_fair/agnews/artifacts/test/SymphonyQG-DiskPort__hybrid_disk__B2__standard__w32__r0.json,,,SymphonyQG
05c,agnews,SymphonyQG-DiskPort,hybrid_disk,test,fix_w32_diskpayload_symphony_20260831_140957,0.0,32,2.0,QG_R64_EF400_t3,ef=14,14,,standard,1,0.907375,4.85036,6338410.0,6068000.0,8859110.0,10816100.0,,,,,12021.6,8192,,,12288,,,,,869.492,3477.97,14245800.0,6328310.0,6338320.0,85.3185,6338320.0,5.53596,19.6225,19.6225,,,,,,,800,03_system_fair,official SymphonyQG FastScan LUT+SIMD,05c-symphonyqg-fastscan-native-odirect-neighborfetch-v2,20bc2362d4ef9fee92e447f417c2a652c0b0405ebf39ea4a8061c822b9d9fef4,fa6f6a857171b3d9d561fc50aab70e1ed195f30016c7985ed20812436804f610,18fd9285943166643f61b7c7786380b9c7ff3e3c34b49c24302dc490940be708,078548f8ed3526b3de09fb06f5c9b26f0125e3c1e0aeb017b99f5f4c95be6bb7,c43f3255726fed92ee142584ccd3a88728861862cb38f7c3defce8669ea501e6,20260813.0,,,,True,True,4096,True,/home/kai3/coco/quantization_graph/results/disk_environment/.formal_runs/runs/fix_w32_diskpayload_symphony_20260831_140957/05C_disk_system_fair/agnews/artifacts/test/SymphonyQG-DiskPort__hybrid_disk__B2__standard__w32__r0.json,,,SymphonyQG
05c,agnews,SymphonyQG-DiskPort,hybrid_disk,test,fix_w32_diskpayload_symphony_20260831_140957,0.0,32,2.0,QG_R64_EF400_t3,ef=15,15,,standard,1,0.92175,4.58111,6503850.0,6351720.0,9161840.0,10862100.0,,,,,12021.6,8192,,,12288,,,,,886.35,3545.4,14522000.0,6494350.0,6503770.0,79.3963,6503770.0,5.02587,20.3438,20.3438,,,,,,,800,03_system_fair,official SymphonyQG FastScan LUT+SIMD,05c-symphonyqg-fastscan-native-odirect-neighborfetch-v2,20bc2362d4ef9fee92e447f417c2a652c0b0405ebf39ea4a8061c822b9d9fef4,fa6f6a857171b3d9d561fc50aab70e1ed195f30016c7985ed20812436804f610,18fd9285943166643f61b7c7786380b9c7ff3e3c34b49c24302dc490940be708,078548f8ed3526b3de09fb06f5c9b26f0125e3c1e0aeb017b99f5f4c95be6bb7,c43f3255726fed92ee142584ccd3a88728861862cb38f7c3defce8669ea501e6,20260813.0,,,,True,True,4096,True,/home/kai3/coco/quantization_graph/results/disk_environment/.formal_runs/runs/fix_w32_diskpayload_symphony_20260831_140957/05C_disk_system_fair/agnews/artifacts/test/SymphonyQG-DiskPort__hybrid_disk__B2__standard__w32__r0.json,,,SymphonyQG
05c,agnews,SymphonyQG-DiskPort,hybrid_disk,test,fix_w32_diskpayload_symphony_20260831_140957,0.0,32,2.0,QG_R64_EF400_t3,ef=16,16,,standard,1,0.93225,4.65635,6708260.0,6590880.0,9605580.0,11290900.0,,,,,12021.6,8192,,,12288,,,,,913.111,3652.45,14960400.0,6698010.0,6708170.0,82.7689,6708170.0,5.0837,21.2512,21.2512,,,,,,,800,03_system_fair,official SymphonyQG FastScan LUT+SIMD,05c-symphonyqg-fastscan-native-odirect-neighborfetch-v2,20bc2362d4ef9fee92e447f417c2a652c0b0405ebf39ea4a8061c822b9d9fef4,fa6f6a857171b3d9d561fc50aab70e1ed195f30016c7985ed20812436804f610,18fd9285943166643f61b7c7786380b9c7ff3e3c34b49c24302dc490940be708,078548f8ed3526b3de09fb06f5c9b26f0125e3c1e0aeb017b99f5f4c95be6bb7,c43f3255726fed92ee142584ccd3a88728861862cb38f7c3defce8669ea501e6,20260813.0,,,,True,True,4096,True,/home/kai3/coco/quantization_graph/results/disk_environment/.formal_runs/runs/fix_w32_diskpayload_symphony_20260831_140957/05C_disk_system_fair/agnews/artifacts/test/SymphonyQG-DiskPort__hybrid_disk__B2__standard__w32__r0.json,,,SymphonyQG
05c,agnews,SymphonyQG-DiskPort,hybrid_disk,test,fix_w32_diskpayload_symphony_20260831_140957,0.0,32,2.0,QG_R64_EF400_t3,ef=17,17,,standard,1,0.939,4.52272,6904450.0,6807790.0,9677640.0,11529200.0,,,,,12021.6,8192,,,12288,,,,,942.472,3769.89,15441500.0,6893920.0,6904360.0,87.0115,6904360.0,5.09055,22.1887,22.1887,,,,,,,800,03_system_fair,official SymphonyQG FastScan LUT+SIMD,05c-symphonyqg-fastscan-native-odirect-neighborfetch-v2,20bc2362d4ef9fee92e447f417c2a652c0b0405ebf39ea4a8061c822b9d9fef4,fa6f6a857171b3d9d561fc50aab70e1ed195f30016c7985ed20812436804f610,18fd9285943166643f61b7c7786380b9c7ff3e3c34b49c24302dc490940be708,078548f8ed3526b3de09fb06f5c9b26f0125e3c1e0aeb017b99f5f4c95be6bb7,c43f3255726fed92ee142584ccd3a88728861862cb38f7c3defce8669ea501e6,20260813.0,,,,True,True,4096,True,/home/kai3/coco/quantization_graph/results/disk_environment/.formal_runs/runs/fix_w32_diskpayload_symphony_20260831_140957/05C_disk_system_fair/agnews/artifacts/test/SymphonyQG-DiskPort__hybrid_disk__B2__standard__w32__r0.json,,,SymphonyQG
05c,agnews,SymphonyQG-DiskPort,hybrid_disk,test,fix_w32_diskpayload_symphony_20260831_140957,0.0,32,2.0,QG_R64_EF400_t3,ef=18,18,,standard,1,0.946375,4.3736,7152280.0,7104420.0,10115100.0,11606200.0,,,,,12021.6,8192,,,12288,,,,,971.737,3886.95,15920900.0,7142040.0,7152200.0,73.632,7152200.0,5.06978,23.17,23.17,,,,,,,800,03_system_fair,official SymphonyQG FastScan LUT+SIMD,05c-symphonyqg-fastscan-native-odirect-neighborfetch-v2,20bc2362d4ef9fee92e447f417c2a652c0b0405ebf39ea4a8061c822b9d9fef4,fa6f6a857171b3d9d561fc50aab70e1ed195f30016c7985ed20812436804f610,18fd9285943166643f61b7c7786380b9c7ff3e3c34b49c24302dc490940be708,078548f8ed3526b3de09fb06f5c9b26f0125e3c1e0aeb017b99f5f4c95be6bb7,c43f3255726fed92ee142584ccd3a88728861862cb38f7c3defce8669ea501e6,20260813.0,,,,True,True,4096,True,/home/kai3/coco/quantization_graph/results/disk_environment/.formal_runs/runs/fix_w32_diskpayload_symphony_20260831_140957/05C_disk_system_fair/agnews/artifacts/test/SymphonyQG-DiskPort__hybrid_disk__B2__standard__w32__r0.json,,,SymphonyQG
05c,agnews,SymphonyQG-DiskPort,hybrid_disk,test,fix_w32_diskpayload_symphony_20260831_140957,0.0,32,2.0,QG_R64_EF400_t3,ef=19,19,,standard,1,0.95125,4.19894,7451460.0,7325450.0,10675000.0,12320200.0,,,,,12021.6,8192,,,12288,,,,,1002.4,4009.59,16423300.0,7440960.0,7451380.0,73.4776,7451380.0,5.04428,24.1513,24.1513,,,,,,,800,03_system_fair,official SymphonyQG FastScan LUT+SIMD,05c-symphonyqg-fastscan-native-odirect-neighborfetch-v2,20bc2362d4ef9fee92e447f417c2a652c0b0405ebf39ea4a8061c822b9d9fef4,fa6f6a857171b3d9d561fc50aab70e1ed195f30016c7985ed20812436804f610,18fd9285943166643f61b7c7786380b9c7ff3e3c34b49c24302dc490940be708,078548f8ed3526b3de09fb06f5c9b26f0125e3c1e0aeb017b99f5f4c95be6bb7,c43f3255726fed92ee142584ccd3a88728861862cb38f7c3defce8669ea501e6,20260813.0,,,,True,True,4096,True,/home/kai3/coco/quantization_graph/results/disk_environment/.formal_runs/runs/fix_w32_diskpayload_symphony_20260831_140957/05C_disk_system_fair/agnews/artifacts/test/SymphonyQG-DiskPort__hybrid_disk__B2__standard__w32__r0.json,,,SymphonyQG
05c,agnews,SymphonyQG-DiskPort,hybrid_disk,test,fix_w32_diskpayload_symphony_20260831_140957,0.0,32,2.0,QG_R64_EF400_t3,ef=20,20,,standard,1,0.955875,4.08792,7645890.0,7540270.0,11055500.0,12570800.0,,,,,12021.6,8192,,,12288,,,,,1031.88,4127.54,16906400.0,7634110.0,7645800.0,80.2927,7645800.0,5.63641,25.1187,25.1187,,,,,,,800,03_system_fair,official SymphonyQG FastScan LUT+SIMD,05c-symphonyqg-fastscan-native-odirect-neighborfetch-v2,20bc2362d4ef9fee92e447f417c2a652c0b0405ebf39ea4a8061c822b9d9fef4,fa6f6a857171b3d9d561fc50aab70e1ed195f30016c7985ed20812436804f610,18fd9285943166643f61b7c7786380b9c7ff3e3c34b49c24302dc490940be708,078548f8ed3526b3de09fb06f5c9b26f0125e3c1e0aeb017b99f5f4c95be6bb7,c43f3255726fed92ee142584ccd3a88728861862cb38f7c3defce8669ea501e6,20260813.0,,,,True,True,4096,True,/home/kai3/coco/quantization_graph/results/disk_environment/.formal_runs/runs/fix_w32_diskpayload_symphony_20260831_140957/05C_disk_system_fair/agnews/artifacts/test/SymphonyQG-DiskPort__hybrid_disk__B2__standard__w32__r0.json,,,SymphonyQG
05c,agnews,SymphonyQG-DiskPort,hybrid_disk,test,fix_w32_diskpayload_symphony_20260831_140957,0.0,32,2.0,QG_R64_EF400_t3,ef=21,21,,standard,1,0.96025,3.97113,7887430.0,7766390.0,11129600.0,13214100.0,,,,,12021.6,8192,,,12288,,,,,1062.13,4248.53,17402000.0,7875420.0,7887340.0,86.537,7887340.0,5.35584,26.0987,26.0987,,,,,,,800,03_system_fair,official SymphonyQG FastScan LUT+SIMD,05c-symphonyqg-fastscan-native-odirect-neighborfetch-v2,20bc2362d4ef9fee92e447f417c2a652c0b0405ebf39ea4a8061c822b9d9fef4,fa6f6a857171b3d9d561fc50aab70e1ed195f30016c7985ed20812436804f610,18fd9285943166643f61b7c7786380b9c7ff3e3c34b49c24302dc490940be708,078548f8ed3526b3de09fb06f5c9b26f0125e3c1e0aeb017b99f5f4c95be6bb7,c43f3255726fed92ee142584ccd3a88728861862cb38f7c3defce8669ea501e6,20260813.0,,,,True,True,4096,True,/home/kai3/coco/quantization_graph/results/disk_environment/.formal_runs/runs/fix_w32_diskpayload_symphony_20260831_140957/05C_disk_system_fair/agnews/artifacts/test/SymphonyQG-DiskPort__hybrid_disk__B2__standard__w32__r0.json,,,SymphonyQG
05c,agnews,SymphonyQG-DiskPort,hybrid_disk,test,fix_w32_diskpayload_symphony_20260831_140957,0.0,32,2.0,QG_R64_EF400_t3,ef=22,22,,standard,1,0.9635,3.83413,8163140.0,8069500.0,11807900.0,13794500.0,,,,,12021.6,8192,,,12288,,,,,1091.88,4367.52,17889400.0,8151020.0,8163050.0,79.9413,8163050.0,5.39858,27.0712,27.0712,,,,,,,800,03_system_fair,official SymphonyQG FastScan LUT+SIMD,05c-symphonyqg-fastscan-native-odirect-neighborfetch-v2,20bc2362d4ef9fee92e447f417c2a652c0b0405ebf39ea4a8061c822b9d9fef4,fa6f6a857171b3d9d561fc50aab70e1ed195f30016c7985ed20812436804f610,18fd9285943166643f61b7c7786380b9c7ff3e3c34b49c24302dc490940be708,078548f8ed3526b3de09fb06f5c9b26f0125e3c1e0aeb017b99f5f4c95be6bb7,c43f3255726fed92ee142584ccd3a88728861862cb38f7c3defce8669ea501e6,20260813.0,,,,True,True,4096,True,/home/kai3/coco/quantization_graph/results/disk_environment/.formal_runs/runs/fix_w32_diskpayload_symphony_20260831_140957/05C_disk_system_fair/agnews/artifacts/test/SymphonyQG-DiskPort__hybrid_disk__B2__standard__w32__r0.json,,,SymphonyQG
05c,agnews,SymphonyQG-DiskPort,hybrid_disk,test,fix_w32_diskpayload_symphony_20260831_140957,0.0,32,2.0,QG_R64_EF400_t3,ef=23,23,,standard,1,0.965625,3.71275,8411720.0,8304830.0,12023900.0,13781700.0,,,,,12021.6,8192,,,12288,,,,,1120.2,4480.81,18353400.0,8398640.0,8411620.0,93.6871,8411620.0,5.5441,28.0087,28.0087,,,,,,,800,03_system_fair,official SymphonyQG FastScan LUT+SIMD,05c-symphonyqg-fastscan-native-odirect-neighborfetch-v2,20bc2362d4ef9fee92e447f417c2a652c0b0405ebf39ea4a8061c822b9d9fef4,fa6f6a857171b3d9d561fc50aab70e1ed195f30016c7985ed20812436804f610,18fd9285943166643f61b7c7786380b9c7ff3e3c34b49c24302dc490940be708,078548f8ed3526b3de09fb06f5c9b26f0125e3c1e0aeb017b99f5f4c95be6bb7,c43f3255726fed92ee142584ccd3a88728861862cb38f7c3defce8669ea501e6,20260813.0,,,,True,True,4096,True,/home/kai3/coco/quantization_graph/results/disk_environment/.formal_runs/runs/fix_w32_diskpayload_symphony_20260831_140957/05C_disk_system_fair/agnews/artifacts/test/SymphonyQG-DiskPort__hybrid_disk__B2__standard__w32__r0.json,,,SymphonyQG
05c,agnews,SymphonyQG-DiskPort,hybrid_disk,test,fix_w32_diskpayload_symphony_20260831_140957,0.0,32,2.0,QG_R64_EF400_t3,ef=24,24,,standard,1,0.967875,3.63205,8618490.0,8556770.0,12276400.0,14391700.0,,,,,12021.6,8192,,,12288,,,,,1149.31,4597.23,18830200.0,8605990.0,8618400.0,86.9137,8618400.0,4.99818,28.985,28.985,,,,,,,800,03_system_fair,official SymphonyQG FastScan LUT+SIMD,05c-symphonyqg-fastscan-native-odirect-neighborfetch-v2,20bc2362d4ef9fee92e447f417c2a652c0b0405ebf39ea4a8061c822b9d9fef4,fa6f6a857171b3d9d561fc50aab70e1ed195f30016c7985ed20812436804f610,18fd9285943166643f61b7c7786380b9c7ff3e3c34b49c24302dc490940be708,078548f8ed3526b3de09fb06f5c9b26f0125e3c1e0aeb017b99f5f4c95be6bb7,c43f3255726fed92ee142584ccd3a88728861862cb38f7c3defce8669ea501e6,20260813.0,,,,True,True,4096,True,/home/kai3/coco/quantization_graph/results/disk_environment/.formal_runs/runs/fix_w32_diskpayload_symphony_20260831_140957/05C_disk_system_fair/agnews/artifacts/test/SymphonyQG-DiskPort__hybrid_disk__B2__standard__w32__r0.json,,,SymphonyQG
05c,agnews,SymphonyQG-DiskPort,hybrid_disk,test,fix_w32_diskpayload_symphony_20260831_140957,0.0,32,2.0,QG_R64_EF400_t3,ef=25,25,,standard,1,0.969875,3.54394,8837600.0,8723880.0,12520000.0,14398800.0,,,,,12021.6,8192,,,12288,,,,,1177.86,4711.44,19298100.0,8823750.0,8837500.0,95.4355,8837500.0,5.40632,29.9413,29.9413,,,,,,,800,03_system_fair,official SymphonyQG FastScan LUT+SIMD,05c-symphonyqg-fastscan-native-odirect-neighborfetch-v2,20bc2362d4ef9fee92e447f417c2a652c0b0405ebf39ea4a8061c822b9d9fef4,fa6f6a857171b3d9d561fc50aab70e1ed195f30016c7985ed20812436804f610,18fd9285943166643f61b7c7786380b9c7ff3e3c34b49c24302dc490940be708,078548f8ed3526b3de09fb06f5c9b26f0125e3c1e0aeb017b99f5f4c95be6bb7,c43f3255726fed92ee142584ccd3a88728861862cb38f7c3defce8669ea501e6,20260813.0,,,,True,True,4096,True,/home/kai3/coco/quantization_graph/results/disk_environment/.formal_runs/runs/fix_w32_diskpayload_symphony_20260831_140957/05C_disk_system_fair/agnews/artifacts/test/SymphonyQG-DiskPort__hybrid_disk__B2__standard__w32__r0.json,,,SymphonyQG
05c,agnews,SymphonyQG-DiskPort,hybrid_disk,test,fix_w32_diskpayload_symphony_20260831_140957,0.0,32,2.0,QG_R64_EF400_t3,ef=26,26,,standard,1,0.97125,3.4452,9086240.0,9059800.0,12963500.0,14888000.0,,,,,12021.6,8192,,,12288,,,,,1206.89,4827.57,19773700.0,9072170.0,9086150.0,86.6278,9086150.0,5.34626,30.9163,30.9163,,,,,,,800,03_system_fair,official SymphonyQG FastScan LUT+SIMD,05c-symphonyqg-fastscan-native-odirect-neighborfetch-v2,20bc2362d4ef9fee92e447f417c2a652c0b0405ebf39ea4a8061c822b9d9fef4,fa6f6a857171b3d9d561fc50aab70e1ed195f30016c7985ed20812436804f610,18fd9285943166643f61b7c7786380b9c7ff3e3c34b49c24302dc490940be708,078548f8ed3526b3de09fb06f5c9b26f0125e3c1e0aeb017b99f5f4c95be6bb7,c43f3255726fed92ee142584ccd3a88728861862cb38f7c3defce8669ea501e6,20260813.0,,,,True,True,4096,True,/home/kai3/coco/quantization_graph/results/disk_environment/.formal_runs/runs/fix_w32_diskpayload_symphony_20260831_140957/05C_disk_system_fair/agnews/artifacts/test/SymphonyQG-DiskPort__hybrid_disk__B2__standard__w32__r0.json,,,SymphonyQG
05c,agnews,SymphonyQG-DiskPort,hybrid_disk,test,fix_w32_diskpayload_symphony_20260831_140957,0.0,32,2.0,QG_R64_EF400_t3,ef=27,27,,standard,1,0.973,3.35539,9322610.0,9203880.0,13439800.0,15643900.0,,,,,12021.6,8192,,,12288,,,,,1237.44,4949.76,20274200.0,9308000.0,9322510.0,98.2833,9322510.0,5.38748,31.9125,31.9125,,,,,,,800,03_system_fair,official SymphonyQG FastScan LUT+SIMD,05c-symphonyqg-fastscan-native-odirect-neighborfetch-v2,20bc2362d4ef9fee92e447f417c2a652c0b0405ebf39ea4a8061c822b9d9fef4,fa6f6a857171b3d9d561fc50aab70e1ed195f30016c7985ed20812436804f610,18fd9285943166643f61b7c7786380b9c7ff3e3c34b49c24302dc490940be708,078548f8ed3526b3de09fb06f5c9b26f0125e3c1e0aeb017b99f5f4c95be6bb7,c43f3255726fed92ee142584ccd3a88728861862cb38f7c3defce8669ea501e6,20260813.0,,,,True,True,4096,True,/home/kai3/coco/quantization_graph/results/disk_environment/.formal_runs/runs/fix_w32_diskpayload_symphony_20260831_140957/05C_disk_system_fair/agnews/artifacts/test/SymphonyQG-DiskPort__hybrid_disk__B2__standard__w32__r0.json,,,SymphonyQG
05c,agnews,SymphonyQG-DiskPort,hybrid_disk,test,fix_w32_diskpayload_symphony_20260831_140957,0.0,32,2.0,QG_R64_EF400_t3,ef=28,28,,standard,1,0.97475,3.24956,9618060.0,9563140.0,13656900.0,15822500.0,,,,,12021.6,8192,,,12288,,,,,1266.87,5067.47,20756400.0,9602890.0,9617970.0,88.0866,9617970.0,5.58772,32.9,32.9,,,,,,,800,03_system_fair,official SymphonyQG FastScan LUT+SIMD,05c-symphonyqg-fastscan-native-odirect-neighborfetch-v2,20bc2362d4ef9fee92e447f417c2a652c0b0405ebf39ea4a8061c822b9d9fef4,fa6f6a857171b3d9d561fc50aab70e1ed195f30016c7985ed20812436804f610,18fd9285943166643f61b7c7786380b9c7ff3e3c34b49c24302dc490940be708,078548f8ed3526b3de09fb06f5c9b26f0125e3c1e0aeb017b99f5f4c95be6bb7,c43f3255726fed92ee142584ccd3a88728861862cb38f7c3defce8669ea501e6,20260813.0,,,,True,True,4096,True,/home/kai3/coco/quantization_graph/results/disk_environment/.formal_runs/runs/fix_w32_diskpayload_symphony_20260831_140957/05C_disk_system_fair/agnews/artifacts/test/SymphonyQG-DiskPort__hybrid_disk__B2__standard__w32__r0.json,,,SymphonyQG
05c,agnews,SymphonyQG-DiskPort,hybrid_disk,test,fix_w32_diskpayload_symphony_20260831_140957,0.0,32,2.0,QG_R64_EF400_t3,ef=29,29,,standard,1,0.97675,3.18511,9816460.0,9748780.0,14002800.0,16481300.0,,,,,12021.6,8192,,,12288,,,,,1295.62,5182.47,21227400.0,9800590.0,9816350.0,101.378,9816350.0,5.60114,33.8663,33.8663,,,,,,,800,03_system_fair,official SymphonyQG FastScan LUT+SIMD,05c-symphonyqg-fastscan-native-odirect-neighborfetch-v2,20bc2362d4ef9fee92e447f417c2a652c0b0405ebf39ea4a8061c822b9d9fef4,fa6f6a857171b3d9d561fc50aab70e1ed195f30016c7985ed20812436804f610,18fd9285943166643f61b7c7786380b9c7ff3e3c34b49c24302dc490940be708,078548f8ed3526b3de09fb06f5c9b26f0125e3c1e0aeb017b99f5f4c95be6bb7,c43f3255726fed92ee142584ccd3a88728861862cb38f7c3defce8669ea501e6,20260813.0,,,,True,True,4096,True,/home/kai3/coco/quantization_graph/results/disk_environment/.formal_runs/runs/fix_w32_diskpayload_symphony_20260831_140957/05C_disk_system_fair/agnews/artifacts/test/SymphonyQG-DiskPort__hybrid_disk__B2__standard__w32__r0.json,,,SymphonyQG
05c,agnews,SymphonyQG-DiskPort,hybrid_disk,test,fix_w32_diskpayload_symphony_20260831_140957,0.0,32,2.0,QG_R64_EF400_t3,ef=30,30,,standard,1,0.97775,3.11021,10042600.0,9971880.0,14438000.0,16735600.0,,,,,12021.6,8192,,,12288,,,,,1324.81,5299.25,21705700.0,10026600.0,10042500.0,97.4711,10042500.0,5.32106,34.8513,34.8513,,,,,,,800,03_system_fair,official SymphonyQG FastScan LUT+SIMD,05c-symphonyqg-fastscan-native-odirect-neighborfetch-v2,20bc2362d4ef9fee92e447f417c2a652c0b0405ebf39ea4a8061c822b9d9fef4,fa6f6a857171b3d9d561fc50aab70e1ed195f30016c7985ed20812436804f610,18fd9285943166643f61b7c7786380b9c7ff3e3c34b49c24302dc490940be708,078548f8ed3526b3de09fb06f5c9b26f0125e3c1e0aeb017b99f5f4c95be6bb7,c43f3255726fed92ee142584ccd3a88728861862cb38f7c3defce8669ea501e6,20260813.0,,,,True,True,4096,True,/home/kai3/coco/quantization_graph/results/disk_environment/.formal_runs/runs/fix_w32_diskpayload_symphony_20260831_140957/05C_disk_system_fair/agnews/artifacts/test/SymphonyQG-DiskPort__hybrid_disk__B2__standard__w32__r0.json,,,SymphonyQG
05c,agnews,SymphonyQG-DiskPort,hybrid_disk,test,fix_w32_diskpayload_symphony_20260831_140957,0.0,32,2.0,QG_R64_EF400_t3,ef=40,40,,standard,1,0.9885,2.52258,12388800.0,12318400.0,17892700.0,20039400.0,,,,,12021.6,8192,,,12288,,,,,1607.11,6428.42,26330800.0,12367300.0,12388700.0,98.6607,12388700.0,5.1651,44.6287,44.6287,,,,,,,800,03_system_fair,official SymphonyQG FastScan LUT+SIMD,05c-symphonyqg-fastscan-native-odirect-neighborfetch-v2,20bc2362d4ef9fee92e447f417c2a652c0b0405ebf39ea4a8061c822b9d9fef4,fa6f6a857171b3d9d561fc50aab70e1ed195f30016c7985ed20812436804f610,18fd9285943166643f61b7c7786380b9c7ff3e3c34b49c24302dc490940be708,078548f8ed3526b3de09fb06f5c9b26f0125e3c1e0aeb017b99f5f4c95be6bb7,c43f3255726fed92ee142584ccd3a88728861862cb38f7c3defce8669ea501e6,20260813.0,,,,True,True,4096,True,/home/kai3/coco/quantization_graph/results/disk_environment/.formal_runs/runs/fix_w32_diskpayload_symphony_20260831_140957/05C_disk_system_fair/agnews/artifacts/test/SymphonyQG-DiskPort__hybrid_disk__B2__standard__w32__r0.json,,,SymphonyQG
05c,agnews,SymphonyQG-DiskPort,hybrid_disk,test,fix_w32_diskpayload_symphony_20260831_140957,0.0,32,2.0,QG_R64_EF400_t3,ef=50,50,,standard,1,0.9925,2.12693,14692100.0,14543100.0,21602900.0,23472200.0,,,,,12021.6,8192,,,12288,,,,,1886.58,7546.31,30909700.0,14664600.0,14692000.0,102.201,14692000.0,5.415,54.5262,54.5262,,,,,,,800,03_system_fair,official SymphonyQG FastScan LUT+SIMD,05c-symphonyqg-fastscan-native-odirect-neighborfetch-v2,20bc2362d4ef9fee92e447f417c2a652c0b0405ebf39ea4a8061c822b9d9fef4,fa6f6a857171b3d9d561fc50aab70e1ed195f30016c7985ed20812436804f610,18fd9285943166643f61b7c7786380b9c7ff3e3c34b49c24302dc490940be708,078548f8ed3526b3de09fb06f5c9b26f0125e3c1e0aeb017b99f5f4c95be6bb7,c43f3255726fed92ee142584ccd3a88728861862cb38f7c3defce8669ea501e6,20260813.0,,,,True,True,4096,True,/home/kai3/coco/quantization_graph/results/disk_environment/.formal_runs/runs/fix_w32_diskpayload_symphony_20260831_140957/05C_disk_system_fair/agnews/artifacts/test/SymphonyQG-DiskPort__hybrid_disk__B2__standard__w32__r0.json,,,SymphonyQG
05c,agnews,SymphonyQG-DiskPort,hybrid_disk,test,fix_w32_diskpayload_symphony_20260831_140957,0.0,32,2.0,QG_R64_EF400_t3,ef=60,60,,standard,1,0.99375,1.85631,16856400.0,16588800.0,24906100.0,27183800.0,,,,,12021.6,8192,,,12288,,,,,2156.37,8625.49,35330000.0,16822900.0,16856300.0,101.128,16856300.0,5.36288,64.3375,64.3375,,,,,,,800,03_system_fair,official SymphonyQG FastScan LUT+SIMD,05c-symphonyqg-fastscan-native-odirect-neighborfetch-v2,20bc2362d4ef9fee92e447f417c2a652c0b0405ebf39ea4a8061c822b9d9fef4,fa6f6a857171b3d9d561fc50aab70e1ed195f30016c7985ed20812436804f610,18fd9285943166643f61b7c7786380b9c7ff3e3c34b49c24302dc490940be708,078548f8ed3526b3de09fb06f5c9b26f0125e3c1e0aeb017b99f5f4c95be6bb7,c43f3255726fed92ee142584ccd3a88728861862cb38f7c3defce8669ea501e6,20260813.0,,,,True,True,4096,True,/home/kai3/coco/quantization_graph/results/disk_environment/.formal_runs/runs/fix_w32_diskpayload_symphony_20260831_140957/05C_disk_system_fair/agnews/artifacts/test/SymphonyQG-DiskPort__hybrid_disk__B2__standard__w32__r0.json,,,SymphonyQG
05c,agnews,SymphonyQG-DiskPort,hybrid_disk,test,fix_w32_diskpayload_symphony_20260831_140957,0.0,32,2.0,QG_R64_EF400_t3,ef=70,70,,standard,1,0.995625,1.63849,19093600.0,18964000.0,28197200.0,30699600.0,,,,,12021.6,8192,,,12288,,,,,2423.57,9694.27,39707800.0,19053200.0,19093500.0,106.729,19093500.0,5.48738,74.2237,74.2237,,,,,,,800,03_system_fair,official SymphonyQG FastScan LUT+SIMD,05c-symphonyqg-fastscan-native-odirect-neighborfetch-v2,20bc2362d4ef9fee92e447f417c2a652c0b0405ebf39ea4a8061c822b9d9fef4,fa6f6a857171b3d9d561fc50aab70e1ed195f30016c7985ed20812436804f610,18fd9285943166643f61b7c7786380b9c7ff3e3c34b49c24302dc490940be708,078548f8ed3526b3de09fb06f5c9b26f0125e3c1e0aeb017b99f5f4c95be6bb7,c43f3255726fed92ee142584ccd3a88728861862cb38f7c3defce8669ea501e6,20260813.0,,,,True,True,4096,True,/home/kai3/coco/quantization_graph/results/disk_environment/.formal_runs/runs/fix_w32_diskpayload_symphony_20260831_140957/05C_disk_system_fair/agnews/artifacts/test/SymphonyQG-DiskPort__hybrid_disk__B2__standard__w32__r0.json,,,SymphonyQG
05c,agnews,SymphonyQG-DiskPort,hybrid_disk,test,fix_w32_diskpayload_symphony_20260831_140957,0.0,32,2.0,QG_R64_EF400_t3,ef=80,80,,standard,1,0.9965,1.47429,21227800.0,20925900.0,31733200.0,34555700.0,,,,,12021.6,8192,,,12288,,,,,2684.4,10737.6,43981100.0,21181700.0,21227700.0,112.742,21227700.0,5.43654,84.1363,84.1363,,,,,,,800,03_system_fair,official SymphonyQG FastScan LUT+SIMD,05c-symphonyqg-fastscan-native-odirect-neighborfetch-v2,20bc2362d4ef9fee92e447f417c2a652c0b0405ebf39ea4a8061c822b9d9fef4,fa6f6a857171b3d9d561fc50aab70e1ed195f30016c7985ed20812436804f610,18fd9285943166643f61b7c7786380b9c7ff3e3c34b49c24302dc490940be708,078548f8ed3526b3de09fb06f5c9b26f0125e3c1e0aeb017b99f5f4c95be6bb7,c43f3255726fed92ee142584ccd3a88728861862cb38f7c3defce8669ea501e6,20260813.0,,,,True,True,4096,True,/home/kai3/coco/quantization_graph/results/disk_environment/.formal_runs/runs/fix_w32_diskpayload_symphony_20260831_140957/05C_disk_system_fair/agnews/artifacts/test/SymphonyQG-DiskPort__hybrid_disk__B2__standard__w32__r0.json,,,SymphonyQG
05c,agnews,SymphonyQG-DiskPort,hybrid_disk,test,fix_w32_diskpayload_symphony_20260831_140957,0.0,32,2.0,QG_R64_EF400_t3,ef=90,90,,standard,1,0.997125,1.3393,23332000.0,22791200.0,35129100.0,38291000.0,,,,,12021.6,8192,,,12288,,,,,2945.04,11780.2,48251500.0,23278800.0,23331900.0,105.725,23331900.0,5.66998,94.0613,94.0613,,,,,,,800,03_system_fair,official SymphonyQG FastScan LUT+SIMD,05c-symphonyqg-fastscan-native-odirect-neighborfetch-v2,20bc2362d4ef9fee92e447f417c2a652c0b0405ebf39ea4a8061c822b9d9fef4,fa6f6a857171b3d9d561fc50aab70e1ed195f30016c7985ed20812436804f610,18fd9285943166643f61b7c7786380b9c7ff3e3c34b49c24302dc490940be708,078548f8ed3526b3de09fb06f5c9b26f0125e3c1e0aeb017b99f5f4c95be6bb7,c43f3255726fed92ee142584ccd3a88728861862cb38f7c3defce8669ea501e6,20260813.0,,,,True,True,4096,True,/home/kai3/coco/quantization_graph/results/disk_environment/.formal_runs/runs/fix_w32_diskpayload_symphony_20260831_140957/05C_disk_system_fair/agnews/artifacts/test/SymphonyQG-DiskPort__hybrid_disk__B2__standard__w32__r0.json,,,SymphonyQG
05c,agnews,SymphonyQG-DiskPort,hybrid_disk,test,fix_w32_diskpayload_symphony_20260831_140957,0.0,32,2.0,QG_R64_EF400_t3,ef=100,100,,standard,1,0.9975,1.22976,25435000.0,25033100.0,38379700.0,41989200.0,,,,,12021.6,8192,,,12288,,,,,3201.39,12805.6,52451700.0,25375400.0,25434900.0,112.648,25434900.0,6.08858,103.998,103.998,,,,,,,800,03_system_fair,official SymphonyQG FastScan LUT+SIMD,05c-symphonyqg-fastscan-native-odirect-neighborfetch-v2,20bc2362d4ef9fee92e447f417c2a652c0b0405ebf39ea4a8061c822b9d9fef4,fa6f6a857171b3d9d561fc50aab70e1ed195f30016c7985ed20812436804f610,18fd9285943166643f61b7c7786380b9c7ff3e3c34b49c24302dc490940be708,078548f8ed3526b3de09fb06f5c9b26f0125e3c1e0aeb017b99f5f4c95be6bb7,c43f3255726fed92ee142584ccd3a88728861862cb38f7c3defce8669ea501e6,20260813.0,,,,True,True,4096,True,/home/kai3/coco/quantization_graph/results/disk_environment/.formal_runs/runs/fix_w32_diskpayload_symphony_20260831_140957/05C_disk_system_fair/agnews/artifacts/test/SymphonyQG-DiskPort__hybrid_disk__B2__standard__w32__r0.json,,,SymphonyQG
05c,agnews,SymphonyQG-DiskPort,hybrid_disk,test,fix_w32_diskpayload_symphony_20260831_140957,0.0,32,2.0,QG_R64_EF400_t3,ef=140,140,,standard,1,0.998375,0.92589,33724700.0,33345800.0,51717800.0,55832700.0,,,,,12021.6,8192,,,12288,,,,,4203.6,16814.4,68871800.0,33634400.0,33724600.0,118.762,33724600.0,7.25021,143.766,143.766,,,,,,,800,03_system_fair,official SymphonyQG FastScan LUT+SIMD,05c-symphonyqg-fastscan-native-odirect-neighborfetch-v2,20bc2362d4ef9fee92e447f417c2a652c0b0405ebf39ea4a8061c822b9d9fef4,fa6f6a857171b3d9d561fc50aab70e1ed195f30016c7985ed20812436804f610,18fd9285943166643f61b7c7786380b9c7ff3e3c34b49c24302dc490940be708,078548f8ed3526b3de09fb06f5c9b26f0125e3c1e0aeb017b99f5f4c95be6bb7,c43f3255726fed92ee142584ccd3a88728861862cb38f7c3defce8669ea501e6,20260813.0,,,,True,True,4096,True,/home/kai3/coco/quantization_graph/results/disk_environment/.formal_runs/runs/fix_w32_diskpayload_symphony_20260831_140957/05C_disk_system_fair/agnews/artifacts/test/SymphonyQG-DiskPort__hybrid_disk__B2__standard__w32__r0.json,,,SymphonyQG
05c,agnews,SymphonyQG-DiskPort,hybrid_disk,test,fix_w32_diskpayload_symphony_20260831_140957,0.0,32,2.0,QG_R64_EF400_t3,ef=180,180,,standard,1,0.998625,0.752685,41486500.0,40773600.0,64586400.0,69491100.0,,,,,12021.6,8192,,,12288,,,,,5165.41,20661.6,84630000.0,41359300.0,41486400.0,121.468,41486400.0,10.1396,183.599,183.599,,,,,,,800,03_system_fair,official SymphonyQG FastScan LUT+SIMD,05c-symphonyqg-fastscan-native-odirect-neighborfetch-v2,20bc2362d4ef9fee92e447f417c2a652c0b0405ebf39ea4a8061c822b9d9fef4,fa6f6a857171b3d9d561fc50aab70e1ed195f30016c7985ed20812436804f610,18fd9285943166643f61b7c7786380b9c7ff3e3c34b49c24302dc490940be708,078548f8ed3526b3de09fb06f5c9b26f0125e3c1e0aeb017b99f5f4c95be6bb7,c43f3255726fed92ee142584ccd3a88728861862cb38f7c3defce8669ea501e6,20260813.0,,,,True,True,4096,True,/home/kai3/coco/quantization_graph/results/disk_environment/.formal_runs/runs/fix_w32_diskpayload_symphony_20260831_140957/05C_disk_system_fair/agnews/artifacts/test/SymphonyQG-DiskPort__hybrid_disk__B2__standard__w32__r0.json,,,SymphonyQG
05c,agnews,SymphonyQG-DiskPort,hybrid_disk,test,fix_w32_diskpayload_symphony_20260831_140957,0.0,32,2.0,QG_R64_EF400_t3,ef=220,220,,standard,1,0.998875,0.633641,49245300.0,48600500.0,76298400.0,83097700.0,,,,,12021.6,8192,,,12288,,,,,6110.11,24440.4,100108000.0,49077900.0,49245100.0,124.945,49245100.0,12.5285,223.496,223.496,,,,,,,800,03_system_fair,official SymphonyQG FastScan LUT+SIMD,05c-symphonyqg-fastscan-native-odirect-neighborfetch-v2,20bc2362d4ef9fee92e447f417c2a652c0b0405ebf39ea4a8061c822b9d9fef4,fa6f6a857171b3d9d561fc50aab70e1ed195f30016c7985ed20812436804f610,18fd9285943166643f61b7c7786380b9c7ff3e3c34b49c24302dc490940be708,078548f8ed3526b3de09fb06f5c9b26f0125e3c1e0aeb017b99f5f4c95be6bb7,c43f3255726fed92ee142584ccd3a88728861862cb38f7c3defce8669ea501e6,20260813.0,,,,True,True,4096,True,/home/kai3/coco/quantization_graph/results/disk_environment/.formal_runs/runs/fix_w32_diskpayload_symphony_20260831_140957/05C_disk_system_fair/agnews/artifacts/test/SymphonyQG-DiskPort__hybrid_disk__B2__standard__w32__r0.json,,,SymphonyQG
05c,agnews,SymphonyQG-DiskPort,hybrid_disk,test,fix_w32_diskpayload_symphony_20260831_140957,0.0,32,2.0,QG_R64_EF400_t3,ef=260,260,,standard,1,0.999125,0.550062,56700600.0,55193600.0,88365000.0,96874000.0,,,,,12021.6,8192,,,12288,,,,,7025.11,28100.4,115099000.0,56493400.0,56700500.0,149.698,56700500.0,12.7154,263.361,263.361,,,,,,,800,03_system_fair,official SymphonyQG FastScan LUT+SIMD,05c-symphonyqg-fastscan-native-odirect-neighborfetch-v2,20bc2362d4ef9fee92e447f417c2a652c0b0405ebf39ea4a8061c822b9d9fef4,fa6f6a857171b3d9d561fc50aab70e1ed195f30016c7985ed20812436804f610,18fd9285943166643f61b7c7786380b9c7ff3e3c34b49c24302dc490940be708,078548f8ed3526b3de09fb06f5c9b26f0125e3c1e0aeb017b99f5f4c95be6bb7,c43f3255726fed92ee142584ccd3a88728861862cb38f7c3defce8669ea501e6,20260813.0,,,,True,True,4096,True,/home/kai3/coco/quantization_graph/results/disk_environment/.formal_runs/runs/fix_w32_diskpayload_symphony_20260831_140957/05C_disk_system_fair/agnews/artifacts/test/SymphonyQG-DiskPort__hybrid_disk__B2__standard__w32__r0.json,,,SymphonyQG
05c,agnews,SymphonyQG-DiskPort,hybrid_disk,test,fix_w32_diskpayload_symphony_20260831_140957,0.0,32,2.0,QG_R64_EF400_t3,ef=300,300,,standard,1,0.999125,0.484115,64352800.0,62638900.0,100767000.0,108358000.0,,,,,12021.6,8192,,,12288,,,,,7922.81,31691.2,129807000.0,63916300.0,64352600.0,166.615,64352600.0,20.7557,303.246,303.246,,,,,,,800,03_system_fair,official SymphonyQG FastScan LUT+SIMD,05c-symphonyqg-fastscan-native-odirect-neighborfetch-v2,20bc2362d4ef9fee92e447f417c2a652c0b0405ebf39ea4a8061c822b9d9fef4,fa6f6a857171b3d9d561fc50aab70e1ed195f30016c7985ed20812436804f610,18fd9285943166643f61b7c7786380b9c7ff3e3c34b49c24302dc490940be708,078548f8ed3526b3de09fb06f5c9b26f0125e3c1e0aeb017b99f5f4c95be6bb7,c43f3255726fed92ee142584ccd3a88728861862cb38f7c3defce8669ea501e6,20260813.0,,,,True,True,4096,True,/home/kai3/coco/quantization_graph/results/disk_environment/.formal_runs/runs/fix_w32_diskpayload_symphony_20260831_140957/05C_disk_system_fair/agnews/artifacts/test/SymphonyQG-DiskPort__hybrid_disk__B2__standard__w32__r0.json,,,SymphonyQG
05c,agnews,SymphonyQG-DiskPort,hybrid_disk,test,fix_w32_diskpayload_symphony_20260831_140957,0.0,32,2.0,QG_R64_EF400_t3,ef=340,340,,standard,1,0.99925,0.438595,71260200.0,69540200.0,111566000.0,121171000.0,,,,,12021.6,8192,,,12288,,,,,8801.96,35207.8,144211000.0,70886200.0,71260000.0,151.805,71260000.0,14.6979,343.195,343.195,,,,,,,800,03_system_fair,official SymphonyQG FastScan LUT+SIMD,05c-symphonyqg-fastscan-native-odirect-neighborfetch-v2,20bc2362d4ef9fee92e447f417c2a652c0b0405ebf39ea4a8061c822b9d9fef4,fa6f6a857171b3d9d561fc50aab70e1ed195f30016c7985ed20812436804f610,18fd9285943166643f61b7c7786380b9c7ff3e3c34b49c24302dc490940be708,078548f8ed3526b3de09fb06f5c9b26f0125e3c1e0aeb017b99f5f4c95be6bb7,c43f3255726fed92ee142584ccd3a88728861862cb38f7c3defce8669ea501e6,20260813.0,,,,True,True,4096,True,/home/kai3/coco/quantization_graph/results/disk_environment/.formal_runs/runs/fix_w32_diskpayload_symphony_20260831_140957/05C_disk_system_fair/agnews/artifacts/test/SymphonyQG-DiskPort__hybrid_disk__B2__standard__w32__r0.json,,,SymphonyQG
05c,agnews,SymphonyQG-DiskPort,hybrid_disk,test,fix_w32_diskpayload_symphony_20260831_140957,0.0,32,2.0,QG_R64_EF400_t3,ef=380,380,,standard,1,0.99925,0.399997,78146400.0,76028400.0,121617000.0,132910000.0,,,,,12021.6,8192,,,12288,,,,,9667.73,38670.9,158396000.0,77822000.0,78146200.0,174.737,78146200.0,11.3545,383.114,383.114,,,,,,,800,03_system_fair,official SymphonyQG FastScan LUT+SIMD,05c-symphonyqg-fastscan-native-odirect-neighborfetch-v2,20bc2362d4ef9fee92e447f417c2a652c0b0405ebf39ea4a8061c822b9d9fef4,fa6f6a857171b3d9d561fc50aab70e1ed195f30016c7985ed20812436804f610,18fd9285943166643f61b7c7786380b9c7ff3e3c34b49c24302dc490940be708,078548f8ed3526b3de09fb06f5c9b26f0125e3c1e0aeb017b99f5f4c95be6bb7,c43f3255726fed92ee142584ccd3a88728861862cb38f7c3defce8669ea501e6,20260813.0,,,,True,True,4096,True,/home/kai3/coco/quantization_graph/results/disk_environment/.formal_runs/runs/fix_w32_diskpayload_symphony_20260831_140957/05C_disk_system_fair/agnews/artifacts/test/SymphonyQG-DiskPort__hybrid_disk__B2__standard__w32__r0.json,,,SymphonyQG
05c,agnews,SymphonyQG-DiskPort,hybrid_disk,test,fix_w32_diskpayload_symphony_20260831_140957,0.0,32,2.0,QG_R64_EF400_t3,ef=420,420,,standard,1,0.999125,0.367324,85064400.0,82748400.0,131418000.0,144447000.0,,,,,12021.6,8192,,,12288,,,,,10519.0,42076.0,172343000.0,84715500.0,85064200.0,146.769,85064200.0,10.897,423.055,423.055,,,,,,,800,03_system_fair,official SymphonyQG FastScan LUT+SIMD,05c-symphonyqg-fastscan-native-odirect-neighborfetch-v2,20bc2362d4ef9fee92e447f417c2a652c0b0405ebf39ea4a8061c822b9d9fef4,fa6f6a857171b3d9d561fc50aab70e1ed195f30016c7985ed20812436804f610,18fd9285943166643f61b7c7786380b9c7ff3e3c34b49c24302dc490940be708,078548f8ed3526b3de09fb06f5c9b26f0125e3c1e0aeb017b99f5f4c95be6bb7,c43f3255726fed92ee142584ccd3a88728861862cb38f7c3defce8669ea501e6,20260813.0,,,,True,True,4096,True,/home/kai3/coco/quantization_graph/results/disk_environment/.formal_runs/runs/fix_w32_diskpayload_symphony_20260831_140957/05C_disk_system_fair/agnews/artifacts/test/SymphonyQG-DiskPort__hybrid_disk__B2__standard__w32__r0.json,,,SymphonyQG
05c,agnews,SymphonyQG-DiskPort,hybrid_disk,test,fix_w32_diskpayload_symphony_20260831_140957,0.0,32,2.0,QG_R64_EF400_t3,ef=460,460,,standard,1,0.99925,0.339648,91948000.0,89711300.0,142236000.0,156995000.0,,,,,12021.6,8192,,,12288,,,,,11358.2,45432.8,186093000.0,91537600.0,91947800.0,152.714,91947800.0,11.4129,462.984,462.984,,,,,,,800,03_system_fair,official SymphonyQG FastScan LUT+SIMD,05c-symphonyqg-fastscan-native-odirect-neighborfetch-v2,20bc2362d4ef9fee92e447f417c2a652c0b0405ebf39ea4a8061c822b9d9fef4,fa6f6a857171b3d9d561fc50aab70e1ed195f30016c7985ed20812436804f610,18fd9285943166643f61b7c7786380b9c7ff3e3c34b49c24302dc490940be708,078548f8ed3526b3de09fb06f5c9b26f0125e3c1e0aeb017b99f5f4c95be6bb7,c43f3255726fed92ee142584ccd3a88728861862cb38f7c3defce8669ea501e6,20260813.0,,,,True,True,4096,True,/home/kai3/coco/quantization_graph/results/disk_environment/.formal_runs/runs/fix_w32_diskpayload_symphony_20260831_140957/05C_disk_system_fair/agnews/artifacts/test/SymphonyQG-DiskPort__hybrid_disk__B2__standard__w32__r0.json,,,SymphonyQG
05c,agnews,SymphonyQG-DiskPort,hybrid_disk,test,fix_w32_diskpayload_symphony_20260831_140957,0.0,32,2.0,QG_R64_EF400_t3,ef=500,500,,standard,1,0.999125,0.316658,98627500.0,95651700.0,152360000.0,168512000.0,,,,,12021.6,8192,,,12288,,,,,12180.8,48723.1,199570000.0,98167600.0,98627400.0,167.658,98627400.0,10.7455,502.934,502.934,,,,,,,800,03_system_fair,official SymphonyQG FastScan LUT+SIMD,05c-symphonyqg-fastscan-native-odirect-neighborfetch-v2,20bc2362d4ef9fee92e447f417c2a652c0b0405ebf39ea4a8061c822b9d9fef4,fa6f6a857171b3d9d561fc50aab70e1ed195f30016c7985ed20812436804f610,18fd9285943166643f61b7c7786380b9c7ff3e3c34b49c24302dc490940be708,078548f8ed3526b3de09fb06f5c9b26f0125e3c1e0aeb017b99f5f4c95be6bb7,c43f3255726fed92ee142584ccd3a88728861862cb38f7c3defce8669ea501e6,20260813.0,,,,True,True,4096,True,/home/kai3/coco/quantization_graph/results/disk_environment/.formal_runs/runs/fix_w32_diskpayload_symphony_20260831_140957/05C_disk_system_fair/agnews/artifacts/test/SymphonyQG-DiskPort__hybrid_disk__B2__standard__w32__r0.json,,,SymphonyQG
05c,agnews,SymphonyQG-DiskPort,hybrid_disk,test,fix_w32_diskpayload_symphony_20260831_140957,0.0,32,2.0,QG_R64_EF400_t3,ef=540,540,,standard,1,0.999125,0.296399,105368000.0,101944000.0,161978000.0,179607000.0,,,,,12021.6,8192,,,12288,,,,,12998.1,51992.4,212961000.0,104837000.0,105368000.0,155.411,105368000.0,25.2468,542.893,542.893,,,,,,,800,03_system_fair,official SymphonyQG FastScan LUT+SIMD,05c-symphonyqg-fastscan-native-odirect-neighborfetch-v2,20bc2362d4ef9fee92e447f417c2a652c0b0405ebf39ea4a8061c822b9d9fef4,fa6f6a857171b3d9d561fc50aab70e1ed195f30016c7985ed20812436804f610,18fd9285943166643f61b7c7786380b9c7ff3e3c34b49c24302dc490940be708,078548f8ed3526b3de09fb06f5c9b26f0125e3c1e0aeb017b99f5f4c95be6bb7,c43f3255726fed92ee142584ccd3a88728861862cb38f7c3defce8669ea501e6,20260813.0,,,,True,True,4096,True,/home/kai3/coco/quantization_graph/results/disk_environment/.formal_runs/runs/fix_w32_diskpayload_symphony_20260831_140957/05C_disk_system_fair/agnews/artifacts/test/SymphonyQG-DiskPort__hybrid_disk__B2__standard__w32__r0.json,,,SymphonyQG
05c,agnews,SymphonyQG-DiskPort,hybrid_disk,test,fix_w32_diskpayload_symphony_20260831_140957,0.0,32,2.0,QG_R64_EF400_t3,ef=580,580,,standard,1,0.999125,0.278917,111942000.0,108529000.0,173485000.0,191389000.0,,,,,12021.6,8192,,,12288,,,,,13804.0,55216.1,226165000.0,111337000.0,111942000.0,180.37,111942000.0,25.6451,582.825,582.825,,,,,,,800,03_system_fair,official SymphonyQG FastScan LUT+SIMD,05c-symphonyqg-fastscan-native-odirect-neighborfetch-v2,20bc2362d4ef9fee92e447f417c2a652c0b0405ebf39ea4a8061c822b9d9fef4,fa6f6a857171b3d9d561fc50aab70e1ed195f30016c7985ed20812436804f610,18fd9285943166643f61b7c7786380b9c7ff3e3c34b49c24302dc490940be708,078548f8ed3526b3de09fb06f5c9b26f0125e3c1e0aeb017b99f5f4c95be6bb7,c43f3255726fed92ee142584ccd3a88728861862cb38f7c3defce8669ea501e6,20260813.0,,,,True,True,4096,True,/home/kai3/coco/quantization_graph/results/disk_environment/.formal_runs/runs/fix_w32_diskpayload_symphony_20260831_140957/05C_disk_system_fair/agnews/artifacts/test/SymphonyQG-DiskPort__hybrid_disk__B2__standard__w32__r0.json,,,SymphonyQG
05c,agnews,Ours-Disk,hybrid_disk,,agnews_05c_rerun_20260901_152210,,32,2.0,beam1,10,10,db1+coalescing+reuse,standard,1,0.93175,167.78822778,144117.0635125,130360.081,302229.551,383654.777,,,,,1360.851931572,1019435246,26259456.0,76932.0,266657792,407003078.0,905562614.0,262619136.0,0.0,317.1125,317.1325,1298974.72,143240.47910625,148.43956375,83.985815,249.47330125,51.75705375,762.455,195.86875,761.455,301.6275,302.6275,302.5375,10.0,0.0,800,,ExRaBitQ4 symmetric Vamana + DB1 x INT8 production search,05c-ours-release-native-odirect-v2,,,,,,,,,,True,True,4096,,,passed,b50cf04323ed5196b80e97cf7e6cbdceccffacc7,Ours-Disk
05c,agnews,Ours-Disk,hybrid_disk,,agnews_05c_rerun_20260901_152210,,32,2.0,beam1,11,11,db1+coalescing+reuse,standard,1,0.946625,202.133917611,131343.832195,118595.124,238595.422,298087.985,,,,,1360.851931572,1019435246,26259456.0,76932.0,272257024,407003078.0,905562614.0,262619136.0,0.0,327.9125,327.9325,1343211.52,130439.9193375,155.53093375,84.101575,270.4066525,55.018735,792.03875,208.16375,791.03875,311.5925,312.5925,312.48875,11.0,0.0,800,,ExRaBitQ4 symmetric Vamana + DB1 x INT8 production search,05c-ours-release-native-odirect-v2,,,,,,,,,,True,True,4096,,,passed,b50cf04323ed5196b80e97cf7e6cbdceccffacc7,Ours-Disk
05c,agnews,Ours-Disk,hybrid_disk,,agnews_05c_rerun_20260901_152210,,32,2.0,beam1,12,12,db1+coalescing+reuse,standard,1,0.956875,174.35565866,154492.01246875,132732.827,309770.72,563969.686,,,,,1360.851931572,1019435246,26259456.0,76932.0,275771392,407003078.0,905562614.0,262619136.0,0.0,338.505,338.525,1386598.4,153564.94752125,158.6621925,83.3313425,274.21054625,57.22135125,822.69875,220.11625,821.69875,321.29,322.29,322.18125,12.0,0.0,800,,ExRaBitQ4 symmetric Vamana + DB1 x INT8 production search,05c-ours-release-native-odirect-v2,,,,,,,,,,True,True,4096,,,passed,b50cf04323ed5196b80e97cf7e6cbdceccffacc7,Ours-Disk
05c,agnews,Ours-Disk,hybrid_disk,,agnews_05c_rerun_20260901_152210,,32,2.0,beam1,13,13,db1+coalescing+reuse,standard,1,0.960125,156.37353225,174530.452925,145424.254,381393.479,498909.318,,,,,1360.851931572,1019435246,26259456.0,76932.0,278544384,407003078.0,905562614.0,262619136.0,0.0,348.27625,348.2975,1426626.56,173602.8614175,159.00066875,81.6447775,277.86826375,59.56348625,850.49125,231.2925,849.49125,330.24875,331.24875,331.13,13.0,0.0,800,,ExRaBitQ4 symmetric Vamana + DB1 x INT8 production search,05c-ours-release-native-odirect-v2,,,,,,,,,,True,True,4096,,,passed,b50cf04323ed5196b80e97cf7e6cbdceccffacc7,Ours-Disk
05c,agnews,Ours-Disk,hybrid_disk,,agnews_05c_rerun_20260901_152210,,32,2.0,beam1,14,14,db1+coalescing+reuse,standard,1,0.965375,153.244560379,176483.5227525,147793.01,355693.579,652149.669,,,,,1360.851931572,1019435246,26259456.0,76932.0,281174016,407003078.0,905562614.0,262619136.0,0.0,357.905,357.92625,1466065.92,175509.0727,169.41067,83.70285875,292.62585625,64.10912375,880.305,242.37125,879.305,339.0,340.0,339.875,14.0,0.0,800,,ExRaBitQ4 symmetric Vamana + DB1 x INT8 production search,05c-ours-release-native-odirect-v2,,,,,,,,,,True,True,4096,,,passed,b50cf04323ed5196b80e97cf7e6cbdceccffacc7,Ours-Disk
05c,agnews,Ours-Disk,hybrid_disk,,agnews_05c_rerun_20260901_152210,,32,2.0,beam1,15,15,db1+coalescing+reuse,standard,1,0.968125,166.944482911,156736.02908,145628.5,287013.511,372669.906,,,,,1360.851931572,1019435246,26259456.0,76932.0,283316224,407003078.0,905562614.0,262619136.0,0.0,366.97125,366.99375,1503206.4,155724.287225,173.58666375,83.83052125,302.82407125,67.97578125,907.5925,252.6275,906.5925,347.2375,348.2375,348.1075,15.0,0.0,800,,ExRaBitQ4 symmetric Vamana + DB1 x INT8 production search,05c-ours-release-native-odirect-v2,,,,,,,,,,True,True,4096,,,passed,b50cf04323ed5196b80e97cf7e6cbdceccffacc7,Ours-Disk
05c,agnews,Ours-Disk,hybrid_disk,,agnews_05c_rerun_20260901_152210,,32,2.0,beam1,16,16,db1+coalescing+reuse,standard,1,0.970625,150.522234361,178257.8690425,159371.665,342809.796,467371.368,,,,,1360.851931572,1019435246,26259456.0,76932.0,285798400,407003078.0,905562614.0,262619136.0,0.0,375.5975,375.6225,1538549.76,177219.40729625,176.42772375,84.663335,312.79306375,70.71961,936.92375,263.0125,935.92375,354.97,355.97,355.835,16.0,0.0,800,,ExRaBitQ4 symmetric Vamana + DB1 x INT8 production search,05c-ours-release-native-odirect-v2,,,,,,,,,,True,True,4096,,,passed,b50cf04323ed5196b80e97cf7e6cbdceccffacc7,Ours-Disk
05c,agnews,Ours-Disk,hybrid_disk,,agnews_05c_rerun_20260901_152210,,32,2.0,beam1,17,17,db1+coalescing+reuse,standard,1,0.972625,152.781203456,178119.72214625,162746.961,319681.394,418223.828,,,,,1360.851931572,1019435246,26259456.0,76932.0,288710656,407003078.0,905562614.0,262619136.0,0.0,384.17125,384.19875,1573678.08,177022.5756875,181.621785,86.14846,326.137305,76.7269125,964.88,273.06625,963.88,362.69375,363.69375,363.55375,17.0,0.0,800,,ExRaBitQ4 symmetric Vamana + DB1 x INT8 production search,05c-ours-release-native-odirect-v2,,,,,,,,,,True,True,4096,,,passed,b50cf04323ed5196b80e97cf7e6cbdceccffacc7,Ours-Disk
05c,agnews,Ours-Disk,hybrid_disk,,agnews_05c_rerun_20260901_152210,,32,2.0,beam1,18,18,db1+coalescing+reuse,standard,1,0.975625,129.366238271,202670.87814875,173763.859,366316.972,816085.644,,,,,1360.851931572,1019435246,26259456.0,76932.0,291106816,407003078.0,905562614.0,262619136.0,0.0,392.605,392.63375,1608227.84,201580.329815,184.21199,83.48848875,332.2906975,81.47674,992.9075,282.52375,991.9075,370.26125,371.26125,371.115,18.0,0.0,800,,ExRaBitQ4 symmetric Vamana + DB1 x INT8 production search,05c-ours-release-native-odirect-v2,,,,,,,,,,True,True,4096,,,passed,b50cf04323ed5196b80e97cf7e6cbdceccffacc7,Ours-Disk
05c,agnews,Ours-Disk,hybrid_disk,,agnews_05c_rerun_20260901_152210,,32,2.0,beam1,19,19,db1+coalescing+reuse,standard,1,0.976625,133.977704103,201975.21524125,184656.404,372971.551,518643.604,,,,,1360.851931572,1019435246,26259456.0,76932.0,293064704,407003078.0,905562614.0,262619136.0,0.0,400.69875,400.7275,1641379.84,200834.37884375,187.382535,84.9278375,339.40744625,84.22548875,1020.39125,291.69625,1019.39125,377.48,378.48,378.325,19.0,0.0,800,,ExRaBitQ4 symmetric Vamana + DB1 x INT8 production search,05c-ours-release-native-odirect-v2,,,,,,,,,,True,True,4096,,,passed,b50cf04323ed5196b80e97cf7e6cbdceccffacc7,Ours-Disk
05c,agnews,Ours-Disk,hybrid_disk,,agnews_05c_rerun_20260901_152210,,32,2.0,beam1,20,20,db1+coalescing+reuse,standard,1,0.97775,142.042172166,190417.68453375,180164.512,333433.324,429636.348,,,,,1360.851931572,1019435246,26259456.0,76932.0,295710720,407003078.0,905562614.0,262619136.0,0.0,408.73875,408.76875,1674316.8,189294.53192125,190.21918875,83.93752875,347.804685,86.1415225,1048.92125,300.71875,1047.92125,384.65625,385.65625,385.495,20.0,0.0,800,,ExRaBitQ4 symmetric Vamana + DB1 x INT8 production search,05c-ours-release-native-odirect-v2,,,,,,,,,,True,True,4096,,,passed,b50cf04323ed5196b80e97cf7e6cbdceccffacc7,Ours-Disk
05c,agnews,Ours-Disk,hybrid_disk,,agnews_05c_rerun_20260901_152210,,32,2.0,beam1,21,21,db1+coalescing+reuse,standard,1,0.97875,128.614511307,212791.5238125,194686.954,394072.594,493975.434,,,,,1360.851931572,1019435246,26259456.0,76932.0,297652224,407003078.0,905562614.0,262619136.0,0.0,416.49375,416.52375,1706081.28,211582.00927625,189.3571975,84.1593325,363.874765,90.72814875,1076.3625,309.535,1075.3625,391.535,392.535,392.36375,21.0,0.0,800,,ExRaBitQ4 symmetric Vamana + DB1 x INT8 production search,05c-ours-release-native-odirect-v2,,,,,,,,,,True,True,4096,,,passed,b50cf04323ed5196b80e97cf7e6cbdceccffacc7,Ours-Disk
05c,agnews,Ours-Disk,hybrid_disk,,agnews_05c_rerun_20260901_152210,,32,2.0,beam1,22,22,db1+coalescing+reuse,standard,1,0.979625,129.028219273,207684.190035,195630.475,366183.239,454925.844,,,,,1360.851931572,1019435246,26259456.0,76932.0,299982848,407003078.0,905562614.0,262619136.0,0.0,424.1025,424.13375,1737251.84,206449.04597875,195.86663125,84.72656125,373.49645875,93.7806425,1103.6075,318.16625,1102.6075,398.2925,399.2925,399.11125,22.0,0.0,800,,ExRaBitQ4 symmetric Vamana + DB1 x INT8 production search,05c-ours-release-native-odirect-v2,,,,,,,,,,True,True,4096,,,passed,b50cf04323ed5196b80e97cf7e6cbdceccffacc7,Ours-Disk
05c,agnews,Ours-Disk,hybrid_disk,,agnews_05c_rerun_20260901_152210,,32,2.0,beam1,23,23,db1+coalescing+reuse,standard,1,0.980125,126.259549802,210145.30608375,196056.945,366824.08,460611.192,,,,,1360.851931572,1019435246,26259456.0,76932.0,302604288,407003078.0,905562614.0,262619136.0,0.0,431.51875,431.55,1767628.8,208941.68523125,194.73556,82.631025,378.25174875,95.73349875,1130.6925,326.62,1129.6925,404.84625,405.84625,405.66,23.0,0.0,800,,ExRaBitQ4 symmetric Vamana + DB1 x INT8 production search,05c-ours-release-native-odirect-v2,,,,,,,,,,True,True,4096,,,passed,b50cf04323ed5196b80e97cf7e6cbdceccffacc7,Ours-Disk
05c,agnews,Ours-Disk,hybrid_disk,,agnews_05c_rerun_20260901_152210,,32,2.0,beam1,24,24,db1+coalescing+reuse,standard,1,0.981125,121.725463256,222896.4216275,203067.863,391582.387,737766.557,,,,,1360.851931572,1019435246,26259456.0,76932.0,304263168,407003078.0,905562614.0,262619136.0,0.0,438.98375,439.0175,1798215.68,221633.6831825,202.13713125,83.69789625,392.59583,98.53271,1157.78875,335.0075,1156.78875,411.44375,412.44375,412.25,24.0,0.0,800,,ExRaBitQ4 symmetric Vamana + DB1 x INT8 production search,05c-ours-release-native-odirect-v2,,,,,,,,,,True,True,4096,,,passed,b50cf04323ed5196b80e97cf7e6cbdceccffacc7,Ours-Disk
05c,agnews,Ours-Disk,hybrid_disk,,agnews_05c_rerun_20260901_152210,,32,2.0,beam1,25,25,db1+coalescing+reuse,standard,1,0.98175,123.987084971,216267.4434,203794.766,371201.02,456815.63,,,,,1360.851931572,1019435246,26259456.0,76932.0,305573888,407003078.0,905562614.0,262619136.0,0.0,446.00625,446.04125,1826984.96,214999.40286,203.21229375,83.60502125,393.2382425,103.37491125,1184.2725,342.845,1183.2725,417.6425,418.6425,418.44125,25.0,0.0,800,,ExRaBitQ4 symmetric Vamana + DB1 x INT8 production search,05c-ours-release-native-odirect-v2,,,,,,,,,,True,True,4096,,,passed,b50cf04323ed5196b80e97cf7e6cbdceccffacc7,Ours-Disk
05c,agnews,Ours-Disk,hybrid_disk,,agnews_05c_rerun_20260901_152210,,32,2.0,beam1,26,26,db1+coalescing+reuse,standard,1,0.98225,121.874769216,221984.14225875,209170.941,388870.934,467806.35,,,,,1360.851931572,1019435246,26259456.0,76932.0,307671040,407003078.0,905562614.0,262619136.0,0.0,452.94,452.97875,1855400.96,220661.8126725,215.27121625,85.36179625,406.56099625,110.74988625,1211.10875,350.43375,1210.10875,423.70875,424.70875,424.4975,26.0,0.0,800,,ExRaBitQ4 symmetric Vamana + DB1 x INT8 production search,05c-ours-release-native-odirect-v2,,,,,,,,,,True,True,4096,,,passed,b50cf04323ed5196b80e97cf7e6cbdceccffacc7,Ours-Disk
05c,agnews,Ours-Disk,hybrid_disk,,agnews_05c_rerun_20260901_152210,,32,2.0,beam1,27,27,db1+coalescing+reuse,standard,1,0.982875,121.060531068,225028.47052,215494.549,384171.998,487551.33,,,,,1360.851931572,1019435246,26259456.0,76932.0,309202944,407003078.0,905562614.0,262619136.0,0.0,459.8825,459.92375,1883847.68,223721.84969375,209.61453375,83.54294125,410.52886625,111.596765,1238.88125,358.1275,1237.88125,429.77625,430.77625,430.56,27.0,0.0,800,,ExRaBitQ4 symmetric Vamana + DB1 x INT8 production search,05c-ours-release-native-odirect-v2,,,,,,,,,,True,True,4096,,,passed,b50cf04323ed5196b80e97cf7e6cbdceccffacc7,Ours-Disk
05c,agnews,Ours-Disk,hybrid_disk,,agnews_05c_rerun_20260901_152210,,32,2.0,beam1,28,28,db1+coalescing+reuse,standard,1,0.983375,115.470743663,234731.31970375,226326.072,384237.232,480745.966,,,,,1360.851931572,1019435246,26259456.0,76932.0,311128064,407003078.0,905562614.0,262619136.0,0.0,466.57375,466.615,1911255.04,233346.296575,220.5228125,87.0679975,430.56546125,118.06270375,1265.66875,365.45375,1264.66875,435.605,436.605,436.38625,28.0,0.0,800,,ExRaBitQ4 symmetric Vamana + DB1 x INT8 production search,05c-ours-release-native-odirect-v2,,,,,,,,,,True,True,4096,,,passed,b50cf04323ed5196b80e97cf7e6cbdceccffacc7,Ours-Disk
05c,agnews,Ours-Disk,hybrid_disk,,agnews_05c_rerun_20260901_152210,,32,2.0,beam1,29,29,db1+coalescing+reuse,standard,1,0.983875,117.710606366,230245.9757275,217754.422,393284.952,487932.84,,,,,1360.851931572,1019435246,26259456.0,76932.0,313286656,407003078.0,905562614.0,262619136.0,0.0,473.52375,473.565,1939722.24,228932.215615,210.97255875,82.6842025,420.64287625,114.70973125,1292.15125,372.9025,1291.15125,441.68,442.68,442.4525,29.0,0.0,800,,ExRaBitQ4 symmetric Vamana + DB1 x INT8 production search,05c-ours-release-native-odirect-v2,,,,,,,,,,True,True,4096,,,passed,b50cf04323ed5196b80e97cf7e6cbdceccffacc7,Ours-Disk
05c,agnews,Ours-Disk,hybrid_disk,,agnews_05c_rerun_20260901_152210,,32,2.0,beam1,30,30,db1+coalescing+reuse,standard,1,0.984,113.37672313,240307.8148725,230225.822,387750.843,492038.494,,,,,1360.851931572,1019435246,26259456.0,76932.0,315420672,407003078.0,905562614.0,262619136.0,0.0,479.78875,479.83,1965383.68,238965.743585,216.9085375,82.40313375,428.225145,120.08973125,1317.64625,379.91875,1316.64625,447.11,448.11,447.87375,30.0,0.0,800,,ExRaBitQ4 symmetric Vamana + DB1 x INT8 production search,05c-ours-release-native-odirect-v2,,,,,,,,,,True,True,4096,,,passed,b50cf04323ed5196b80e97cf7e6cbdceccffacc7,Ours-Disk
05c,agnews,Ours-Disk,hybrid_disk,,agnews_05c_rerun_20260901_152210,,32,2.0,beam1,40,40,db1+coalescing+reuse,standard,1,0.986875,94.529625249,286783.6831275,277295.004,455588.79,529243.73,,,,,1360.851931572,1019435246,26259456.0,76932.0,322809856,407003078.0,905562614.0,262619136.0,0.0,541.2975,541.345,2217349.12,285167.07700375,245.3270125,85.2594375,526.87212875,156.81695625,1576.33875,446.79,1575.33875,499.87875,500.87875,500.56625,40.0,0.0,800,,ExRaBitQ4 symmetric Vamana + DB1 x INT8 production search,05c-ours-release-native-odirect-v2,,,,,,,,,,True,True,4096,,,passed,b50cf04323ed5196b80e97cf7e6cbdceccffacc7,Ours-Disk
05c,agnews,Ours-Disk,hybrid_disk,,agnews_05c_rerun_20260901_152210,,32,2.0,beam1,50,50,db1+coalescing+reuse,standard,1,0.989125,81.830583733,333116.0340025,322177.188,513938.585,618221.491,,,,,1360.851931572,1019435246,26259456.0,76932.0,335126528,407003078.0,905562614.0,262619136.0,0.0,597.5225,597.58,2447687.68,331220.06562875,273.9545175,86.69957125,628.12693625,199.77493875,1824.60375,505.03625,1823.60375,547.33125,548.33125,547.9375,50.0,0.0,800,,ExRaBitQ4 symmetric Vamana + DB1 x INT8 production search,05c-ours-release-native-odirect-v2,,,,,,,,,,True,True,4096,,,passed,b50cf04323ed5196b80e97cf7e6cbdceccffacc7,Ours-Disk
05c,agnews,Ours-Disk,hybrid_disk,,agnews_05c_rerun_20260901_152210,,32,2.0,beam1,60,60,db1+coalescing+reuse,standard,1,0.991,73.55526895,374912.057145,360237.722,605731.495,714418.6,,,,,1360.851931572,1019435246,26259456.0,76932.0,349773824,407003078.0,905562614.0,262619136.0,0.0,650.3775,650.445,2664222.72,372961.1712575,272.56278625,79.60612625,661.10344125,219.53345375,2068.5625,556.18625,2067.5625,591.41375,592.41375,591.94,60.0,0.0,800,,ExRaBitQ4 symmetric Vamana + DB1 x INT8 production search,05c-ours-release-native-odirect-v2,,,,,,,,,,True,True,4096,,,passed,b50cf04323ed5196b80e97cf7e6cbdceccffacc7,Ours-Disk
05c,agnews,Ours-Disk,hybrid_disk,,agnews_05c_rerun_20260901_152210,,32,2.0,beam1,70,70,db1+coalescing+reuse,standard,1,0.991625,67.497688715,404398.1412,382687.85,656497.987,787286.315,,,,,1360.851931572,1019435246,26259456.0,76932.0,362348544,407003078.0,905562614.0,262619136.0,0.0,700.49875,700.56875,2869529.6,402182.936755,310.41894125,85.23514375,762.7677575,267.4638475,2308.23625,602.84375,2307.23625,632.6825,633.6825,633.14625,70.0,0.0,800,,ExRaBitQ4 symmetric Vamana + DB1 x INT8 production search,05c-ours-release-native-odirect-v2,,,,,,,,,,True,True,4096,,,passed,b50cf04323ed5196b80e97cf7e6cbdceccffacc7,Ours-Disk
05c,agnews,Ours-Disk,hybrid_disk,,agnews_05c_rerun_20260901_152210,,32,2.0,beam1,80,80,db1+coalescing+reuse,standard,1,0.992125,63.169592553,437607.2871225,426784.447,681258.696,813180.459,,,,,1360.851931572,1019435246,26259456.0,76932.0,373583872,407003078.0,905562614.0,262619136.0,0.0,748.87625,748.95,3067699.2,435200.24648625,333.2707675,86.2985625,824.7300175,302.42626375,2539.5425,646.56,2538.5425,672.21625,673.21625,672.61375,80.0,0.0,800,,ExRaBitQ4 symmetric Vamana + DB1 x INT8 production search,05c-ours-release-native-odirect-v2,,,,,,,,,,True,True,4096,,,passed,b50cf04323ed5196b80e97cf7e6cbdceccffacc7,Ours-Disk
05c,agnews,Ours-Disk,hybrid_disk,,agnews_05c_rerun_20260901_152210,,32,2.0,beam1,90,90,db1+coalescing+reuse,standard,1,0.99225,56.881473919,485835.008007499,462630.214,746317.648,863929.01,,,,,1360.851931572,1019435246,26259456.0,76932.0,387571712,407003078.0,905562614.0,262619136.0,0.0,796.81375,796.89375,3264076.8,483227.01145,348.97065875,86.54980375,896.8398075,340.245955,2768.1,689.10125,2767.1,711.32,712.32,711.655,90.0,0.0,800,,ExRaBitQ4 symmetric Vamana + DB1 x INT8 production search,05c-ours-release-native-odirect-v2,,,,,,,,,,True,True,4096,,,passed,b50cf04323ed5196b80e97cf7e6cbdceccffacc7,Ours-Disk
05c,agnews,Ours-Disk,hybrid_disk,,agnews_05c_rerun_20260901_152210,,32,2.0,beam1,100,100,db1+coalescing+reuse,standard,1,0.992625,52.538169707,528578.996767501,507331.872,819146.807,998385.226,,,,,1360.851931572,1019435246,26259456.0,76932.0,399060992,407003078.0,905562614.0,262619136.0,0.0,843.3125,843.39625,3454551.04,525718.97597875,381.711945,90.07899625,965.419045,382.736885,2991.68125,729.13125,2990.68125,748.9925,749.9925,749.24125,100.0,0.0,800,,ExRaBitQ4 symmetric Vamana + DB1 x INT8 production search,05c-ours-release-native-odirect-v2,,,,,,,,,,True,True,4096,,,passed,b50cf04323ed5196b80e97cf7e6cbdceccffacc7,Ours-Disk
05c,agnews,Ours-Disk,hybrid_disk,,agnews_05c_rerun_20260901_152210,,32,2.0,beam1,140,140,db1+coalescing+reuse,standard,1,0.99375,41.202420993,663804.30302,646663.579,975481.438,1210044.135,,,,,1360.851931572,1019435246,26259456.0,76932.0,432484352,407003078.0,905562614.0,262619136.0,0.0,1025.9575,1026.0475,4202690.56,660277.09712375,459.19293625,91.7177575,1271.01847625,391.78087875,3858.26625,881.46125,3857.26625,896.37125,897.37125,896.26125,100.0,0.0,800,,ExRaBitQ4 symmetric Vamana + DB1 x INT8 production search,05c-ours-release-native-odirect-v2,,,,,,,,,,True,True,4096,,,passed,b50cf04323ed5196b80e97cf7e6cbdceccffacc7,Ours-Disk
05c,agnews,Ours-Disk,hybrid_disk,,agnews_05c_rerun_20260901_152210,,32,2.0,beam1,180,180,db1+coalescing+reuse,standard,1,0.993875,32.737947708,853697.85056,818597.297,1291807.694,1525726.008,,,,,1360.851931572,1019435246,26259456.0,76932.0,471498752,407003078.0,905562614.0,262619136.0,0.0,1203.6625,1203.76875,4930636.8,849527.02789625,542.7148125,92.67697875,1537.66083375,392.92779,4683.37125,1026.63375,4682.37125,1038.75375,1039.75375,1038.265,100.0,0.0,800,,ExRaBitQ4 symmetric Vamana + DB1 x INT8 production search,05c-ours-release-native-odirect-v2,,,,,,,,,,True,True,4096,,,passed,b50cf04323ed5196b80e97cf7e6cbdceccffacc7,Ours-Disk
05c,agnews,Ours-Disk,hybrid_disk,,agnews_05c_rerun_20260901_152210,,32,2.0,beam1,220,220,db1+coalescing+reuse,standard,1,0.994375,29.282183355,949165.199483751,920883.135,1365223.214,1598439.997,,,,,1360.851931572,1019435246,26259456.0,76932.0,511320064,407003078.0,905562614.0,262619136.0,0.0,1380.15875,1380.2825,5653637.12,943877.726562501,615.62479625,95.38126,1867.39705125,430.61943125,5480.40375,1169.16625,5479.40375,1179.9075,1180.9075,1179.0,100.0,0.0,800,,ExRaBitQ4 symmetric Vamana + DB1 x INT8 production search,05c-ours-release-native-odirect-v2,,,,,,,,,,True,True,4096,,,passed,b50cf04323ed5196b80e97cf7e6cbdceccffacc7,Ours-Disk
05c,agnews,Ours-Disk,hybrid_disk,,agnews_05c_rerun_20260901_152210,,32,2.0,beam1,260,260,db1+coalescing+reuse,standard,1,0.994375,26.502665558,1039661.283210001,1025307.789,1498031.033,1748475.667,,,,,1360.851931572,1019435246,26259456.0,76932.0,548220928,407003078.0,905562614.0,262619136.0,0.0,1556.2,1556.3325,6374737.92,1033925.016692501,703.54539125,102.28936375,2163.08102625,412.42848,6256.46875,1310.66,6255.46875,1320.74875,1321.74875,1319.33625,100.0,0.0,800,,ExRaBitQ4 symmetric Vamana + DB1 x INT8 production search,05c-ours-release-native-odirect-v2,,,,,,,,,,True,True,4096,,,passed,b50cf04323ed5196b80e97cf7e6cbdceccffacc7,Ours-Disk
05c,agnews,Ours-Disk,hybrid_disk,,agnews_05c_rerun_20260901_152210,,32,2.0,beam1,300,300,db1+coalescing+reuse,standard,1,0.994375,23.769774294,1166665.54585,1145768.768,1667682.381,1875742.383,,,,,1360.851931572,1019435246,26259456.0,76932.0,584110080,407003078.0,905562614.0,262619136.0,0.0,1731.9925,1732.1375,7094835.2,1159643.4666225,788.76751375,105.61797875,2720.6728825,446.33325875,7018.39125,1451.67,7017.39125,1461.385,1462.385,1459.42,100.0,0.0,800,,ExRaBitQ4 symmetric Vamana + DB1 x INT8 production search,05c-ours-release-native-odirect-v2,,,,,,,,,,True,True,4096,,,passed,b50cf04323ed5196b80e97cf7e6cbdceccffacc7,Ours-Disk
05c,agnews,Ours-Disk,hybrid_disk,,agnews_05c_rerun_20260901_152210,,32,2.0,beam1,340,340,db1+coalescing+reuse,standard,1,0.994375,21.493792066,1292433.673992499,1245111.846,1914990.485,2183225.879,,,,,1360.851931572,1019435246,26259456.0,76932.0,621817856,407003078.0,905562614.0,262619136.0,0.0,1907.1525,1907.30875,7812336.64,1285259.09320125,873.89875625,106.58336375,2715.322355,427.5310575,7764.36,1592.13875,7763.36,1601.495,1602.495,1598.90375,100.0,0.0,800,,ExRaBitQ4 symmetric Vamana + DB1 x INT8 production search,05c-ours-release-native-odirect-v2,,,,,,,,,,True,True,4096,,,passed,b50cf04323ed5196b80e97cf7e6cbdceccffacc7,Ours-Disk
05c,agnews,Ours-Disk,hybrid_disk,,agnews_05c_rerun_20260901_152210,,32,2.0,beam1,380,380,db1+coalescing+reuse,standard,1,0.994375,19.317960732,1447074.131355001,1409036.373,2096213.032,2408109.584,,,,,1360.851931572,1019435246,26259456.0,76932.0,656990208,407003078.0,905562614.0,262619136.0,0.0,2080.5675,2080.73,8522670.08,1439107.358321249,952.26878125,106.98806,3050.01150625,436.52488,8490.7625,1730.785,8489.7625,1740.02875,1741.02875,1736.75875,100.0,0.0,800,,ExRaBitQ4 symmetric Vamana + DB1 x INT8 production search,05c-ours-release-native-odirect-v2,,,,,,,,,,True,True,4096,,,passed,b50cf04323ed5196b80e97cf7e6cbdceccffacc7,Ours-Disk
05c,agnews,Ours-Disk,hybrid_disk,,agnews_05c_rerun_20260901_152210,,32,2.0,beam1,420,420,db1+coalescing+reuse,standard,1,0.994375,17.993641488,1557234.3831,1531970.768,2203110.001,2474872.651,,,,,1360.851931572,1019435246,26259456.0,76932.0,688967680,407003078.0,905562614.0,262619136.0,0.0,2253.21625,2253.38625,9229870.08,1548289.52319125,1039.61795875,107.30760875,3386.58076375,457.25553625,9207.965,1868.905,9206.965,1877.88,1878.88,1873.8825,100.0,0.0,800,,ExRaBitQ4 symmetric Vamana + DB1 x INT8 production search,05c-ours-release-native-odirect-v2,,,,,,,,,,True,True,4096,,,passed,b50cf04323ed5196b80e97cf7e6cbdceccffacc7,Ours-Disk
05c,agnews,Ours-Disk,hybrid_disk,,agnews_05c_rerun_20260901_152210,,32,2.0,beam1,460,460,db1+coalescing+reuse,standard,1,0.994375,16.534414896,1686921.5429425,1653870.989,2323075.141,2568228.885,,,,,1360.851931572,1019435246,26259456.0,76932.0,718196736,407003078.0,905562614.0,262619136.0,0.0,2425.75625,2425.93625,9936634.88,1677875.661262502,1118.5371275,107.32034625,3382.138105,431.5595375,9909.03125,2006.37,9908.03125,2015.465,2016.465,2010.77125,100.0,0.0,800,,ExRaBitQ4 symmetric Vamana + DB1 x INT8 production search,05c-ours-release-native-odirect-v2,,,,,,,,,,True,True,4096,,,passed,b50cf04323ed5196b80e97cf7e6cbdceccffacc7,Ours-Disk
05c,agnews,Ours-Disk,hybrid_disk,,agnews_05c_rerun_20260901_152210,,32,2.0,beam1,500,500,db1+coalescing+reuse,standard,1,0.994375,15.274068596,1822508.055986251,1781063.295,2526318.358,2767976.744,,,,,1360.851931572,1019435246,26259456.0,76932.0,758075392,407003078.0,905562614.0,262619136.0,0.0,2597.53,2597.7175,10640250.88,1812304.70692375,1199.718465,106.1699025,3843.28029375,456.26764625,10598.7325,2143.7475,10597.7325,2152.56125,2153.56125,2147.12375,100.0,0.0,800,,ExRaBitQ4 symmetric Vamana + DB1 x INT8 production search,05c-ours-release-native-odirect-v2,,,,,,,,,,True,True,4096,,,passed,b50cf04323ed5196b80e97cf7e6cbdceccffacc7,Ours-Disk
05c,agnews,Ours-Disk,hybrid_disk,,agnews_05c_rerun_20260901_152210,,32,2.0,beam1,540,540,db1+coalescing+reuse,standard,1,0.994375,14.269346836,1950891.046477501,1941765.219,2709541.213,2974912.546,,,,,1360.851931572,1019435246,26259456.0,76932.0,787505152,407003078.0,905562614.0,262619136.0,0.0,2768.3275,2768.52,11339857.92,1940402.417915002,1282.26604875,107.20404125,3859.57756375,442.99688875,11277.63,2279.90125,11276.63,2288.72875,2289.72875,2282.47125,100.0,0.0,800,,ExRaBitQ4 symmetric Vamana + DB1 x INT8 production search,05c-ours-release-native-odirect-v2,,,,,,,,,,True,True,4096,,,passed,b50cf04323ed5196b80e97cf7e6cbdceccffacc7,Ours-Disk
05c,agnews,Ours-Disk,hybrid_disk,,agnews_05c_rerun_20260901_152210,,32,2.0,beam1,580,580,db1+coalescing+reuse,standard,1,0.994375,13.454388966,2076208.410758751,2035152.122,2821804.288,3186347.576,,,,,1360.851931572,1019435246,26259456.0,76932.0,818089984,407003078.0,905562614.0,262619136.0,0.0,2938.25625,2938.45375,12035906.56,2064738.091537501,1361.461185,109.11476125,4317.0307075,454.01395,11953.185,2415.505,11952.185,2424.09,2425.09,2416.94875,100.0,0.0,800,,ExRaBitQ4 symmetric Vamana + DB1 x INT8 production search,05c-ours-release-native-odirect-v2,,,,,,,,,,True,True,4096,,,passed,b50cf04323ed5196b80e97cf7e6cbdceccffacc7,Ours-Disk
