config_id,search_param,search_width,effective_search_width,ablation,beam_width,recall,qps,latency_mean_us,latency_p50_us,latency_p95_us,latency_p99_us,index_size_mb,resident_bytes,peak_rss_bytes,io_requests_per_query,sectors_4k_per_query,bytes_read_per_query,io_wait_us,distance_compute_us,query_prep_us,queue_compute_us,rerank_us,visited_nodes,distance_evaluations,db1_checks,db1_survivors,full4_candidates,full4_page_reads,rerank_candidates,rerank_page_reads,query_count,dataset,method,source_row,qps_units,p95_ms,read_mib,formal_ready,workers,cache_mode,repeat_id,source_run_id,binary_sha256,query_split_sha256
beam1,10,10,10,db1+coalescing+reuse,1,0.93175,608.109068448,52041.0349825,50800.124,78949.707,100133.88,1363.786890984,116950160,437133312,167.02125,209.4725,857999.36,39405.28918375,411.51763625,94.7669175,436.67419375,3548.6239725,762.455,302.6275,761.455,301.6275,302.6275,199.6875,10.0,9.785,800,agnews,Ours-Disk,0,queries/s,78.94970699999999,0.818251953125,False,32,c0,0,native_integration_query_cache,a64dfc64e5f351aa48e5d929d8413143935aa0b6079046402d3a04a2f826c92c,078548f8ed3526b3de09fb06f5c9b26f0125e3c1e0aeb017b99f5f4c95be6bb7
beam1,11,11,11,db1+coalescing+reuse,1,0.946625,547.18535092,58012.29374,57648.132,81793.471,92957.017,1363.786890984,116950160,503287808,175.2375,218.19625,893731.84,39201.86222,588.183995,90.68448875,594.73748375,3452.2122425,792.03875,312.5925,791.03875,311.5925,312.5925,207.45125,11.0,10.745,800,agnews,Ours-Disk,1,queries/s,81.79347100000001,0.8523291015625,False,32,c0,0,native_integration_query_cache,a64dfc64e5f351aa48e5d929d8413143935aa0b6079046402d3a04a2f826c92c,078548f8ed3526b3de09fb06f5c9b26f0125e3c1e0aeb017b99f5f4c95be6bb7
beam1,12,12,12,db1+coalescing+reuse,1,0.956875,537.521586145,58931.51155875,58423.406,81426.985,92650.9,1363.786890984,116950160,566366208,183.39875,226.85125,929182.72,40051.18209375,597.64634125,90.3901125,594.9959475,3674.33584625,822.69875,322.29,821.69875,321.29,322.29,215.1725,12.0,11.67875,800,agnews,Ours-Disk,2,queries/s,81.426985,0.8861376953125,False,32,c0,0,native_integration_query_cache,a64dfc64e5f351aa48e5d929d8413143935aa0b6079046402d3a04a2f826c92c,078548f8ed3526b3de09fb06f5c9b26f0125e3c1e0aeb017b99f5f4c95be6bb7
beam1,13,13,13,db1+coalescing+reuse,1,0.960125,520.557079859,61154.458995,60858.945,81016.321,93648.734,1363.786890984,116950160,566366208,190.94125,234.795,961720.32,43157.0132175,567.22493125,87.55191875,582.21298875,3724.76288125,850.49125,331.24875,849.49125,330.24875,331.24875,222.16875,13.0,12.62625,800,agnews,Ours-Disk,3,queries/s,81.01632099999999,0.91716796875,False,32,c0,0,native_integration_query_cache,a64dfc64e5f351aa48e5d929d8413143935aa0b6079046402d3a04a2f826c92c,078548f8ed3526b3de09fb06f5c9b26f0125e3c1e0aeb017b99f5f4c95be6bb7
beam1,14,14,14,db1+coalescing+reuse,1,0.965375,495.446226465,64211.80952,62921.749,87099.542,102408.464,1363.786890984,116950160,566366208,198.5175,242.7625,994355.2,42924.9476375,677.3526,92.52233375,648.03581625,4071.68605,880.305,340.0,879.305,339.0,340.0,229.195,14.0,13.5675,800,agnews,Ours-Disk,4,queries/s,87.099542,0.948291015625,False,32,c0,0,native_integration_query_cache,a64dfc64e5f351aa48e5d929d8413143935aa0b6079046402d3a04a2f826c92c,078548f8ed3526b3de09fb06f5c9b26f0125e3c1e0aeb017b99f5f4c95be6bb7
beam1,15,15,15,db1+coalescing+reuse,1,0.968125,486.954145403,65221.16014625,64533.622,90332.43,104190.083,1363.786890984,116950160,566366208,205.68375,250.28875,1025182.72,44795.42586,643.57589875,100.03621625,1012.6366775,4298.04265875,907.5925,348.2375,906.5925,347.2375,348.2375,235.77125,15.0,14.5175,800,agnews,Ours-Disk,5,queries/s,90.33242999999999,0.9776904296875,False,32,c0,0,native_integration_query_cache,a64dfc64e5f351aa48e5d929d8413143935aa0b6079046402d3a04a2f826c92c,078548f8ed3526b3de09fb06f5c9b26f0125e3c1e0aeb017b99f5f4c95be6bb7
beam1,16,16,16,db1+coalescing+reuse,1,0.970625,464.857450765,68260.5072825,67768.358,91952.071,112835.827,1363.786890984,116950160,566366208,212.48625,257.44625,1054499.84,48093.1782675,639.8871525,98.7323875,789.75621,4499.47201,936.92375,355.97,935.92375,354.97,355.97,241.98875,16.0,15.4575,800,agnews,Ours-Disk,6,queries/s,91.95207099999999,1.0056494140625,False,32,c0,0,native_integration_query_cache,a64dfc64e5f351aa48e5d929d8413143935aa0b6079046402d3a04a2f826c92c,078548f8ed3526b3de09fb06f5c9b26f0125e3c1e0aeb017b99f5f4c95be6bb7
beam1,17,17,17,db1+coalescing+reuse,1,0.972625,525.188201422,60636.0943075,60426.784,82570.329,95310.664,1363.786890984,116950160,566366208,219.30125,264.61125,1083847.68,54856.1880575,216.169195,75.73878375,358.610795,3556.40491125,964.88,363.69375,963.88,362.69375,363.69375,248.20125,17.0,16.41,800,agnews,Ours-Disk,7,queries/s,82.570329,1.0336376953125,False,32,c0,0,native_integration_query_cache,a64dfc64e5f351aa48e5d929d8413143935aa0b6079046402d3a04a2f826c92c,078548f8ed3526b3de09fb06f5c9b26f0125e3c1e0aeb017b99f5f4c95be6bb7
beam1,18,18,18,db1+coalescing+reuse,1,0.975625,473.013880803,67179.5613125,67485.234,90852.426,102191.054,1363.786890984,116950160,566366208,226.04375,271.6675,1112750.08,53233.362655,472.77190125,80.43407625,522.7207825,4365.40195375,992.9075,371.26125,991.9075,370.26125,371.26125,254.31125,18.0,17.35625,800,agnews,Ours-Disk,8,queries/s,90.85242600000001,1.061201171875,False,32,c0,0,native_integration_query_cache,a64dfc64e5f351aa48e5d929d8413143935aa0b6079046402d3a04a2f826c92c,078548f8ed3526b3de09fb06f5c9b26f0125e3c1e0aeb017b99f5f4c95be6bb7
beam1,19,19,19,db1+coalescing+reuse,1,0.976625,446.116848028,71426.7894275,71612.802,92496.295,108071.927,1363.786890984,116950160,566366208,232.55,278.4525,1140541.44,54553.61565,550.3415275,85.05929,579.39047875,4909.49481875,1020.39125,378.48,1019.39125,377.48,378.48,260.14125,19.0,18.31125,800,agnews,Ours-Disk,9,queries/s,92.496295,1.087705078125,False,32,c0,0,native_integration_query_cache,a64dfc64e5f351aa48e5d929d8413143935aa0b6079046402d3a04a2f826c92c,078548f8ed3526b3de09fb06f5c9b26f0125e3c1e0aeb017b99f5f4c95be6bb7
beam1,20,20,20,db1+coalescing+reuse,1,0.97775,428.093521782,73830.28484375,73950.224,97805.558,119742.0,1363.786890984,116950160,566366208,239.07375,285.23625,1168327.68,55624.86535375,607.92593125,86.2329575,614.742555,5268.07483875,1048.92125,385.65625,1047.92125,384.65625,385.65625,265.985,20.0,19.25125,800,agnews,Ours-Disk,10,queries/s,97.805558,1.1142041015625,False,32,c0,0,native_integration_query_cache,a64dfc64e5f351aa48e5d929d8413143935aa0b6079046402d3a04a2f826c92c,078548f8ed3526b3de09fb06f5c9b26f0125e3c1e0aeb017b99f5f4c95be6bb7
beam1,21,21,21,db1+coalescing+reuse,1,0.97875,455.280315518,69626.58445125,69450.777,93347.99,103542.731,1363.786890984,116950160,566366208,245.335,291.81,1195253.76,59054.0232525,386.65736625,85.58936375,475.05275125,4381.15329875,1076.3625,392.535,1075.3625,391.535,392.535,271.62875,21.0,20.18125,800,agnews,Ours-Disk,11,queries/s,93.34799000000001,1.1398828125,False,32,c0,0,native_integration_query_cache,a64dfc64e5f351aa48e5d929d8413143935aa0b6079046402d3a04a2f826c92c,078548f8ed3526b3de09fb06f5c9b26f0125e3c1e0aeb017b99f5f4c95be6bb7
beam1,22,22,22,db1+coalescing+reuse,1,0.979625,444.788594183,71448.30921375,71082.573,97709.204,111114.763,1363.786890984,116950160,566366208,251.54625,298.30125,1221841.92,60624.96478375,394.83394625,79.22522,479.97120875,4568.13767125,1103.6075,399.2925,1102.6075,398.2925,399.2925,277.195,22.0,21.10625,800,agnews,Ours-Disk,12,queries/s,97.709204,1.1652392578125,False,32,c0,0,native_integration_query_cache,a64dfc64e5f351aa48e5d929d8413143935aa0b6079046402d3a04a2f826c92c,078548f8ed3526b3de09fb06f5c9b26f0125e3c1e0aeb017b99f5f4c95be6bb7
beam1,23,23,23,db1+coalescing+reuse,1,0.980125,426.394453946,74577.542755,74733.89,99406.919,115494.753,1363.786890984,116950160,566366208,257.54,304.575,1247539.2,62074.080335,448.176225,84.10861125,517.99986125,4915.103695,1130.6925,405.84625,1129.6925,404.84625,405.84625,282.53875,23.0,22.03625,800,agnews,Ours-Disk,13,queries/s,99.40691899999999,1.18974609375,False,32,c0,0,native_integration_query_cache,a64dfc64e5f351aa48e5d929d8413143935aa0b6079046402d3a04a2f826c92c,078548f8ed3526b3de09fb06f5c9b26f0125e3c1e0aeb017b99f5f4c95be6bb7
beam1,24,24,24,db1+coalescing+reuse,1,0.981125,412.480422197,77059.9556125,76977.158,100508.748,123933.543,1363.786890984,116950160,566366208,263.67375,310.965,1273712.64,63349.41463625,498.85324375,84.41715875,549.26951125,5204.21476,1157.78875,412.44375,1156.78875,411.44375,412.44375,287.99,24.0,22.975,800,agnews,Ours-Disk,14,queries/s,100.50874800000001,1.21470703125,False,32,c0,0,native_integration_query_cache,a64dfc64e5f351aa48e5d929d8413143935aa0b6079046402d3a04a2f826c92c,078548f8ed3526b3de09fb06f5c9b26f0125e3c1e0aeb017b99f5f4c95be6bb7
beam1,25,25,25,db1+coalescing+reuse,1,0.98175,412.61164471,76572.3304875,74961.693,104755.598,116308.724,1363.786890984,116950160,566366208,269.52875,317.06375,1298693.12,67175.4136325,350.09202375,79.49306875,473.79239,4740.398285,1184.2725,418.6425,1183.2725,417.6425,418.6425,293.1575,25.0,23.90625,800,agnews,Ours-Disk,15,queries/s,104.75559799999999,1.2385302734375,False,32,c0,0,native_integration_query_cache,a64dfc64e5f351aa48e5d929d8413143935aa0b6079046402d3a04a2f826c92c,078548f8ed3526b3de09fb06f5c9b26f0125e3c1e0aeb017b99f5f4c95be6bb7
beam1,26,26,26,db1+coalescing+reuse,1,0.98225,379.445061285,83685.59105125,82444.284,118690.153,134394.611,1363.786890984,116950160,566366208,275.19,322.945,1322782.72,62983.46230625,717.72087125,88.30652625,841.4923675,6460.65330375,1211.10875,424.70875,1210.10875,423.70875,424.70875,298.1225,26.0,24.8225,800,agnews,Ours-Disk,16,queries/s,118.69015300000001,1.26150390625,False,32,c0,0,native_integration_query_cache,a64dfc64e5f351aa48e5d929d8413143935aa0b6079046402d3a04a2f826c92c,078548f8ed3526b3de09fb06f5c9b26f0125e3c1e0aeb017b99f5f4c95be6bb7
beam1,27,27,27,db1+coalescing+reuse,1,0.982875,352.508621591,90348.16279875,89643.245,121029.36,143932.265,1363.786890984,116950160,566366208,280.89375,328.8875,1347123.2,63901.68310125,877.6911625,98.988845,975.18279,7510.44580875,1238.88125,430.77625,1237.88125,429.77625,430.77625,303.13,27.0,25.7575,800,agnews,Ours-Disk,17,queries/s,121.02936,1.284716796875,False,32,c0,0,native_integration_query_cache,a64dfc64e5f351aa48e5d929d8413143935aa0b6079046402d3a04a2f826c92c,078548f8ed3526b3de09fb06f5c9b26f0125e3c1e0aeb017b99f5f4c95be6bb7
beam1,28,28,28,db1+coalescing+reuse,1,0.983375,400.977726847,79230.7091575,78640.211,107476.508,121815.963,1363.786890984,116950160,566366208,286.4325,334.66,1370767.36,71880.70513875,300.957275,81.3595825,447.1632075,4628.7837525,1265.66875,436.605,1264.66875,435.605,436.605,307.98375,28.0,26.67625,800,agnews,Ours-Disk,18,queries/s,107.476508,1.307265625,False,32,c0,0,native_integration_query_cache,a64dfc64e5f351aa48e5d929d8413143935aa0b6079046402d3a04a2f826c92c,078548f8ed3526b3de09fb06f5c9b26f0125e3c1e0aeb017b99f5f4c95be6bb7
beam1,29,29,29,db1+coalescing+reuse,1,0.983875,394.726815849,80671.3283175,80540.686,108481.676,118012.44,1363.786890984,116950160,566366208,292.225,340.66875,1395379.2,73990.5152575,278.60630875,76.2317375,434.57862125,4656.86182625,1292.15125,442.68,1291.15125,441.68,442.68,313.0725,29.0,27.59625,800,agnews,Ours-Disk,19,queries/s,108.48167600000001,1.3307373046875,False,32,c0,0,native_integration_query_cache,a64dfc64e5f351aa48e5d929d8413143935aa0b6079046402d3a04a2f826c92c,078548f8ed3526b3de09fb06f5c9b26f0125e3c1e0aeb017b99f5f4c95be6bb7
beam1,30,30,30,db1+coalescing+reuse,1,0.984,366.732892148,86876.46454875,87119.618,114382.844,132091.564,1363.786890984,116950160,566366208,297.455,346.07125,1417507.84,71258.142195,572.47720125,82.3582375,616.5157875,6362.28665,1317.64625,448.11,1316.64625,447.11,448.11,317.5675,30.0,28.50375,800,agnews,Ours-Disk,20,queries/s,114.38284399999999,1.3518408203125,False,32,c0,0,native_integration_query_cache,a64dfc64e5f351aa48e5d929d8413143935aa0b6079046402d3a04a2f826c92c,078548f8ed3526b3de09fb06f5c9b26f0125e3c1e0aeb017b99f5f4c95be6bb7
beam1,40,40,40,db1+coalescing+reuse,1,0.986875,302.287070954,105087.08486375,103865.727,144113.501,165282.126,1363.786890984,116950160,566366208,348.82125,399.455,1636167.68,82378.05574375,868.19454875,83.39365,803.6544225,9306.07392,1576.33875,500.87875,1575.33875,499.87875,500.87875,361.82375,40.0,37.63125,800,agnews,Ours-Disk,21,queries/s,144.11350099999999,1.56037109375,False,32,c0,0,native_integration_query_cache,a64dfc64e5f351aa48e5d929d8413143935aa0b6079046402d3a04a2f826c92c,078548f8ed3526b3de09fb06f5c9b26f0125e3c1e0aeb017b99f5f4c95be6bb7
beam1,50,50,50,db1+coalescing+reuse,1,0.989125,259.293532258,122655.802795,120995.14,169158.886,202716.27,1363.786890984,116950160,566366208,395.81875,448.295,1836216.32,93831.35626875,1077.96264875,90.9323775,1216.7064325,12303.60455625,1824.60375,548.33125,1823.60375,547.33125,548.33125,401.67375,50.0,46.62125,800,agnews,Ours-Disk,22,queries/s,169.158886,1.75115234375,False,32,c0,0,native_integration_query_cache,a64dfc64e5f351aa48e5d929d8413143935aa0b6079046402d3a04a2f826c92c,078548f8ed3526b3de09fb06f5c9b26f0125e3c1e0aeb017b99f5f4c95be6bb7
beam1,60,60,60,db1+coalescing+reuse,1,0.991,224.130480401,141414.67186125,136857.558,201465.126,234182.992,1363.786890984,116950160,566366208,440.27375,494.47125,2025354.24,103777.2093325,1427.9140575,101.43507375,1514.87127625,15334.648755,2068.5625,592.41375,2067.5625,591.41375,592.41375,438.96625,60.0,55.505,800,agnews,Ours-Disk,23,queries/s,201.465126,1.9315283203125,False,32,c0,0,native_integration_query_cache,a64dfc64e5f351aa48e5d929d8413143935aa0b6079046402d3a04a2f826c92c,078548f8ed3526b3de09fb06f5c9b26f0125e3c1e0aeb017b99f5f4c95be6bb7
beam1,70,70,70,db1+coalescing+reuse,1,0.991625,215.627335167,147278.907985,145863.157,206479.124,234228.843,1363.786890984,116950160,566366208,482.4875,538.3,2204876.8,119006.47587,1145.2487275,90.64297625,1209.12320125,14491.65890625,2308.23625,633.6825,2307.23625,632.6825,633.6825,473.91875,70.0,64.38125,800,agnews,Ours-Disk,24,queries/s,206.479124,2.102734375,False,32,c0,0,native_integration_query_cache,a64dfc64e5f351aa48e5d929d8413143935aa0b6079046402d3a04a2f826c92c,078548f8ed3526b3de09fb06f5c9b26f0125e3c1e0aeb017b99f5f4c95be6bb7
beam1,80,80,80,db1+coalescing+reuse,1,0.992125,187.341726889,169829.69284125,167506.025,233394.547,271277.007,1363.786890984,116950160,566366208,523.09625,580.58375,2378071.04,126983.92716,1738.67545,103.23830125,1703.13368875,20988.4347275,2539.5425,673.21625,2538.5425,672.21625,673.21625,507.45,80.0,73.13375,800,agnews,Ours-Disk,25,queries/s,233.394547,2.2679052734375,False,32,c0,0,native_integration_query_cache,a64dfc64e5f351aa48e5d929d8413143935aa0b6079046402d3a04a2f826c92c,078548f8ed3526b3de09fb06f5c9b26f0125e3c1e0aeb017b99f5f4c95be6bb7
beam1,90,90,90,db1+coalescing+reuse,1,0.99225,175.352026657,180782.62453875,177065.928,257372.453,290065.086,1363.786890984,116950160,566366208,563.0275,622.20875,2548567.04,139030.403515,1733.4261775,98.62574875,1674.49527,22129.6643575,2768.1,712.32,2767.1,711.32,712.32,540.3625,90.0,81.84625,800,agnews,Ours-Disk,26,queries/s,257.372453,2.4305029296875,False,32,c0,0,native_integration_query_cache,a64dfc64e5f351aa48e5d929d8413143935aa0b6079046402d3a04a2f826c92c,078548f8ed3526b3de09fb06f5c9b26f0125e3c1e0aeb017b99f5f4c95be6bb7
beam1,100,100,100,db1+coalescing+reuse,1,0.992625,167.721428469,189675.0632575,186422.112,271177.733,322141.112,1363.786890984,116950160,566366208,601.70875,662.6,2714009.6,150344.19012125,1705.47284375,94.12632875,1565.7671575,22183.1266325,2991.68125,749.9925,2990.68125,748.9925,749.9925,572.08125,100.0,90.51875,800,agnews,Ours-Disk,27,queries/s,271.177733,2.58828125,False,32,c0,0,native_integration_query_cache,a64dfc64e5f351aa48e5d929d8413143935aa0b6079046402d3a04a2f826c92c,078548f8ed3526b3de09fb06f5c9b26f0125e3c1e0aeb017b99f5f4c95be6bb7
beam1,140,140,140,db1+coalescing+reuse,1,0.99375,152.579108555,208331.32333625,202895.908,305516.263,354350.638,1363.786890984,116950160,566366208,723.645,786.12625,3219973.12,180703.33978125,1478.5320725,84.24089875,1769.71147625,13176.96840875,3858.26625,897.37125,3857.26625,896.37125,897.37125,695.5525,100.0,90.56375,800,agnews,Ours-Disk,28,queries/s,305.516263,3.0708056640625,False,32,c0,0,native_integration_query_cache,a64dfc64e5f351aa48e5d929d8413143935aa0b6079046402d3a04a2f826c92c,078548f8ed3526b3de09fb06f5c9b26f0125e3c1e0aeb017b99f5f4c95be6bb7
beam1,180,180,180,db1+coalescing+reuse,1,0.993875,120.205605239,263967.547305,256554.209,394953.167,449622.692,1363.786890984,116950160,566366208,840.3025,904.18875,3703557.12,204628.74438875,3018.7323025,97.5390625,2484.9465575,20850.616995,4683.37125,1039.75375,4682.37125,1038.75375,1039.75375,813.3075,100.0,90.70875,800,agnews,Ours-Disk,29,queries/s,394.953167,3.5319873046875,False,32,c0,0,native_integration_query_cache,a64dfc64e5f351aa48e5d929d8413143935aa0b6079046402d3a04a2f826c92c,078548f8ed3526b3de09fb06f5c9b26f0125e3c1e0aeb017b99f5f4c95be6bb7
beam1,220,220,220,db1+coalescing+reuse,1,0.994375,102.3121108,310381.617115,300261.439,462564.872,528639.955,1363.786890984,116950160,566366208,956.16125,1021.3475,4183439.36,230835.4776725,4232.58709125,104.602835,2879.442585,23230.320835,5480.40375,1180.9075,5479.40375,1179.9075,1180.9075,929.075,100.0,91.1775,800,agnews,Ours-Disk,30,queries/s,462.564872,3.989638671875,False,32,c0,0,native_integration_query_cache,a64dfc64e5f351aa48e5d929d8413143935aa0b6079046402d3a04a2f826c92c,078548f8ed3526b3de09fb06f5c9b26f0125e3c1e0aeb017b99f5f4c95be6bb7
beam1,260,260,260,db1+coalescing+reuse,1,0.994375,91.609991028,346175.11398875,339028.657,515587.024,582620.242,1363.786890984,116950160,566366208,1074.06,1140.48375,4671421.44,258144.30312875,4824.654635,105.15964875,3213.45008875,22784.0170325,6256.46875,1321.74875,6255.46875,1320.74875,1321.74875,1044.11,100.0,92.2025,800,agnews,Ours-Disk,31,queries/s,515.5870239999999,4.4550146484375,False,32,c0,0,native_integration_query_cache,a64dfc64e5f351aa48e5d929d8413143935aa0b6079046402d3a04a2f826c92c,078548f8ed3526b3de09fb06f5c9b26f0125e3c1e0aeb017b99f5f4c95be6bb7
beam1,300,300,300,db1+coalescing+reuse,1,0.994375,84.970381835,373814.6226125,357643.738,567298.611,637912.692,1363.786890984,116950160,566366208,1196.44375,1264.07375,5177646.08,290940.85369125,4866.22595125,104.40100375,3661.3168275,19514.6658725,7018.39125,1462.385,7017.39125,1461.385,1462.385,1158.79,100.0,94.09625,800,agnews,Ours-Disk,32,queries/s,567.298611,4.9377880859375,False,32,c0,0,native_integration_query_cache,a64dfc64e5f351aa48e5d929d8413143935aa0b6079046402d3a04a2f826c92c,078548f8ed3526b3de09fb06f5c9b26f0125e3c1e0aeb017b99f5f4c95be6bb7
beam1,340,340,340,db1+coalescing+reuse,1,0.994375,75.650221545,419885.9966825,397826.752,630164.349,743158.861,1363.786890984,116950160,566366208,1324.51625,1393.32125,5707043.84,319712.45323,5908.55796625,105.24842875,3825.3539125,20593.85126,7764.36,1602.495,7763.36,1601.495,1602.495,1273.145,100.0,97.1425,800,agnews,Ours-Disk,33,queries/s,630.164349,5.4426611328125,False,32,c0,0,native_integration_query_cache,a64dfc64e5f351aa48e5d929d8413143935aa0b6079046402d3a04a2f826c92c,078548f8ed3526b3de09fb06f5c9b26f0125e3c1e0aeb017b99f5f4c95be6bb7
beam1,380,380,380,db1+coalescing+reuse,1,0.994375,70.596757182,448880.420915001,430851.064,676284.629,752489.94,1363.786890984,116950160,566366208,1458.51375,1528.4375,6260480.0,354408.9120225,5903.25294125,105.23751375,4292.64107625,17866.00956,8490.7625,1741.02875,8489.7625,1740.02875,1741.02875,1386.885,100.0,101.42875,800,agnews,Ours-Disk,34,queries/s,676.284629,5.970458984375,False,32,c0,0,native_integration_query_cache,a64dfc64e5f351aa48e5d929d8413143935aa0b6079046402d3a04a2f826c92c,078548f8ed3526b3de09fb06f5c9b26f0125e3c1e0aeb017b99f5f4c95be6bb7
beam1,420,420,420,db1+coalescing+reuse,1,0.994375,64.990303998,489476.79642625,481968.603,751344.757,831145.975,1363.786890984,116950160,566366208,1598.765,1669.90625,6839936.0,387917.685459999,6453.61965,105.15596625,4486.06002375,18016.45969625,9207.965,1878.88,9206.965,1877.88,1878.88,1500.42875,100.0,106.9875,800,agnews,Ours-Disk,35,queries/s,751.344757,6.5230712890625,False,32,c0,0,native_integration_query_cache,a64dfc64e5f351aa48e5d929d8413143935aa0b6079046402d3a04a2f826c92c,078548f8ed3526b3de09fb06f5c9b26f0125e3c1e0aeb017b99f5f4c95be6bb7
beam1,460,460,460,db1+coalescing+reuse,1,0.994375,59.519813601,533749.36914625,519151.982,832558.812,919088.218,1363.786890984,116950160,566366208,1744.67,1817.19125,7443215.36,421460.554310001,7223.912445,103.7636975,4724.530105,18307.80834625,9909.03125,2016.465,9908.03125,2015.465,2016.465,1614.6825,100.0,113.6,800,agnews,Ours-Disk,36,queries/s,832.558812,7.0984033203125,False,32,c0,0,native_integration_query_cache,a64dfc64e5f351aa48e5d929d8413143935aa0b6079046402d3a04a2f826c92c,078548f8ed3526b3de09fb06f5c9b26f0125e3c1e0aeb017b99f5f4c95be6bb7
beam1,500,500,500,db1+coalescing+reuse,1,0.994375,54.308104586,584092.530115,570064.398,919648.335,1066953.509,1363.786890984,116950160,566366208,1895.29,1969.14875,8065633.28,455668.31044875,8219.26907875,104.47693,5101.10120125,18684.60758375,10598.7325,2153.56125,10597.7325,2152.56125,2153.56125,1729.68875,100.0,120.82625,800,agnews,Ours-Disk,37,queries/s,919.648335,7.6919873046875,False,32,c0,0,native_integration_query_cache,a64dfc64e5f351aa48e5d929d8413143935aa0b6079046402d3a04a2f826c92c,078548f8ed3526b3de09fb06f5c9b26f0125e3c1e0aeb017b99f5f4c95be6bb7
beam1,540,540,540,db1+coalescing+reuse,1,0.994375,51.515201864,616472.78839375,608674.047,934412.329,1069531.251,1363.786890984,116950160,566366208,2048.06,2123.32125,8697123.84,496376.532311251,7939.62912625,106.8421825,5567.33994625,16463.18495,11277.63,2289.72875,11276.63,2288.72875,2289.72875,1844.495,100.0,128.15375,800,agnews,Ours-Disk,38,queries/s,934.412329,8.2942236328125,False,32,c0,0,native_integration_query_cache,a64dfc64e5f351aa48e5d929d8413143935aa0b6079046402d3a04a2f826c92c,078548f8ed3526b3de09fb06f5c9b26f0125e3c1e0aeb017b99f5f4c95be6bb7
beam1,580,580,580,db1+coalescing+reuse,1,0.994375,49.875974993,637243.60248125,652133.238,937298.88,1038923.776,1363.786890984,116950160,566366208,2201.92875,2278.51125,9332782.08,538243.24692875,6830.9792625,106.6760575,5648.03185625,13145.53478875,11953.185,2425.09,11952.185,2424.09,2425.09,1959.1225,100.0,134.925,800,agnews,Ours-Disk,39,queries/s,937.29888,8.9004345703125,False,32,c0,0,native_integration_query_cache,a64dfc64e5f351aa48e5d929d8413143935aa0b6079046402d3a04a2f826c92c,078548f8ed3526b3de09fb06f5c9b26f0125e3c1e0aeb017b99f5f4c95be6bb7
beam1,10,10,,,1,0.9498749999999981,210.38711453926453,149740.31511125003,156236.566,235074.80299999999,280513.389,6387.501987457275,393924616,556142592,33.2225,33.2225,136079.36,144503.275,1510.30375,2497.50125,0.0,0.0,925.85875,925.85875,,,,,,,800,agnews,DiskANN-PQ-Disk,0,queries/s,235.07480299999997,0.129775390625,False,32,c0,0,native_integration_query_cache,daff1bfb8e7fce43fd5c4f8ca2651d7e21661efa927dce846e97f1ba88fcb77b,078548f8ed3526b3de09fb06f5c9b26f0125e3c1e0aeb017b99f5f4c95be6bb7
beam1,11,11,,,1,0.9607499999999983,179.92599228757982,175037.2454037501,174984.303,258933.72599999997,294955.658,6387.501987457275,393924616,569737216,35.1525,35.1525,143984.64,169847.69125,1513.0425,2645.83125,0.0,0.0,966.8825,966.8825,,,,,,,800,agnews,DiskANN-PQ-Disk,1,queries/s,258.933726,0.137314453125,False,32,c0,0,native_integration_query_cache,daff1bfb8e7fce43fd5c4f8ca2651d7e21661efa927dce846e97f1ba88fcb77b,078548f8ed3526b3de09fb06f5c9b26f0125e3c1e0aeb017b99f5f4c95be6bb7
beam1,12,12,,,1,0.9647499999999987,173.13674060135216,180229.9886124999,180086.824,261233.162,311223.474,6387.501987457275,393924616,570974208,36.9775,36.9775,151459.84,175004.57625,1568.43,2638.96,0.0,0.0,1004.5025,1004.5025,,,,,,,800,agnews,DiskANN-PQ-Disk,2,queries/s,261.233162,0.144443359375,False,32,c0,0,native_integration_query_cache,daff1bfb8e7fce43fd5c4f8ca2651d7e21661efa927dce846e97f1ba88fcb77b,078548f8ed3526b3de09fb06f5c9b26f0125e3c1e0aeb017b99f5f4c95be6bb7
beam1,13,13,,,1,0.9689999999999991,168.1400299341587,187415.09343750004,192294.825,272752.906,320082.77499999997,6387.501987457275,393924616,570990592,38.9025,38.9025,159344.64,182140.5675,1617.3925,2627.94,0.0,0.0,1043.41875,1043.41875,,,,,,,800,agnews,DiskANN-PQ-Disk,3,queries/s,272.752906,0.151962890625,False,32,c0,0,native_integration_query_cache,daff1bfb8e7fce43fd5c4f8ca2651d7e21661efa927dce846e97f1ba88fcb77b,078548f8ed3526b3de09fb06f5c9b26f0125e3c1e0aeb017b99f5f4c95be6bb7
beam1,14,14,,,1,0.971624999999999,149.41072399251547,211057.24409374996,206021.913,291124.95999999996,340661.04600000003,6387.501987457275,393924616,570994688,40.8325,40.8325,167249.92,205503.2425,1745.525,2755.2675,0.0,0.0,1082.0325,1082.0325,,,,,,,800,agnews,DiskANN-PQ-Disk,4,queries/s,291.12496,0.159501953125,False,32,c0,0,native_integration_query_cache,daff1bfb8e7fce43fd5c4f8ca2651d7e21661efa927dce846e97f1ba88fcb77b,078548f8ed3526b3de09fb06f5c9b26f0125e3c1e0aeb017b99f5f4c95be6bb7
beam1,15,15,,,1,0.973624999999999,142.6857189604042,219271.4990037499,224656.06399999998,354752.63899999997,447531.033,6387.501987457275,393924616,570994688,42.7625,42.7625,175155.2,213958.5525,1724.35375,2578.0675,0.0,0.0,1120.0475,1120.0475,,,,,,,800,agnews,DiskANN-PQ-Disk,5,queries/s,354.752639,0.167041015625,False,32,c0,0,native_integration_query_cache,daff1bfb8e7fce43fd5c4f8ca2651d7e21661efa927dce846e97f1ba88fcb77b,078548f8ed3526b3de09fb06f5c9b26f0125e3c1e0aeb017b99f5f4c95be6bb7
beam1,16,16,,,1,0.977124999999999,134.0321660340586,234136.25714874978,229064.326,315114.348,368145.319,6387.501987457275,393924616,571015168,44.7375,44.7375,183244.8,228457.61875,1883.61,2746.74875,0.0,0.0,1159.60125,1159.60125,,,,,,,800,agnews,DiskANN-PQ-Disk,6,queries/s,315.114348,0.174755859375,False,32,c0,0,native_integration_query_cache,daff1bfb8e7fce43fd5c4f8ca2651d7e21661efa927dce846e97f1ba88fcb77b,078548f8ed3526b3de09fb06f5c9b26f0125e3c1e0aeb017b99f5f4c95be6bb7
beam1,17,17,,,1,0.9784999999999988,136.44841608283087,230082.8991037498,237120.029,324957.255,367791.31,6387.501987457275,393924616,571015168,46.6675,46.6675,191150.08,224574.3,1876.28,2621.04375,0.0,0.0,1198.0075,1198.0075,,,,,,,800,agnews,DiskANN-PQ-Disk,7,queries/s,324.95725500000003,0.182294921875,False,32,c0,0,native_integration_query_cache,daff1bfb8e7fce43fd5c4f8ca2651d7e21661efa927dce846e97f1ba88fcb77b,078548f8ed3526b3de09fb06f5c9b26f0125e3c1e0aeb017b99f5f4c95be6bb7
beam1,18,18,,,1,0.9794999999999989,130.31104688018797,241203.41110374982,249248.599,337460.801,387950.266,6387.501987457275,393924616,571015168,48.58,48.58,198983.68,235579.8325,1952.0825,2653.60375,0.0,0.0,1234.85,1234.85,,,,,,,800,agnews,DiskANN-PQ-Disk,8,queries/s,337.460801,0.189765625,False,32,c0,0,native_integration_query_cache,daff1bfb8e7fce43fd5c4f8ca2651d7e21661efa927dce846e97f1ba88fcb77b,078548f8ed3526b3de09fb06f5c9b26f0125e3c1e0aeb017b99f5f4c95be6bb7
beam1,19,19,,,1,0.9808749999999989,114.30385484633942,263599.4408725002,270191.853,379211.512,445058.57999999996,6387.501987457275,393924616,578125824,50.48,50.48,206766.08,257988.7425,1987.93875,2608.49125,0.0,0.0,1270.82125,1270.82125,,,,,,,800,agnews,DiskANN-PQ-Disk,9,queries/s,379.21151199999997,0.1971875,False,32,c0,0,native_integration_query_cache,daff1bfb8e7fce43fd5c4f8ca2651d7e21661efa927dce846e97f1ba88fcb77b,078548f8ed3526b3de09fb06f5c9b26f0125e3c1e0aeb017b99f5f4c95be6bb7
beam1,20,20,,,1,0.9822499999999991,117.45098385388067,266930.47416499973,272595.411,374766.26,403081.225,6387.501987457275,393924616,578125824,52.405,52.405,214650.88,260940.14,2144.415,2660.90125,0.0,0.0,1307.515,1307.515,,,,,,,800,agnews,DiskANN-PQ-Disk,10,queries/s,374.76626,0.20470703125,False,32,c0,0,native_integration_query_cache,daff1bfb8e7fce43fd5c4f8ca2651d7e21661efa927dce846e97f1ba88fcb77b,078548f8ed3526b3de09fb06f5c9b26f0125e3c1e0aeb017b99f5f4c95be6bb7
beam1,21,21,,,1,0.9826249999999989,114.55903540219919,275415.9783887502,283444.99299999996,380069.961,421057.68100000004,6387.501987457275,393924616,578125824,54.35,54.35,222617.6,269591.4875,2145.43,2660.5425,0.0,0.0,1345.08,1345.08,,,,,,,800,agnews,DiskANN-PQ-Disk,11,queries/s,380.06996100000003,0.2123046875,False,32,c0,0,native_integration_query_cache,daff1bfb8e7fce43fd5c4f8ca2651d7e21661efa927dce846e97f1ba88fcb77b,078548f8ed3526b3de09fb06f5c9b26f0125e3c1e0aeb017b99f5f4c95be6bb7
beam1,22,22,,,1,0.9832499999999987,109.9265576106651,284490.28079624986,297635.174,393737.104,439065.283,6387.501987457275,393924616,578125824,56.29,56.29,230563.84,278639.745,2184.65,2655.53625,0.0,0.0,1382.70125,1382.70125,,,,,,,800,agnews,DiskANN-PQ-Disk,12,queries/s,393.737104,0.2198828125,False,32,c0,0,native_integration_query_cache,daff1bfb8e7fce43fd5c4f8ca2651d7e21661efa927dce846e97f1ba88fcb77b,078548f8ed3526b3de09fb06f5c9b26f0125e3c1e0aeb017b99f5f4c95be6bb7
beam1,23,23,,,1,0.9843749999999987,99.5482549219159,315026.01937875,312041.70599999995,409478.843,449055.956,6387.501987457275,393924616,578125824,58.2375,58.2375,238540.8,308883.96125,2351.2375,2738.51875,0.0,0.0,1419.43,1419.43,,,,,,,800,agnews,DiskANN-PQ-Disk,13,queries/s,409.478843,0.227490234375,False,32,c0,0,native_integration_query_cache,daff1bfb8e7fce43fd5c4f8ca2651d7e21661efa927dce846e97f1ba88fcb77b,078548f8ed3526b3de09fb06f5c9b26f0125e3c1e0aeb017b99f5f4c95be6bb7
beam1,24,24,,,1,0.9859999999999988,100.08047111643782,312081.60563625017,323491.837,417318.751,471579.675,6387.501987457275,393924616,578125824,60.25,60.25,246784.0,306034.67125,2343.62125,2680.32125,0.0,0.0,1457.665,1457.665,,,,,,,800,agnews,DiskANN-PQ-Disk,14,queries/s,417.31875099999996,0.2353515625,False,32,c0,0,native_integration_query_cache,daff1bfb8e7fce43fd5c4f8ca2651d7e21661efa927dce846e97f1ba88fcb77b,078548f8ed3526b3de09fb06f5c9b26f0125e3c1e0aeb017b99f5f4c95be6bb7
beam1,25,25,,,1,0.9868749999999991,97.8491369147589,322463.78416375036,331185.886,431142.591,473601.103,6387.501987457275,393924616,578125824,62.1675,62.1675,254638.08,316336.89,2420.3525,2682.35375,0.0,0.0,1493.12,1493.12,,,,,,,800,agnews,DiskANN-PQ-Disk,15,queries/s,431.14259100000004,0.242841796875,False,32,c0,0,native_integration_query_cache,daff1bfb8e7fce43fd5c4f8ca2651d7e21661efa927dce846e97f1ba88fcb77b,078548f8ed3526b3de09fb06f5c9b26f0125e3c1e0aeb017b99f5f4c95be6bb7
beam1,26,26,,,1,0.987499999999999,91.86851231578179,342377.05552124995,347509.42600000004,445185.938,492129.048,6387.501987457275,393924616,578125824,64.1225,64.1225,262645.76,336122.46625,2503.75875,2720.04,0.0,0.0,1529.94875,1529.94875,,,,,,,800,agnews,DiskANN-PQ-Disk,16,queries/s,445.185938,0.250478515625,False,32,c0,0,native_integration_query_cache,daff1bfb8e7fce43fd5c4f8ca2651d7e21661efa927dce846e97f1ba88fcb77b,078548f8ed3526b3de09fb06f5c9b26f0125e3c1e0aeb017b99f5f4c95be6bb7
beam1,27,27,,,1,0.9876249999999991,93.4301274405414,336870.28006624966,348912.51499999996,446902.764,505114.63599999994,6387.501987457275,393924616,578125824,66.0675,66.0675,270612.48,330729.0625,2503.77125,2615.48125,0.0,0.0,1566.3525,1566.3525,,,,,,,800,agnews,DiskANN-PQ-Disk,17,queries/s,446.90276400000005,0.258076171875,False,32,c0,0,native_integration_query_cache,daff1bfb8e7fce43fd5c4f8ca2651d7e21661efa927dce846e97f1ba88fcb77b,078548f8ed3526b3de09fb06f5c9b26f0125e3c1e0aeb017b99f5f4c95be6bb7
beam1,28,28,,,1,0.9882499999999989,89.39016539702519,351557.18532875,363672.398,466396.992,520336.409,6387.501987457275,393924616,578125824,68.03,68.03,278650.88,345278.3025,2592.71375,2663.25875,0.0,0.0,1602.9,1602.9,,,,,,,800,agnews,DiskANN-PQ-Disk,18,queries/s,466.396992,0.2657421875,False,32,c0,0,native_integration_query_cache,daff1bfb8e7fce43fd5c4f8ca2651d7e21661efa927dce846e97f1ba88fcb77b,078548f8ed3526b3de09fb06f5c9b26f0125e3c1e0aeb017b99f5f4c95be6bb7
beam1,29,29,,,1,0.9888749999999991,82.09357068922507,384245.79151624977,384765.30799999996,490034.63899999997,532256.69,6387.501987457275,393924616,578125824,69.985,69.985,286658.56,377731.67,2716.5725,2758.91375,0.0,0.0,1638.7325,1638.7325,,,,,,,800,agnews,DiskANN-PQ-Disk,19,queries/s,490.03463899999997,0.27337890625,False,32,c0,0,native_integration_query_cache,daff1bfb8e7fce43fd5c4f8ca2651d7e21661efa927dce846e97f1ba88fcb77b,078548f8ed3526b3de09fb06f5c9b26f0125e3c1e0aeb017b99f5f4c95be6bb7
beam1,30,30,,,1,0.9891249999999989,79.7917423317006,394741.2326175003,394511.414,498604.116,535699.421,6387.501987457275,393924616,578125824,71.9525,71.9525,294717.44,388143.83125,2788.68,2777.49875,0.0,0.0,1674.6025,1674.6025,,,,,,,800,agnews,DiskANN-PQ-Disk,20,queries/s,498.604116,0.281064453125,False,32,c0,0,native_integration_query_cache,daff1bfb8e7fce43fd5c4f8ca2651d7e21661efa927dce846e97f1ba88fcb77b,078548f8ed3526b3de09fb06f5c9b26f0125e3c1e0aeb017b99f5f4c95be6bb7
beam1,40,40,,,1,0.993499999999999,63.643168385623966,495136.36972250044,504281.294,624579.479,677851.192,6387.501987457275,393924616,578125824,91.56,91.56,375029.76,488014.08875,3382.84375,2709.50875,0.0,0.0,2022.765,2022.765,,,,,,,800,agnews,DiskANN-PQ-Disk,21,queries/s,624.5794790000001,0.35765625,False,32,c0,0,native_integration_query_cache,daff1bfb8e7fce43fd5c4f8ca2651d7e21661efa927dce846e97f1ba88fcb77b,078548f8ed3526b3de09fb06f5c9b26f0125e3c1e0aeb017b99f5f4c95be6bb7
beam1,50,50,,,1,0.9953749999999992,50.42316513435835,624317.0553775,631171.32,817099.217,931190.07,6387.501987457275,393924616,578125824,111.3375,111.3375,456038.4,616581.04125,3981.5925,2721.83875,0.0,0.0,2361.9775,2361.9775,,,,,,,800,agnews,DiskANN-PQ-Disk,22,queries/s,817.099217,0.434912109375,False,32,c0,0,native_integration_query_cache,daff1bfb8e7fce43fd5c4f8ca2651d7e21661efa927dce846e97f1ba88fcb77b,078548f8ed3526b3de09fb06f5c9b26f0125e3c1e0aeb017b99f5f4c95be6bb7
beam1,60,60,,,1,0.9959999999999992,43.60754548685627,723238.3770137505,740702.625,873151.676,958843.6190000001,6387.501987457275,393924616,578125824,131.13,131.13,537108.48,714908.2525,4596.18625,2695.395,0.0,0.0,2692.32,2692.32,,,,,,,800,agnews,DiskANN-PQ-Disk,23,queries/s,873.151676,0.5122265625,False,32,c0,0,native_integration_query_cache,daff1bfb8e7fce43fd5c4f8ca2651d7e21661efa927dce846e97f1ba88fcb77b,078548f8ed3526b3de09fb06f5c9b26f0125e3c1e0aeb017b99f5f4c95be6bb7
beam1,70,70,,,1,0.9964999999999994,36.88094245208129,856298.4515862495,853432.2640000001,990854.344,1049829.935,6387.501987457275,393924616,578125824,150.9225,150.9225,618178.56,847221.6375,5283.54375,2747.67375,0.0,0.0,3011.51875,3011.51875,,,,,,,800,agnews,DiskANN-PQ-Disk,24,queries/s,990.8543440000001,0.589541015625,False,32,c0,0,native_integration_query_cache,daff1bfb8e7fce43fd5c4f8ca2651d7e21661efa927dce846e97f1ba88fcb77b,078548f8ed3526b3de09fb06f5c9b26f0125e3c1e0aeb017b99f5f4c95be6bb7
beam1,80,80,,,1,0.9967499999999994,32.40983689416977,973380.5397775004,973412.357,1113558.082,1166789.405,6387.501987457275,393924616,578125824,170.85,170.85,699801.6,963791.19125,5825.25125,2728.51,0.0,0.0,3325.36875,3325.36875,,,,,,,800,agnews,DiskANN-PQ-Disk,25,queries/s,1113.558082,0.6673828125,False,32,c0,0,native_integration_query_cache,daff1bfb8e7fce43fd5c4f8ca2651d7e21661efa927dce846e97f1ba88fcb77b,078548f8ed3526b3de09fb06f5c9b26f0125e3c1e0aeb017b99f5f4c95be6bb7
beam1,90,90,,,1,0.9972499999999995,28.914478863619987,1092294.135513748,1091779.124,1245938.969,1325173.771,6387.501987457275,393924616,578125824,190.7125,190.7125,781158.4,1082058.535,6440.57,2755.45,0.0,0.0,3629.93125,3629.93125,,,,,,,800,agnews,DiskANN-PQ-Disk,26,queries/s,1245.938969,0.744970703125,False,32,c0,0,native_integration_query_cache,daff1bfb8e7fce43fd5c4f8ca2651d7e21661efa927dce846e97f1ba88fcb77b,078548f8ed3526b3de09fb06f5c9b26f0125e3c1e0aeb017b99f5f4c95be6bb7
beam1,100,100,,,1,0.9973749999999996,26.253125629904883,1201510.590773751,1202046.018,1363976.69,1452026.192,6387.501987457275,393924616,578125824,210.61,210.61,862658.56,1190847.9775,7006.2,2614.305,0.0,0.0,3931.445,3931.445,,,,,,,800,agnews,DiskANN-PQ-Disk,27,queries/s,1363.97669,0.8226953125,False,32,c0,0,native_integration_query_cache,daff1bfb8e7fce43fd5c4f8ca2651d7e21661efa927dce846e97f1ba88fcb77b,078548f8ed3526b3de09fb06f5c9b26f0125e3c1e0aeb017b99f5f4c95be6bb7
beam1,140,140,,,1,0.9979999999999997,20.1146843854452,1572333.2171249997,1578606.762,1768920.9259999997,1825687.034,6387.501987457275,393924616,578125824,290.21,290.21,1188700.16,1522231.4725,46783.99125,2272.2925,0.0,0.0,4600.015,4600.015,,,,,,,800,agnews,DiskANN-PQ-Disk,28,queries/s,1768.9209259999998,1.1336328125,False,32,c0,0,native_integration_query_cache,daff1bfb8e7fce43fd5c4f8ca2651d7e21661efa927dce846e97f1ba88fcb77b,078548f8ed3526b3de09fb06f5c9b26f0125e3c1e0aeb017b99f5f4c95be6bb7
beam1,180,180,,,1,0.9979999999999997,17.867326204112647,1764181.8913487515,1762713.282,2003159.462,2109051.363,6387.501987457275,393924616,604278784,369.93,369.93,1515233.28,1685726.37875,75318.93625,2132.2375,0.0,0.0,4600.015,4600.015,,,,,,,800,agnews,DiskANN-PQ-Disk,29,queries/s,2003.159462,1.4450390625,False,32,c0,0,native_integration_query_cache,daff1bfb8e7fce43fd5c4f8ca2651d7e21661efa927dce846e97f1ba88fcb77b,078548f8ed3526b3de09fb06f5c9b26f0125e3c1e0aeb017b99f5f4c95be6bb7
beam1,220,220,,,1,0.9982499999999997,15.783655059191005,2000766.5983449973,1985762.293,2331425.5130000003,2578969.481,6387.501987457275,393924616,642899968,449.735,449.735,1842114.56,1842114.79875,155318.34375,2380.37625,0.0,0.0,4600.015,4600.015,,,,,,,800,agnews,DiskANN-PQ-Disk,30,queries/s,2331.425513,1.75677734375,False,32,c0,0,native_integration_query_cache,daff1bfb8e7fce43fd5c4f8ca2651d7e21661efa927dce846e97f1ba88fcb77b,078548f8ed3526b3de09fb06f5c9b26f0125e3c1e0aeb017b99f5f4c95be6bb7
beam1,260,260,,,1,0.9981249999999997,14.403463025220098,2185334.824412497,2192904.216,2473950.1,2601437.282,6387.501987457275,393924616,663662592,529.5625,529.5625,2169088.0,1964395.675,217450.0425,2476.9975,0.0,0.0,4600.015,4600.015,,,,,,,800,agnews,DiskANN-PQ-Disk,31,queries/s,2473.9501,2.068603515625,False,32,c0,0,native_integration_query_cache,daff1bfb8e7fce43fd5c4f8ca2651d7e21661efa927dce846e97f1ba88fcb77b,078548f8ed3526b3de09fb06f5c9b26f0125e3c1e0aeb017b99f5f4c95be6bb7
beam1,300,300,,,1,0.9981249999999997,13.391674998650332,2353471.414153746,2351761.265,2693004.34,2823108.3520000004,6387.501987457275,393924616,702373888,609.395,609.395,2496081.92,2069334.925,280820.7275,2386.04,0.0,0.0,4600.015,4600.015,,,,,,,800,agnews,DiskANN-PQ-Disk,32,queries/s,2693.00434,2.38044921875,False,32,c0,0,native_integration_query_cache,daff1bfb8e7fce43fd5c4f8ca2651d7e21661efa927dce846e97f1ba88fcb77b,078548f8ed3526b3de09fb06f5c9b26f0125e3c1e0aeb017b99f5f4c95be6bb7
beam1,340,340,,,1,0.9982499999999997,12.26766896672462,2570156.2098650024,2573800.5149999997,2926327.656,3087250.878,6387.501987457275,393924616,726507520,689.25,689.25,2823168.0,2198262.85625,368464.08375,2487.995,0.0,0.0,4600.015,4600.015,,,,,,,800,agnews,DiskANN-PQ-Disk,33,queries/s,2926.327656,2.6923828125,False,32,c0,0,native_integration_query_cache,daff1bfb8e7fce43fd5c4f8ca2651d7e21661efa927dce846e97f1ba88fcb77b,078548f8ed3526b3de09fb06f5c9b26f0125e3c1e0aeb017b99f5f4c95be6bb7
beam1,380,380,,,1,0.9982499999999997,11.246525451894392,2803357.6226425003,2789834.903,3307335.046,3567532.19,6387.501987457275,393924616,754659328,769.1575,769.1575,3150469.12,2355918.16,444007.75625,2505.38875,0.0,0.0,4600.015,4600.015,,,,,,,800,agnews,DiskANN-PQ-Disk,34,queries/s,3307.335046,3.004521484375,False,32,c0,0,native_integration_query_cache,daff1bfb8e7fce43fd5c4f8ca2651d7e21661efa927dce846e97f1ba88fcb77b,078548f8ed3526b3de09fb06f5c9b26f0125e3c1e0aeb017b99f5f4c95be6bb7
beam1,420,420,,,1,0.9981249999999997,10.541366328443548,2988636.1381312544,2981102.282,3441851.952,3639742.355,6387.501987457275,393924616,779386880,849.0375,849.0375,3477657.6,2453992.04875,531143.08125,2498.2525,0.0,0.0,4600.015,4600.015,,,,,,,800,agnews,DiskANN-PQ-Disk,35,queries/s,3441.851952,3.316552734375,False,32,c0,0,native_integration_query_cache,daff1bfb8e7fce43fd5c4f8ca2651d7e21661efa927dce846e97f1ba88fcb77b,078548f8ed3526b3de09fb06f5c9b26f0125e3c1e0aeb017b99f5f4c95be6bb7
beam1,460,460,,,1,0.9981249999999997,9.964643786724439,3155817.5837374995,3158501.946,3606255.8770000003,3747109.6739999996,6387.501987457275,393924616,814084096,928.94,928.94,3804938.24,2500632.6725,651770.92125,2503.62875,0.0,0.0,4600.015,4600.015,,,,,,,800,agnews,DiskANN-PQ-Disk,36,queries/s,3606.2558770000005,3.628671875,False,32,c0,0,native_integration_query_cache,daff1bfb8e7fce43fd5c4f8ca2651d7e21661efa927dce846e97f1ba88fcb77b,078548f8ed3526b3de09fb06f5c9b26f0125e3c1e0aeb017b99f5f4c95be6bb7
beam1,500,500,,,1,0.9981249999999997,9.417379523936502,3349375.0493874974,3361949.2879999997,3857594.058,4132190.829,6387.501987457275,393924616,820428800,1008.8575,1008.8575,4132280.32,2579223.1275,766848.80625,2396.0825,0.0,0.0,4600.015,4600.015,,,,,,,800,agnews,DiskANN-PQ-Disk,37,queries/s,3857.594058,3.940849609375,False,32,c0,0,native_integration_query_cache,daff1bfb8e7fce43fd5c4f8ca2651d7e21661efa927dce846e97f1ba88fcb77b,078548f8ed3526b3de09fb06f5c9b26f0125e3c1e0aeb017b99f5f4c95be6bb7
beam1,540,540,,,1,0.9981249999999996,8.732515539742023,3604304.398421251,3580067.393,4223170.992,4963351.653,6387.501987457275,393924616,890695680,1088.7675,1088.7675,4459591.68,2707423.3825,893272.33125,2477.25125,0.0,0.0,4600.015,4600.015,,,,,,,800,agnews,DiskANN-PQ-Disk,38,queries/s,4223.170991999999,4.252998046875,False,32,c0,0,native_integration_query_cache,daff1bfb8e7fce43fd5c4f8ca2651d7e21661efa927dce846e97f1ba88fcb77b,078548f8ed3526b3de09fb06f5c9b26f0125e3c1e0aeb017b99f5f4c95be6bb7
beam1,580,580,,,1,0.9981249999999996,8.419347954854565,3745699.3737324965,3746378.371,4261347.899,4520386.738,6387.501987457275,393924616,903032832,1168.675,1168.675,4786892.8,2773293.53625,968923.38375,2488.92625,0.0,0.0,4600.015,4600.015,,,,,,,800,agnews,DiskANN-PQ-Disk,39,queries/s,4261.347899,4.56513671875,False,32,c0,0,native_integration_query_cache,daff1bfb8e7fce43fd5c4f8ca2651d7e21661efa927dce846e97f1ba88fcb77b,078548f8ed3526b3de09fb06f5c9b26f0125e3c1e0aeb017b99f5f4c95be6bb7
QG_R64_EF400_t3,ef=1,1,,,1,0.36425,40.4204,709627,816265,975286,1030400.0,12021.6,8192,159870976,67.29,269.16,1102480.0,706604,709541,80.4168,709541,5.4683,5.11875,5.11875,,,,,,,800,agnews,SymphonyQG-DiskPort,0,queries/s,975.286,1.0514068603515625,False,32,c0,0,native_integration_query_cache,ddb2671e28b68a35ed366acbf8411ddcdf506db63f982842299aea0b9433bd5c,078548f8ed3526b3de09fb06f5c9b26f0125e3c1e0aeb017b99f5f4c95be6bb7
QG_R64_EF400_t3,ef=2,2,,,1,0.491,38.8727,738945,833602,1002980.0,1064740.0,12021.6,8192,163659776,61.675,246.7,1010480.0,735986,738858,80.1196,738858,6.12572,7.27125,7.27125,,,,,,,800,agnews,SymphonyQG-DiskPort,1,queries/s,1002.98,0.9636688232421875,False,32,c0,0,native_integration_query_cache,ddb2671e28b68a35ed366acbf8411ddcdf506db63f982842299aea0b9433bd5c,078548f8ed3526b3de09fb06f5c9b26f0125e3c1e0aeb017b99f5f4c95be6bb7
QG_R64_EF400_t3,ef=3,3,,,1,0.535625,44.7728,636630,803335,982740,1041260.0,12021.6,8192,163659776,52.8675,211.47,866181,633746,636540,84.0354,636540,6.22638,8.6325,8.6325,,,,,,,800,agnews,SymphonyQG-DiskPort,2,queries/s,982.74,0.826054573059082,False,32,c0,0,native_integration_query_cache,ddb2671e28b68a35ed366acbf8411ddcdf506db63f982842299aea0b9433bd5c,078548f8ed3526b3de09fb06f5c9b26f0125e3c1e0aeb017b99f5f4c95be6bb7
QG_R64_EF400_t3,ef=4,4,,,1,0.551125,54.7796,503798,708504,937666,989177,12021.6,8192,163659776,42.7675,171.07,700703,500889,503717,74.2688,503717,6.46015,9.505,9.505,,,,,,,800,agnews,SymphonyQG-DiskPort,3,queries/s,937.666,0.6682424545288086,False,32,c0,0,native_integration_query_cache,ddb2671e28b68a35ed366acbf8411ddcdf506db63f982842299aea0b9433bd5c,078548f8ed3526b3de09fb06f5c9b26f0125e3c1e0aeb017b99f5f4c95be6bb7
QG_R64_EF400_t3,ef=5,5,,,1,0.564375,70.4476,377286,146046,903477,973861,12021.6,8192,163659776,33.0087,132.035,540815,374530,377199,80.5658,377199,6.74737,10.32,10.32,,,,,,,800,agnews,SymphonyQG-DiskPort,4,queries/s,903.477,0.5157613754272461,False,32,c0,0,native_integration_query_cache,ddb2671e28b68a35ed366acbf8411ddcdf506db63f982842299aea0b9433bd5c,078548f8ed3526b3de09fb06f5c9b26f0125e3c1e0aeb017b99f5f4c95be6bb7
QG_R64_EF400_t3,ef=6,6,,,1,0.587875,93.4586,263957,120137,861370,949302,12021.6,8192,163659776,26.145,104.58,428360,260704,263854,95.3094,263854,7.71773,11.0237,11.0237,,,,,,,800,agnews,SymphonyQG-DiskPort,5,queries/s,861.37,0.40851593017578125,False,32,c0,0,native_integration_query_cache,ddb2671e28b68a35ed366acbf8411ddcdf506db63f982842299aea0b9433bd5c,078548f8ed3526b3de09fb06f5c9b26f0125e3c1e0aeb017b99f5f4c95be6bb7
QG_R64_EF400_t3,ef=7,7,,,1,0.6105,112.045,201810,114268,795538,887060,12021.6,8192,163659776,21.3637,85.455,350024,198793,201719,83.682,201719,7.08117,11.6475,11.6475,,,,,,,800,agnews,SymphonyQG-DiskPort,6,queries/s,795.538,0.33380889892578125,False,32,c0,0,native_integration_query_cache,ddb2671e28b68a35ed366acbf8411ddcdf506db63f982842299aea0b9433bd5c,078548f8ed3526b3de09fb06f5c9b26f0125e3c1e0aeb017b99f5f4c95be6bb7
QG_R64_EF400_t3,ef=8,8,,,1,0.644625,124.613,167260,113521,729733,822815,12021.6,8192,163659776,18.4075,73.63,301588,164225,167156,96.6669,167156,8.0684,12.325,12.325,,,,,,,800,agnews,SymphonyQG-DiskPort,7,queries/s,729.733,0.2876167297363281,False,32,c0,0,native_integration_query_cache,ddb2671e28b68a35ed366acbf8411ddcdf506db63f982842299aea0b9433bd5c,078548f8ed3526b3de09fb06f5c9b26f0125e3c1e0aeb017b99f5f4c95be6bb7
QG_R64_EF400_t3,ef=9,9,,,1,0.677125,134.772,143447,113675,607562,762408,12021.6,8192,163659776,16.7213,66.885,273961,140332,143351,87.9353,143351,8.43163,12.9075,12.9075,,,,,,,800,agnews,SymphonyQG-DiskPort,8,queries/s,607.562,0.26126956939697266,False,32,c0,0,native_integration_query_cache,ddb2671e28b68a35ed366acbf8411ddcdf506db63f982842299aea0b9433bd5c,078548f8ed3526b3de09fb06f5c9b26f0125e3c1e0aeb017b99f5f4c95be6bb7
QG_R64_EF400_t3,ef=10,10,,,1,0.707625,145.512,131215,116227,224103,760689,12021.6,8192,163659776,15.3625,61.45,251699,127700,131104,103.271,131104,7.89106,13.5038,13.5038,,,,,,,800,agnews,SymphonyQG-DiskPort,9,queries/s,224.103,0.24003887176513672,False,32,c0,0,native_integration_query_cache,ddb2671e28b68a35ed366acbf8411ddcdf506db63f982842299aea0b9433bd5c,078548f8ed3526b3de09fb06f5c9b26f0125e3c1e0aeb017b99f5f4c95be6bb7
QG_R64_EF400_t3,ef=11,11,,,1,0.736875,146.518,123137,118924,202664,681620,12021.6,8192,163659776,15.01,60.04,245924,119637,123017,104.405,123017,15.9438,14.045,14.045,,,,,,,800,agnews,SymphonyQG-DiskPort,10,queries/s,202.664,0.23453140258789062,False,32,c0,0,native_integration_query_cache,ddb2671e28b68a35ed366acbf8411ddcdf506db63f982842299aea0b9433bd5c,078548f8ed3526b3de09fb06f5c9b26f0125e3c1e0aeb017b99f5f4c95be6bb7
QG_R64_EF400_t3,ef=12,12,,,1,0.765125,150.788,127619,126210,211206,597396,12021.6,8192,163659776,15.2338,60.935,249590,124477,127522,89.3019,127522,7.76639,14.5675,14.5675,,,,,,,800,agnews,SymphonyQG-DiskPort,11,queries/s,211.206,0.23802757263183594,False,32,c0,0,native_integration_query_cache,ddb2671e28b68a35ed366acbf8411ddcdf506db63f982842299aea0b9433bd5c,078548f8ed3526b3de09fb06f5c9b26f0125e3c1e0aeb017b99f5f4c95be6bb7
QG_R64_EF400_t3,ef=13,13,,,1,0.793375,146.952,131736,129105,221276,314018,12021.6,8192,163659776,15.7125,62.85,257434,128119,131627,101.4,131627,7.92823,15.1212,15.1212,,,,,,,800,agnews,SymphonyQG-DiskPort,12,queries/s,221.276,0.24550819396972656,False,32,c0,0,native_integration_query_cache,ddb2671e28b68a35ed366acbf8411ddcdf506db63f982842299aea0b9433bd5c,078548f8ed3526b3de09fb06f5c9b26f0125e3c1e0aeb017b99f5f4c95be6bb7
QG_R64_EF400_t3,ef=14,14,,,1,0.817,146.413,134090,137028,229486,278769,12021.6,8192,163659776,15.8575,63.43,259809,130326,133982,98.2941,133982,8.81581,15.6375,15.6375,,,,,,,800,agnews,SymphonyQG-DiskPort,13,queries/s,229.486,0.2477731704711914,False,32,c0,0,native_integration_query_cache,ddb2671e28b68a35ed366acbf8411ddcdf506db63f982842299aea0b9433bd5c,078548f8ed3526b3de09fb06f5c9b26f0125e3c1e0aeb017b99f5f4c95be6bb7
QG_R64_EF400_t3,ef=15,15,,,1,0.8375,145.455,138634,142831,232110,278316,12021.6,8192,163659776,16.1962,64.785,265359,135477,138540,85.506,138540,8.26056,16.1225,16.1225,,,,,,,800,agnews,SymphonyQG-DiskPort,14,queries/s,232.11,0.2530660629272461,False,32,c0,0,native_integration_query_cache,ddb2671e28b68a35ed366acbf8411ddcdf506db63f982842299aea0b9433bd5c,078548f8ed3526b3de09fb06f5c9b26f0125e3c1e0aeb017b99f5f4c95be6bb7
QG_R64_EF400_t3,ef=16,16,,,1,0.857875,139.569,140990,146376,241179,298256,12021.6,8192,163659776,16.6938,66.775,273510,137457,140888,94.1804,140888,8.27785,16.62,16.62,,,,,,,800,agnews,SymphonyQG-DiskPort,15,queries/s,241.179,0.26083946228027344,False,32,c0,0,native_integration_query_cache,ddb2671e28b68a35ed366acbf8411ddcdf506db63f982842299aea0b9433bd5c,078548f8ed3526b3de09fb06f5c9b26f0125e3c1e0aeb017b99f5f4c95be6bb7
QG_R64_EF400_t3,ef=17,17,,,1,0.876125,137.647,150518,156353,254953,303269,12021.6,8192,163659776,17.1938,68.775,281702,147408,150418,92.4817,150418,7.6563,17.12,17.12,,,,,,,800,agnews,SymphonyQG-DiskPort,16,queries/s,254.953,0.26865196228027344,False,32,c0,0,native_integration_query_cache,ddb2671e28b68a35ed366acbf8411ddcdf506db63f982842299aea0b9433bd5c,078548f8ed3526b3de09fb06f5c9b26f0125e3c1e0aeb017b99f5f4c95be6bb7
QG_R64_EF400_t3,ef=18,18,,,1,0.8915,132.539,153881,158145,261274,319089,12021.6,8192,163659776,17.6062,70.425,288461,150387,153780,93.3776,153780,8.07008,17.6062,17.6062,,,,,,,800,agnews,SymphonyQG-DiskPort,17,queries/s,261.274,0.2750978469848633,False,32,c0,0,native_integration_query_cache,ddb2671e28b68a35ed366acbf8411ddcdf506db63f982842299aea0b9433bd5c,078548f8ed3526b3de09fb06f5c9b26f0125e3c1e0aeb017b99f5f4c95be6bb7
QG_R64_EF400_t3,ef=19,19,,,1,0.904125,129.956,162660,170514,274359,332042,12021.6,8192,163659776,18.0775,72.31,296182,159331,162554,95.0056,162554,11.1695,18.0775,18.0775,,,,,,,800,agnews,SymphonyQG-DiskPort,18,queries/s,274.359,0.28246116638183594,False,32,c0,0,native_integration_query_cache,ddb2671e28b68a35ed366acbf8411ddcdf506db63f982842299aea0b9433bd5c,078548f8ed3526b3de09fb06f5c9b26f0125e3c1e0aeb017b99f5f4c95be6bb7
QG_R64_EF400_t3,ef=20,20,,,1,0.915375,128.867,165083,168774,281908,356085,12021.6,8192,163659776,18.5362,74.145,303698,161822,164977,97.6016,164977,8.27074,18.5362,18.5362,,,,,,,800,agnews,SymphonyQG-DiskPort,19,queries/s,281.908,0.2896289825439453,False,32,c0,0,native_integration_query_cache,ddb2671e28b68a35ed366acbf8411ddcdf506db63f982842299aea0b9433bd5c,078548f8ed3526b3de09fb06f5c9b26f0125e3c1e0aeb017b99f5f4c95be6bb7
QG_R64_EF400_t3,ef=21,21,,,1,0.92425,123.764,170138,176731,288330,373139,12021.6,8192,163659776,19.0125,76.05,311501,166413,170036,94.1726,170036,8.20131,19.0125,19.0125,,,,,,,800,agnews,SymphonyQG-DiskPort,20,queries/s,288.33,0.2970705032348633,False,32,c0,0,native_integration_query_cache,ddb2671e28b68a35ed366acbf8411ddcdf506db63f982842299aea0b9433bd5c,078548f8ed3526b3de09fb06f5c9b26f0125e3c1e0aeb017b99f5f4c95be6bb7
QG_R64_EF400_t3,ef=22,22,,,1,0.933375,124.923,174002,180236,300269,349012,12021.6,8192,163659776,19.4788,77.915,319140,170664,173889,104.117,173889,8.06999,19.4788,19.4788,,,,,,,800,agnews,SymphonyQG-DiskPort,21,queries/s,300.269,0.3043556213378906,False,32,c0,0,native_integration_query_cache,ddb2671e28b68a35ed366acbf8411ddcdf506db63f982842299aea0b9433bd5c,078548f8ed3526b3de09fb06f5c9b26f0125e3c1e0aeb017b99f5f4c95be6bb7
QG_R64_EF400_t3,ef=23,23,,,1,0.940125,121.36,179677,185706,314922,364390,12021.6,8192,163659776,19.9713,79.885,327209,176302,179574,94.1882,179574,8.23238,19.9713,19.9713,,,,,,,800,agnews,SymphonyQG-DiskPort,22,queries/s,314.922,0.31205081939697266,False,32,c0,0,native_integration_query_cache,ddb2671e28b68a35ed366acbf8411ddcdf506db63f982842299aea0b9433bd5c,078548f8ed3526b3de09fb06f5c9b26f0125e3c1e0aeb017b99f5f4c95be6bb7
QG_R64_EF400_t3,ef=24,24,,,1,0.9465,118.625,185321,190913,322975,380663,12021.6,8192,163659776,20.4225,81.69,334602,182096,185219,94.9724,185219,7.79711,20.4225,20.4225,,,,,,,800,agnews,SymphonyQG-DiskPort,23,queries/s,322.975,0.31910133361816406,False,32,c0,0,native_integration_query_cache,ddb2671e28b68a35ed366acbf8411ddcdf506db63f982842299aea0b9433bd5c,078548f8ed3526b3de09fb06f5c9b26f0125e3c1e0aeb017b99f5f4c95be6bb7
QG_R64_EF400_t3,ef=25,25,,,1,0.95025,114.745,189971,192718,326393,378689,12021.6,8192,163659776,20.8562,83.425,341709,186646,189866,96.5276,189866,8.08842,20.8562,20.8562,,,,,,,800,agnews,SymphonyQG-DiskPort,24,queries/s,326.393,0.3258790969848633,False,32,c0,0,native_integration_query_cache,ddb2671e28b68a35ed366acbf8411ddcdf506db63f982842299aea0b9433bd5c,078548f8ed3526b3de09fb06f5c9b26f0125e3c1e0aeb017b99f5f4c95be6bb7
QG_R64_EF400_t3,ef=26,26,,,1,0.954625,114.943,196816,201712,343991,407727,12021.6,8192,163659776,21.3025,85.21,349020,193395,196712,96.0701,196712,7.87598,21.3025,21.3025,,,,,,,800,agnews,SymphonyQG-DiskPort,25,queries/s,343.991,0.3328514099121094,False,32,c0,0,native_integration_query_cache,ddb2671e28b68a35ed366acbf8411ddcdf506db63f982842299aea0b9433bd5c,078548f8ed3526b3de09fb06f5c9b26f0125e3c1e0aeb017b99f5f4c95be6bb7
QG_R64_EF400_t3,ef=27,27,,,1,0.959125,112.55,200959,204839,349452,408391,12021.6,8192,163659776,21.7875,87.15,356966,197881,200862,89.1081,200862,7.74712,21.7875,21.7875,,,,,,,800,agnews,SymphonyQG-DiskPort,26,queries/s,349.452,0.34042930603027344,False,32,c0,0,native_integration_query_cache,ddb2671e28b68a35ed366acbf8411ddcdf506db63f982842299aea0b9433bd5c,078548f8ed3526b3de09fb06f5c9b26f0125e3c1e0aeb017b99f5f4c95be6bb7
QG_R64_EF400_t3,ef=28,28,,,1,0.96175,111.484,207904,213987,361717,419675,12021.6,8192,163659776,22.25,89,364544,204699,207798,97.9207,207798,7.79486,22.25,22.25,,,,,,,800,agnews,SymphonyQG-DiskPort,27,queries/s,361.717,0.34765625,False,32,c0,0,native_integration_query_cache,ddb2671e28b68a35ed366acbf8411ddcdf506db63f982842299aea0b9433bd5c,078548f8ed3526b3de09fb06f5c9b26f0125e3c1e0aeb017b99f5f4c95be6bb7
QG_R64_EF400_t3,ef=29,29,,,1,0.965875,106.952,211023,219181,360250,425512,12021.6,8192,163659776,22.6875,90.75,371712,207965,210930,85.2863,210930,7.71212,22.6875,22.6875,,,,,,,800,agnews,SymphonyQG-DiskPort,28,queries/s,360.25,0.3544921875,False,32,c0,0,native_integration_query_cache,ddb2671e28b68a35ed366acbf8411ddcdf506db63f982842299aea0b9433bd5c,078548f8ed3526b3de09fb06f5c9b26f0125e3c1e0aeb017b99f5f4c95be6bb7
QG_R64_EF400_t3,ef=30,30,,,1,0.968625,106.724,216129,221089,370789,428386,12021.6,8192,163659776,23.1663,92.665,379556,212875,216027,94.0228,216027,8.74728,23.1663,23.1663,,,,,,,800,agnews,SymphonyQG-DiskPort,29,queries/s,370.789,0.3619728088378906,False,32,c0,0,native_integration_query_cache,ddb2671e28b68a35ed366acbf8411ddcdf506db63f982842299aea0b9433bd5c,078548f8ed3526b3de09fb06f5c9b26f0125e3c1e0aeb017b99f5f4c95be6bb7
QG_R64_EF400_t3,ef=40,40,,,1,0.981875,91.786,268011,269238,466438,537457,12021.6,8192,163659776,27.34,109.36,447939,265094,267915,88.7679,267915,7.24469,27.34,27.34,,,,,,,800,agnews,SymphonyQG-DiskPort,30,queries/s,466.438,0.4271879196166992,False,32,c0,0,native_integration_query_cache,ddb2671e28b68a35ed366acbf8411ddcdf506db63f982842299aea0b9433bd5c,078548f8ed3526b3de09fb06f5c9b26f0125e3c1e0aeb017b99f5f4c95be6bb7
QG_R64_EF400_t3,ef=50,50,,,1,0.988375,75.2165,346138,328141,568881,646376,12021.6,8192,163659776,31.3113,125.245,513004,343389,346056,75.0505,346056,7.26326,31.3113,31.3113,,,,,,,800,agnews,SymphonyQG-DiskPort,31,queries/s,568.881,0.4892387390136719,False,32,c0,0,native_integration_query_cache,ddb2671e28b68a35ed366acbf8411ddcdf506db63f982842299aea0b9433bd5c,078548f8ed3526b3de09fb06f5c9b26f0125e3c1e0aeb017b99f5f4c95be6bb7
QG_R64_EF400_t3,ef=60,60,,,1,0.9915,66.4454,405959,381102,641109,771924,12021.6,8192,163659776,35.1525,140.61,575939,403148,405874,77.9963,405874,7.33757,35.1525,35.1525,,,,,,,800,agnews,SymphonyQG-DiskPort,32,queries/s,641.109,0.5492582321166992,False,32,c0,0,native_integration_query_cache,ddb2671e28b68a35ed366acbf8411ddcdf506db63f982842299aea0b9433bd5c,078548f8ed3526b3de09fb06f5c9b26f0125e3c1e0aeb017b99f5f4c95be6bb7
QG_R64_EF400_t3,ef=70,70,,,1,0.993125,60.1144,456071,428459,735252,857011,12021.6,8192,163659776,38.855,155.42,636600,453126,455977,86.5821,455977,7.40406,38.855,38.855,,,,,,,800,agnews,SymphonyQG-DiskPort,33,queries/s,735.252,0.6071090698242188,False,32,c0,0,native_integration_query_cache,ddb2671e28b68a35ed366acbf8411ddcdf506db63f982842299aea0b9433bd5c,078548f8ed3526b3de09fb06f5c9b26f0125e3c1e0aeb017b99f5f4c95be6bb7
QG_R64_EF400_t3,ef=80,80,,,1,0.994125,55.4479,501772,467453,826874,992815,12021.6,8192,163704832,42.5637,170.255,697364,498753,501690,74.9948,501690,7.64374,42.5637,42.5637,,,,,,,800,agnews,SymphonyQG-DiskPort,34,queries/s,826.874,0.6650581359863281,False,32,c0,0,native_integration_query_cache,ddb2671e28b68a35ed366acbf8411ddcdf506db63f982842299aea0b9433bd5c,078548f8ed3526b3de09fb06f5c9b26f0125e3c1e0aeb017b99f5f4c95be6bb7
QG_R64_EF400_t3,ef=90,90,,,1,0.99475,51.1249,552804,512857,924194,1047640.0,12021.6,8192,163704832,46.0275,184.11,754115,549707,552718,78.4123,552718,7.88944,46.0275,46.0275,,,,,,,800,agnews,SymphonyQG-DiskPort,35,queries/s,924.194,0.7191801071166992,False,32,c0,0,native_integration_query_cache,ddb2671e28b68a35ed366acbf8411ddcdf506db63f982842299aea0b9433bd5c,078548f8ed3526b3de09fb06f5c9b26f0125e3c1e0aeb017b99f5f4c95be6bb7
QG_R64_EF400_t3,ef=100,100,,,1,0.996125,46.5767,606823,565919,1008320.0,1132770.0,12021.6,8192,163704832,49.57,198.28,812155,603735,606738,75.5714,606738,9.34997,49.57,49.57,,,,,,,800,agnews,SymphonyQG-DiskPort,36,queries/s,1008.32,0.774531364440918,False,32,c0,0,native_integration_query_cache,ddb2671e28b68a35ed366acbf8411ddcdf506db63f982842299aea0b9433bd5c,078548f8ed3526b3de09fb06f5c9b26f0125e3c1e0aeb017b99f5f4c95be6bb7
QG_R64_EF400_t3,ef=140,140,,,1,0.9965,37.5377,775543,716927,1294690.0,1552330.0,12021.6,8192,164876288,62.96,251.84,1031540.0,772111,775453,78.3861,775453,11.8818,62.96,62.96,,,,,,,800,agnews,SymphonyQG-DiskPort,37,queries/s,1294.69,0.9837532043457031,False,32,c0,0,native_integration_query_cache,ddb2671e28b68a35ed366acbf8411ddcdf506db63f982842299aea0b9433bd5c,078548f8ed3526b3de09fb06f5c9b26f0125e3c1e0aeb017b99f5f4c95be6bb7
QG_R64_EF400_t3,ef=180,180,,,1,0.997125,31.4022,942048,879955,1581070.0,1910200.0,12021.6,8192,164876288,75.62,302.48,1238960.0,938627,941954,83.9572,941954,9.22549,75.62,75.62,,,,,,,800,agnews,SymphonyQG-DiskPort,38,queries/s,1581.07,1.1815643310546875,False,32,c0,0,native_integration_query_cache,ddb2671e28b68a35ed366acbf8411ddcdf506db63f982842299aea0b9433bd5c,078548f8ed3526b3de09fb06f5c9b26f0125e3c1e0aeb017b99f5f4c95be6bb7
QG_R64_EF400_t3,ef=220,220,,,1,0.997375,26.7989,1111980.0,1035990.0,1886330.0,2305030.0,12021.6,8192,164876288,87.9762,351.905,1441400.0,1108350.0,1111890.0,76.7947,1111890.0,7.6031,87.9762,87.9762,,,,,,,800,agnews,SymphonyQG-DiskPort,39,queries/s,1886.33,1.3746261596679688,False,32,c0,0,native_integration_query_cache,ddb2671e28b68a35ed366acbf8411ddcdf506db63f982842299aea0b9433bd5c,078548f8ed3526b3de09fb06f5c9b26f0125e3c1e0aeb017b99f5f4c95be6bb7
QG_R64_EF400_t3,ef=260,260,,,1,0.997625,23.7051,1258540.0,1148270.0,2168850.0,2700140.0,12021.6,8192,164876288,99.8475,399.39,1635900.0,1254670.0,1258460.0,76.0014,1258460.0,7.63017,99.8475,99.8475,,,,,,,800,agnews,SymphonyQG-DiskPort,40,queries/s,2168.85,1.5601158142089844,False,32,c0,0,native_integration_query_cache,ddb2671e28b68a35ed366acbf8411ddcdf506db63f982842299aea0b9433bd5c,078548f8ed3526b3de09fb06f5c9b26f0125e3c1e0aeb017b99f5f4c95be6bb7
QG_R64_EF400_t3,ef=300,300,,,1,0.998375,21.1417,1423180.0,1312240.0,2479100.0,2999320.0,12021.6,8192,164876288,111.311,445.245,1823720.0,1419090.0,1423100.0,74.139,1423100.0,7.57526,111.311,111.311,,,,,,,800,agnews,SymphonyQG-DiskPort,41,queries/s,2479.1,1.7392349243164062,False,32,c0,0,native_integration_query_cache,ddb2671e28b68a35ed366acbf8411ddcdf506db63f982842299aea0b9433bd5c,078548f8ed3526b3de09fb06f5c9b26f0125e3c1e0aeb017b99f5f4c95be6bb7
QG_R64_EF400_t3,ef=340,340,,,1,0.998625,19.2493,1570560.0,1462600.0,2789220.0,3286960.0,12021.6,8192,164876288,122.674,490.695,2009890.0,1566200.0,1570480.0,73.4891,1570480.0,7.71808,122.674,122.674,,,,,,,800,agnews,SymphonyQG-DiskPort,42,queries/s,2789.22,1.9167804718017578,False,32,c0,0,native_integration_query_cache,ddb2671e28b68a35ed366acbf8411ddcdf506db63f982842299aea0b9433bd5c,078548f8ed3526b3de09fb06f5c9b26f0125e3c1e0aeb017b99f5f4c95be6bb7
QG_R64_EF400_t3,ef=380,380,,,1,0.99875,17.7132,1708120.0,1581570.0,3009600.0,3597880.0,12021.6,8192,164876288,133.761,535.045,2191540.0,1703490.0,1708030.0,78.6385,1708030.0,7.97113,133.761,133.761,,,,,,,800,agnews,SymphonyQG-DiskPort,43,queries/s,3009.6,2.090015411376953,False,32,c0,0,native_integration_query_cache,ddb2671e28b68a35ed366acbf8411ddcdf506db63f982842299aea0b9433bd5c,078548f8ed3526b3de09fb06f5c9b26f0125e3c1e0aeb017b99f5f4c95be6bb7
QG_R64_EF400_t3,ef=420,420,,,1,0.998875,16.4366,1853850.0,1721600.0,3272780.0,3799850.0,12021.6,8192,164945920,144.429,577.715,2366320.0,1849000.0,1853770.0,75.102,1853770.0,8.88291,144.429,144.429,,,,,,,800,agnews,SymphonyQG-DiskPort,44,queries/s,3272.78,2.2566986083984375,False,32,c0,0,native_integration_query_cache,ddb2671e28b68a35ed366acbf8411ddcdf506db63f982842299aea0b9433bd5c,078548f8ed3526b3de09fb06f5c9b26f0125e3c1e0aeb017b99f5f4c95be6bb7
QG_R64_EF400_t3,ef=460,460,,,1,0.999,15.3327,1987420.0,1830070.0,3551450.0,4122030.0,12021.6,8192,164945920,155.174,620.695,2542370.0,1982550.0,1987340.0,76.7189,1987340.0,7.5871,155.174,155.174,,,,,,,800,agnews,SymphonyQG-DiskPort,45,queries/s,3551.45,2.424592971801758,False,32,c0,0,native_integration_query_cache,ddb2671e28b68a35ed366acbf8411ddcdf506db63f982842299aea0b9433bd5c,078548f8ed3526b3de09fb06f5c9b26f0125e3c1e0aeb017b99f5f4c95be6bb7
QG_R64_EF400_t3,ef=500,500,,,1,0.999,14.3031,2131700.0,1957580.0,3836380.0,4488850.0,12021.6,8192,164945920,165.865,663.46,2717530.0,2126570.0,2131610.0,76.2909,2131610.0,8.01355,165.865,165.865,,,,,,,800,agnews,SymphonyQG-DiskPort,46,queries/s,3836.38,2.5916385650634766,False,32,c0,0,native_integration_query_cache,ddb2671e28b68a35ed366acbf8411ddcdf506db63f982842299aea0b9433bd5c,078548f8ed3526b3de09fb06f5c9b26f0125e3c1e0aeb017b99f5f4c95be6bb7
QG_R64_EF400_t3,ef=540,540,,,1,0.999,13.5145,2268730.0,2083730.0,4053120.0,4688660.0,12021.6,8192,164945920,176.196,704.785,2886800.0,2263510.0,2268650.0,75.5215,2268650.0,7.1643,176.196,176.196,,,,,,,800,agnews,SymphonyQG-DiskPort,47,queries/s,4053.12,2.7530670166015625,False,32,c0,0,native_integration_query_cache,ddb2671e28b68a35ed366acbf8411ddcdf506db63f982842299aea0b9433bd5c,078548f8ed3526b3de09fb06f5c9b26f0125e3c1e0aeb017b99f5f4c95be6bb7
QG_R64_EF400_t3,ef=580,580,,,1,0.999,12.7608,2400170.0,2194570.0,4336060.0,4969900.0,12021.6,8192,164945920,186.401,745.605,3054000.0,2394690.0,2400090.0,70.497,2400090.0,7.27157,186.401,186.401,,,,,,,800,agnews,SymphonyQG-DiskPort,48,queries/s,4336.06,2.9125213623046875,False,32,c0,0,native_integration_query_cache,ddb2671e28b68a35ed366acbf8411ddcdf506db63f982842299aea0b9433bd5c,078548f8ed3526b3de09fb06f5c9b26f0125e3c1e0aeb017b99f5f4c95be6bb7
LVQ4_R64_W400,W=1,1,,,1,0.918875,49.7393,486788,461916,751456,949785,629.711,8208,160182272,715.255,715.255,2929680.0,474980,486788,0.138704,486788,0,15.3525,700.857,,,,,,,800,agnews,OG-LVQ-DiskPort,0,queries/s,751.456,2.7939605712890625,False,32,c0,0,native_integration_query_cache,ed35a2d18419a5180b896694d527a0a5d2a53208d174324677c14a9c5efa210e,078548f8ed3526b3de09fb06f5c9b26f0125e3c1e0aeb017b99f5f4c95be6bb7
LVQ4_R64_W400,W=2,2,,,1,0.918875,52.0972,461773,448024,690328,828442,629.711,8208,161845248,715.255,715.255,2929680.0,449295,461773,0.126594,461773,0,15.3525,700.857,,,,,,,800,agnews,OG-LVQ-DiskPort,1,queries/s,690.328,2.7939605712890625,False,32,c0,0,native_integration_query_cache,ed35a2d18419a5180b896694d527a0a5d2a53208d174324677c14a9c5efa210e,078548f8ed3526b3de09fb06f5c9b26f0125e3c1e0aeb017b99f5f4c95be6bb7
LVQ4_R64_W400,W=3,3,,,1,0.918875,51.191,469136,442684,746903,871788,629.711,8208,161845248,715.255,715.255,2929680.0,457206,469136,0.13024,469136,0,15.3525,700.857,,,,,,,800,agnews,OG-LVQ-DiskPort,2,queries/s,746.903,2.7939605712890625,False,32,c0,0,native_integration_query_cache,ed35a2d18419a5180b896694d527a0a5d2a53208d174324677c14a9c5efa210e,078548f8ed3526b3de09fb06f5c9b26f0125e3c1e0aeb017b99f5f4c95be6bb7
LVQ4_R64_W400,W=4,4,,,1,0.918875,51.2166,469179,445464,755502,932764,629.711,8208,161845248,715.255,715.255,2929680.0,457671,469178,0.133639,469178,0,15.3525,700.857,,,,,,,800,agnews,OG-LVQ-DiskPort,3,queries/s,755.502,2.7939605712890625,False,32,c0,0,native_integration_query_cache,ed35a2d18419a5180b896694d527a0a5d2a53208d174324677c14a9c5efa210e,078548f8ed3526b3de09fb06f5c9b26f0125e3c1e0aeb017b99f5f4c95be6bb7
LVQ4_R64_W400,W=5,5,,,1,0.918875,51.8943,458149,441731,699445,845292,629.711,8208,165806080,715.255,715.255,2929680.0,446624,458149,0.132279,458149,0,15.3525,700.857,,,,,,,800,agnews,OG-LVQ-DiskPort,4,queries/s,699.445,2.7939605712890625,False,32,c0,0,native_integration_query_cache,ed35a2d18419a5180b896694d527a0a5d2a53208d174324677c14a9c5efa210e,078548f8ed3526b3de09fb06f5c9b26f0125e3c1e0aeb017b99f5f4c95be6bb7
LVQ4_R64_W400,W=6,6,,,1,0.918875,53.4478,441293,420003,700735,828088,629.711,8208,165806080,715.255,715.255,2929680.0,430266,441293,0.137404,441293,0,15.3525,700.857,,,,,,,800,agnews,OG-LVQ-DiskPort,5,queries/s,700.735,2.7939605712890625,False,32,c0,0,native_integration_query_cache,ed35a2d18419a5180b896694d527a0a5d2a53208d174324677c14a9c5efa210e,078548f8ed3526b3de09fb06f5c9b26f0125e3c1e0aeb017b99f5f4c95be6bb7
LVQ4_R64_W400,W=7,7,,,1,0.918875,53.3593,439153,425898,683259,839562,629.711,8208,166031360,715.255,715.255,2929680.0,428105,439153,0.135667,439153,0,15.3525,700.857,,,,,,,800,agnews,OG-LVQ-DiskPort,6,queries/s,683.259,2.7939605712890625,False,32,c0,0,native_integration_query_cache,ed35a2d18419a5180b896694d527a0a5d2a53208d174324677c14a9c5efa210e,078548f8ed3526b3de09fb06f5c9b26f0125e3c1e0aeb017b99f5f4c95be6bb7
LVQ4_R64_W400,W=8,8,,,1,0.918875,47.9158,505890,469503,892141,1226210.0,629.711,8208,166031360,715.255,715.255,2929680.0,494823,505889,0.139121,505889,0,15.3525,700.857,,,,,,,800,agnews,OG-LVQ-DiskPort,7,queries/s,892.141,2.7939605712890625,False,32,c0,0,native_integration_query_cache,ed35a2d18419a5180b896694d527a0a5d2a53208d174324677c14a9c5efa210e,078548f8ed3526b3de09fb06f5c9b26f0125e3c1e0aeb017b99f5f4c95be6bb7
LVQ4_R64_W400,W=9,9,,,1,0.918875,49.1262,494614,479705,763702,909228,629.711,8208,166031360,715.255,715.255,2929680.0,483563,494614,0.140149,494614,0,15.3525,700.857,,,,,,,800,agnews,OG-LVQ-DiskPort,8,queries/s,763.702,2.7939605712890625,False,32,c0,0,native_integration_query_cache,ed35a2d18419a5180b896694d527a0a5d2a53208d174324677c14a9c5efa210e,078548f8ed3526b3de09fb06f5c9b26f0125e3c1e0aeb017b99f5f4c95be6bb7
LVQ4_R64_W400,W=10,10,,,1,0.918875,50.2767,477611,451560,744578,908754,629.711,8208,166031360,715.255,715.255,2929680.0,466452,477611,0.128017,477611,0,15.3525,700.857,,,,,,,800,agnews,OG-LVQ-DiskPort,9,queries/s,744.578,2.7939605712890625,False,32,c0,0,native_integration_query_cache,ed35a2d18419a5180b896694d527a0a5d2a53208d174324677c14a9c5efa210e,078548f8ed3526b3de09fb06f5c9b26f0125e3c1e0aeb017b99f5f4c95be6bb7
LVQ4_R64_W400,W=11,11,,,1,0.923125,48.544,504413,480559,814339,1046470.0,629.711,8208,166031360,746.987,746.987,3059660.0,493017,504413,0.131518,504413,0,16.3163,731.801,,,,,,,800,agnews,OG-LVQ-DiskPort,10,queries/s,814.339,2.917919158935547,False,32,c0,0,native_integration_query_cache,ed35a2d18419a5180b896694d527a0a5d2a53208d174324677c14a9c5efa210e,078548f8ed3526b3de09fb06f5c9b26f0125e3c1e0aeb017b99f5f4c95be6bb7
LVQ4_R64_W400,W=12,12,,,1,0.924875,45.1877,549538,526102,906136,1062450.0,629.711,8208,166031360,776.716,776.716,3181430.0,537497,549538,0.130243,549538,0,17.24,760.773,,,,,,,800,agnews,OG-LVQ-DiskPort,11,queries/s,906.136,3.034048080444336,False,32,c0,0,native_integration_query_cache,ed35a2d18419a5180b896694d527a0a5d2a53208d174324677c14a9c5efa210e,078548f8ed3526b3de09fb06f5c9b26f0125e3c1e0aeb017b99f5f4c95be6bb7
LVQ4_R64_W400,W=13,13,,,1,0.926875,44.9642,555304,536581,814115,970499,629.711,8208,166031360,806.54,806.54,3303590.0,542961,555304,0.134495,555304,0,18.1775,789.817,,,,,,,800,agnews,OG-LVQ-DiskPort,12,queries/s,814.115,3.1505489349365234,False,32,c0,0,native_integration_query_cache,ed35a2d18419a5180b896694d527a0a5d2a53208d174324677c14a9c5efa210e,078548f8ed3526b3de09fb06f5c9b26f0125e3c1e0aeb017b99f5f4c95be6bb7
LVQ4_R64_W400,W=14,14,,,1,0.931,42.9273,591097,563522,890159,1136450.0,629.711,8208,169541632,837.617,837.617,3430880.0,578038,591097,0.128754,591097,0,19.1625,820.128,,,,,,,800,agnews,OG-LVQ-DiskPort,13,queries/s,890.159,3.271942138671875,False,32,c0,0,native_integration_query_cache,ed35a2d18419a5180b896694d527a0a5d2a53208d174324677c14a9c5efa210e,078548f8ed3526b3de09fb06f5c9b26f0125e3c1e0aeb017b99f5f4c95be6bb7
LVQ4_R64_W400,W=15,15,,,1,0.932625,41.1354,614846,598340,906834,1071120.0,629.711,8208,169836544,867.499,867.499,3553270.0,601556,614845,0.13543,614845,0,20.115,849.273,,,,,,,800,agnews,OG-LVQ-DiskPort,14,queries/s,906.834,3.388662338256836,False,32,c0,0,native_integration_query_cache,ed35a2d18419a5180b896694d527a0a5d2a53208d174324677c14a9c5efa210e,078548f8ed3526b3de09fb06f5c9b26f0125e3c1e0aeb017b99f5f4c95be6bb7
LVQ4_R64_W400,W=16,16,,,1,0.93575,42.0523,603351,582024,899031,1029750.0,629.711,8208,169893888,897.29,897.29,3675300.0,589382,603351,0.143805,603351,0,21.0738,878.269,,,,,,,800,agnews,OG-LVQ-DiskPort,15,queries/s,899.031,3.5050392150878906,False,32,c0,0,native_integration_query_cache,ed35a2d18419a5180b896694d527a0a5d2a53208d174324677c14a9c5efa210e,078548f8ed3526b3de09fb06f5c9b26f0125e3c1e0aeb017b99f5f4c95be6bb7
LVQ4_R64_W400,W=17,17,,,1,0.936875,41.3824,616294,602142,889323,1040660.0,629.711,8208,171307008,926.579,926.579,3795270.0,602098,616294,0.132909,616294,0,22.035,906.808,,,,,,,800,agnews,OG-LVQ-DiskPort,16,queries/s,889.323,3.6194515228271484,False,32,c0,0,native_integration_query_cache,ed35a2d18419a5180b896694d527a0a5d2a53208d174324677c14a9c5efa210e,078548f8ed3526b3de09fb06f5c9b26f0125e3c1e0aeb017b99f5f4c95be6bb7
LVQ4_R64_W400,W=18,18,,,1,0.937375,38.4026,669539,645703,965394,1200150.0,629.711,8208,171307008,955.086,955.086,3912030.0,654555,669539,0.146185,669539,0,22.9812,934.56,,,,,,,800,agnews,OG-LVQ-DiskPort,17,queries/s,965.394,3.730802536010742,False,32,c0,0,native_integration_query_cache,ed35a2d18419a5180b896694d527a0a5d2a53208d174324677c14a9c5efa210e,078548f8ed3526b3de09fb06f5c9b26f0125e3c1e0aeb017b99f5f4c95be6bb7
LVQ4_R64_W400,W=19,19,,,1,0.939,36.1796,719881,689867,1071560.0,1277780.0,629.711,8208,171307008,986.045,986.045,4038840.0,704761,719881,0.130846,719881,0,23.9763,964.751,,,,,,,800,agnews,OG-LVQ-DiskPort,18,queries/s,1071.56,3.8517379760742188,False,32,c0,0,native_integration_query_cache,ed35a2d18419a5180b896694d527a0a5d2a53208d174324677c14a9c5efa210e,078548f8ed3526b3de09fb06f5c9b26f0125e3c1e0aeb017b99f5f4c95be6bb7
LVQ4_R64_W400,W=20,20,,,1,0.94025,36.7243,712313,687633,1057630.0,1236190.0,629.711,8208,171307008,1016.18,1016.18,4162280.0,696581,712313,0.127309,712313,0,24.9475,994.159,,,,,,,800,agnews,OG-LVQ-DiskPort,19,queries/s,1057.63,3.9694595336914062,False,32,c0,0,native_integration_query_cache,ed35a2d18419a5180b896694d527a0a5d2a53208d174324677c14a9c5efa210e,078548f8ed3526b3de09fb06f5c9b26f0125e3c1e0aeb017b99f5f4c95be6bb7
LVQ4_R64_W400,W=21,21,,,1,0.940875,35.199,748207,734847,1063660.0,1280140.0,629.711,8208,171307008,1045.47,1045.47,4282250.0,732155,748207,0.146915,748207,0,25.9262,1022.66,,,,,,,800,agnews,OG-LVQ-DiskPort,20,queries/s,1063.66,4.083871841430664,False,32,c0,0,native_integration_query_cache,ed35a2d18419a5180b896694d527a0a5d2a53208d174324677c14a9c5efa210e,078548f8ed3526b3de09fb06f5c9b26f0125e3c1e0aeb017b99f5f4c95be6bb7
LVQ4_R64_W400,W=22,22,,,1,0.941625,33.1676,802760,784627,1157410.0,1335150.0,629.711,8208,171307008,1074.46,1074.46,4400970.0,786448,802760,0.133144,802760,0,26.8975,1050.9,,,,,,,800,agnews,OG-LVQ-DiskPort,21,queries/s,1157.41,4.197092056274414,False,32,c0,0,native_integration_query_cache,ed35a2d18419a5180b896694d527a0a5d2a53208d174324677c14a9c5efa210e,078548f8ed3526b3de09fb06f5c9b26f0125e3c1e0aeb017b99f5f4c95be6bb7
LVQ4_R64_W400,W=23,23,,,1,0.94175,33.0743,812216,787196,1183600.0,1374220.0,629.711,8208,171307008,1104.16,1104.16,4522650.0,795363,812216,0.12942,812216,0,27.875,1079.84,,,,,,,800,agnews,OG-LVQ-DiskPort,22,queries/s,1183.6,4.313135147094727,False,32,c0,0,native_integration_query_cache,ed35a2d18419a5180b896694d527a0a5d2a53208d174324677c14a9c5efa210e,078548f8ed3526b3de09fb06f5c9b26f0125e3c1e0aeb017b99f5f4c95be6bb7
LVQ4_R64_W400,W=24,24,,,1,0.942625,32.3521,833384,816415,1209080.0,1461420.0,629.711,8208,171307008,1134,1134,4644870.0,815956,833384,0.13381,833384,0,28.8738,1108.9,,,,,,,800,agnews,OG-LVQ-DiskPort,23,queries/s,1209.08,4.429693222045898,False,32,c0,0,native_integration_query_cache,ed35a2d18419a5180b896694d527a0a5d2a53208d174324677c14a9c5efa210e,078548f8ed3526b3de09fb06f5c9b26f0125e3c1e0aeb017b99f5f4c95be6bb7
LVQ4_R64_W400,W=25,25,,,1,0.943,32.2946,834026,816817,1181630.0,1348480.0,629.711,8208,173969408,1161.83,1161.83,4758840.0,815637,834026,0.130729,834026,0,29.825,1135.98,,,,,,,800,agnews,OG-LVQ-DiskPort,24,queries/s,1181.63,4.538383483886719,False,32,c0,0,native_integration_query_cache,ed35a2d18419a5180b896694d527a0a5d2a53208d174324677c14a9c5efa210e,078548f8ed3526b3de09fb06f5c9b26f0125e3c1e0aeb017b99f5f4c95be6bb7
LVQ4_R64_W400,W=26,26,,,1,0.943375,29.2955,929734,886729,1404460.0,1889380.0,629.711,8208,178499584,1189.71,1189.71,4873040.0,911046,929734,0.131417,929734,0,30.7825,1163.12,,,,,,,800,agnews,OG-LVQ-DiskPort,25,queries/s,1404.46,4.6472930908203125,False,32,c0,0,native_integration_query_cache,ed35a2d18419a5180b896694d527a0a5d2a53208d174324677c14a9c5efa210e,078548f8ed3526b3de09fb06f5c9b26f0125e3c1e0aeb017b99f5f4c95be6bb7
LVQ4_R64_W400,W=27,27,,,1,0.9435,29.1716,933084,903425,1332640.0,1574410.0,629.711,8208,178499584,1218.34,1218.34,4990310.0,914118,933084,0.133875,933084,0,31.76,1190.99,,,,,,,800,agnews,OG-LVQ-DiskPort,26,queries/s,1332.64,4.759130477905273,False,32,c0,0,native_integration_query_cache,ed35a2d18419a5180b896694d527a0a5d2a53208d174324677c14a9c5efa210e,078548f8ed3526b3de09fb06f5c9b26f0125e3c1e0aeb017b99f5f4c95be6bb7
LVQ4_R64_W400,W=28,28,,,1,0.943875,28.2726,965550,948745,1380150.0,1494590.0,629.711,8208,178499584,1247.05,1247.05,5107910.0,947028,965550,0.130864,965550,0,32.74,1218.93,,,,,,,800,agnews,OG-LVQ-DiskPort,27,queries/s,1380.15,4.871282577514648,False,32,c0,0,native_integration_query_cache,ed35a2d18419a5180b896694d527a0a5d2a53208d174324677c14a9c5efa210e,078548f8ed3526b3de09fb06f5c9b26f0125e3c1e0aeb017b99f5f4c95be6bb7
LVQ4_R64_W400,W=29,29,,,1,0.944625,27.5977,999371,990744,1413790.0,1592440.0,629.711,8208,178499584,1276.19,1276.19,5227260.0,980351,999371,0.133789,999371,0,33.7338,1247.28,,,,,,,800,agnews,OG-LVQ-DiskPort,28,queries/s,1413.79,4.985103607177734,False,32,c0,0,native_integration_query_cache,ed35a2d18419a5180b896694d527a0a5d2a53208d174324677c14a9c5efa210e,078548f8ed3526b3de09fb06f5c9b26f0125e3c1e0aeb017b99f5f4c95be6bb7
LVQ4_R64_W400,W=30,30,,,1,0.94575,27.0125,1012940.0,1001450.0,1461290.0,1643670.0,629.711,8208,178499584,1305.06,1305.06,5345510.0,993177,1012940.0,0.140266,1012940.0,0,34.725,1275.35,,,,,,,800,agnews,OG-LVQ-DiskPort,29,queries/s,1461.29,5.097875595092773,False,32,c0,0,native_integration_query_cache,ed35a2d18419a5180b896694d527a0a5d2a53208d174324677c14a9c5efa210e,078548f8ed3526b3de09fb06f5c9b26f0125e3c1e0aeb017b99f5f4c95be6bb7
LVQ4_R64_W400,W=40,40,,,1,0.948125,23.1402,1217830.0,1196460.0,1688730.0,1920760.0,629.711,8208,178499584,1584.42,1584.42,6489790.0,1193860.0,1217830.0,0.136029,1217830.0,0,44.5412,1546.99,,,,,,,800,agnews,OG-LVQ-DiskPort,30,queries/s,1688.73,6.189146041870117,False,32,c0,0,native_integration_query_cache,ed35a2d18419a5180b896694d527a0a5d2a53208d174324677c14a9c5efa210e,078548f8ed3526b3de09fb06f5c9b26f0125e3c1e0aeb017b99f5f4c95be6bb7
LVQ4_R64_W400,W=50,50,,,1,0.950625,19.3761,1490680.0,1459610.0,2089150.0,2308700.0,629.711,8208,178499584,1854.42,1854.42,7595690.0,1462260.0,1490680.0,0.131959,1490680.0,0,54.3837,1809.2,,,,,,,800,agnews,OG-LVQ-DiskPort,31,queries/s,2089.15,7.243814468383789,False,32,c0,0,native_integration_query_cache,ed35a2d18419a5180b896694d527a0a5d2a53208d174324677c14a9c5efa210e,078548f8ed3526b3de09fb06f5c9b26f0125e3c1e0aeb017b99f5f4c95be6bb7
LVQ4_R64_W400,W=60,60,,,1,0.95125,17.1645,1699220.0,1687290.0,2333150.0,2614650.0,629.711,8208,178499584,2116.52,2116.52,8669280.0,1666070.0,1699220.0,0.13144,1699220.0,0,64.2412,2063.48,,,,,,,800,agnews,OG-LVQ-DiskPort,32,queries/s,2333.15,8.267669677734375,False,32,c0,0,native_integration_query_cache,ed35a2d18419a5180b896694d527a0a5d2a53208d174324677c14a9c5efa210e,078548f8ed3526b3de09fb06f5c9b26f0125e3c1e0aeb017b99f5f4c95be6bb7
LVQ4_R64_W400,W=70,70,,,1,0.9515,14.7754,1994950.0,1968990.0,2714910.0,2979740.0,629.711,8208,178528256,2376.12,2376.12,9732610.0,1956790.0,1994950.0,0.13477,1994950.0,0,74.1475,2315.07,,,,,,,800,agnews,OG-LVQ-DiskPort,33,queries/s,2714.91,9.281740188598633,False,32,c0,0,native_integration_query_cache,ed35a2d18419a5180b896694d527a0a5d2a53208d174324677c14a9c5efa210e,078548f8ed3526b3de09fb06f5c9b26f0125e3c1e0aeb017b99f5f4c95be6bb7
LVQ4_R64_W400,W=80,80,,,1,0.951875,13.395,2222880.0,2211860.0,3036760.0,3325830.0,629.711,8208,180674560,2630.02,2630.02,10772600.0,2180080.0,2222880.0,0.131509,2222880.0,0,84.0487,2560.93,,,,,,,800,agnews,OG-LVQ-DiskPort,34,queries/s,3036.76,10.273551940917969,False,32,c0,0,native_integration_query_cache,ed35a2d18419a5180b896694d527a0a5d2a53208d174324677c14a9c5efa210e,078548f8ed3526b3de09fb06f5c9b26f0125e3c1e0aeb017b99f5f4c95be6bb7
LVQ4_R64_W400,W=90,90,,,1,0.95225,12.2971,2431550.0,2410180.0,3309630.0,3769190.0,629.711,8208,180674560,2880.19,2880.19,11797300.0,2383940.0,2431550.0,0.133551,2431550.0,0,94.015,2803.08,,,,,,,800,agnews,OG-LVQ-DiskPort,35,queries/s,3309.63,11.250782012939453,False,32,c0,0,native_integration_query_cache,ed35a2d18419a5180b896694d527a0a5d2a53208d174324677c14a9c5efa210e,078548f8ed3526b3de09fb06f5c9b26f0125e3c1e0aeb017b99f5f4c95be6bb7
LVQ4_R64_W400,W=100,100,,,1,0.95225,11.3141,2653160.0,2634910.0,3581230.0,3881200.0,629.711,8208,180674560,3125.49,3125.49,12802000.0,2599020.0,2653160.0,0.141843,2653160.0,0,103.933,3040.24,,,,,,,800,agnews,OG-LVQ-DiskPort,36,queries/s,3581.23,12.208938598632812,False,32,c0,0,native_integration_query_cache,ed35a2d18419a5180b896694d527a0a5d2a53208d174324677c14a9c5efa210e,078548f8ed3526b3de09fb06f5c9b26f0125e3c1e0aeb017b99f5f4c95be6bb7
LVQ4_R64_W400,W=140,140,,,1,0.95275,8.65427,3522520.0,3486890.0,4882520.0,5178470.0,629.711,8208,180674560,4071.8,4071.8,16678100.0,3449050.0,3522520.0,0.137012,3522520.0,0,143.681,3953.98,,,,,,,800,agnews,OG-LVQ-DiskPort,37,queries/s,4882.52,15.905475616455078,False,32,c0,0,native_integration_query_cache,ed35a2d18419a5180b896694d527a0a5d2a53208d174324677c14a9c5efa210e,078548f8ed3526b3de09fb06f5c9b26f0125e3c1e0aeb017b99f5f4c95be6bb7
LVQ4_R64_W400,W=180,180,,,1,0.953,6.82105,4490850.0,4432820.0,6203090.0,6783460.0,629.711,8208,180850688,4981.81,4981.81,20405500.0,4391570.0,4490850.0,0.137954,4490850.0,0,183.499,4830.91,,,,,,,800,agnews,OG-LVQ-DiskPort,38,queries/s,6203.09,19.460201263427734,False,32,c0,0,native_integration_query_cache,ed35a2d18419a5180b896694d527a0a5d2a53208d174324677c14a9c5efa210e,078548f8ed3526b3de09fb06f5c9b26f0125e3c1e0aeb017b99f5f4c95be6bb7
LVQ4_R64_W400,W=220,220,,,1,0.953,5.80233,5314900.0,5196100.0,7411250.0,8048770.0,629.711,8208,181301248,5861.32,5861.32,24008000.0,5191400.0,5314900.0,0.1513,5314900.0,0,223.361,5677,,,,,,,800,agnews,OG-LVQ-DiskPort,39,queries/s,7411.25,22.89581298828125,False,32,c0,0,native_integration_query_cache,ed35a2d18419a5180b896694d527a0a5d2a53208d174324677c14a9c5efa210e,078548f8ed3526b3de09fb06f5c9b26f0125e3c1e0aeb017b99f5f4c95be6bb7
LVQ4_R64_W400,W=260,260,,,1,0.953,5.00689,6180700.0,6068100.0,8592000.0,9231420.0,629.711,8208,183160832,6717.87,6717.87,27516400.0,6030190.0,6180700.0,0.13963,6180700.0,0,263.22,6500.07,,,,,,,800,agnews,OG-LVQ-DiskPort,40,queries/s,8592.0,26.241683959960938,False,32,c0,0,native_integration_query_cache,ed35a2d18419a5180b896694d527a0a5d2a53208d174324677c14a9c5efa210e,078548f8ed3526b3de09fb06f5c9b26f0125e3c1e0aeb017b99f5f4c95be6bb7
LVQ4_R64_W400,W=300,300,,,1,0.953,4.42909,6991260.0,6859380.0,9752850.0,10550500.0,629.711,8208,187129856,7559.33,7559.33,30963000.0,6801940.0,6991260.0,0.14264,6991260.0,0,303.123,7307.78,,,,,,,800,agnews,OG-LVQ-DiskPort,41,queries/s,9752.85,29.52861785888672,False,32,c0,0,native_integration_query_cache,ed35a2d18419a5180b896694d527a0a5d2a53208d174324677c14a9c5efa210e,078548f8ed3526b3de09fb06f5c9b26f0125e3c1e0aeb017b99f5f4c95be6bb7
LVQ4_R64_W400,W=340,340,,,1,0.953,3.94773,7886030.0,7795890.0,10945500.0,11795000.0,629.711,8208,187129856,8384.1,8384.1,34341300.0,7664290.0,7886030.0,0.141711,7886030.0,0,343.019,8098.67,,,,,,,800,agnews,OG-LVQ-DiskPort,42,queries/s,10945.5,32.75041580200195,False,32,c0,0,native_integration_query_cache,ed35a2d18419a5180b896694d527a0a5d2a53208d174324677c14a9c5efa210e,078548f8ed3526b3de09fb06f5c9b26f0125e3c1e0aeb017b99f5f4c95be6bb7
LVQ4_R64_W400,W=380,380,,,1,0.953,3.55556,8751820.0,8541770.0,12183100.0,13460700.0,629.711,8208,187129856,9191.6,9191.6,37648800.0,8493930.0,8751820.0,0.141163,8751820.0,0,382.938,8872.28,,,,,,,800,agnews,OG-LVQ-DiskPort,43,queries/s,12183.1,35.904693603515625,False,32,c0,0,native_integration_query_cache,ed35a2d18419a5180b896694d527a0a5d2a53208d174324677c14a9c5efa210e,078548f8ed3526b3de09fb06f5c9b26f0125e3c1e0aeb017b99f5f4c95be6bb7
LVQ4_R64_W400,W=420,420,,,1,0.953,3.24596,9586450.0,9442220.0,13214800.0,14407300.0,629.711,8208,187129856,9985.88,9985.88,40902200.0,9290530.0,9586450.0,0.143546,9586450.0,0,422.871,9632.49,,,,,,,800,agnews,OG-LVQ-DiskPort,44,queries/s,13214.8,39.00737762451172,False,32,c0,0,native_integration_query_cache,ed35a2d18419a5180b896694d527a0a5d2a53208d174324677c14a9c5efa210e,078548f8ed3526b3de09fb06f5c9b26f0125e3c1e0aeb017b99f5f4c95be6bb7
LVQ4_R64_W400,W=460,460,,,1,0.953,2.97845,10454000.0,10254600.0,14455900.0,15571200.0,629.711,8208,187580416,10768.1,10768.1,44106000.0,10121400.0,10454000.0,0.144407,10454000.0,0,462.777,10380.6,,,,,,,800,agnews,OG-LVQ-DiskPort,45,queries/s,14455.9,42.06275939941406,False,32,c0,0,native_integration_query_cache,ed35a2d18419a5180b896694d527a0a5d2a53208d174324677c14a9c5efa210e,078548f8ed3526b3de09fb06f5c9b26f0125e3c1e0aeb017b99f5f4c95be6bb7
LVQ4_R64_W400,W=500,500,,,1,0.953,2.76671,11284100.0,11006300.0,15716900.0,16886900.0,629.711,8208,187580416,11533.7,11533.7,47242200.0,10914200.0,11284100.0,0.147066,11284100.0,0,502.709,11111.8,,,,,,,800,agnews,OG-LVQ-DiskPort,46,queries/s,15716.9,45.053672790527344,False,32,c0,0,native_integration_query_cache,ed35a2d18419a5180b896694d527a0a5d2a53208d174324677c14a9c5efa210e,078548f8ed3526b3de09fb06f5c9b26f0125e3c1e0aeb017b99f5f4c95be6bb7
LVQ4_R64_W400,W=540,540,,,1,0.953,2.62354,11902700.0,11591000.0,16516200.0,17942500.0,629.711,8208,187580416,12292.3,12292.3,50349200.0,11494300.0,11902700.0,0.145361,11902700.0,0,542.648,11835.9,,,,,,,800,agnews,OG-LVQ-DiskPort,47,queries/s,16516.2,48.01673889160156,False,32,c0,0,native_integration_query_cache,ed35a2d18419a5180b896694d527a0a5d2a53208d174324677c14a9c5efa210e,078548f8ed3526b3de09fb06f5c9b26f0125e3c1e0aeb017b99f5f4c95be6bb7
LVQ4_R64_W400,W=580,580,,,1,0.953,2.42769,12880300.0,12507400.0,17659700.0,19234500.0,629.711,8208,187580416,13039,13039,53407600.0,12421000.0,12880300.0,0.145176,12880300.0,0,582.594,12548.1,,,,,,,800,agnews,OG-LVQ-DiskPort,48,queries/s,17659.7,50.93345642089844,False,32,c0,0,native_integration_query_cache,ed35a2d18419a5180b896694d527a0a5d2a53208d174324677c14a9c5efa210e,078548f8ed3526b3de09fb06f5c9b26f0125e3c1e0aeb017b99f5f4c95be6bb7
NSG_R64_L400_SQ4U,ef=1,1,,,1,0.900125,59.595,386649,365932.243,667597.711,861863.891,563.516,4268,155521024,634.4,634.4,2598500.0,380359,386592,38.8174,386592,18.0485,15.775,620.38,,,,,,,800,agnews,Glass-NSG-DiskPort,0,queries/s,667.597711,2.4781227111816406,False,32,c0,0,native_integration_query_cache,e54d7e12690e4a98b0bf1c808ae0325def3d8f3e2195c9d03592d7c3d49af824,078548f8ed3526b3de09fb06f5c9b26f0125e3c1e0aeb017b99f5f4c95be6bb7
NSG_R64_L400_SQ4U,ef=2,2,,,1,0.900125,60.6798,373074,340683.772,681718.114,967159.926,563.516,4268,165232640,634.4,634.4,2598500.0,364813,372978,71.0589,372978,24.5193,15.775,620.38,,,,,,,800,agnews,Glass-NSG-DiskPort,1,queries/s,681.7181139999999,2.4781227111816406,False,32,c0,0,native_integration_query_cache,e54d7e12690e4a98b0bf1c808ae0325def3d8f3e2195c9d03592d7c3d49af824,078548f8ed3526b3de09fb06f5c9b26f0125e3c1e0aeb017b99f5f4c95be6bb7
NSG_R64_L400_SQ4U,ef=3,3,,,1,0.900125,54.6602,420331,390961.398,745468.33,1008324.98,563.516,4268,165232640,634.4,634.4,2598500.0,412924,420258,53.5552,420258,18.5137,15.775,620.38,,,,,,,800,agnews,Glass-NSG-DiskPort,2,queries/s,745.4683299999999,2.4781227111816406,False,32,c0,0,native_integration_query_cache,e54d7e12690e4a98b0bf1c808ae0325def3d8f3e2195c9d03592d7c3d49af824,078548f8ed3526b3de09fb06f5c9b26f0125e3c1e0aeb017b99f5f4c95be6bb7
NSG_R64_L400_SQ4U,ef=4,4,,,1,0.900125,60.4599,373123,329576.281,743827.639,992843.211,563.516,4268,165400576,634.4,634.4,2598500.0,365963,373046,59.7056,373046,17.9542,15.775,620.38,,,,,,,800,agnews,Glass-NSG-DiskPort,3,queries/s,743.827639,2.4781227111816406,False,32,c0,0,native_integration_query_cache,e54d7e12690e4a98b0bf1c808ae0325def3d8f3e2195c9d03592d7c3d49af824,078548f8ed3526b3de09fb06f5c9b26f0125e3c1e0aeb017b99f5f4c95be6bb7
NSG_R64_L400_SQ4U,ef=5,5,,,1,0.900125,59.6307,377200,334542.752,721397.772,896224.659,563.516,4268,165400576,634.4,634.4,2598500.0,370476,377143,39.5918,377143,16.9316,15.775,620.38,,,,,,,800,agnews,Glass-NSG-DiskPort,4,queries/s,721.397772,2.4781227111816406,False,32,c0,0,native_integration_query_cache,e54d7e12690e4a98b0bf1c808ae0325def3d8f3e2195c9d03592d7c3d49af824,078548f8ed3526b3de09fb06f5c9b26f0125e3c1e0aeb017b99f5f4c95be6bb7
NSG_R64_L400_SQ4U,ef=6,6,,,1,0.900125,54.8247,427350,372287.029,841562.77,1122197.48,563.516,4268,165400576,634.4,634.4,2598500.0,420751,427295,37.6493,427295,17.019,15.775,620.38,,,,,,,800,agnews,Glass-NSG-DiskPort,5,queries/s,841.56277,2.4781227111816406,False,32,c0,0,native_integration_query_cache,e54d7e12690e4a98b0bf1c808ae0325def3d8f3e2195c9d03592d7c3d49af824,078548f8ed3526b3de09fb06f5c9b26f0125e3c1e0aeb017b99f5f4c95be6bb7
NSG_R64_L400_SQ4U,ef=7,7,,,1,0.900125,57.9712,393328,352557.231,730493.91,961623.133,563.516,4268,165400576,634.4,634.4,2598500.0,386643,393250,57.965,393250,20.4602,15.775,620.38,,,,,,,800,agnews,Glass-NSG-DiskPort,6,queries/s,730.49391,2.4781227111816406,False,32,c0,0,native_integration_query_cache,e54d7e12690e4a98b0bf1c808ae0325def3d8f3e2195c9d03592d7c3d49af824,078548f8ed3526b3de09fb06f5c9b26f0125e3c1e0aeb017b99f5f4c95be6bb7
NSG_R64_L400_SQ4U,ef=8,8,,,1,0.900125,63.1116,351903,311949.914,664120.839,877877.488,563.516,4268,165400576,634.4,634.4,2598500.0,345197,351848,38.3693,351848,16.7939,15.775,620.38,,,,,,,800,agnews,Glass-NSG-DiskPort,7,queries/s,664.120839,2.4781227111816406,False,32,c0,0,native_integration_query_cache,e54d7e12690e4a98b0bf1c808ae0325def3d8f3e2195c9d03592d7c3d49af824,078548f8ed3526b3de09fb06f5c9b26f0125e3c1e0aeb017b99f5f4c95be6bb7
NSG_R64_L400_SQ4U,ef=9,9,,,1,0.900125,62.3639,354158,331840.382,647137.293,759201.937,563.516,4268,165400576,634.4,634.4,2598500.0,347473,354095,44.5265,354095,17.8971,15.775,620.38,,,,,,,800,agnews,Glass-NSG-DiskPort,8,queries/s,647.137293,2.4781227111816406,False,32,c0,0,native_integration_query_cache,e54d7e12690e4a98b0bf1c808ae0325def3d8f3e2195c9d03592d7c3d49af824,078548f8ed3526b3de09fb06f5c9b26f0125e3c1e0aeb017b99f5f4c95be6bb7
NSG_R64_L400_SQ4U,ef=10,10,,,1,0.900125,69.2284,307163,274324.87,558768.878,708948.235,563.516,4268,165400576,634.4,634.4,2598500.0,300493,307104,40.5772,307104,18.0886,15.775,620.38,,,,,,,800,agnews,Glass-NSG-DiskPort,9,queries/s,558.768878,2.4781227111816406,False,32,c0,0,native_integration_query_cache,e54d7e12690e4a98b0bf1c808ae0325def3d8f3e2195c9d03592d7c3d49af824,078548f8ed3526b3de09fb06f5c9b26f0125e3c1e0aeb017b99f5f4c95be6bb7
NSG_R64_L400_SQ4U,ef=11,11,,,1,0.90525,62.4223,352000,326965.059,620449.641,800860.269,563.516,4268,165400576,660.084,660.084,2703700.0,344854,351940,41.459,351940,18.2757,16.7338,645.245,,,,,,,800,agnews,Glass-NSG-DiskPort,10,queries/s,620.4496409999999,2.578449249267578,False,32,c0,0,native_integration_query_cache,e54d7e12690e4a98b0bf1c808ae0325def3d8f3e2195c9d03592d7c3d49af824,078548f8ed3526b3de09fb06f5c9b26f0125e3c1e0aeb017b99f5f4c95be6bb7
NSG_R64_L400_SQ4U,ef=12,12,,,1,0.91,55.6021,420907,376760.336,831926.47,1083245.83,563.516,4268,165400576,685.854,685.854,2809260.0,414030,420850,38.6117,420850,17.796,17.7175,670.209,,,,,,,800,agnews,Glass-NSG-DiskPort,11,queries/s,831.92647,2.679119110107422,False,32,c0,0,native_integration_query_cache,e54d7e12690e4a98b0bf1c808ae0325def3d8f3e2195c9d03592d7c3d49af824,078548f8ed3526b3de09fb06f5c9b26f0125e3c1e0aeb017b99f5f4c95be6bb7
NSG_R64_L400_SQ4U,ef=13,13,,,1,0.913375,57.2249,399495,353367.41,748573.084,938632.039,563.516,4268,165400576,711.126,711.126,2912770.0,392260,399409,69.3104,399409,16.7187,18.6887,694.659,,,,,,,800,agnews,Glass-NSG-DiskPort,12,queries/s,748.573084,2.777833938598633,False,32,c0,0,native_integration_query_cache,e54d7e12690e4a98b0bf1c808ae0325def3d8f3e2195c9d03592d7c3d49af824,078548f8ed3526b3de09fb06f5c9b26f0125e3c1e0aeb017b99f5f4c95be6bb7
NSG_R64_L400_SQ4U,ef=14,14,,,1,0.916625,57.422,403130,378801.094,713307.503,905957.533,563.516,4268,165400576,735.925,735.925,3014350.0,395930,403073,40.7633,403073,17.0983,19.6537,718.641,,,,,,,800,agnews,Glass-NSG-DiskPort,13,queries/s,713.307503,2.8747081756591797,False,32,c0,0,native_integration_query_cache,e54d7e12690e4a98b0bf1c808ae0325def3d8f3e2195c9d03592d7c3d49af824,078548f8ed3526b3de09fb06f5c9b26f0125e3c1e0aeb017b99f5f4c95be6bb7
NSG_R64_L400_SQ4U,ef=15,15,,,1,0.917875,55.0815,423738,386200.673,788037.516,1024985.69,563.516,4268,165400576,759.25,759.25,3109890.0,416374,423679,42.4175,423679,16.3249,20.565,741.188,,,,,,,800,agnews,Glass-NSG-DiskPort,14,queries/s,788.037516,2.965822219848633,False,32,c0,0,native_integration_query_cache,e54d7e12690e4a98b0bf1c808ae0325def3d8f3e2195c9d03592d7c3d49af824,078548f8ed3526b3de09fb06f5c9b26f0125e3c1e0aeb017b99f5f4c95be6bb7
NSG_R64_L400_SQ4U,ef=16,16,,,1,0.920625,54.4367,433472,409708.468,733808.546,960127.168,563.516,4268,165400576,784.783,784.783,3214470.0,425562,433414,40.2873,433414,17.9153,21.5512,765.911,,,,,,,800,agnews,Glass-NSG-DiskPort,15,queries/s,733.808546,3.0655574798583984,False,32,c0,0,native_integration_query_cache,e54d7e12690e4a98b0bf1c808ae0325def3d8f3e2195c9d03592d7c3d49af824,078548f8ed3526b3de09fb06f5c9b26f0125e3c1e0aeb017b99f5f4c95be6bb7
NSG_R64_L400_SQ4U,ef=17,17,,,1,0.92275,50.7491,473230,444793.881,836118.89,990075.038,563.516,4268,165400576,810.47,810.47,3319690.0,464865,473069,143.309,473069,17.5998,22.5487,790.779,,,,,,,800,agnews,Glass-NSG-DiskPort,16,queries/s,836.11889,3.165903091430664,False,32,c0,0,native_integration_query_cache,e54d7e12690e4a98b0bf1c808ae0325def3d8f3e2195c9d03592d7c3d49af824,078548f8ed3526b3de09fb06f5c9b26f0125e3c1e0aeb017b99f5f4c95be6bb7
NSG_R64_L400_SQ4U,ef=18,18,,,1,0.923375,52.7428,450860,428427.458,729598.472,882613.275,563.516,4268,165400576,834.291,834.291,3417260.0,442836,450801,41.559,450801,16.6947,23.4975,813.837,,,,,,,800,agnews,Glass-NSG-DiskPort,17,queries/s,729.5984719999999,3.258953094482422,False,32,c0,0,native_integration_query_cache,e54d7e12690e4a98b0bf1c808ae0325def3d8f3e2195c9d03592d7c3d49af824,078548f8ed3526b3de09fb06f5c9b26f0125e3c1e0aeb017b99f5f4c95be6bb7
NSG_R64_L400_SQ4U,ef=19,19,,,1,0.9255,47.2145,520176,492217.959,847769.766,1048479.54,563.516,4268,167702528,858.125,858.125,3514880.0,511961,520109,47.7504,520109,18.4987,24.46,836.864,,,,,,,800,agnews,Glass-NSG-DiskPort,18,queries/s,847.7697659999999,3.35205078125,False,32,c0,0,native_integration_query_cache,e54d7e12690e4a98b0bf1c808ae0325def3d8f3e2195c9d03592d7c3d49af824,078548f8ed3526b3de09fb06f5c9b26f0125e3c1e0aeb017b99f5f4c95be6bb7
NSG_R64_L400_SQ4U,ef=20,20,,,1,0.926875,47.8471,513108,485026.652,832165.712,1018035.45,563.516,4268,167702528,882.746,882.746,3615730.0,505135,513051,39.3678,513051,17.5247,25.4312,860.715,,,,,,,800,agnews,Glass-NSG-DiskPort,19,queries/s,832.1657120000001,3.4482288360595703,False,32,c0,0,native_integration_query_cache,e54d7e12690e4a98b0bf1c808ae0325def3d8f3e2195c9d03592d7c3d49af824,078548f8ed3526b3de09fb06f5c9b26f0125e3c1e0aeb017b99f5f4c95be6bb7
NSG_R64_L400_SQ4U,ef=21,21,,,1,0.927625,45.1979,551295,526804.091,916987.103,1108273.87,563.516,4268,167702528,907.898,907.898,3718750.0,542947,551242,39.1135,551242,14.4521,26.405,885.056,,,,,,,800,agnews,Glass-NSG-DiskPort,20,queries/s,916.987103,3.546476364135742,False,32,c0,0,native_integration_query_cache,e54d7e12690e4a98b0bf1c808ae0325def3d8f3e2195c9d03592d7c3d49af824,078548f8ed3526b3de09fb06f5c9b26f0125e3c1e0aeb017b99f5f4c95be6bb7
NSG_R64_L400_SQ4U,ef=22,22,,,1,0.9295,46.0937,535842,499968.322,886491.864,1108444.11,563.516,4268,167829504,933.398,933.398,3823200.0,526931,535787,39.3364,535787,16.2302,27.3938,909.753,,,,,,,800,agnews,Glass-NSG-DiskPort,21,queries/s,886.491864,3.646087646484375,False,32,c0,0,native_integration_query_cache,e54d7e12690e4a98b0bf1c808ae0325def3d8f3e2195c9d03592d7c3d49af824,078548f8ed3526b3de09fb06f5c9b26f0125e3c1e0aeb017b99f5f4c95be6bb7
NSG_R64_L400_SQ4U,ef=23,23,,,1,0.92975,46.7947,523161,496448.868,850282.676,1050396.3,563.516,4268,167829504,956.27,956.27,3916880.0,513880,523102,39.836,523102,19.3588,28.3438,931.819,,,,,,,800,agnews,Glass-NSG-DiskPort,22,queries/s,850.2826759999999,3.7354278564453125,False,32,c0,0,native_integration_query_cache,e54d7e12690e4a98b0bf1c808ae0325def3d8f3e2195c9d03592d7c3d49af824,078548f8ed3526b3de09fb06f5c9b26f0125e3c1e0aeb017b99f5f4c95be6bb7
NSG_R64_L400_SQ4U,ef=24,24,,,1,0.9305,43.1967,580123,537520.525,976886.516,1204524.15,563.516,4268,169054208,979.939,979.939,4013830.0,570595,580056,48.5874,580056,17.8121,29.3212,954.681,,,,,,,800,agnews,Glass-NSG-DiskPort,23,queries/s,976.8865159999999,3.8278865814208984,False,32,c0,0,native_integration_query_cache,e54d7e12690e4a98b0bf1c808ae0325def3d8f3e2195c9d03592d7c3d49af824,078548f8ed3526b3de09fb06f5c9b26f0125e3c1e0aeb017b99f5f4c95be6bb7
NSG_R64_L400_SQ4U,ef=25,25,,,1,0.931625,45.2082,550343,530555.276,861936.027,980164.461,563.516,4268,169054208,1003.86,1003.86,4111820.0,540859,550286,41.3799,550286,16.453,30.3087,977.82,,,,,,,800,agnews,Glass-NSG-DiskPort,24,queries/s,861.936027,3.921337127685547,False,32,c0,0,native_integration_query_cache,e54d7e12690e4a98b0bf1c808ae0325def3d8f3e2195c9d03592d7c3d49af824,078548f8ed3526b3de09fb06f5c9b26f0125e3c1e0aeb017b99f5f4c95be6bb7
NSG_R64_L400_SQ4U,ef=26,26,,,1,0.93275,45.7039,539805,521606.49,841552.287,956057.012,563.516,4268,169054208,1028.24,1028.24,4211660.0,529863,539745,43.6066,539745,16.8216,31.2838,1001.42,,,,,,,800,agnews,Glass-NSG-DiskPort,25,queries/s,841.552287,4.016551971435547,False,32,c0,0,native_integration_query_cache,e54d7e12690e4a98b0bf1c808ae0325def3d8f3e2195c9d03592d7c3d49af824,078548f8ed3526b3de09fb06f5c9b26f0125e3c1e0aeb017b99f5f4c95be6bb7
NSG_R64_L400_SQ4U,ef=27,27,,,1,0.933125,45.181,547234,530081.254,860163.913,1079313.51,563.516,4268,169054208,1052.16,1052.16,4309650.0,537422,547174,43.705,547174,16.7835,32.2662,1024.57,,,,,,,800,agnews,Glass-NSG-DiskPort,26,queries/s,860.163913,4.110002517700195,False,32,c0,0,native_integration_query_cache,e54d7e12690e4a98b0bf1c808ae0325def3d8f3e2195c9d03592d7c3d49af824,078548f8ed3526b3de09fb06f5c9b26f0125e3c1e0aeb017b99f5f4c95be6bb7
NSG_R64_L400_SQ4U,ef=28,28,,,1,0.934,43.4881,580310,551684.978,941891.146,1158509.83,563.516,4268,169054208,1076.55,1076.55,4409550.0,570498,580253,39.6008,580253,17.1529,33.2537,1048.18,,,,,,,800,agnews,Glass-NSG-DiskPort,27,queries/s,941.8911459999999,4.20527458190918,False,32,c0,0,native_integration_query_cache,e54d7e12690e4a98b0bf1c808ae0325def3d8f3e2195c9d03592d7c3d49af824,078548f8ed3526b3de09fb06f5c9b26f0125e3c1e0aeb017b99f5f4c95be6bb7
NSG_R64_L400_SQ4U,ef=29,29,,,1,0.934375,43.7734,577480,548010.081,910430.369,1202381.15,563.516,4268,169054208,1098.97,1098.97,4501370.0,567467,577419,43.457,577419,17.6471,34.2238,1069.83,,,,,,,800,agnews,Glass-NSG-DiskPort,28,queries/s,910.4303689999999,4.292840957641602,False,32,c0,0,native_integration_query_cache,e54d7e12690e4a98b0bf1c808ae0325def3d8f3e2195c9d03592d7c3d49af824,078548f8ed3526b3de09fb06f5c9b26f0125e3c1e0aeb017b99f5f4c95be6bb7
NSG_R64_L400_SQ4U,ef=30,30,,,1,0.934875,40.0965,640300,622900.733,1002698.86,1220890.73,563.516,4268,169054208,1122.47,1122.47,4597630.0,630956,640229,58.223,640229,13.1477,35.205,1092.55,,,,,,,800,agnews,Glass-NSG-DiskPort,29,queries/s,1002.69886,4.384641647338867,False,32,c0,0,native_integration_query_cache,e54d7e12690e4a98b0bf1c808ae0325def3d8f3e2195c9d03592d7c3d49af824,078548f8ed3526b3de09fb06f5c9b26f0125e3c1e0aeb017b99f5f4c95be6bb7
NSG_R64_L400_SQ4U,ef=40,40,,,1,0.937375,34.9773,759096,719118.16,1208215.81,1472893.39,563.516,4268,169054208,1352.97,1352.97,5541780.0,747179,759039,42.846,759039,14.1711,45.0337,1315.27,,,,,,,800,agnews,Glass-NSG-DiskPort,30,queries/s,1208.2158100000001,5.285053253173828,False,32,c0,0,native_integration_query_cache,e54d7e12690e4a98b0bf1c808ae0325def3d8f3e2195c9d03592d7c3d49af824,078548f8ed3526b3de09fb06f5c9b26f0125e3c1e0aeb017b99f5f4c95be6bb7
NSG_R64_L400_SQ4U,ef=50,50,,,1,0.940125,30.5251,885145,858177.809,1315386.23,1542766.24,563.516,4268,169054208,1575.05,1575.05,6451400.0,871184,885087,42.6096,885087,14.7738,54.8438,1529.48,,,,,,,800,agnews,Glass-NSG-DiskPort,31,queries/s,1315.38623,6.152534484863281,False,32,c0,0,native_integration_query_cache,e54d7e12690e4a98b0bf1c808ae0325def3d8f3e2195c9d03592d7c3d49af824,078548f8ed3526b3de09fb06f5c9b26f0125e3c1e0aeb017b99f5f4c95be6bb7
NSG_R64_L400_SQ4U,ef=60,60,,,1,0.941375,25.3614,1099480.0,1068087.87,1683662.8,1989589.13,563.516,4268,169054208,1795.38,1795.38,7353900.0,1083640.0,1099430.0,38.5536,1099430.0,14.5144,64.6838,1741.94,,,,,,,800,agnews,Glass-NSG-DiskPort,32,queries/s,1683.6628,7.013225555419922,False,32,c0,0,native_integration_query_cache,e54d7e12690e4a98b0bf1c808ae0325def3d8f3e2195c9d03592d7c3d49af824,078548f8ed3526b3de09fb06f5c9b26f0125e3c1e0aeb017b99f5f4c95be6bb7
NSG_R64_L400_SQ4U,ef=70,70,,,1,0.94225,22.0313,1287480.0,1240637.52,1983079.68,2259600.15,563.516,4268,171868160,2012,2012,8241150.0,1269140.0,1287430.0,41.6134,1287430.0,14.4825,74.57,1950.58,,,,,,,800,agnews,Glass-NSG-DiskPort,33,queries/s,1983.0796799999998,7.859373092651367,False,32,c0,0,native_integration_query_cache,e54d7e12690e4a98b0bf1c808ae0325def3d8f3e2195c9d03592d7c3d49af824,078548f8ed3526b3de09fb06f5c9b26f0125e3c1e0aeb017b99f5f4c95be6bb7
NSG_R64_L400_SQ4U,ef=80,80,,,1,0.942375,21.4064,1330460.0,1311325.78,1957975.85,2150314.4,563.516,4268,171913216,2224.99,2224.99,9113540.0,1307720.0,1330390.0,42.3195,1330390.0,20.1981,84.4725,2155.54,,,,,,,800,agnews,Glass-NSG-DiskPort,34,queries/s,1957.97585,8.691349029541016,False,32,c0,0,native_integration_query_cache,e54d7e12690e4a98b0bf1c808ae0325def3d8f3e2195c9d03592d7c3d49af824,078548f8ed3526b3de09fb06f5c9b26f0125e3c1e0aeb017b99f5f4c95be6bb7
NSG_R64_L400_SQ4U,ef=90,90,,,1,0.94275,19.4213,1482270.0,1443210.3,2185178.84,2584093.74,563.516,4268,171913216,2435.32,2435.32,9975060.0,1457700.0,1482220.0,43.8282,1482220.0,14.4503,94.4087,2357.74,,,,,,,800,agnews,Glass-NSG-DiskPort,35,queries/s,2185.17884,9.512958526611328,False,32,c0,0,native_integration_query_cache,e54d7e12690e4a98b0bf1c808ae0325def3d8f3e2195c9d03592d7c3d49af824,078548f8ed3526b3de09fb06f5c9b26f0125e3c1e0aeb017b99f5f4c95be6bb7
NSG_R64_L400_SQ4U,ef=100,100,,,1,0.942625,17.4171,1665390.0,1607609.97,2423032.13,2830039.2,563.516,4268,171966464,2644.38,2644.38,10831400.0,1637500.0,1665330.0,39.2984,1665330.0,17.4336,104.338,2558.67,,,,,,,800,agnews,Glass-NSG-DiskPort,36,queries/s,2423.03213,10.329627990722656,False,32,c0,0,native_integration_query_cache,e54d7e12690e4a98b0bf1c808ae0325def3d8f3e2195c9d03592d7c3d49af824,078548f8ed3526b3de09fb06f5c9b26f0125e3c1e0aeb017b99f5f4c95be6bb7
NSG_R64_L400_SQ4U,ef=140,140,,,1,0.94475,12.747,2233810.0,2191412.02,3314791.73,3780567.17,563.516,4268,174247936,3451.84,3451.84,14138800.0,2197720.0,2233750.0,51.1806,2233750.0,12.9741,144.067,3333.33,,,,,,,800,agnews,Glass-NSG-DiskPort,37,queries/s,3314.79173,13.483810424804688,False,32,c0,0,native_integration_query_cache,e54d7e12690e4a98b0bf1c808ae0325def3d8f3e2195c9d03592d7c3d49af824,078548f8ed3526b3de09fb06f5c9b26f0125e3c1e0aeb017b99f5f4c95be6bb7
NSG_R64_L400_SQ4U,ef=180,180,,,1,0.945,11.1161,2704980.0,2652341.12,4027240.83,4406824.68,563.516,4268,174538752,4231.43,4231.43,17331900.0,2650710.0,2704920.0,50.8952,2704920.0,13.8065,183.91,4079.77,,,,,,,800,agnews,Glass-NSG-DiskPort,38,queries/s,4027.24083,16.528987884521484,False,32,c0,0,native_integration_query_cache,e54d7e12690e4a98b0bf1c808ae0325def3d8f3e2195c9d03592d7c3d49af824,078548f8ed3526b3de09fb06f5c9b26f0125e3c1e0aeb017b99f5f4c95be6bb7
NSG_R64_L400_SQ4U,ef=220,220,,,1,0.945,9.27917,3269160.0,3196369.13,4712850.81,5237718.18,563.516,4268,176156672,4985.04,4985.04,20418700.0,3199820.0,3269090.0,51.791,3269090.0,15.7686,223.744,4799.96,,,,,,,800,agnews,Glass-NSG-DiskPort,39,queries/s,4712.85081,19.472789764404297,False,32,c0,0,native_integration_query_cache,e54d7e12690e4a98b0bf1c808ae0325def3d8f3e2195c9d03592d7c3d49af824,078548f8ed3526b3de09fb06f5c9b26f0125e3c1e0aeb017b99f5f4c95be6bb7
NSG_R64_L400_SQ4U,ef=260,260,,,1,0.945,7.78121,3899430.0,3813422.06,5673656.57,6380360.47,563.516,4268,179019776,5724.82,5724.82,23448800.0,3813110.0,3899360.0,50.8334,3899360.0,15.9006,263.61,5505.97,,,,,,,800,agnews,Glass-NSG-DiskPort,40,queries/s,5673.65657,22.362518310546875,False,32,c0,0,native_integration_query_cache,e54d7e12690e4a98b0bf1c808ae0325def3d8f3e2195c9d03592d7c3d49af824,078548f8ed3526b3de09fb06f5c9b26f0125e3c1e0aeb017b99f5f4c95be6bb7
NSG_R64_L400_SQ4U,ef=300,300,,,1,0.945,6.95798,4416190.0,4269116.51,6555362.39,7295933.06,563.516,4268,179019776,6453.1,6453.1,26431900.0,4300860.0,4416120.0,56.0059,4416120.0,14.9044,303.5,6200.43,,,,,,,800,agnews,Glass-NSG-DiskPort,41,queries/s,6555.362389999999,25.20742416381836,False,32,c0,0,native_integration_query_cache,e54d7e12690e4a98b0bf1c808ae0325def3d8f3e2195c9d03592d7c3d49af824,078548f8ed3526b3de09fb06f5c9b26f0125e3c1e0aeb017b99f5f4c95be6bb7
NSG_R64_L400_SQ4U,ef=340,340,,,1,0.945,6.20136,4962470.0,4842545.51,7159285.29,7929217.02,563.516,4268,179019776,7171.25,7171.25,29373400.0,4824660.0,4962380.0,67.8805,4962380.0,16.6806,343.385,6884.73,,,,,,,800,agnews,Glass-NSG-DiskPort,42,queries/s,7159.28529,28.012657165527344,False,32,c0,0,native_integration_query_cache,e54d7e12690e4a98b0bf1c808ae0325def3d8f3e2195c9d03592d7c3d49af824,078548f8ed3526b3de09fb06f5c9b26f0125e3c1e0aeb017b99f5f4c95be6bb7
NSG_R64_L400_SQ4U,ef=380,380,,,1,0.945,5.95717,5163350.0,4992158.52,7550941.86,8412413.76,563.516,4268,179019776,7877.6,7877.6,32266600.0,4999570.0,5163290.0,44.7635,5163290.0,17.6217,383.33,7557.3,,,,,,,800,agnews,Glass-NSG-DiskPort,43,queries/s,7550.94186,30.771827697753906,False,32,c0,0,native_integration_query_cache,e54d7e12690e4a98b0bf1c808ae0325def3d8f3e2195c9d03592d7c3d49af824,078548f8ed3526b3de09fb06f5c9b26f0125e3c1e0aeb017b99f5f4c95be6bb7
NSG_R64_L400_SQ4U,ef=420,420,,,1,0.945,5.54109,5564450.0,5470197.21,8203069.66,8883856.52,563.516,4268,179085312,8567.22,8567.22,35091300.0,5371340.0,5564380.0,51.0895,5564380.0,17.996,423.204,8212.8,,,,,,,800,agnews,Glass-NSG-DiskPort,44,queries/s,8203.069660000001,33.46567153930664,False,32,c0,0,native_integration_query_cache,e54d7e12690e4a98b0bf1c808ae0325def3d8f3e2195c9d03592d7c3d49af824,078548f8ed3526b3de09fb06f5c9b26f0125e3c1e0aeb017b99f5f4c95be6bb7
NSG_R64_L400_SQ4U,ef=460,460,,,1,0.945,4.79145,6462550.0,6348155.14,9290516.08,10365282.4,563.516,4268,179269632,9248.69,9248.69,37882600.0,6245630.0,6462480.0,51.2787,6462480.0,17.1146,463.144,8860.02,,,,,,,800,agnews,Glass-NSG-DiskPort,45,queries/s,9290.51608,36.127662658691406,False,32,c0,0,native_integration_query_cache,e54d7e12690e4a98b0bf1c808ae0325def3d8f3e2195c9d03592d7c3d49af824,078548f8ed3526b3de09fb06f5c9b26f0125e3c1e0aeb017b99f5f4c95be6bb7
NSG_R64_L400_SQ4U,ef=500,500,,,1,0.945,4.92247,6286130.0,6122759.68,9216610.24,10162075.1,563.516,4268,179269632,9916.19,9916.19,40616700.0,6039020.0,6286060.0,54.7199,6286060.0,17.0252,503.082,9493.26,,,,,,,800,agnews,Glass-NSG-DiskPort,46,queries/s,9216.61024,38.735103607177734,False,32,c0,0,native_integration_query_cache,e54d7e12690e4a98b0bf1c808ae0325def3d8f3e2195c9d03592d7c3d49af824,078548f8ed3526b3de09fb06f5c9b26f0125e3c1e0aeb017b99f5f4c95be6bb7
NSG_R64_L400_SQ4U,ef=540,540,,,1,0.945,4.64901,6650390.0,6412914.24,9647571.86,10709192,563.516,4268,179269632,10581.3,10581.3,43340900.0,6369130.0,6649790.0,580.539,6649790.0,15.0392,542.982,10123.8,,,,,,,800,agnews,Glass-NSG-DiskPort,47,queries/s,9647.57186,41.33310317993164,False,32,c0,0,native_integration_query_cache,e54d7e12690e4a98b0bf1c808ae0325def3d8f3e2195c9d03592d7c3d49af824,078548f8ed3526b3de09fb06f5c9b26f0125e3c1e0aeb017b99f5f4c95be6bb7
NSG_R64_L400_SQ4U,ef=580,580,,,1,0.945,4.10872,7550920.0,7317130.41,10825732.2,12039491.5,563.516,4268,180813824,11236.9,11236.9,46026400.0,7231810.0,7550850.0,52.7075,7550850.0,16.24,582.934,10745,,,,,,,800,agnews,Glass-NSG-DiskPort,48,queries/s,10825.732199999999,43.894195556640625,False,32,c0,0,native_integration_query_cache,e54d7e12690e4a98b0bf1c808ae0325def3d8f3e2195c9d03592d7c3d49af824,078548f8ed3526b3de09fb06f5c9b26f0125e3c1e0aeb017b99f5f4c95be6bb7
beam1,10,10,10,db1+coalescing+reuse,1,0.620875,493.479884078,64339.4718275,62924.698,87022.883,119619.031,1772.568249702,152003840,483856384,212.155,253.8275,1039677.44,50268.40827875,452.2161075,65.47812125,541.90096375,7403.15366625,976.48,354.68,975.48,353.68,354.68,243.90375,10.0,9.92375,800,gist,Ours-Disk,0,queries/s,87.02288300000001,0.991513671875,False,32,c0,0,native_integration_optimized_queue,a64dfc64e5f351aa48e5d929d8413143935aa0b6079046402d3a04a2f826c92c,9b46438f0c6472734127bfa9cd1af70b6f2fde91c76fb5ea353f515c3e1c3354
beam1,11,11,11,db1+coalescing+reuse,1,0.645,461.854433476,68460.6129225,66039.942,102237.87,138832.126,1772.568249702,152003840,524136448,225.41125,267.54375,1095859.2,48931.51315375,638.53241875,92.05495625,717.1236,4005.3907675,1027.04375,369.65,1026.04375,368.65,369.65,256.63,11.0,10.91375,800,gist,Ours-Disk,1,queries/s,102.23787,1.0450927734375,False,32,c0,0,native_integration_optimized_queue,a64dfc64e5f351aa48e5d929d8413143935aa0b6079046402d3a04a2f826c92c,9b46438f0c6472734127bfa9cd1af70b6f2fde91c76fb5ea353f515c3e1c3354
beam1,12,12,12,db1+coalescing+reuse,1,0.66875,424.38362513,74485.03229125,71976.546,109607.454,143014.175,1772.568249702,152003840,524136448,238.74625,281.295,1152184.32,54457.8682525,655.65320375,92.79655125,1321.87342375,4477.59845375,1081.07,384.5475,1080.07,383.5475,384.5475,269.39125,12.0,11.90375,800,gist,Ours-Disk,2,queries/s,109.607454,1.09880859375,False,32,c0,0,native_integration_optimized_queue,a64dfc64e5f351aa48e5d929d8413143935aa0b6079046402d3a04a2f826c92c,9b46438f0c6472734127bfa9cd1af70b6f2fde91c76fb5ea353f515c3e1c3354
beam1,13,13,13,db1+coalescing+reuse,1,0.687375,410.919809312,76765.62951125,72837.034,114243.991,154409.837,1772.568249702,152003840,524136448,251.84625,294.7225,1207183.36,52614.66421,788.37952125,101.99562,1048.15004875,3892.42184375,1132.5325,399.00875,1131.5325,398.00875,399.00875,281.8375,13.0,12.885,800,gist,Ours-Disk,3,queries/s,114.243991,1.151259765625,False,32,c0,0,native_integration_optimized_queue,a64dfc64e5f351aa48e5d929d8413143935aa0b6079046402d3a04a2f826c92c,9b46438f0c6472734127bfa9cd1af70b6f2fde91c76fb5ea353f515c3e1c3354
beam1,14,14,14,db1+coalescing+reuse,1,0.70225,420.515958489,74842.5565475,72337.777,107474.273,129100.404,1772.568249702,152003840,524136448,264.12375,307.3,1258700.8,58465.645745,573.35503875,89.18318875,763.457805,3618.78156875,1179.4725,412.3925,1178.4725,411.3925,412.3925,293.43125,14.0,13.86875,800,gist,Ours-Disk,4,queries/s,107.474273,1.200390625,False,32,c0,0,native_integration_optimized_queue,a64dfc64e5f351aa48e5d929d8413143935aa0b6079046402d3a04a2f826c92c,9b46438f0c6472734127bfa9cd1af70b6f2fde91c76fb5ea353f515c3e1c3354
beam1,15,15,15,db1+coalescing+reuse,1,0.71275,384.189838219,81862.80364625,78266.007,123642.439,167309.782,1772.568249702,152003840,524136448,275.8075,319.23625,1307591.68,58198.29647,788.7809875,94.37274875,1061.17722125,4268.23241875,1224.81625,425.1125,1223.81625,424.1125,425.1125,304.38875,15.0,14.8475,800,gist,Ours-Disk,5,queries/s,123.642439,1.2470166015625,False,32,c0,0,native_integration_optimized_queue,a64dfc64e5f351aa48e5d929d8413143935aa0b6079046402d3a04a2f826c92c,9b46438f0c6472734127bfa9cd1af70b6f2fde91c76fb5ea353f515c3e1c3354
beam1,16,16,16,db1+coalescing+reuse,1,0.7275,374.256430307,84157.73006375,80191.313,125477.051,164116.568,1772.568249702,152003840,524136448,288.22875,331.905,1359482.88,64216.97742,681.61787875,93.0337475,892.51146875,4274.70775,1275.26625,438.50625,1274.26625,437.50625,438.50625,316.0725,16.0,15.8325,800,gist,Ours-Disk,6,queries/s,125.477051,1.29650390625,False,32,c0,0,native_integration_optimized_queue,a64dfc64e5f351aa48e5d929d8413143935aa0b6079046402d3a04a2f826c92c,9b46438f0c6472734127bfa9cd1af70b6f2fde91c76fb5ea353f515c3e1c3354
beam1,17,17,17,db1+coalescing+reuse,1,0.7395,401.17058548,79134.0774925,77897.997,106888.074,124787.673,1772.568249702,152003840,524136448,300.19,344.13375,1409571.84,73448.11931375,214.8018875,69.15149375,451.98607875,3489.37355125,1325.9175,451.38375,1324.9175,450.38375,451.38375,327.32375,17.0,16.81,800,gist,Ours-Disk,7,queries/s,106.88807399999999,1.3442724609375,False,32,c0,0,native_integration_optimized_queue,a64dfc64e5f351aa48e5d929d8413143935aa0b6079046402d3a04a2f826c92c,9b46438f0c6472734127bfa9cd1af70b6f2fde91c76fb5ea353f515c3e1c3354
beam1,18,18,18,db1+coalescing+reuse,1,0.7485,387.966496523,81676.8283075,79749.485,111157.457,132991.725,1772.568249702,152003840,590745600,311.94125,356.175,1458892.8,76822.0185775,192.51447,63.01723125,442.7875375,3490.23625875,1370.3475,464.0675,1369.3475,463.0675,464.0675,338.3775,18.0,17.7975,800,gist,Ours-Disk,8,queries/s,111.157457,1.39130859375,False,32,c0,0,native_integration_optimized_queue,a64dfc64e5f351aa48e5d929d8413143935aa0b6079046402d3a04a2f826c92c,9b46438f0c6472734127bfa9cd1af70b6f2fde91c76fb5ea353f515c3e1c3354
beam1,19,19,19,db1+coalescing+reuse,1,0.75775,372.666759679,85160.71186625,83163.601,115536.324,134553.241,1772.568249702,152003840,590745600,323.45625,367.9175,1506990.08,79950.69370125,207.39203125,63.7499,465.9698575,3618.13030875,1417.0925,476.18125,1416.0925,475.18125,476.18125,349.13875,19.0,18.77875,800,gist,Ours-Disk,9,queries/s,115.536324,1.437177734375,False,32,c0,0,native_integration_optimized_queue,a64dfc64e5f351aa48e5d929d8413143935aa0b6079046402d3a04a2f826c92c,9b46438f0c6472734127bfa9cd1af70b6f2fde91c76fb5ea353f515c3e1c3354
beam1,20,20,20,db1+coalescing+reuse,1,0.768125,335.29101107,94059.20845375,91257.243,134135.408,158655.163,1772.568249702,152003840,590745600,335.24625,379.91375,1556126.72,79456.53621,538.44437,80.36066125,731.42924125,4607.101285,1467.36,488.62875,1466.36,487.62875,488.62875,360.15125,20.0,19.7625,800,gist,Ours-Disk,10,queries/s,134.13540799999998,1.4840380859375,False,32,c0,0,native_integration_optimized_queue,a64dfc64e5f351aa48e5d929d8413143935aa0b6079046402d3a04a2f826c92c,9b46438f0c6472734127bfa9cd1af70b6f2fde91c76fb5ea353f515c3e1c3354
beam1,21,21,21,db1+coalescing+reuse,1,0.77525,325.329703589,97177.1572575,95284.983,133227.547,166524.968,1772.568249702,152003840,590745600,346.49625,391.33875,1602923.52,81675.2272025,556.35584375,85.70737,753.823215,4805.90283125,1511.89875,500.3875,1510.89875,499.3875,500.3875,370.59875,21.0,20.74,800,gist,Ours-Disk,11,queries/s,133.227547,1.5286669921875,False,32,c0,0,native_integration_optimized_queue,a64dfc64e5f351aa48e5d929d8413143935aa0b6079046402d3a04a2f826c92c,9b46438f0c6472734127bfa9cd1af70b6f2fde91c76fb5ea353f515c3e1c3354
beam1,22,22,22,db1+coalescing+reuse,1,0.783125,320.774732439,98671.93768375,96941.496,135897.829,158027.641,1772.568249702,152003840,590745600,356.95,402.005,1646612.48,86125.7889625,476.13104625,78.87887875,692.22638,4705.87899125,1554.15375,511.485,1553.15375,510.485,511.485,380.2875,22.0,21.7175,800,gist,Ours-Disk,12,queries/s,135.897829,1.57033203125,False,32,c0,0,native_integration_optimized_queue,a64dfc64e5f351aa48e5d929d8413143935aa0b6079046402d3a04a2f826c92c,9b46438f0c6472734127bfa9cd1af70b6f2fde91c76fb5ea353f515c3e1c3354
beam1,23,23,23,db1+coalescing+reuse,1,0.7915,303.734906807,104226.08358125,100880.616,141838.976,179265.652,1772.568249702,152003840,590745600,367.97,413.20625,1692492.8,86694.08998,622.05320125,81.22748,875.27276,5272.22054125,1601.80875,523.01375,1600.80875,522.01375,523.01375,390.5075,23.0,22.69875,800,gist,Ours-Disk,13,queries/s,141.838976,1.6140869140625,False,32,c0,0,native_integration_optimized_queue,a64dfc64e5f351aa48e5d929d8413143935aa0b6079046402d3a04a2f826c92c,9b46438f0c6472734127bfa9cd1af70b6f2fde91c76fb5ea353f515c3e1c3354
beam1,24,24,24,db1+coalescing+reuse,1,0.797875,289.622890083,109464.7339725,106362.272,152275.013,208976.943,1772.568249702,152003840,596455424,378.5575,423.99875,1736698.88,87870.36772,745.740285,83.918955,1208.4152475,5867.11581,1644.54625,534.04,1643.54625,533.04,534.04,400.32625,24.0,23.6725,800,gist,Ours-Disk,14,queries/s,152.275013,1.6562451171875,False,32,c0,0,native_integration_optimized_queue,a64dfc64e5f351aa48e5d929d8413143935aa0b6079046402d3a04a2f826c92c,9b46438f0c6472734127bfa9cd1af70b6f2fde91c76fb5ea353f515c3e1c3354
beam1,25,25,25,db1+coalescing+reuse,1,0.805,280.618568999,112852.642135,110509.549,153699.665,207364.931,1772.568249702,152003840,596455424,388.95375,434.565,1779978.24,85817.40246125,901.4059425,101.26052625,1511.5613025,6644.19059875,1690.66625,544.8925,1689.66625,543.8925,544.8925,409.91875,25.0,24.64625,800,gist,Ours-Disk,15,queries/s,153.699665,1.69751953125,False,32,c0,0,native_integration_optimized_queue,a64dfc64e5f351aa48e5d929d8413143935aa0b6079046402d3a04a2f826c92c,9b46438f0c6472734127bfa9cd1af70b6f2fde91c76fb5ea353f515c3e1c3354
beam1,26,26,26,db1+coalescing+reuse,1,0.811625,285.299656768,110450.342925,106237.788,154510.007,187704.339,1772.568249702,152003840,596455424,399.275,445.07125,1823011.84,93742.52484875,593.97580375,76.23956125,1001.84617875,5506.72546375,1730.94375,555.6,1729.94375,554.6,555.6,419.445,26.0,25.62625,800,gist,Ours-Disk,16,queries/s,154.510007,1.7385595703125,False,32,c0,0,native_integration_optimized_queue,a64dfc64e5f351aa48e5d929d8413143935aa0b6079046402d3a04a2f826c92c,9b46438f0c6472734127bfa9cd1af70b6f2fde91c76fb5ea353f515c3e1c3354
beam1,27,27,27,db1+coalescing+reuse,1,0.817875,285.911335398,110707.79909875,109288.948,147329.131,175988.958,1772.568249702,152003840,596455424,409.62375,455.5975,1866127.36,105681.165745,224.79503375,61.06058375,526.75877625,4450.82134125,1773.60125,566.31375,1772.60125,565.31375,566.31375,428.9975,27.0,26.6,800,gist,Ours-Disk,17,queries/s,147.329131,1.779677734375,False,32,c0,0,native_integration_optimized_queue,a64dfc64e5f351aa48e5d929d8413143935aa0b6079046402d3a04a2f826c92c,9b46438f0c6472734127bfa9cd1af70b6f2fde91c76fb5ea353f515c3e1c3354
beam1,28,28,28,db1+coalescing+reuse,1,0.821875,253.884487321,124514.9979975,121652.574,168618.298,229472.406,1772.568249702,152003840,596455424,419.92,466.065,1909002.24,94842.61575875,1005.7002225,99.6590475,1657.54635,7507.012585,1816.2675,576.9925,1815.2675,575.9925,576.9925,438.48625,28.0,27.57875,800,gist,Ours-Disk,18,queries/s,168.618298,1.82056640625,False,32,c0,0,native_integration_optimized_queue,a64dfc64e5f351aa48e5d929d8413143935aa0b6079046402d3a04a2f826c92c,9b46438f0c6472734127bfa9cd1af70b6f2fde91c76fb5ea353f515c3e1c3354
beam1,29,29,29,db1+coalescing+reuse,1,0.826625,253.144605482,124989.07338375,120342.198,172862.683,252428.773,1772.568249702,152003840,596455424,430.11875,476.4525,1951549.44,100608.703055,847.230375,90.5692925,1273.42866125,7052.6992075,1861.1075,587.545,1860.1075,586.545,587.545,447.8975,29.0,28.555,800,gist,Ours-Disk,19,queries/s,172.862683,1.861142578125,False,32,c0,0,native_integration_optimized_queue,a64dfc64e5f351aa48e5d929d8413143935aa0b6079046402d3a04a2f826c92c,9b46438f0c6472734127bfa9cd1af70b6f2fde91c76fb5ea353f515c3e1c3354
beam1,30,30,30,db1+coalescing+reuse,1,0.832,246.316459809,128692.744535,125554.146,175486.468,241910.058,1772.568249702,152003840,596455424,440.48875,486.99875,1994746.88,96199.59632375,1111.3032425,100.82148125,1726.6295525,8122.13072875,1906.985,598.25,1905.985,597.25,598.25,457.47125,30.0,29.5275,800,gist,Ours-Disk,20,queries/s,175.486468,1.9023388671875,False,32,c0,0,native_integration_optimized_queue,a64dfc64e5f351aa48e5d929d8413143935aa0b6079046402d3a04a2f826c92c,9b46438f0c6472734127bfa9cd1af70b6f2fde91c76fb5ea353f515c3e1c3354
beam1,40,40,40,db1+coalescing+reuse,1,0.873,221.148700149,143216.81064125,140223.622,185380.145,234383.311,1772.568249702,152003840,596455424,537.34375,585.32625,2397496.32,132158.15921125,455.95347,65.50313625,882.9937025,6370.0377025,2338.38875,697.0925,2337.38875,696.0925,697.0925,545.92125,40.0,39.3775,800,gist,Ours-Disk,21,queries/s,185.380145,2.2864306640625,False,32,c0,0,native_integration_optimized_queue,a64dfc64e5f351aa48e5d929d8413143935aa0b6079046402d3a04a2f826c92c,9b46438f0c6472734127bfa9cd1af70b6f2fde91c76fb5ea353f515c3e1c3354
beam1,50,50,50,db1+coalescing+reuse,1,0.894625,171.527280527,184442.89173,177719.533,259111.256,359482.448,1772.568249702,152003840,596455424,629.56,678.91875,2780851.2,146450.70083125,1424.85385375,99.168415,2164.44538125,12656.1659175,2765.4425,790.21125,2764.4425,789.21125,790.21125,629.635,50.0,49.17125,800,gist,Ours-Disk,22,queries/s,259.11125599999997,2.6520263671875,False,32,c0,0,native_integration_optimized_queue,a64dfc64e5f351aa48e5d929d8413143935aa0b6079046402d3a04a2f826c92c,9b46438f0c6472734127bfa9cd1af70b6f2fde91c76fb5ea353f515c3e1c3354
beam1,60,60,60,db1+coalescing+reuse,1,0.914875,148.803078084,212764.7503,207038.371,300039.811,425975.262,1772.568249702,152003840,599117824,718.72375,769.37625,3151365.12,163135.3332275,1876.96878875,101.28396875,2560.468725,16216.96641625,3184.055,879.8075,3183.055,878.8075,879.8075,710.12125,60.0,58.98875,800,gist,Ours-Disk,23,queries/s,300.039811,3.0053759765625,False,32,c0,0,native_integration_optimized_queue,a64dfc64e5f351aa48e5d929d8413143935aa0b6079046402d3a04a2f826c92c,9b46438f0c6472734127bfa9cd1af70b6f2fde91c76fb5ea353f515c3e1c3354
beam1,70,70,70,db1+coalescing+reuse,1,0.927625,137.110315749,230350.33702125,222063.027,321122.96,463660.968,1772.568249702,152003840,599117824,803.09,855.03875,3502238.72,188883.77235125,1646.15383375,90.76427375,2429.69001375,15466.45499375,3595.03125,964.23125,3594.03125,963.23125,964.23125,785.75625,70.0,68.805,800,gist,Ours-Disk,24,queries/s,321.12296000000003,3.3399951171875,False,32,c0,0,native_integration_optimized_queue,a64dfc64e5f351aa48e5d929d8413143935aa0b6079046402d3a04a2f826c92c,9b46438f0c6472734127bfa9cd1af70b6f2fde91c76fb5ea353f515c3e1c3354
beam1,80,80,80,db1+coalescing+reuse,1,0.937875,118.308331289,267150.907535,259392.984,386332.912,519613.051,1772.568249702,152003840,599117824,885.84375,939.0475,3846338.56,210144.926735,2318.69712375,101.27608875,3050.2667525,21499.95147875,3997.53,1046.5225,3996.53,1045.5225,1046.5225,859.565,80.0,78.69625,800,gist,Ours-Disk,25,queries/s,386.332912,3.668154296875,False,32,c0,0,native_integration_optimized_queue,a64dfc64e5f351aa48e5d929d8413143935aa0b6079046402d3a04a2f826c92c,9b46438f0c6472734127bfa9cd1af70b6f2fde91c76fb5ea353f515c3e1c3354
beam1,90,90,90,db1+coalescing+reuse,1,0.945375,109.670087847,288792.61782125,278736.768,412844.559,587079.287,1772.568249702,152003840,599117824,966.2075,1020.6025,4180387.84,228522.91088875,2486.32052125,97.0515,3177.97875125,23827.5619725,4392.71625,1126.23625,4391.71625,1125.23625,1126.23625,930.79125,90.0,88.66125,800,gist,Ours-Disk,26,queries/s,412.844559,3.986728515625,False,32,c0,0,native_integration_optimized_queue,a64dfc64e5f351aa48e5d929d8413143935aa0b6079046402d3a04a2f826c92c,9b46438f0c6472734127bfa9cd1af70b6f2fde91c76fb5ea353f515c3e1c3354
beam1,100,100,100,db1+coalescing+reuse,1,0.951375,109.300912317,289492.4216925,280219.925,400720.609,520636.622,1772.568249702,152003840,599117824,1044.77625,1100.385,4507176.96,256802.88378125,1490.18289125,75.92980375,2471.4490625,16571.5983525,4786.48625,1203.78125,4785.48625,1202.78125,1203.78125,1000.16875,100.0,98.66,800,gist,Ours-Disk,27,queries/s,400.720609,4.29837890625,False,32,c0,0,native_integration_optimized_queue,a64dfc64e5f351aa48e5d929d8413143935aa0b6079046402d3a04a2f826c92c,9b46438f0c6472734127bfa9cd1af70b6f2fde91c76fb5ea353f515c3e1c3354
beam1,140,140,140,db1+coalescing+reuse,1,0.969625,84.20403952,375735.6203275,364625.215,556201.495,726041.944,1772.568249702,152003840,599117824,1309.26,1367.185,5599989.76,305276.10859625,3256.4379275,101.0963475,4279.74484625,21100.0150225,6275.25125,1495.08125,6274.25125,1494.08125,1495.08125,1260.2475,100.0,102.18,800,gist,Ours-Disk,28,queries/s,556.201495,5.34056640625,False,32,c0,0,native_integration_optimized_queue,a64dfc64e5f351aa48e5d929d8413143935aa0b6079046402d3a04a2f826c92c,9b46438f0c6472734127bfa9cd1af70b6f2fde91c76fb5ea353f515c3e1c3354
beam1,180,180,180,db1+coalescing+reuse,1,0.975625,69.854424165,453518.85634375,444087.655,679479.023,873578.577,1772.568249702,152003840,599117824,1563.73625,1623.795,6651064.32,375778.1339325,3885.71337,99.0380275,4492.48443125,19538.709705,7680.43625,1766.34375,7679.43625,1765.34375,1766.34375,1502.82875,100.0,108.08375,800,gist,Ours-Disk,29,queries/s,679.4790230000001,6.34294921875,False,32,c0,0,native_integration_optimized_queue,a64dfc64e5f351aa48e5d929d8413143935aa0b6079046402d3a04a2f826c92c,9b46438f0c6472734127bfa9cd1af70b6f2fde91c76fb5ea353f515c3e1c3354
beam1,220,220,220,db1+coalescing+reuse,1,0.980375,64.911290843,488134.621335,484523.143,705109.761,842672.271,1772.568249702,152003840,599117824,1813.52,1875.57,7682334.72,446202.577735,2400.58884125,78.647725,4268.51480625,12615.04468,9020.9425,2021.88875,9019.9425,2020.88875,2021.88875,1732.635,100.0,115.4225,800,gist,Ours-Disk,30,queries/s,705.109761,7.3264453125,False,32,c0,0,native_integration_optimized_queue,a64dfc64e5f351aa48e5d929d8413143935aa0b6079046402d3a04a2f826c92c,9b46438f0c6472734127bfa9cd1af70b6f2fde91c76fb5ea353f515c3e1c3354
beam1,260,260,260,db1+coalescing+reuse,1,0.982125,55.869786994,567295.77086,560000.231,813173.569,990566.27,1772.568249702,152003840,599117824,2062.08625,2126.0475,8708290.56,502713.33179375,3682.12570125,96.7008575,5026.11792875,14671.21264375,10305.28625,2267.0375,10304.28625,2266.0375,2267.0375,1954.16125,100.0,124.16375,800,gist,Ours-Disk,31,queries/s,813.173569,8.304873046875,False,32,c0,0,native_integration_optimized_queue,a64dfc64e5f351aa48e5d929d8413143935aa0b6079046402d3a04a2f826c92c,9b46438f0c6472734127bfa9cd1af70b6f2fde91c76fb5ea353f515c3e1c3354
beam1,300,300,300,db1+coalescing+reuse,1,0.9835,47.862339789,662853.3809525,652374.538,983118.964,1233646.601,1772.568249702,152003840,599117824,2307.40125,2373.29,9720995.84,543791.03293875,6476.236505,106.71017,6773.0942625,19636.91200125,11546.6125,2500.72625,11545.6125,2499.72625,2500.72625,2167.06875,100.0,133.745,800,gist,Ours-Disk,32,queries/s,983.118964,9.2706640625,False,32,c0,0,native_integration_optimized_queue,a64dfc64e5f351aa48e5d929d8413143935aa0b6079046402d3a04a2f826c92c,9b46438f0c6472734127bfa9cd1af70b6f2fde91c76fb5ea353f515c3e1c3354
beam1,340,340,340,db1+coalescing+reuse,1,0.984125,44.044047331,720877.28394625,713209.683,1063346.318,1260438.763,1772.568249702,152003840,599117824,2549.72875,2617.45625,10721100.8,604581.5208825,6691.00357,109.0371125,6954.0956475,18106.5157275,12736.08125,2726.57875,12735.08125,2725.57875,2726.57875,2373.48,100.0,143.40875,800,gist,Ours-Disk,33,queries/s,1063.3463179999999,10.2244384765625,False,32,c0,0,native_integration_optimized_queue,a64dfc64e5f351aa48e5d929d8413143935aa0b6079046402d3a04a2f826c92c,9b46438f0c6472734127bfa9cd1af70b6f2fde91c76fb5ea353f515c3e1c3354
beam1,380,380,380,db1+coalescing+reuse,1,0.984875,40.210716428,789386.65915875,784013.071,1132988.851,1423452.486,1772.568249702,152003840,611741696,2790.11,2859.595,11712901.12,662930.714507499,7288.1990475,105.12397125,7904.36358,17562.65767125,13893.3,2947.10125,13892.3,2946.10125,2947.10125,2575.84625,100.0,152.60125,800,gist,Ours-Disk,34,queries/s,1132.988851,11.17029296875,False,32,c0,0,native_integration_optimized_queue,a64dfc64e5f351aa48e5d929d8413143935aa0b6079046402d3a04a2f826c92c,9b46438f0c6472734127bfa9cd1af70b6f2fde91c76fb5ea353f515c3e1c3354
beam1,420,420,420,db1+coalescing+reuse,1,0.985125,37.188344441,854176.198403749,844442.197,1226838.212,1455376.735,1772.568249702,152003840,611741696,3024.68875,3095.8075,12680427.52,719632.824605,7973.22852375,107.838825,8158.4465775,17130.8557875,15017.865,3161.125,15016.865,3160.125,3161.125,2772.27625,100.0,160.15375,800,gist,Ours-Disk,35,queries/s,1226.838212,12.092998046875,False,32,c0,0,native_integration_optimized_queue,a64dfc64e5f351aa48e5d929d8413143935aa0b6079046402d3a04a2f826c92c,9b46438f0c6472734127bfa9cd1af70b6f2fde91c76fb5ea353f515c3e1c3354
beam1,460,460,460,db1+coalescing+reuse,1,0.985375,35.003948311,906483.110643749,902485.882,1276770.369,1544551.54,1772.568249702,152003840,611741696,3255.6875,3328.4975,13633525.76,777020.578956249,7941.4609675,104.7867025,8284.8425725,15672.15658,16114.2225,3369.71375,16113.2225,3368.71375,3369.71375,2965.10375,100.0,166.35125,800,gist,Ours-Disk,36,queries/s,1276.7703689999998,13.001943359375,False,32,c0,0,native_integration_optimized_queue,a64dfc64e5f351aa48e5d929d8413143935aa0b6079046402d3a04a2f826c92c,9b46438f0c6472734127bfa9cd1af70b6f2fde91c76fb5ea353f515c3e1c3354
beam1,500,500,500,db1+coalescing+reuse,1,0.986,32.332701867,981452.0919625,972471.29,1373657.396,1661888.508,1772.568249702,152003840,611741696,3482.87625,3557.39375,14571084.8,829504.84927125,9204.0919325,108.46964375,8622.8989425,16437.75689625,17186.62,3574.5275,17185.62,3573.5275,3574.5275,3154.91125,100.0,170.65625,800,gist,Ours-Disk,37,queries/s,1373.657396,13.8960693359375,False,32,c0,0,native_integration_optimized_queue,a64dfc64e5f351aa48e5d929d8413143935aa0b6079046402d3a04a2f826c92c,9b46438f0c6472734127bfa9cd1af70b6f2fde91c76fb5ea353f515c3e1c3354
beam1,540,540,540,db1+coalescing+reuse,1,0.9865,30.274275859,1045729.684247499,1039731.116,1445178.082,1758807.285,1772.568249702,152003840,611741696,3704.335,3780.435,15484661.76,883896.51525125,9982.797785,107.46732625,8975.84228875,16728.00512,18230.82375,3773.32375,18229.82375,3772.32375,3773.32375,3339.33,100.0,173.8,800,gist,Ours-Disk,38,queries/s,1445.178082,14.76732421875,False,32,c0,0,native_integration_optimized_queue,a64dfc64e5f351aa48e5d929d8413143935aa0b6079046402d3a04a2f826c92c,9b46438f0c6472734127bfa9cd1af70b6f2fde91c76fb5ea353f515c3e1c3354
beam1,580,580,580,db1+coalescing+reuse,1,0.9865,29.221658309,1087967.144977499,1088386.076,1463603.524,1703815.69,1772.568249702,152003840,611741696,3923.11375,4000.81375,16387333.12,953227.3384075,8715.69150375,107.50411875,9423.9929875,13618.19692125,19250.57625,3968.92125,19249.57625,3967.92125,3968.92125,3521.25125,100.0,175.9775,800,gist,Ours-Disk,39,queries/s,1463.6035239999999,15.6281787109375,False,32,c0,0,native_integration_optimized_queue,a64dfc64e5f351aa48e5d929d8413143935aa0b6079046402d3a04a2f826c92c,9b46438f0c6472734127bfa9cd1af70b6f2fde91c76fb5ea353f515c3e1c3354
beam1,10,10,,,1,0.6613749999999997,181.1122440363662,173051.23559750005,174948.041,265690.51399999997,313842.69,8271.231052398682,480000968,640442368,35.97,35.97,147333.12,167617.2025,1716.41125,2450.19625,0.0,0.0,1169.8,1169.8,,,,,,,800,gist,DiskANN-PQ-Disk,0,queries/s,265.69051399999995,0.1405078125,False,32,c0,0,native_integration_optimized_queue,daff1bfb8e7fce43fd5c4f8ca2651d7e21661efa927dce846e97f1ba88fcb77b,9b46438f0c6472734127bfa9cd1af70b6f2fde91c76fb5ea353f515c3e1c3354
beam1,11,11,,,1,0.6834999999999996,171.46812073433463,183558.66794125002,183403.72999999998,280871.765,343634.69200000004,8271.231052398682,480000968,647626752,37.9225,37.9225,155330.56,178314.41125,1742.12375,2482.25875,0.0,0.0,1226.945,1226.945,,,,,,,800,gist,DiskANN-PQ-Disk,1,queries/s,280.87176500000004,0.148134765625,False,32,c0,0,native_integration_optimized_queue,daff1bfb8e7fce43fd5c4f8ca2651d7e21661efa927dce846e97f1ba88fcb77b,9b46438f0c6472734127bfa9cd1af70b6f2fde91c76fb5ea353f515c3e1c3354
beam1,12,12,,,1,0.7038749999999995,159.09367901129423,197228.70696874987,193956.544,299028.29,377431.91599999997,8271.231052398682,480000968,648847360,40.035,40.035,163983.36,191893.635,1824.80375,2470.725,0.0,0.0,1288.24625,1288.24625,,,,,,,800,gist,DiskANN-PQ-Disk,2,queries/s,299.02828999999997,0.15638671875,False,32,c0,0,native_integration_optimized_queue,daff1bfb8e7fce43fd5c4f8ca2651d7e21661efa927dce846e97f1ba88fcb77b,9b46438f0c6472734127bfa9cd1af70b6f2fde91c76fb5ea353f515c3e1c3354
beam1,13,13,,,1,0.7199999999999988,149.8310882223547,209630.09415250015,210970.266,320604.99,375076.473,8271.231052398682,480000968,648847360,41.9775,41.9775,171939.84,204261.26375,1892.32375,2448.7875,0.0,0.0,1344.3375,1344.3375,,,,,,,800,gist,DiskANN-PQ-Disk,3,queries/s,320.60499,0.163974609375,False,32,c0,0,native_integration_optimized_queue,daff1bfb8e7fce43fd5c4f8ca2651d7e21661efa927dce846e97f1ba88fcb77b,9b46438f0c6472734127bfa9cd1af70b6f2fde91c76fb5ea353f515c3e1c3354
beam1,14,14,,,1,0.7311249999999982,141.73745394923324,219959.9304887497,221601.146,321810.708,368525.276,8271.231052398682,480000968,649293824,43.75,43.75,179200.0,214481.21125,1979.67125,2471.04,0.0,0.0,1394.63625,1394.63625,,,,,,,800,gist,DiskANN-PQ-Disk,4,queries/s,321.810708,0.1708984375,False,32,c0,0,native_integration_optimized_queue,daff1bfb8e7fce43fd5c4f8ca2651d7e21661efa927dce846e97f1ba88fcb77b,9b46438f0c6472734127bfa9cd1af70b6f2fde91c76fb5ea353f515c3e1c3354
beam1,15,15,,,1,0.742749999999998,132.5187393175609,236260.96335500013,232089.59000000003,343510.299,390680.075,8271.231052398682,480000968,649293824,45.665,45.665,187043.84,230570.29625,2090.69,2543.5525,0.0,0.0,1450.38875,1450.38875,,,,,,,800,gist,DiskANN-PQ-Disk,5,queries/s,343.510299,0.17837890625,False,32,c0,0,native_integration_optimized_queue,daff1bfb8e7fce43fd5c4f8ca2651d7e21661efa927dce846e97f1ba88fcb77b,9b46438f0c6472734127bfa9cd1af70b6f2fde91c76fb5ea353f515c3e1c3354
beam1,16,16,,,1,0.7537499999999979,127.78837584549659,245075.92196000007,248034.219,359639.32300000003,409607.058,8271.231052398682,480000968,649310208,47.6125,47.6125,195020.8,239481.89625,2124.33875,2446.93,0.0,0.0,1505.215,1505.215,,,,,,,800,gist,DiskANN-PQ-Disk,6,queries/s,359.63932300000005,0.185986328125,False,32,c0,0,native_integration_optimized_queue,daff1bfb8e7fce43fd5c4f8ca2651d7e21661efa927dce846e97f1ba88fcb77b,9b46438f0c6472734127bfa9cd1af70b6f2fde91c76fb5ea353f515c3e1c3354
beam1,17,17,,,1,0.7646249999999979,121.06067328266313,259782.2971124999,257313.40800000002,376789.19700000004,424177.375,8271.231052398682,480000968,649310208,49.515,49.515,202813.44,253979.63125,2242.1875,2518.375,0.0,0.0,1559.14125,1559.14125,,,,,,,800,gist,DiskANN-PQ-Disk,7,queries/s,376.78919700000006,0.19341796875,False,32,c0,0,native_integration_optimized_queue,daff1bfb8e7fce43fd5c4f8ca2651d7e21661efa927dce846e97f1ba88fcb77b,9b46438f0c6472734127bfa9cd1af70b6f2fde91c76fb5ea353f515c3e1c3354
beam1,18,18,,,1,0.7741249999999978,118.15031840200818,266227.27237124956,265520.716,376397.12600000005,450347.229,8271.231052398682,480000968,649318400,51.3625,51.3625,210380.8,260365.02625,2310.72875,2509.9325,0.0,0.0,1610.58125,1610.58125,,,,,,,800,gist,DiskANN-PQ-Disk,8,queries/s,376.39712600000007,0.200634765625,False,32,c0,0,native_integration_optimized_queue,daff1bfb8e7fce43fd5c4f8ca2651d7e21661efa927dce846e97f1ba88fcb77b,9b46438f0c6472734127bfa9cd1af70b6f2fde91c76fb5ea353f515c3e1c3354
beam1,19,19,,,1,0.7813749999999982,113.03247738238001,278245.98087874975,277245.909,385119.286,441287.359,8271.231052398682,480000968,649318400,53.2675,53.2675,218183.68,272299.87125,2383.57375,2520.54375,0.0,0.0,1663.61875,1663.61875,,,,,,,800,gist,DiskANN-PQ-Disk,9,queries/s,385.11928600000005,0.208076171875,False,32,c0,0,native_integration_optimized_queue,daff1bfb8e7fce43fd5c4f8ca2651d7e21661efa927dce846e97f1ba88fcb77b,9b46438f0c6472734127bfa9cd1af70b6f2fde91c76fb5ea353f515c3e1c3354
beam1,20,20,,,1,0.792499999999998,106.1950863731589,296713.31174500013,294180.101,400941.285,451867.055,8271.231052398682,480000968,649502720,55.1825,55.1825,226027.52,290596.19625,2524.735,2541.73,0.0,0.0,1716.94,1716.94,,,,,,,800,gist,DiskANN-PQ-Disk,10,queries/s,400.941285,0.215556640625,False,32,c0,0,native_integration_optimized_queue,daff1bfb8e7fce43fd5c4f8ca2651d7e21661efa927dce846e97f1ba88fcb77b,9b46438f0c6472734127bfa9cd1af70b6f2fde91c76fb5ea353f515c3e1c3354
beam1,21,21,,,1,0.8004999999999982,102.6424796114542,307040.68148000014,304396.86,425598.953,502570.54999999993,8271.231052398682,480000968,649555968,57.1825,57.1825,234219.52,300902.375,2577.175,2532.03,0.0,0.0,1771.4925,1771.4925,,,,,,,800,gist,DiskANN-PQ-Disk,11,queries/s,425.598953,0.223369140625,False,32,c0,0,native_integration_optimized_queue,daff1bfb8e7fce43fd5c4f8ca2651d7e21661efa927dce846e97f1ba88fcb77b,9b46438f0c6472734127bfa9cd1af70b6f2fde91c76fb5ea353f515c3e1c3354
beam1,22,22,,,1,0.8062499999999986,99.75415544747527,314515.46952500014,309811.03599999996,414842.229,467473.585,8271.231052398682,480000968,649670656,58.9425,58.9425,241428.48,308262.2425,2646.2425,2578.24375,0.0,0.0,1818.71375,1818.71375,,,,,,,800,gist,DiskANN-PQ-Disk,12,queries/s,414.842229,0.230244140625,False,32,c0,0,native_integration_optimized_queue,daff1bfb8e7fce43fd5c4f8ca2651d7e21661efa927dce846e97f1ba88fcb77b,9b46438f0c6472734127bfa9cd1af70b6f2fde91c76fb5ea353f515c3e1c3354
beam1,23,23,,,1,0.8126249999999984,98.14512393315212,320446.4542362503,321017.95900000003,438417.38200000004,499004.322,8271.231052398682,480000968,649670656,60.8225,60.8225,249128.96,314298.275,2656.215,2490.0475,0.0,0.0,1868.805,1868.805,,,,,,,800,gist,DiskANN-PQ-Disk,13,queries/s,438.41738200000003,0.237587890625,False,32,c0,0,native_integration_optimized_queue,daff1bfb8e7fce43fd5c4f8ca2651d7e21661efa927dce846e97f1ba88fcb77b,9b46438f0c6472734127bfa9cd1af70b6f2fde91c76fb5ea353f515c3e1c3354
beam1,24,24,,,1,0.8202499999999986,92.42658098496473,340852.4829474999,343834.084,446288.26900000003,507817.37000000005,8271.231052398682,480000968,649670656,62.83,62.83,257351.68,334537.0475,2774.8075,2510.925,0.0,0.0,1923.36,1923.36,,,,,,,800,gist,DiskANN-PQ-Disk,14,queries/s,446.288269,0.2454296875,False,32,c0,0,native_integration_optimized_queue,daff1bfb8e7fce43fd5c4f8ca2651d7e21661efa927dce846e97f1ba88fcb77b,9b46438f0c6472734127bfa9cd1af70b6f2fde91c76fb5ea353f515c3e1c3354
beam1,25,25,,,1,0.8267499999999981,89.48499819564351,352586.35975249996,350625.631,466991.15,509624.9309999999,8271.231052398682,480000968,649682944,64.705,64.705,265031.68,346121.93375,2884.71,2551.47625,0.0,0.0,1973.885,1973.885,,,,,,,800,gist,DiskANN-PQ-Disk,15,queries/s,466.99115,0.25275390625,False,32,c0,0,native_integration_optimized_queue,daff1bfb8e7fce43fd5c4f8ca2651d7e21661efa927dce846e97f1ba88fcb77b,9b46438f0c6472734127bfa9cd1af70b6f2fde91c76fb5ea353f515c3e1c3354
beam1,26,26,,,1,0.8343749999999975,86.26719438305118,365626.9821762498,365705.44,494149.56,548037.891,8271.231052398682,480000968,649682944,66.6575,66.6575,273029.12,359109.33875,2966.92125,2502.665,0.0,0.0,2026.53375,2026.53375,,,,,,,800,gist,DiskANN-PQ-Disk,16,queries/s,494.14956,0.260380859375,False,32,c0,0,native_integration_optimized_queue,daff1bfb8e7fce43fd5c4f8ca2651d7e21661efa927dce846e97f1ba88fcb77b,9b46438f0c6472734127bfa9cd1af70b6f2fde91c76fb5ea353f515c3e1c3354
beam1,27,27,,,1,0.8392499999999978,85.79185399624514,366781.16954375,369616.96900000004,492739.414,543287.182,8271.231052398682,480000968,649682944,68.455,68.455,280391.68,360236.2825,3001.61375,2510.04375,0.0,0.0,2074.63375,2074.63375,,,,,,,800,gist,DiskANN-PQ-Disk,17,queries/s,492.739414,0.26740234375,False,32,c0,0,native_integration_optimized_queue,daff1bfb8e7fce43fd5c4f8ca2651d7e21661efa927dce846e97f1ba88fcb77b,9b46438f0c6472734127bfa9cd1af70b6f2fde91c76fb5ea353f515c3e1c3354
beam1,28,28,,,1,0.8453749999999977,81.39754679576252,386355.56543249986,382269.161,503456.73099999997,574784.625,8271.231052398682,480000968,650035200,70.425,70.425,288460.8,379636.6475,3126.7925,2542.4075,0.0,0.0,2127.45125,2127.45125,,,,,,,800,gist,DiskANN-PQ-Disk,18,queries/s,503.456731,0.27509765625,False,32,c0,0,native_integration_optimized_queue,daff1bfb8e7fce43fd5c4f8ca2651d7e21661efa927dce846e97f1ba88fcb77b,9b46438f0c6472734127bfa9cd1af70b6f2fde91c76fb5ea353f515c3e1c3354
beam1,29,29,,,1,0.8486249999999974,78.67663776517128,399316.00466875033,398537.372,513560.429,604819.107,8271.231052398682,480000968,650133504,72.245,72.245,295915.52,392547.7975,3207.48,2514.68875,0.0,0.0,2174.6425,2174.6425,,,,,,,800,gist,DiskANN-PQ-Disk,19,queries/s,513.560429,0.28220703125,False,32,c0,0,native_integration_optimized_queue,daff1bfb8e7fce43fd5c4f8ca2651d7e21661efa927dce846e97f1ba88fcb77b,9b46438f0c6472734127bfa9cd1af70b6f2fde91c76fb5ea353f515c3e1c3354
beam1,30,30,,,1,0.8549999999999973,77.14584727732469,407859.4843337501,401001.347,536760.075,623184.8150000001,8271.231052398682,480000968,650133504,74.2625,74.2625,304179.2,400896.575,3313.02875,2596.48875,0.0,0.0,2228.31625,2228.31625,,,,,,,800,gist,DiskANN-PQ-Disk,20,queries/s,536.7600749999999,0.290087890625,False,32,c0,0,native_integration_optimized_queue,daff1bfb8e7fce43fd5c4f8ca2651d7e21661efa927dce846e97f1ba88fcb77b,9b46438f0c6472734127bfa9cd1af70b6f2fde91c76fb5ea353f515c3e1c3354
beam1,40,40,,,1,0.892499999999997,60.12980864278724,526536.8960187496,520771.136,663691.6950000001,721900.963,8271.231052398682,480000968,650133504,93.3725,93.3725,382453.76,518888.65,4027.39,2569.26625,0.0,0.0,2719.71875,2719.71875,,,,,,,800,gist,DiskANN-PQ-Disk,21,queries/s,663.6916950000001,0.364736328125,False,32,c0,0,native_integration_optimized_queue,daff1bfb8e7fce43fd5c4f8ca2651d7e21661efa927dce846e97f1ba88fcb77b,9b46438f0c6472734127bfa9cd1af70b6f2fde91c76fb5ea353f515c3e1c3354
beam1,50,50,,,1,0.9191249999999969,49.18097514893822,639111.9926762496,635561.284,769189.478,835112.557,8271.231052398682,480000968,650133504,112.6175,112.6175,461281.28,630844.09875,4741.49,2480.9025,0.0,0.0,3200.97125,3200.97125,,,,,,,800,gist,DiskANN-PQ-Disk,22,queries/s,769.189478,0.439912109375,False,32,c0,0,native_integration_optimized_queue,daff1bfb8e7fce43fd5c4f8ca2651d7e21661efa927dce846e97f1ba88fcb77b,9b46438f0c6472734127bfa9cd1af70b6f2fde91c76fb5ea353f515c3e1c3354
beam1,60,60,,,1,0.9368749999999971,41.495687627886284,758837.366495,758308.6900000001,900190.818,971574.529,8271.231052398682,480000968,650358784,132.275,132.275,541798.4,749668.67375,5534.72,2579.71125,0.0,0.0,3676.49,3676.49,,,,,,,800,gist,DiskANN-PQ-Disk,23,queries/s,900.1908179999999,0.51669921875,False,32,c0,0,native_integration_optimized_queue,daff1bfb8e7fce43fd5c4f8ca2651d7e21661efa927dce846e97f1ba88fcb77b,9b46438f0c6472734127bfa9cd1af70b6f2fde91c76fb5ea353f515c3e1c3354
beam1,70,70,,,1,0.9484999999999971,35.34458267963248,889786.6899774991,885202.681,1082523.557,1181646.602,8271.231052398682,480000968,650444800,151.7525,151.7525,621578.24,879937.4225,6238.49125,2574.95375,0.0,0.0,4132.68,4132.68,,,,,,,800,gist,DiskANN-PQ-Disk,24,queries/s,1082.523557,0.592783203125,False,32,c0,0,native_integration_optimized_queue,daff1bfb8e7fce43fd5c4f8ca2651d7e21661efa927dce846e97f1ba88fcb77b,9b46438f0c6472734127bfa9cd1af70b6f2fde91c76fb5ea353f515c3e1c3354
beam1,80,80,,,1,0.9571249999999973,31.757668701012506,993502.3095187506,993172.3759999999,1175690.923,1250156.8029999998,8271.231052398682,480000968,651112448,171.5325,171.5325,702597.12,982898.0725,7002.35,2549.4575,0.0,0.0,4588.5975,4588.5975,,,,,,,800,gist,DiskANN-PQ-Disk,25,queries/s,1175.6909229999999,0.670048828125,False,32,c0,0,native_integration_optimized_queue,daff1bfb8e7fce43fd5c4f8ca2651d7e21661efa927dce846e97f1ba88fcb77b,9b46438f0c6472734127bfa9cd1af70b6f2fde91c76fb5ea353f515c3e1c3354
beam1,90,90,,,1,0.9638749999999972,28.06282564276953,1118864.1859412508,1113956.048,1328297.754,1430617.834,8271.231052398682,480000968,651329536,191.315,191.315,783626.24,1107616.955,7697.9325,2548.14875,0.0,0.0,5035.9975,5035.9975,,,,,,,800,gist,DiskANN-PQ-Disk,26,queries/s,1328.297754,0.74732421875,False,32,c0,0,native_integration_optimized_queue,daff1bfb8e7fce43fd5c4f8ca2651d7e21661efa927dce846e97f1ba88fcb77b,9b46438f0c6472734127bfa9cd1af70b6f2fde91c76fb5ea353f515c3e1c3354
beam1,100,100,,,1,0.9681249999999976,25.539011344527516,1233660.2072812503,1233713.9289999998,1422190.958,1512541.645,8271.231052398682,480000968,651374592,211.0425,211.0425,864430.08,1221608.6825,8444.63125,2556.70875,0.0,0.0,5472.09875,5472.09875,,,,,,,800,gist,DiskANN-PQ-Disk,27,queries/s,1422.1909580000001,0.824384765625,False,32,c0,0,native_integration_optimized_queue,daff1bfb8e7fce43fd5c4f8ca2651d7e21661efa927dce846e97f1ba88fcb77b,9b46438f0c6472734127bfa9cd1af70b6f2fde91c76fb5ea353f515c3e1c3354
beam1,140,140,,,1,0.9784999999999978,19.463156276055024,1618160.35123,1611991.088,1844199.874,1944567.3399999999,8271.231052398682,480000968,657326080,290.1975,290.1975,1188648.96,1562189.35375,52793.575,2183.9375,0.0,0.0,6442.51,6442.51,,,,,,,800,gist,DiskANN-PQ-Disk,28,queries/s,1844.1998740000001,1.133583984375,False,32,c0,0,native_integration_optimized_queue,daff1bfb8e7fce43fd5c4f8ca2651d7e21661efa927dce846e97f1ba88fcb77b,9b46438f0c6472734127bfa9cd1af70b6f2fde91c76fb5ea353f515c3e1c3354
beam1,180,180,,,1,0.9787499999999979,17.390183749336412,1804270.1906512508,1813549.721,2078605.3190000001,2162523.32,8271.231052398682,480000968,684486656,369.9025,369.9025,1515120.64,1719558.04625,81480.55125,2266.0875,0.0,0.0,6442.51,6442.51,,,,,,,800,gist,DiskANN-PQ-Disk,29,queries/s,2078.6053190000002,1.444931640625,False,32,c0,0,native_integration_optimized_queue,daff1bfb8e7fce43fd5c4f8ca2651d7e21661efa927dce846e97f1ba88fcb77b,9b46438f0c6472734127bfa9cd1af70b6f2fde91c76fb5ea353f515c3e1c3354
beam1,220,220,,,1,0.9787499999999979,15.520384833901785,2034824.625869999,2031710.398,2359095.51,2505024.4,8271.231052398682,480000968,716156928,449.6475,449.6475,1841756.16,1866533.7625,165015.6625,2322.435,0.0,0.0,6442.51,6442.51,,,,,,,800,gist,DiskANN-PQ-Disk,30,queries/s,2359.0955099999996,1.756435546875,False,32,c0,0,native_integration_optimized_queue,daff1bfb8e7fce43fd5c4f8ca2651d7e21661efa927dce846e97f1ba88fcb77b,9b46438f0c6472734127bfa9cd1af70b6f2fde91c76fb5ea353f515c3e1c3354
beam1,260,260,,,1,0.9787499999999977,13.849976754265668,2272665.963242499,2261328.908,2697056.389,2884739.809,8271.231052398682,480000968,750284800,529.5,529.5,2168832.0,2022315.35625,247020.90875,2372.05,0.0,0.0,6442.51,6442.51,,,,,,,800,gist,DiskANN-PQ-Disk,31,queries/s,2697.056389,2.068359375,False,32,c0,0,native_integration_optimized_queue,daff1bfb8e7fce43fd5c4f8ca2651d7e21661efa927dce846e97f1ba88fcb77b,9b46438f0c6472734127bfa9cd1af70b6f2fde91c76fb5ea353f515c3e1c3354
beam1,300,300,,,1,0.9788749999999979,12.832084771733665,2458176.0941312504,2460109.289,2836104.284,3002826.83,8271.231052398682,480000968,785735680,609.335,609.335,2495836.16,2139867.8325,315029.86,2327.64625,0.0,0.0,6442.51,6442.51,,,,,,,800,gist,DiskANN-PQ-Disk,32,queries/s,2836.104284,2.38021484375,False,32,c0,0,native_integration_optimized_queue,daff1bfb8e7fce43fd5c4f8ca2651d7e21661efa927dce846e97f1ba88fcb77b,9b46438f0c6472734127bfa9cd1af70b6f2fde91c76fb5ea353f515c3e1c3354
beam1,340,340,,,1,0.9784999999999978,11.701728179893587,2691737.1174749965,2701020.509,3091366.7399999998,3232456.1969999997,8271.231052398682,480000968,821186560,689.215,689.215,2823024.64,2285133.3625,403327.57625,2347.0975,0.0,0.0,6442.51,6442.51,,,,,,,800,gist,DiskANN-PQ-Disk,33,queries/s,3091.36674,2.69224609375,False,32,c0,0,native_integration_optimized_queue,daff1bfb8e7fce43fd5c4f8ca2651d7e21661efa927dce846e97f1ba88fcb77b,9b46438f0c6472734127bfa9cd1af70b6f2fde91c76fb5ea353f515c3e1c3354
beam1,380,380,,,1,0.9784999999999978,10.994196924214648,2862334.3529575,2869659.8880000003,3288514.6380000003,3513583.116,8271.231052398682,480000968,831008768,769.0975,769.0975,3150223.36,2358162.7725,500884.31,2348.54375,0.0,0.0,6442.51,6442.51,,,,,,,800,gist,DiskANN-PQ-Disk,34,queries/s,3288.514638,3.004287109375,False,32,c0,0,native_integration_optimized_queue,daff1bfb8e7fce43fd5c4f8ca2651d7e21661efa927dce846e97f1ba88fcb77b,9b46438f0c6472734127bfa9cd1af70b6f2fde91c76fb5ea353f515c3e1c3354
beam1,420,420,,,1,0.9784999999999978,10.156462255917482,3100099.399022501,3095068.366,3577531.3239999996,3860470.0670000003,8271.231052398682,480000968,872382464,848.98,848.98,3477422.08,2499012.4475,597774.6625,2376.88625,0.0,0.0,6442.51,6442.51,,,,,,,800,gist,DiskANN-PQ-Disk,35,queries/s,3577.5313239999996,3.316328125,False,32,c0,0,native_integration_optimized_queue,daff1bfb8e7fce43fd5c4f8ca2651d7e21661efa927dce846e97f1ba88fcb77b,9b46438f0c6472734127bfa9cd1af70b6f2fde91c76fb5ea353f515c3e1c3354
beam1,460,460,,,1,0.9784999999999978,9.551672297369665,3296639.917649998,3309722.08,3803051.79,3973581.971,8271.231052398682,480000968,904765440,928.8925,928.8925,3804743.68,2562746.755,730601.03625,2360.5625,0.0,0.0,6442.51,6442.51,,,,,,,800,gist,DiskANN-PQ-Disk,36,queries/s,3803.05179,3.628486328125,False,32,c0,0,native_integration_optimized_queue,daff1bfb8e7fce43fd5c4f8ca2651d7e21661efa927dce846e97f1ba88fcb77b,9b46438f0c6472734127bfa9cd1af70b6f2fde91c76fb5ea353f515c3e1c3354
beam1,500,500,,,1,0.9784999999999978,9.041823333586082,3487686.4462099946,3481804.375,4020898.385,4321107.097,8271.231052398682,480000968,948097024,1008.815,1008.815,4132106.24,2667295.06875,817060.82875,2398.98875,0.0,0.0,6442.51,6442.51,,,,,,,800,gist,DiskANN-PQ-Disk,37,queries/s,4020.898385,3.94068359375,False,32,c0,0,native_integration_optimized_queue,daff1bfb8e7fce43fd5c4f8ca2651d7e21661efa927dce846e97f1ba88fcb77b,9b46438f0c6472734127bfa9cd1af70b6f2fde91c76fb5ea353f515c3e1c3354
beam1,540,540,,,1,0.9784999999999978,8.506762475802805,3703427.1059687505,3701784.173,4229269.222,4493148.424000001,8271.231052398682,480000968,973500416,1088.7175,1088.7175,4459386.88,2760940.56625,939223.10875,2342.63375,0.0,0.0,6442.51,6442.51,,,,,,,800,gist,DiskANN-PQ-Disk,38,queries/s,4229.269222,4.252802734375,False,32,c0,0,native_integration_optimized_queue,daff1bfb8e7fce43fd5c4f8ca2651d7e21661efa927dce846e97f1ba88fcb77b,9b46438f0c6472734127bfa9cd1af70b6f2fde91c76fb5ea353f515c3e1c3354
beam1,580,580,,,1,0.9787499999999977,8.041164519582185,3918849.8220649953,3907417.002,4475673.591999999,4773984.755,8271.231052398682,480000968,1020276736,1168.6475,1168.6475,4786780.16,2848846.6425,1066708.9525,2373.965,0.0,0.0,6442.51,6442.51,,,,,,,800,gist,DiskANN-PQ-Disk,39,queries/s,4475.673591999999,4.565029296875,False,32,c0,0,native_integration_optimized_queue,daff1bfb8e7fce43fd5c4f8ca2651d7e21661efa927dce846e97f1ba88fcb77b,9b46438f0c6472734127bfa9cd1af70b6f2fde91c76fb5ea353f515c3e1c3354
QG_R64_EF400_t3,ef=1,1,,,1,0.1195,35.1989,831741,855569,1023820.0,1105920.0,15625,8192,156344320,66.6813,266.725,1092510.0,828793,831660,75.2041,831660,5.65916,5.18375,5.18375,,,,,,,800,gist,SymphonyQG-DiskPort,0,queries/s,1023.82,1.0418987274169922,False,32,c0,0,native_integration_optimized_queue,ddb2671e28b68a35ed366acbf8411ddcdf506db63f982842299aea0b9433bd5c,9b46438f0c6472734127bfa9cd1af70b6f2fde91c76fb5ea353f515c3e1c3354
QG_R64_EF400_t3,ef=2,2,,,1,0.2,39.1237,742272,844649,1018030.0,1091930.0,15625,8192,160178176,59.6088,238.435,976630,739361,742192,73.2106,742192,6.32507,7.36125,7.36125,,,,,,,800,gist,SymphonyQG-DiskPort,1,queries/s,1018.03,0.9313869476318359,False,32,c0,0,native_integration_optimized_queue,ddb2671e28b68a35ed366acbf8411ddcdf506db63f982842299aea0b9433bd5c,9b46438f0c6472734127bfa9cd1af70b6f2fde91c76fb5ea353f515c3e1c3354
QG_R64_EF400_t3,ef=3,3,,,1,0.2535,48.5439,586591,784921,1012130.0,1067750.0,15625,8192,160178176,47.8025,191.21,783196,583767,586505,79.2059,586505,6.65869,8.9,8.9,,,,,,,800,gist,SymphonyQG-DiskPort,2,queries/s,1012.13,0.7469139099121094,False,32,c0,0,native_integration_optimized_queue,ddb2671e28b68a35ed366acbf8411ddcdf506db63f982842299aea0b9433bd5c,9b46438f0c6472734127bfa9cd1af70b6f2fde91c76fb5ea353f515c3e1c3354
QG_R64_EF400_t3,ef=4,4,,,1,0.310125,64.7044,415239,165749,1035050.0,1128540.0,15625,8192,160178176,33.9275,135.71,555868,412430,415152,80.3641,415152,6.6694,10.4425,10.4425,,,,,,,800,gist,SymphonyQG-DiskPort,3,queries/s,1035.05,0.5301170349121094,False,32,c0,0,native_integration_optimized_queue,ddb2671e28b68a35ed366acbf8411ddcdf506db63f982842299aea0b9433bd5c,9b46438f0c6472734127bfa9cd1af70b6f2fde91c76fb5ea353f515c3e1c3354
QG_R64_EF400_t3,ef=5,5,,,1,0.3545,96.0161,252126,134035,922800,1074770.0,15625,8192,160178176,24.6612,98.645,404050,249281,252043,76.6792,252043,7.0611,11.6988,11.6988,,,,,,,800,gist,SymphonyQG-DiskPort,4,queries/s,922.8,0.3853321075439453,False,32,c0,0,native_integration_optimized_queue,ddb2671e28b68a35ed366acbf8411ddcdf506db63f982842299aea0b9433bd5c,9b46438f0c6472734127bfa9cd1af70b6f2fde91c76fb5ea353f515c3e1c3354
QG_R64_EF400_t3,ef=6,6,,,1,0.391,120.92,175128,116960,755678,873147,15625,8192,161099776,19.46,77.84,318833,171869,175028,91.4383,175028,8.57172,12.765,12.765,,,,,,,800,gist,SymphonyQG-DiskPort,5,queries/s,755.678,0.3040628433227539,False,32,c0,0,native_integration_optimized_queue,ddb2671e28b68a35ed366acbf8411ddcdf506db63f982842299aea0b9433bd5c,9b46438f0c6472734127bfa9cd1af70b6f2fde91c76fb5ea353f515c3e1c3354
QG_R64_EF400_t3,ef=7,7,,,1,0.431125,142.047,142615,120825,270130,823648,15625,8192,161099776,16.5388,66.155,270971,139060,142510,96.8363,142510,8.37076,13.8462,13.8462,,,,,,,800,gist,SymphonyQG-DiskPort,6,queries/s,270.13,0.25841808319091797,False,32,c0,0,native_integration_optimized_queue,ddb2671e28b68a35ed366acbf8411ddcdf506db63f982842299aea0b9433bd5c,9b46438f0c6472734127bfa9cd1af70b6f2fde91c76fb5ea353f515c3e1c3354
QG_R64_EF400_t3,ef=8,8,,,1,0.46475,147.931,129380,125626,223378,293073,15625,8192,161099776,15.7275,62.91,257679,125454,129226,144.159,129226,9.78571,14.8825,14.8825,,,,,,,800,gist,SymphonyQG-DiskPort,7,queries/s,223.378,0.2457418441772461,False,32,c0,0,native_integration_optimized_queue,ddb2671e28b68a35ed366acbf8411ddcdf506db63f982842299aea0b9433bd5c,9b46438f0c6472734127bfa9cd1af70b6f2fde91c76fb5ea353f515c3e1c3354
QG_R64_EF400_t3,ef=9,9,,,1,0.497625,148.811,134330,136370,233270,291166,15625,8192,161099776,16.03,64.12,262636,130839,134230,91.5488,134230,7.93711,15.88,15.88,,,,,,,800,gist,SymphonyQG-DiskPort,8,queries/s,233.27,0.2504692077636719,False,32,c0,0,native_integration_optimized_queue,ddb2671e28b68a35ed366acbf8411ddcdf506db63f982842299aea0b9433bd5c,9b46438f0c6472734127bfa9cd1af70b6f2fde91c76fb5ea353f515c3e1c3354
QG_R64_EF400_t3,ef=10,10,,,1,0.529625,144.094,145151,149294,250683,303698,15625,8192,161099776,16.9462,67.785,277647,141785,145052,90.2724,145052,8.89702,16.9462,16.9462,,,,,,,800,gist,SymphonyQG-DiskPort,9,queries/s,250.683,0.2647848129272461,False,32,c0,0,native_integration_optimized_queue,ddb2671e28b68a35ed366acbf8411ddcdf506db63f982842299aea0b9433bd5c,9b46438f0c6472734127bfa9cd1af70b6f2fde91c76fb5ea353f515c3e1c3354
QG_R64_EF400_t3,ef=11,11,,,1,0.557375,135.703,156862,162512,266224,317874,15625,8192,161099776,17.8762,71.505,292884,153365,156743,110.394,156743,8.5347,17.8762,17.8762,,,,,,,800,gist,SymphonyQG-DiskPort,10,queries/s,266.224,0.2793159484863281,False,32,c0,0,native_integration_optimized_queue,ddb2671e28b68a35ed366acbf8411ddcdf506db63f982842299aea0b9433bd5c,9b46438f0c6472734127bfa9cd1af70b6f2fde91c76fb5ea353f515c3e1c3354
QG_R64_EF400_t3,ef=12,12,,,1,0.579125,130.72,167740,175000,290626,333981,15625,8192,161099776,18.8212,75.285,308367,164683,167645,87.149,167645,7.96228,18.8212,18.8212,,,,,,,800,gist,SymphonyQG-DiskPort,11,queries/s,290.626,0.2940816879272461,False,32,c0,0,native_integration_optimized_queue,ddb2671e28b68a35ed366acbf8411ddcdf506db63f982842299aea0b9433bd5c,9b46438f0c6472734127bfa9cd1af70b6f2fde91c76fb5ea353f515c3e1c3354
QG_R64_EF400_t3,ef=13,13,,,1,0.598,125.158,179664,188489,303190,363896,15625,8192,161099776,19.6588,78.635,322089,176315,179542,114.033,179542,7.85327,19.6588,19.6588,,,,,,,800,gist,SymphonyQG-DiskPort,12,queries/s,303.19,0.30716800689697266,False,32,c0,0,native_integration_optimized_queue,ddb2671e28b68a35ed366acbf8411ddcdf506db63f982842299aea0b9433bd5c,9b46438f0c6472734127bfa9cd1af70b6f2fde91c76fb5ea353f515c3e1c3354
QG_R64_EF400_t3,ef=14,14,,,1,0.615375,121.508,189090,195140,319980,369916,15625,8192,161099776,20.5225,82.09,336241,185849,188988,94.463,188988,7.95168,20.5225,20.5225,,,,,,,800,gist,SymphonyQG-DiskPort,13,queries/s,319.98,0.3206644058227539,False,32,c0,0,native_integration_optimized_queue,ddb2671e28b68a35ed366acbf8411ddcdf506db63f982842299aea0b9433bd5c,9b46438f0c6472734127bfa9cd1af70b6f2fde91c76fb5ea353f515c3e1c3354
QG_R64_EF400_t3,ef=15,15,,,1,0.6285,118.204,199066,208556,335107,406826,15625,8192,161099776,21.2975,85.19,348938,195591,198961,96.3537,198961,7.93468,21.2975,21.2975,,,,,,,800,gist,SymphonyQG-DiskPort,14,queries/s,335.107,0.33277320861816406,False,32,c0,0,native_integration_optimized_queue,ddb2671e28b68a35ed366acbf8411ddcdf506db63f982842299aea0b9433bd5c,9b46438f0c6472734127bfa9cd1af70b6f2fde91c76fb5ea353f515c3e1c3354
QG_R64_EF400_t3,ef=16,16,,,1,0.647875,113.638,210609,222031,352402,439963,15625,8192,161099776,22.2237,88.895,364114,207330,210485,108.1,210485,15.6708,22.2237,22.2237,,,,,,,800,gist,SymphonyQG-DiskPort,15,queries/s,352.402,0.3472461700439453,False,32,c0,0,native_integration_optimized_queue,ddb2671e28b68a35ed366acbf8411ddcdf506db63f982842299aea0b9433bd5c,9b46438f0c6472734127bfa9cd1af70b6f2fde91c76fb5ea353f515c3e1c3354
QG_R64_EF400_t3,ef=17,17,,,1,0.662875,106.327,220477,231629,377200,447222,15625,8192,161099776,23.1388,92.555,379105,217261,220381,87.888,220381,8.00375,23.1388,23.1388,,,,,,,800,gist,SymphonyQG-DiskPort,16,queries/s,377.2,0.3615427017211914,False,32,c0,0,native_integration_optimized_queue,ddb2671e28b68a35ed366acbf8411ddcdf506db63f982842299aea0b9433bd5c,9b46438f0c6472734127bfa9cd1af70b6f2fde91c76fb5ea353f515c3e1c3354
QG_R64_EF400_t3,ef=18,18,,,1,0.6785,104.222,228260,241732,373909,435742,15625,8192,161099776,23.95,95.8,392397,225038,228158,95.1683,228158,7.5309,23.95,23.95,,,,,,,800,gist,SymphonyQG-DiskPort,17,queries/s,373.909,0.3742189407348633,False,32,c0,0,native_integration_optimized_queue,ddb2671e28b68a35ed366acbf8411ddcdf506db63f982842299aea0b9433bd5c,9b46438f0c6472734127bfa9cd1af70b6f2fde91c76fb5ea353f515c3e1c3354
QG_R64_EF400_t3,ef=19,19,,,1,0.692375,102.935,240860,254568,403836,474915,15625,8192,161099776,24.8188,99.275,406630,237645,240756,95.8019,240756,7.72855,24.8188,24.8188,,,,,,,800,gist,SymphonyQG-DiskPort,18,queries/s,403.836,0.38779258728027344,False,32,c0,0,native_integration_optimized_queue,ddb2671e28b68a35ed366acbf8411ddcdf506db63f982842299aea0b9433bd5c,9b46438f0c6472734127bfa9cd1af70b6f2fde91c76fb5ea353f515c3e1c3354
QG_R64_EF400_t3,ef=20,20,,,1,0.70125,96.806,248964,260935,411642,460151,15625,8192,161099776,25.575,102.3,419021,246157,248884,73.4614,248884,6.99682,25.575,25.575,,,,,,,800,gist,SymphonyQG-DiskPort,19,queries/s,411.642,0.3996095657348633,False,32,c0,0,native_integration_optimized_queue,ddb2671e28b68a35ed366acbf8411ddcdf506db63f982842299aea0b9433bd5c,9b46438f0c6472734127bfa9cd1af70b6f2fde91c76fb5ea353f515c3e1c3354
QG_R64_EF400_t3,ef=21,21,,,1,0.714875,96.0623,256313,269516,426407,471527,15625,8192,161099776,26.4838,105.935,433910,253294,256225,80.8579,256225,7.19994,26.4838,26.4838,,,,,,,800,gist,SymphonyQG-DiskPort,20,queries/s,426.407,0.41380882263183594,False,32,c0,0,native_integration_optimized_queue,ddb2671e28b68a35ed366acbf8411ddcdf506db63f982842299aea0b9433bd5c,9b46438f0c6472734127bfa9cd1af70b6f2fde91c76fb5ea353f515c3e1c3354
QG_R64_EF400_t3,ef=22,22,,,1,0.725625,91.4085,273166,283279,447849,498163,15625,8192,161099776,27.3263,109.305,447713,270394,273081,77.1525,273081,7.93332,27.3263,27.3263,,,,,,,800,gist,SymphonyQG-DiskPort,21,queries/s,447.849,0.4269723892211914,False,32,c0,0,native_integration_optimized_queue,ddb2671e28b68a35ed366acbf8411ddcdf506db63f982842299aea0b9433bd5c,9b46438f0c6472734127bfa9cd1af70b6f2fde91c76fb5ea353f515c3e1c3354
QG_R64_EF400_t3,ef=23,23,,,1,0.732375,87.6432,287640,296503,448899,561318,15625,8192,161099776,28.0987,112.395,460370,285098,287555,77.7359,287555,7.34562,28.0987,28.0987,,,,,,,800,gist,SymphonyQG-DiskPort,22,queries/s,448.899,0.4390430450439453,False,32,c0,0,native_integration_optimized_queue,ddb2671e28b68a35ed366acbf8411ddcdf506db63f982842299aea0b9433bd5c,9b46438f0c6472734127bfa9cd1af70b6f2fde91c76fb5ea353f515c3e1c3354
QG_R64_EF400_t3,ef=24,24,,,1,0.744625,83.4734,307677,309102,461320,522116,15625,8192,161099776,29.0388,116.155,475771,305072,307594,75.4011,307594,7.02734,29.0388,29.0388,,,,,,,800,gist,SymphonyQG-DiskPort,23,queries/s,461.32,0.45373058319091797,False,32,c0,0,native_integration_optimized_queue,ddb2671e28b68a35ed366acbf8411ddcdf506db63f982842299aea0b9433bd5c,9b46438f0c6472734127bfa9cd1af70b6f2fde91c76fb5ea353f515c3e1c3354
QG_R64_EF400_t3,ef=25,25,,,1,0.752625,83.057,311120,315894,488246,572114,15625,8192,161099776,29.7763,119.105,487854,308417,311033,79.1441,311033,7.0365,29.7763,29.7763,,,,,,,800,gist,SymphonyQG-DiskPort,24,queries/s,488.246,0.4652538299560547,False,32,c0,0,native_integration_optimized_queue,ddb2671e28b68a35ed366acbf8411ddcdf506db63f982842299aea0b9433bd5c,9b46438f0c6472734127bfa9cd1af70b6f2fde91c76fb5ea353f515c3e1c3354
QG_R64_EF400_t3,ef=26,26,,,1,0.758375,79.7448,321977,323415,494685,558510,15625,8192,161099776,30.48,121.92,499384,319247,321891,78.7672,321891,7.05647,30.48,30.48,,,,,,,800,gist,SymphonyQG-DiskPort,25,queries/s,494.685,0.47624969482421875,False,32,c0,0,native_integration_optimized_queue,ddb2671e28b68a35ed366acbf8411ddcdf506db63f982842299aea0b9433bd5c,9b46438f0c6472734127bfa9cd1af70b6f2fde91c76fb5ea353f515c3e1c3354
QG_R64_EF400_t3,ef=27,27,,,1,0.765375,77.0718,343725,346038,506750,601717,15625,8192,161099776,31.3075,125.23,512942,341042,343644,73.3395,343644,7.13141,31.3075,31.3075,,,,,,,800,gist,SymphonyQG-DiskPort,26,queries/s,506.75,0.4891796112060547,False,32,c0,0,native_integration_optimized_queue,ddb2671e28b68a35ed366acbf8411ddcdf506db63f982842299aea0b9433bd5c,9b46438f0c6472734127bfa9cd1af70b6f2fde91c76fb5ea353f515c3e1c3354
QG_R64_EF400_t3,ef=28,28,,,1,0.77275,74.3497,355643,353206,522881,589845,15625,8192,161439744,32.1412,128.565,526602,352966,355561,74.4,355561,7.36259,32.1412,32.1412,,,,,,,800,gist,SymphonyQG-DiskPort,27,queries/s,522.881,0.5022068023681641,False,32,c0,0,native_integration_optimized_queue,ddb2671e28b68a35ed366acbf8411ddcdf506db63f982842299aea0b9433bd5c,9b46438f0c6472734127bfa9cd1af70b6f2fde91c76fb5ea353f515c3e1c3354
QG_R64_EF400_t3,ef=29,29,,,1,0.778,71.7619,366346,368470,519562,615360,15625,8192,161439744,32.8862,131.545,538808,363639,366266,72.5294,366266,6.79804,32.8862,32.8862,,,,,,,800,gist,SymphonyQG-DiskPort,28,queries/s,519.562,0.5138473510742188,False,32,c0,0,native_integration_optimized_queue,ddb2671e28b68a35ed366acbf8411ddcdf506db63f982842299aea0b9433bd5c,9b46438f0c6472734127bfa9cd1af70b6f2fde91c76fb5ea353f515c3e1c3354
QG_R64_EF400_t3,ef=30,30,,,1,0.78525,69.3964,388360,380635,547836,624152,15625,8192,161439744,33.7375,134.95,552755,385707,388269,83.8137,388269,6.95736,33.7375,33.7375,,,,,,,800,gist,SymphonyQG-DiskPort,29,queries/s,547.836,0.5271482467651367,False,32,c0,0,native_integration_optimized_queue,ddb2671e28b68a35ed366acbf8411ddcdf506db63f982842299aea0b9433bd5c,9b46438f0c6472734127bfa9cd1af70b6f2fde91c76fb5ea353f515c3e1c3354
QG_R64_EF400_t3,ef=40,40,,,1,0.835875,56.3383,490017,485569,678113,787056,15625,8192,161439744,41.4513,165.805,679137,487311,489932,78.5382,489932,6.93655,41.4513,41.4513,,,,,,,800,gist,SymphonyQG-DiskPort,30,queries/s,678.113,0.6476755142211914,False,32,c0,0,native_integration_optimized_queue,ddb2671e28b68a35ed366acbf8411ddcdf506db63f982842299aea0b9433bd5c,9b46438f0c6472734127bfa9cd1af70b6f2fde91c76fb5ea353f515c3e1c3354
QG_R64_EF400_t3,ef=50,50,,,1,0.868125,47.3263,600666,603252,818913,937856,15625,8192,161439744,49.0025,196.01,802857,597909,600583,76.1737,600583,6.97735,49.0025,49.0025,,,,,,,800,gist,SymphonyQG-DiskPort,31,queries/s,818.913,0.7656641006469727,False,32,c0,0,native_integration_optimized_queue,ddb2671e28b68a35ed366acbf8411ddcdf506db63f982842299aea0b9433bd5c,9b46438f0c6472734127bfa9cd1af70b6f2fde91c76fb5ea353f515c3e1c3354
QG_R64_EF400_t3,ef=60,60,,,1,0.8885,42.0346,686677,691589,922012,1038030.0,15625,8192,161439744,56.2,224.8,920781,683696,686596,74.2905,686596,7.00482,56.2,56.2,,,,,,,800,gist,SymphonyQG-DiskPort,32,queries/s,922.012,0.8781251907348633,False,32,c0,0,native_integration_optimized_queue,ddb2671e28b68a35ed366acbf8411ddcdf506db63f982842299aea0b9433bd5c,9b46438f0c6472734127bfa9cd1af70b6f2fde91c76fb5ea353f515c3e1c3354
QG_R64_EF400_t3,ef=70,70,,,1,0.906625,37.1748,785755,801819,1037600.0,1125260.0,15625,8192,161439744,63.4663,253.865,1039830.0,782674,785673,74.8492,785673,7.09265,63.4663,63.4663,,,,,,,800,gist,SymphonyQG-DiskPort,33,queries/s,1037.6,0.9916591644287109,False,32,c0,0,native_integration_optimized_queue,ddb2671e28b68a35ed366acbf8411ddcdf506db63f982842299aea0b9433bd5c,9b46438f0c6472734127bfa9cd1af70b6f2fde91c76fb5ea353f515c3e1c3354
QG_R64_EF400_t3,ef=80,80,,,1,0.91975,33.3612,878483,886723,1160120.0,1286780.0,15625,8192,161439744,70.595,282.38,1156630.0,875272,878394,82.1513,878394,7.05885,70.595,70.595,,,,,,,800,gist,SymphonyQG-DiskPort,34,queries/s,1160.12,1.103048324584961,False,32,c0,0,native_integration_optimized_queue,ddb2671e28b68a35ed366acbf8411ddcdf506db63f982842299aea0b9433bd5c,9b46438f0c6472734127bfa9cd1af70b6f2fde91c76fb5ea353f515c3e1c3354
QG_R64_EF400_t3,ef=90,90,,,1,0.92725,30.2232,978103,996675,1271740.0,1369150.0,15625,8192,161439744,77.5438,310.175,1270480.0,974828,978016,79.2827,978016,8.21727,77.5438,77.5438,,,,,,,800,gist,SymphonyQG-DiskPort,35,queries/s,1271.74,1.2116241455078125,False,32,c0,0,native_integration_optimized_queue,ddb2671e28b68a35ed366acbf8411ddcdf506db63f982842299aea0b9433bd5c,9b46438f0c6472734127bfa9cd1af70b6f2fde91c76fb5ea353f515c3e1c3354
QG_R64_EF400_t3,ef=100,100,,,1,0.937375,27.5558,1075020.0,1098860.0,1402960.0,1594270.0,15625,8192,161439744,84.6213,338.485,1386430.0,1071710.0,1074940.0,75.9562,1074940.0,8.60051,84.6213,84.6213,,,,,,,800,gist,SymphonyQG-DiskPort,36,queries/s,1402.96,1.3222026824951172,False,32,c0,0,native_integration_optimized_queue,ddb2671e28b68a35ed366acbf8411ddcdf506db63f982842299aea0b9433bd5c,9b46438f0c6472734127bfa9cd1af70b6f2fde91c76fb5ea353f515c3e1c3354
QG_R64_EF400_t3,ef=140,140,,,1,0.957375,21.1439,1427050.0,1487900.0,1863350.0,2017330.0,15625,8192,161439744,110.868,443.47,1816450.0,1423250.0,1426970.0,73.9788,1426970.0,8.77202,110.868,110.868,,,,,,,800,gist,SymphonyQG-DiskPort,37,queries/s,1863.35,1.7323017120361328,False,32,c0,0,native_integration_optimized_queue,ddb2671e28b68a35ed366acbf8411ddcdf506db63f982842299aea0b9433bd5c,9b46438f0c6472734127bfa9cd1af70b6f2fde91c76fb5ea353f515c3e1c3354
QG_R64_EF400_t3,ef=180,180,,,1,0.969,17.0853,1785660.0,1863410.0,2359770.0,2554520.0,15625,8192,161439744,135.946,543.785,2227340.0,1781470.0,1785580.0,72.4662,1785580.0,8.7181,135.946,135.946,,,,,,,800,gist,SymphonyQG-DiskPort,38,queries/s,2359.77,2.124156951904297,False,32,c0,0,native_integration_optimized_queue,ddb2671e28b68a35ed366acbf8411ddcdf506db63f982842299aea0b9433bd5c,9b46438f0c6472734127bfa9cd1af70b6f2fde91c76fb5ea353f515c3e1c3354
QG_R64_EF400_t3,ef=220,220,,,1,0.9765,14.6548,2093680.0,2192600.0,2733170.0,2868150.0,15625,8192,165765120,160.114,640.455,2623300.0,2089720.0,2093620.0,55.063,2093620.0,7.01547,160.114,160.114,,,,,,,800,gist,SymphonyQG-DiskPort,39,queries/s,2733.17,2.5017738342285156,False,32,c0,0,native_integration_optimized_queue,ddb2671e28b68a35ed366acbf8411ddcdf506db63f982842299aea0b9433bd5c,9b46438f0c6472734127bfa9cd1af70b6f2fde91c76fb5ea353f515c3e1c3354
QG_R64_EF400_t3,ef=260,260,,,1,0.97975,12.7243,2419090.0,2536490.0,3159320.0,3399220.0,15625,8192,165765120,183.442,733.77,3005520.0,2414750.0,2419030.0,55.7711,2419030.0,7.02763,183.442,183.442,,,,,,,800,gist,SymphonyQG-DiskPort,40,queries/s,3159.32,2.8662872314453125,False,32,c0,0,native_integration_optimized_queue,ddb2671e28b68a35ed366acbf8411ddcdf506db63f982842299aea0b9433bd5c,9b46438f0c6472734127bfa9cd1af70b6f2fde91c76fb5ea353f515c3e1c3354
QG_R64_EF400_t3,ef=300,300,,,1,0.98375,11.302,2723990.0,2835060.0,3624440.0,3852830.0,15625,8192,167116800,207.126,828.505,3393560.0,2718930.0,2723920.0,58.2075,2723920.0,7.96783,207.126,207.126,,,,,,,800,gist,SymphonyQG-DiskPort,41,queries/s,3624.44,3.2363510131835938,False,32,c0,0,native_integration_optimized_queue,ddb2671e28b68a35ed366acbf8411ddcdf506db63f982842299aea0b9433bd5c,9b46438f0c6472734127bfa9cd1af70b6f2fde91c76fb5ea353f515c3e1c3354
QG_R64_EF400_t3,ef=340,340,,,1,0.986375,10.2643,3015130.0,3146350.0,3984830.0,4255810.0,15625,8192,167116800,228.841,915.365,3749340.0,3009890.0,3015070.0,53.1669,3015070.0,6.65343,228.841,228.841,,,,,,,800,gist,SymphonyQG-DiskPort,42,queries/s,3984.83,3.5756492614746094,False,32,c0,0,native_integration_optimized_queue,ddb2671e28b68a35ed366acbf8411ddcdf506db63f982842299aea0b9433bd5c,9b46438f0c6472734127bfa9cd1af70b6f2fde91c76fb5ea353f515c3e1c3354
QG_R64_EF400_t3,ef=380,380,,,1,0.98875,9.32532,3323680.0,3499550.0,4346720.0,4660600.0,15625,8192,167116800,250.713,1002.85,4107670.0,3318030.0,3323620.0,55.6433,3323620.0,6.99929,250.713,250.713,,,,,,,800,gist,SymphonyQG-DiskPort,43,queries/s,4346.72,3.917379379272461,False,32,c0,0,native_integration_optimized_queue,ddb2671e28b68a35ed366acbf8411ddcdf506db63f982842299aea0b9433bd5c,9b46438f0c6472734127bfa9cd1af70b6f2fde91c76fb5ea353f515c3e1c3354
QG_R64_EF400_t3,ef=420,420,,,1,0.990125,8.61327,3605200.0,3815470.0,4800560.0,5043960.0,15625,8192,167161856,272.043,1088.17,4457140.0,3599080.0,3605130.0,57.0543,3605130.0,7.43296,272.043,272.043,,,,,,,800,gist,SymphonyQG-DiskPort,44,queries/s,4800.56,4.250659942626953,False,32,c0,0,native_integration_optimized_queue,ddb2671e28b68a35ed366acbf8411ddcdf506db63f982842299aea0b9433bd5c,9b46438f0c6472734127bfa9cd1af70b6f2fde91c76fb5ea353f515c3e1c3354
QG_R64_EF400_t3,ef=460,460,,,1,0.99075,7.99713,3879860.0,4092960.0,5138440.0,5490320.0,15625,8192,167161856,292.913,1171.65,4799080.0,3873430.0,3879800.0,54.728,3879800.0,7.25224,292.913,292.913,,,,,,,800,gist,SymphonyQG-DiskPort,45,queries/s,5138.44,4.576759338378906,False,32,c0,0,native_integration_optimized_queue,ddb2671e28b68a35ed366acbf8411ddcdf506db63f982842299aea0b9433bd5c,9b46438f0c6472734127bfa9cd1af70b6f2fde91c76fb5ea353f515c3e1c3354
QG_R64_EF400_t3,ef=500,500,,,1,0.9915,7.39727,4194740.0,4438740.0,5584620.0,5944920.0,15625,8192,167161856,313.581,1254.33,5137720.0,4187810.0,4194670.0,57.0651,4194670.0,7.61923,313.581,313.581,,,,,,,800,gist,SymphonyQG-DiskPort,46,queries/s,5584.62,4.899711608886719,False,32,c0,0,native_integration_optimized_queue,ddb2671e28b68a35ed366acbf8411ddcdf506db63f982842299aea0b9433bd5c,9b46438f0c6472734127bfa9cd1af70b6f2fde91c76fb5ea353f515c3e1c3354
QG_R64_EF400_t3,ef=540,540,,,1,0.99225,6.99423,4429800.0,4664280.0,5900830.0,6249630.0,15625,8192,167161856,333.913,1335.65,5470820.0,4422320.0,4429740.0,58.0164,4429740.0,7.35223,333.913,333.913,,,,,,,800,gist,SymphonyQG-DiskPort,47,queries/s,5900.83,5.217380523681641,False,32,c0,0,native_integration_optimized_queue,ddb2671e28b68a35ed366acbf8411ddcdf506db63f982842299aea0b9433bd5c,9b46438f0c6472734127bfa9cd1af70b6f2fde91c76fb5ea353f515c3e1c3354
QG_R64_EF400_t3,ef=580,580,,,1,0.99325,6.58155,4724030.0,4972490.0,6347010.0,6694180.0,15625,8192,167206912,353.581,1414.33,5793080.0,4715970.0,4723960.0,58.0819,4723960.0,7.29303,353.581,353.581,,,,,,,800,gist,SymphonyQG-DiskPort,48,queries/s,6347.01,5.524711608886719,False,32,c0,0,native_integration_optimized_queue,ddb2671e28b68a35ed366acbf8411ddcdf506db63f982842299aea0b9433bd5c,9b46438f0c6472734127bfa9cd1af70b6f2fde91c76fb5ea353f515c3e1c3354
LVQ4_R64_W400,W=1,1,,,1,0.592625,18.2249,1599350.0,1539470.0,2313680.0,2738390.0,818.461,7952,159662080,949.518,949.518,3889220.0,1585690.0,1599340.0,0.133547,1599340.0,0,16.8612,939.946,,,,,,,800,gist,OG-LVQ-DiskPort,0,queries/s,2313.68,3.7090492248535156,False,32,c0,0,native_integration_optimized_queue,ed35a2d18419a5180b896694d527a0a5d2a53208d174324677c14a9c5efa210e,9b46438f0c6472734127bfa9cd1af70b6f2fde91c76fb5ea353f515c3e1c3354
LVQ4_R64_W400,W=2,2,,,1,0.592625,18.2782,1592860.0,1527670.0,2317010.0,2726190.0,818.461,7952,171941888,949.518,949.518,3889220.0,1578860.0,1592860.0,0.138894,1592860.0,0,16.8612,939.946,,,,,,,800,gist,OG-LVQ-DiskPort,1,queries/s,2317.01,3.7090492248535156,False,32,c0,0,native_integration_optimized_queue,ed35a2d18419a5180b896694d527a0a5d2a53208d174324677c14a9c5efa210e,9b46438f0c6472734127bfa9cd1af70b6f2fde91c76fb5ea353f515c3e1c3354
LVQ4_R64_W400,W=3,3,,,1,0.592625,17.9415,1622680.0,1571560.0,2365250.0,2813200.0,818.461,7952,171941888,949.518,949.518,3889220.0,1609720.0,1622680.0,0.12587,1622680.0,0,16.8612,939.946,,,,,,,800,gist,OG-LVQ-DiskPort,2,queries/s,2365.25,3.7090492248535156,False,32,c0,0,native_integration_optimized_queue,ed35a2d18419a5180b896694d527a0a5d2a53208d174324677c14a9c5efa210e,9b46438f0c6472734127bfa9cd1af70b6f2fde91c76fb5ea353f515c3e1c3354
LVQ4_R64_W400,W=4,4,,,1,0.592625,18.0132,1621410.0,1572080.0,2380400.0,2840740.0,818.461,7952,171962368,949.518,949.518,3889220.0,1608940.0,1621410.0,0.125284,1621410.0,0,16.8612,939.946,,,,,,,800,gist,OG-LVQ-DiskPort,3,queries/s,2380.4,3.7090492248535156,False,32,c0,0,native_integration_optimized_queue,ed35a2d18419a5180b896694d527a0a5d2a53208d174324677c14a9c5efa210e,9b46438f0c6472734127bfa9cd1af70b6f2fde91c76fb5ea353f515c3e1c3354
LVQ4_R64_W400,W=5,5,,,1,0.592625,17.6819,1655270.0,1587300.0,2470350.0,2890450.0,818.461,7952,171962368,949.518,949.518,3889220.0,1642830.0,1655270.0,0.127506,1655270.0,0,16.8612,939.946,,,,,,,800,gist,OG-LVQ-DiskPort,4,queries/s,2470.35,3.7090492248535156,False,32,c0,0,native_integration_optimized_queue,ed35a2d18419a5180b896694d527a0a5d2a53208d174324677c14a9c5efa210e,9b46438f0c6472734127bfa9cd1af70b6f2fde91c76fb5ea353f515c3e1c3354
LVQ4_R64_W400,W=6,6,,,1,0.592625,18.1604,1601890.0,1561090.0,2317350.0,2786480.0,818.461,7952,171962368,949.518,949.518,3889220.0,1589390.0,1601890.0,0.127015,1601890.0,0,16.8612,939.946,,,,,,,800,gist,OG-LVQ-DiskPort,5,queries/s,2317.35,3.7090492248535156,False,32,c0,0,native_integration_optimized_queue,ed35a2d18419a5180b896694d527a0a5d2a53208d174324677c14a9c5efa210e,9b46438f0c6472734127bfa9cd1af70b6f2fde91c76fb5ea353f515c3e1c3354
LVQ4_R64_W400,W=7,7,,,1,0.592625,17.5814,1664670.0,1593290.0,2530750.0,3147960.0,818.461,7952,171962368,949.518,949.518,3889220.0,1652190.0,1664670.0,0.131316,1664670.0,0,16.8612,939.946,,,,,,,800,gist,OG-LVQ-DiskPort,6,queries/s,2530.75,3.7090492248535156,False,32,c0,0,native_integration_optimized_queue,ed35a2d18419a5180b896694d527a0a5d2a53208d174324677c14a9c5efa210e,9b46438f0c6472734127bfa9cd1af70b6f2fde91c76fb5ea353f515c3e1c3354
LVQ4_R64_W400,W=8,8,,,1,0.592625,18.2715,1592210.0,1546880.0,2314000.0,2690430.0,818.461,7952,171962368,949.518,949.518,3889220.0,1579490.0,1592210.0,0.127797,1592210.0,0,16.8612,939.946,,,,,,,800,gist,OG-LVQ-DiskPort,7,queries/s,2314.0,3.7090492248535156,False,32,c0,0,native_integration_optimized_queue,ed35a2d18419a5180b896694d527a0a5d2a53208d174324677c14a9c5efa210e,9b46438f0c6472734127bfa9cd1af70b6f2fde91c76fb5ea353f515c3e1c3354
LVQ4_R64_W400,W=9,9,,,1,0.592625,18.3621,1579980.0,1537750.0,2259930.0,2615350.0,818.461,7952,171962368,949.518,949.518,3889220.0,1567530.0,1579980.0,0.126676,1579980.0,0,16.8612,939.946,,,,,,,800,gist,OG-LVQ-DiskPort,8,queries/s,2259.93,3.7090492248535156,False,32,c0,0,native_integration_optimized_queue,ed35a2d18419a5180b896694d527a0a5d2a53208d174324677c14a9c5efa210e,9b46438f0c6472734127bfa9cd1af70b6f2fde91c76fb5ea353f515c3e1c3354
LVQ4_R64_W400,W=10,10,,,1,0.592625,18.0799,1599450.0,1552820.0,2345310.0,2690740.0,818.461,7952,171962368,949.518,949.518,3889220.0,1586830.0,1599450.0,0.126536,1599450.0,0,16.8612,939.946,,,,,,,800,gist,OG-LVQ-DiskPort,9,queries/s,2345.31,3.7090492248535156,False,32,c0,0,native_integration_optimized_queue,ed35a2d18419a5180b896694d527a0a5d2a53208d174324677c14a9c5efa210e,9b46438f0c6472734127bfa9cd1af70b6f2fde91c76fb5ea353f515c3e1c3354
LVQ4_R64_W400,W=11,11,,,1,0.611375,16.932,1721430.0,1669160.0,2497610.0,2992970.0,818.461,7952,171962368,999.205,999.205,4092740.0,1708310.0,1721430.0,0.128209,1721430.0,0,17.8337,989.465,,,,,,,800,gist,OG-LVQ-DiskPort,10,queries/s,2497.61,3.9031410217285156,False,32,c0,0,native_integration_optimized_queue,ed35a2d18419a5180b896694d527a0a5d2a53208d174324677c14a9c5efa210e,9b46438f0c6472734127bfa9cd1af70b6f2fde91c76fb5ea353f515c3e1c3354
LVQ4_R64_W400,W=12,12,,,1,0.628375,16.4204,1786500.0,1744490.0,2573890.0,2900110.0,818.461,7952,171962368,1049.89,1049.89,4300340.0,1772730.0,1786500.0,0.137251,1786500.0,0,18.83,1039.99,,,,,,,800,gist,OG-LVQ-DiskPort,11,queries/s,2573.89,4.101123809814453,False,32,c0,0,native_integration_optimized_queue,ed35a2d18419a5180b896694d527a0a5d2a53208d174324677c14a9c5efa210e,9b46438f0c6472734127bfa9cd1af70b6f2fde91c76fb5ea353f515c3e1c3354
LVQ4_R64_W400,W=13,13,,,1,0.64575,15.5861,1887640.0,1824330.0,2678540.0,3067880.0,818.461,7952,171962368,1100.39,1100.39,4507220.0,1873260.0,1887640.0,0.128712,1887640.0,0,19.825,1090.35,,,,,,,800,gist,OG-LVQ-DiskPort,12,queries/s,2678.54,4.298419952392578,False,32,c0,0,native_integration_optimized_queue,ed35a2d18419a5180b896694d527a0a5d2a53208d174324677c14a9c5efa210e,9b46438f0c6472734127bfa9cd1af70b6f2fde91c76fb5ea353f515c3e1c3354
LVQ4_R64_W400,W=14,14,,,1,0.66125,14.8137,2005080.0,1928700.0,2909290.0,3381910.0,818.461,7952,171962368,1148.54,1148.54,4704430.0,1990140.0,2005080.0,0.129376,2005080.0,0,20.7925,1138.31,,,,,,,800,gist,OG-LVQ-DiskPort,13,queries/s,2909.29,4.486494064331055,False,32,c0,0,native_integration_optimized_queue,ed35a2d18419a5180b896694d527a0a5d2a53208d174324677c14a9c5efa210e,9b46438f0c6472734127bfa9cd1af70b6f2fde91c76fb5ea353f515c3e1c3354
LVQ4_R64_W400,W=15,15,,,1,0.676125,14.3349,2070660.0,2037960.0,2858710.0,3279180.0,818.461,7952,171962368,1199.59,1199.59,4913500.0,2054970.0,2070660.0,0.129819,2070660.0,0,21.8137,1189.17,,,,,,,800,gist,OG-LVQ-DiskPort,14,queries/s,2858.71,4.685878753662109,False,32,c0,0,native_integration_optimized_queue,ed35a2d18419a5180b896694d527a0a5d2a53208d174324677c14a9c5efa210e,9b46438f0c6472734127bfa9cd1af70b6f2fde91c76fb5ea353f515c3e1c3354
LVQ4_R64_W400,W=16,16,,,1,0.690625,13.651,2179960.0,2155470.0,2991110.0,3449420.0,818.461,7952,171962368,1253.39,1253.39,5133900.0,2163420.0,2179960.0,0.127722,2179960.0,0,22.8938,1242.85,,,,,,,800,gist,OG-LVQ-DiskPort,15,queries/s,2991.11,4.896068572998047,False,32,c0,0,native_integration_optimized_queue,ed35a2d18419a5180b896694d527a0a5d2a53208d174324677c14a9c5efa210e,9b46438f0c6472734127bfa9cd1af70b6f2fde91c76fb5ea353f515c3e1c3354
LVQ4_R64_W400,W=17,17,,,1,0.699,13.204,2245980.0,2198060.0,3123010.0,3559100.0,818.461,7952,171962368,1296.5,1296.5,5310460.0,2228830.0,2245980.0,0.129041,2245980.0,0,23.7625,1285.85,,,,,,,800,gist,OG-LVQ-DiskPort,16,queries/s,3123.01,5.064449310302734,False,32,c0,0,native_integration_optimized_queue,ed35a2d18419a5180b896694d527a0a5d2a53208d174324677c14a9c5efa210e,9b46438f0c6472734127bfa9cd1af70b6f2fde91c76fb5ea353f515c3e1c3354
LVQ4_R64_W400,W=18,18,,,1,0.71025,12.4727,2404370.0,2352330.0,3242220.0,3905420.0,818.461,7952,171962368,1347.26,1347.26,5518390.0,2386560.0,2404370.0,0.129025,2404370.0,0,24.7825,1336.51,,,,,,,800,gist,OG-LVQ-DiskPort,17,queries/s,3242.22,5.262746810913086,False,32,c0,0,native_integration_optimized_queue,ed35a2d18419a5180b896694d527a0a5d2a53208d174324677c14a9c5efa210e,9b46438f0c6472734127bfa9cd1af70b6f2fde91c76fb5ea353f515c3e1c3354
LVQ4_R64_W400,W=19,19,,,1,0.719875,12.3694,2421900.0,2383000.0,3281030.0,3890600.0,818.461,7952,171962368,1392.74,1392.74,5704680.0,2403480.0,2421900.0,0.126635,2421900.0,0,25.7162,1381.86,,,,,,,800,gist,OG-LVQ-DiskPort,18,queries/s,3281.03,5.440406799316406,False,32,c0,0,native_integration_optimized_queue,ed35a2d18419a5180b896694d527a0a5d2a53208d174324677c14a9c5efa210e,9b46438f0c6472734127bfa9cd1af70b6f2fde91c76fb5ea353f515c3e1c3354
LVQ4_R64_W400,W=20,20,,,1,0.727,11.6666,2570900.0,2525450.0,3528450.0,3905050.0,818.461,7952,177852416,1436.91,1436.91,5885580.0,2552030.0,2570900.0,0.131015,2570900.0,0,26.6225,1425.9,,,,,,,800,gist,OG-LVQ-DiskPort,19,queries/s,3528.45,5.612926483154297,False,32,c0,0,native_integration_optimized_queue,ed35a2d18419a5180b896694d527a0a5d2a53208d174324677c14a9c5efa210e,9b46438f0c6472734127bfa9cd1af70b6f2fde91c76fb5ea353f515c3e1c3354
LVQ4_R64_W400,W=21,21,,,1,0.73625,11.4548,2625680.0,2612290.0,3495240.0,3939540.0,818.461,7952,177852416,1482.98,1482.98,6074310.0,2606280.0,2625680.0,0.130045,2625680.0,0,27.5862,1471.84,,,,,,,800,gist,OG-LVQ-DiskPort,20,queries/s,3495.24,5.792913436889648,False,32,c0,0,native_integration_optimized_queue,ed35a2d18419a5180b896694d527a0a5d2a53208d174324677c14a9c5efa210e,9b46438f0c6472734127bfa9cd1af70b6f2fde91c76fb5ea353f515c3e1c3354
LVQ4_R64_W400,W=22,22,,,1,0.742625,11.134,2708950.0,2670890.0,3578650.0,4006140.0,818.461,7952,177852416,1525.03,1525.03,6246500.0,2688990.0,2708950.0,0.130945,2708950.0,0,28.4688,1513.79,,,,,,,800,gist,OG-LVQ-DiskPort,21,queries/s,3578.65,5.957126617431641,False,32,c0,0,native_integration_optimized_queue,ed35a2d18419a5180b896694d527a0a5d2a53208d174324677c14a9c5efa210e,9b46438f0c6472734127bfa9cd1af70b6f2fde91c76fb5ea353f515c3e1c3354
LVQ4_R64_W400,W=23,23,,,1,0.750625,10.8003,2785660.0,2719410.0,3749480.0,4264940.0,818.461,7952,177852416,1572.01,1572.01,6438960.0,2765150.0,2785660.0,0.13257,2785660.0,0,29.455,1560.63,,,,,,,800,gist,OG-LVQ-DiskPort,22,queries/s,3749.48,6.1406707763671875,False,32,c0,0,native_integration_optimized_queue,ed35a2d18419a5180b896694d527a0a5d2a53208d174324677c14a9c5efa210e,9b46438f0c6472734127bfa9cd1af70b6f2fde91c76fb5ea353f515c3e1c3354
LVQ4_R64_W400,W=24,24,,,1,0.754875,10.5153,2872390.0,2858570.0,3780350.0,4182150.0,818.461,7952,177852416,1614.57,1614.57,6613260.0,2851370.0,2872390.0,0.192266,2872390.0,0,30.3513,1603.01,,,,,,,800,gist,OG-LVQ-DiskPort,23,queries/s,3780.35,6.306896209716797,False,32,c0,0,native_integration_optimized_queue,ed35a2d18419a5180b896694d527a0a5d2a53208d174324677c14a9c5efa210e,9b46438f0c6472734127bfa9cd1af70b6f2fde91c76fb5ea353f515c3e1c3354
LVQ4_R64_W400,W=25,25,,,1,0.760625,10.287,2940630.0,2902430.0,3910070.0,4396590.0,818.461,7952,177852416,1659.25,1659.25,6796300.0,2918930.0,2940630.0,0.130051,2940630.0,0,31.295,1647.46,,,,,,,800,gist,OG-LVQ-DiskPort,24,queries/s,3910.07,6.481456756591797,False,32,c0,0,native_integration_optimized_queue,ed35a2d18419a5180b896694d527a0a5d2a53208d174324677c14a9c5efa210e,9b46438f0c6472734127bfa9cd1af70b6f2fde91c76fb5ea353f515c3e1c3354
LVQ4_R64_W400,W=26,26,,,1,0.767125,9.94086,3054500.0,3016230.0,4031960.0,4473380.0,818.461,7952,177852416,1704.13,1704.13,6980130.0,3032170.0,3054500.0,0.133107,3054500.0,0,32.245,1692.14,,,,,,,800,gist,OG-LVQ-DiskPort,25,queries/s,4031.96,6.656770706176758,False,32,c0,0,native_integration_optimized_queue,ed35a2d18419a5180b896694d527a0a5d2a53208d174324677c14a9c5efa210e,9b46438f0c6472734127bfa9cd1af70b6f2fde91c76fb5ea353f515c3e1c3354
LVQ4_R64_W400,W=27,27,,,1,0.77375,9.54336,3175810.0,3147530.0,4137430.0,4741800.0,818.461,7952,177852416,1751.27,1751.27,7173210.0,3152820.0,3175810.0,0.133487,3175810.0,0,33.2425,1739.06,,,,,,,800,gist,OG-LVQ-DiskPort,26,queries/s,4137.43,6.840906143188477,False,32,c0,0,native_integration_optimized_queue,ed35a2d18419a5180b896694d527a0a5d2a53208d174324677c14a9c5efa210e,9b46438f0c6472734127bfa9cd1af70b6f2fde91c76fb5ea353f515c3e1c3354
LVQ4_R64_W400,W=28,28,,,1,0.778625,9.31099,3263750.0,3221170.0,4282380.0,4657280.0,818.461,7952,177852416,1791.62,1791.62,7338460.0,3240080.0,3263750.0,0.133639,3263750.0,0,34.12,1779.19,,,,,,,800,gist,OG-LVQ-DiskPort,27,queries/s,4282.38,6.998500823974609,False,32,c0,0,native_integration_optimized_queue,ed35a2d18419a5180b896694d527a0a5d2a53208d174324677c14a9c5efa210e,9b46438f0c6472734127bfa9cd1af70b6f2fde91c76fb5ea353f515c3e1c3354
LVQ4_R64_W400,W=29,29,,,1,0.78425,9.11245,3332480.0,3287980.0,4325800.0,4900270.0,818.461,7952,177852416,1836.86,1836.86,7523780.0,3308550.0,3332480.0,0.130621,3332480.0,0,35.0988,1824.25,,,,,,,800,gist,OG-LVQ-DiskPort,28,queries/s,4325.8,7.175235748291016,False,32,c0,0,native_integration_optimized_queue,ed35a2d18419a5180b896694d527a0a5d2a53208d174324677c14a9c5efa210e,9b46438f0c6472734127bfa9cd1af70b6f2fde91c76fb5ea353f515c3e1c3354
LVQ4_R64_W400,W=30,30,,,1,0.788625,8.79972,3462970.0,3407210.0,4668750.0,5496010.0,818.461,7952,177852416,1878.91,1878.91,7696020.0,3438280.0,3462970.0,0.133317,3462970.0,0,36.0037,1866.02,,,,,,,800,gist,OG-LVQ-DiskPort,29,queries/s,4668.75,7.339496612548828,False,32,c0,0,native_integration_optimized_queue,ed35a2d18419a5180b896694d527a0a5d2a53208d174324677c14a9c5efa210e,9b46438f0c6472734127bfa9cd1af70b6f2fde91c76fb5ea353f515c3e1c3354
LVQ4_R64_W400,W=40,40,,,1,0.82075,7.2393,4248400.0,4272650.0,5310480.0,5819080.0,818.461,7952,177852416,2313.46,2313.46,9475940.0,4217300.0,4248400.0,0.135533,4248400.0,0,45.5463,2297.9,,,,,,,800,gist,OG-LVQ-DiskPort,30,queries/s,5310.48,9.03696060180664,False,32,c0,0,native_integration_optimized_queue,ed35a2d18419a5180b896694d527a0a5d2a53208d174324677c14a9c5efa210e,9b46438f0c6472734127bfa9cd1af70b6f2fde91c76fb5ea353f515c3e1c3354
LVQ4_R64_W400,W=50,50,,,1,0.83925,6.10669,5038530.0,5097670.0,6258890.0,6751890.0,818.461,7952,177852416,2737.38,2737.38,11212300.0,5001110.0,5038530.0,0.133009,5038530.0,0,55.13,2718.58,,,,,,,800,gist,OG-LVQ-DiskPort,31,queries/s,6258.89,10.692882537841797,False,32,c0,0,native_integration_optimized_queue,ed35a2d18419a5180b896694d527a0a5d2a53208d174324677c14a9c5efa210e,9b46438f0c6472734127bfa9cd1af70b6f2fde91c76fb5ea353f515c3e1c3354
LVQ4_R64_W400,W=60,60,,,1,0.855375,5.29788,5840270.0,5906230.0,7093400.0,7574850.0,818.461,7952,178057216,3156.66,3156.66,12929700.0,5796830.0,5840270.0,0.134296,5840270.0,0,64.795,3134.28,,,,,,,800,gist,OG-LVQ-DiskPort,32,queries/s,7093.4,12.33072280883789,False,32,c0,0,native_integration_optimized_queue,ed35a2d18419a5180b896694d527a0a5d2a53208d174324677c14a9c5efa210e,9b46438f0c6472734127bfa9cd1af70b6f2fde91c76fb5ea353f515c3e1c3354
LVQ4_R64_W400,W=70,70,,,1,0.866,4.6042,6728890.0,6884910.0,8239960.0,8711840.0,818.461,7952,178094080,3572.76,3572.76,14634000.0,6678390.0,6728890.0,0.134895,6728890.0,0,74.6338,3546.47,,,,,,,800,gist,OG-LVQ-DiskPort,33,queries/s,8239.96,13.956069946289062,False,32,c0,0,native_integration_optimized_queue,ed35a2d18419a5180b896694d527a0a5d2a53208d174324677c14a9c5efa210e,9b46438f0c6472734127bfa9cd1af70b6f2fde91c76fb5ea353f515c3e1c3354
LVQ4_R64_W400,W=80,80,,,1,0.875375,4.12099,7539820.0,7755280.0,9139280.0,9656050.0,818.461,7952,178094080,3978.43,3978.43,16295600.0,7481990.0,7539820.0,0.132402,7539820.0,0,84.4087,3947.87,,,,,,,800,gist,OG-LVQ-DiskPort,34,queries/s,9139.28,15.540695190429688,False,32,c0,0,native_integration_optimized_queue,ed35a2d18419a5180b896694d527a0a5d2a53208d174324677c14a9c5efa210e,9b46438f0c6472734127bfa9cd1af70b6f2fde91c76fb5ea353f515c3e1c3354
LVQ4_R64_W400,W=90,90,,,1,0.88025,3.76039,8270270.0,8492570.0,9902950.0,10566000.0,818.461,7952,178241536,4376.63,4376.63,17926700.0,8205510.0,8270270.0,0.133977,8270270.0,0,94.205,4341.56,,,,,,,800,gist,OG-LVQ-DiskPort,35,queries/s,9902.95,17.096233367919922,False,32,c0,0,native_integration_optimized_queue,ed35a2d18419a5180b896694d527a0a5d2a53208d174324677c14a9c5efa210e,9b46438f0c6472734127bfa9cd1af70b6f2fde91c76fb5ea353f515c3e1c3354
LVQ4_R64_W400,W=100,100,,,1,0.885,3.44039,9041750.0,9285860.0,10873300.0,11313900.0,818.461,7952,178802688,4773.16,4773.16,19550900.0,8968500.0,9041750.0,0.134339,9041750.0,0,104.112,4733.36,,,,,,,800,gist,OG-LVQ-DiskPort,36,queries/s,10873.3,18.645191192626953,False,32,c0,0,native_integration_optimized_queue,ed35a2d18419a5180b896694d527a0a5d2a53208d174324677c14a9c5efa210e,9b46438f0c6472734127bfa9cd1af70b6f2fde91c76fb5ea353f515c3e1c3354
LVQ4_R64_W400,W=140,140,,,1,0.895375,2.59165,12071800.0,12479900.0,14476200.0,15168400.0,818.461,7952,179322880,6294.4,6294.4,25781900.0,11969200.0,12071800.0,0.138168,12071800.0,0,143.781,6233.71,,,,,,,800,gist,OG-LVQ-DiskPort,37,queries/s,14476.2,24.587535858154297,False,32,c0,0,native_integration_optimized_queue,ed35a2d18419a5180b896694d527a0a5d2a53208d174324677c14a9c5efa210e,9b46438f0c6472734127bfa9cd1af70b6f2fde91c76fb5ea353f515c3e1c3354
LVQ4_R64_W400,W=180,180,,,1,0.90025,2.07944,15077100.0,15598500.0,18190900.0,18826800.0,818.461,7952,183078912,7740.54,7740.54,31705300.0,14935500.0,15077100.0,0.138014,15077100.0,0,183.574,7657.12,,,,,,,800,gist,OG-LVQ-DiskPort,38,queries/s,18190.9,30.236530303955078,False,32,c0,0,native_integration_optimized_queue,ed35a2d18419a5180b896694d527a0a5d2a53208d174324677c14a9c5efa210e,9b46438f0c6472734127bfa9cd1af70b6f2fde91c76fb5ea353f515c3e1c3354
LVQ4_R64_W400,W=220,220,,,1,0.901875,1.74834,17950500.0,18601100.0,21622000.0,22415400.0,818.461,7952,183246848,9122.5,9122.5,37365700.0,17771600.0,17950500.0,0.136321,17950500.0,0,223.39,9014.81,,,,,,,800,gist,OG-LVQ-DiskPort,39,queries/s,21622.0,35.634708404541016,False,32,c0,0,native_integration_optimized_queue,ed35a2d18419a5180b896694d527a0a5d2a53208d174324677c14a9c5efa210e,9b46438f0c6472734127bfa9cd1af70b6f2fde91c76fb5ea353f515c3e1c3354
LVQ4_R64_W400,W=260,260,,,1,0.903375,1.51714,20692800.0,21664900.0,24901300.0,25840900.0,818.461,7952,183496704,10455.7,10455.7,42826700.0,20472500.0,20692800.0,0.138611,20692800.0,0,263.294,10322.6,,,,,,,800,gist,OG-LVQ-DiskPort,40,queries/s,24901.3,40.84272384643555,False,32,c0,0,native_integration_optimized_queue,ed35a2d18419a5180b896694d527a0a5d2a53208d174324677c14a9c5efa210e,9b46438f0c6472734127bfa9cd1af70b6f2fde91c76fb5ea353f515c3e1c3354
LVQ4_R64_W400,W=300,300,,,1,0.903625,1.35331,23216900.0,24156900.0,28094000.0,28972400.0,818.461,7952,183496704,11738.8,11738.8,48082300.0,22939900.0,23216900.0,0.138336,23216900.0,0,303.185,11579.5,,,,,,,800,gist,OG-LVQ-DiskPort,41,queries/s,28094.0,45.854854583740234,False,32,c0,0,native_integration_optimized_queue,ed35a2d18419a5180b896694d527a0a5d2a53208d174324677c14a9c5efa210e,9b46438f0c6472734127bfa9cd1af70b6f2fde91c76fb5ea353f515c3e1c3354
LVQ4_R64_W400,W=340,340,,,1,0.904625,1.21977,25783100.0,26864300.0,30950400.0,32178100.0,818.461,7952,183496704,12980.7,12980.7,53168900.0,25455700.0,25783100.0,0.140579,25783100.0,0,343.085,12794.5,,,,,,,800,gist,OG-LVQ-DiskPort,42,queries/s,30950.4,50.705814361572266,False,32,c0,0,native_integration_optimized_queue,ed35a2d18419a5180b896694d527a0a5d2a53208d174324677c14a9c5efa210e,9b46438f0c6472734127bfa9cd1af70b6f2fde91c76fb5ea353f515c3e1c3354
LVQ4_R64_W400,W=380,380,,,1,0.90475,1.10211,28507700.0,29753600.0,34500800.0,35949700.0,818.461,7952,183496704,14188,14188,58113800.0,28126000.0,28507700.0,0.15152,28507700.0,0,383.022,13974.4,,,,,,,800,gist,OG-LVQ-DiskPort,43,queries/s,34500.8,55.42163848876953,False,32,c0,0,native_integration_optimized_queue,ed35a2d18419a5180b896694d527a0a5d2a53208d174324677c14a9c5efa210e,9b46438f0c6472734127bfa9cd1af70b6f2fde91c76fb5ea353f515c3e1c3354
LVQ4_R64_W400,W=420,420,,,1,0.905125,1.01578,30955500.0,32296500.0,37332100.0,38562400.0,818.461,7952,183517184,15362.1,15362.1,62923200.0,30520200.0,30955500.0,0.136868,30955500.0,0,422.921,15120.4,,,,,,,800,gist,OG-LVQ-DiskPort,44,queries/s,37332.1,60.00823974609375,False,32,c0,0,native_integration_optimized_queue,ed35a2d18419a5180b896694d527a0a5d2a53208d174324677c14a9c5efa210e,9b46438f0c6472734127bfa9cd1af70b6f2fde91c76fb5ea353f515c3e1c3354
LVQ4_R64_W400,W=460,460,,,1,0.90525,0.944371,33308600.0,34831400.0,40351700.0,41721200.0,818.461,7952,183517184,16512.2,16512.2,67634100.0,32817500.0,33308600.0,0.143256,33308600.0,0,462.87,16242,,,,,,,800,gist,OG-LVQ-DiskPort,45,queries/s,40351.7,64.50090408325195,False,32,c0,0,native_integration_optimized_queue,ed35a2d18419a5180b896694d527a0a5d2a53208d174324677c14a9c5efa210e,9b46438f0c6472734127bfa9cd1af70b6f2fde91c76fb5ea353f515c3e1c3354
LVQ4_R64_W400,W=500,500,,,1,0.905375,0.883521,35629500.0,36947200.0,43191000.0,44778400.0,818.461,7952,183517184,17632.1,17632.1,72221000.0,35081000.0,35629500.0,0.143067,35629500.0,0,502.821,17333,,,,,,,800,gist,OG-LVQ-DiskPort,46,queries/s,43191.0,68.87531280517578,False,32,c0,0,native_integration_optimized_queue,ed35a2d18419a5180b896694d527a0a5d2a53208d174324677c14a9c5efa210e,9b46438f0c6472734127bfa9cd1af70b6f2fde91c76fb5ea353f515c3e1c3354
LVQ4_R64_W400,W=540,540,,,1,0.9055,0.824406,38198600.0,39756400.0,46448200.0,48026400.0,818.461,7952,187461632,18729.7,18729.7,76716800.0,37596300.0,38198600.0,0.145619,38198600.0,0,542.771,18401.2,,,,,,,800,gist,OG-LVQ-DiskPort,47,queries/s,46448.2,73.162841796875,False,32,c0,0,native_integration_optimized_queue,ed35a2d18419a5180b896694d527a0a5d2a53208d174324677c14a9c5efa210e,9b46438f0c6472734127bfa9cd1af70b6f2fde91c76fb5ea353f515c3e1c3354
LVQ4_R64_W400,W=580,580,,,1,0.905625,0.779742,40329500.0,42136500.0,49027400.0,51266400.0,818.461,7952,187625472,19806.6,19806.6,81128000.0,39655000.0,40329500.0,0.137875,40329500.0,0,582.732,19448.2,,,,,,,800,gist,OG-LVQ-DiskPort,48,queries/s,49027.4,77.36968994140625,False,32,c0,0,native_integration_optimized_queue,ed35a2d18419a5180b896694d527a0a5d2a53208d174324677c14a9c5efa210e,9b46438f0c6472734127bfa9cd1af70b6f2fde91c76fb5ea353f515c3e1c3354
NSG_R64_L400_SQ4U,ef=1,1,,,1,0.48725,34.276,777267,751751.386,1181117.66,1327372.41,732.422,4012,156405760,796.236,796.236,3261380.0,770500,777215,37.203,777215,13.9436,17.1112,786.944,,,,,,,800,gist,Glass-NSG-DiskPort,0,queries/s,1181.11766,3.1102943420410156,False,32,c0,0,native_integration_optimized_queue,e54d7e12690e4a98b0bf1c808ae0325def3d8f3e2195c9d03592d7c3d49af824,9b46438f0c6472734127bfa9cd1af70b6f2fde91c76fb5ea353f515c3e1c3354
NSG_R64_L400_SQ4U,ef=2,2,,,1,0.48725,34.1064,785656,756320.683,1227668.29,1509402.02,732.422,4012,170725376,796.236,796.236,3261380.0,778031,785574,66.6949,785574,15.7026,17.1112,786.944,,,,,,,800,gist,Glass-NSG-DiskPort,1,queries/s,1227.66829,3.1102943420410156,False,32,c0,0,native_integration_optimized_queue,e54d7e12690e4a98b0bf1c808ae0325def3d8f3e2195c9d03592d7c3d49af824,9b46438f0c6472734127bfa9cd1af70b6f2fde91c76fb5ea353f515c3e1c3354
NSG_R64_L400_SQ4U,ef=3,3,,,1,0.48725,34.1008,785422,761682.39,1191288.12,1438166.64,732.422,4012,170725376,796.236,796.236,3261380.0,778248,785358,48.7932,785358,15.6469,17.1112,786.944,,,,,,,800,gist,Glass-NSG-DiskPort,2,queries/s,1191.2881200000002,3.1102943420410156,False,32,c0,0,native_integration_optimized_queue,e54d7e12690e4a98b0bf1c808ae0325def3d8f3e2195c9d03592d7c3d49af824,9b46438f0c6472734127bfa9cd1af70b6f2fde91c76fb5ea353f515c3e1c3354
NSG_R64_L400_SQ4U,ef=4,4,,,1,0.48725,34.0022,787293,771198.159,1160918.35,1407094.43,732.422,4012,171053056,796.236,796.236,3261380.0,780088,787229,49.9461,787229,14.769,17.1112,786.944,,,,,,,800,gist,Glass-NSG-DiskPort,3,queries/s,1160.9183500000001,3.1102943420410156,False,32,c0,0,native_integration_optimized_queue,e54d7e12690e4a98b0bf1c808ae0325def3d8f3e2195c9d03592d7c3d49af824,9b46438f0c6472734127bfa9cd1af70b6f2fde91c76fb5ea353f515c3e1c3354
NSG_R64_L400_SQ4U,ef=5,5,,,1,0.48725,35.1248,755437,728534.941,1155236.77,1345844.45,732.422,4012,171053056,796.236,796.236,3261380.0,748246,755371,49.1865,755371,16.9134,17.1112,786.944,,,,,,,800,gist,Glass-NSG-DiskPort,4,queries/s,1155.23677,3.1102943420410156,False,32,c0,0,native_integration_optimized_queue,e54d7e12690e4a98b0bf1c808ae0325def3d8f3e2195c9d03592d7c3d49af824,9b46438f0c6472734127bfa9cd1af70b6f2fde91c76fb5ea353f515c3e1c3354
NSG_R64_L400_SQ4U,ef=6,6,,,1,0.48725,34.6262,769767,755997.823,1135150.04,1354327.09,732.422,4012,171053056,796.236,796.236,3261380.0,762620,769706,46.9614,769706,14.6012,17.1112,786.944,,,,,,,800,gist,Glass-NSG-DiskPort,5,queries/s,1135.15004,3.1102943420410156,False,32,c0,0,native_integration_optimized_queue,e54d7e12690e4a98b0bf1c808ae0325def3d8f3e2195c9d03592d7c3d49af824,9b46438f0c6472734127bfa9cd1af70b6f2fde91c76fb5ea353f515c3e1c3354
NSG_R64_L400_SQ4U,ef=7,7,,,1,0.48725,34.1414,780894,749470.418,1184585.22,1378817.14,732.422,4012,171053056,796.236,796.236,3261380.0,774078,780841,38.7378,780841,14.0664,17.1112,786.944,,,,,,,800,gist,Glass-NSG-DiskPort,6,queries/s,1184.58522,3.1102943420410156,False,32,c0,0,native_integration_optimized_queue,e54d7e12690e4a98b0bf1c808ae0325def3d8f3e2195c9d03592d7c3d49af824,9b46438f0c6472734127bfa9cd1af70b6f2fde91c76fb5ea353f515c3e1c3354
NSG_R64_L400_SQ4U,ef=8,8,,,1,0.48725,35.168,750776,722701.089,1131404.24,1342522.41,732.422,4012,171053056,796.236,796.236,3261380.0,743683,750713,47.295,750713,15.4785,17.1112,786.944,,,,,,,800,gist,Glass-NSG-DiskPort,7,queries/s,1131.40424,3.1102943420410156,False,32,c0,0,native_integration_optimized_queue,e54d7e12690e4a98b0bf1c808ae0325def3d8f3e2195c9d03592d7c3d49af824,9b46438f0c6472734127bfa9cd1af70b6f2fde91c76fb5ea353f515c3e1c3354
NSG_R64_L400_SQ4U,ef=9,9,,,1,0.48725,33.9387,790294,767051.492,1197498.32,1428447.43,732.422,4012,171053056,796.236,796.236,3261380.0,783456,790239,39.8563,790239,15.6385,17.1112,786.944,,,,,,,800,gist,Glass-NSG-DiskPort,8,queries/s,1197.4983200000001,3.1102943420410156,False,32,c0,0,native_integration_optimized_queue,e54d7e12690e4a98b0bf1c808ae0325def3d8f3e2195c9d03592d7c3d49af824,9b46438f0c6472734127bfa9cd1af70b6f2fde91c76fb5ea353f515c3e1c3354
NSG_R64_L400_SQ4U,ef=10,10,,,1,0.48725,34.2056,781852,762285.051,1166859.5,1372510.64,732.422,4012,171053056,796.236,796.236,3261380.0,774972,781800,36.4087,781800,15.4188,17.1112,786.944,,,,,,,800,gist,Glass-NSG-DiskPort,9,queries/s,1166.8595,3.1102943420410156,False,32,c0,0,native_integration_optimized_queue,e54d7e12690e4a98b0bf1c808ae0325def3d8f3e2195c9d03592d7c3d49af824,9b46438f0c6472734127bfa9cd1af70b6f2fde91c76fb5ea353f515c3e1c3354
NSG_R64_L400_SQ4U,ef=11,11,,,1,0.504625,32.3835,829307,803226.775,1227108.57,1434930.73,732.422,4012,171053056,836.495,836.495,3426280.0,822092,829243,48.94,829243,15.3844,18.1438,826.939,,,,,,,800,gist,Glass-NSG-DiskPort,10,queries/s,1227.10857,3.2675552368164062,False,32,c0,0,native_integration_optimized_queue,e54d7e12690e4a98b0bf1c808ae0325def3d8f3e2195c9d03592d7c3d49af824,9b46438f0c6472734127bfa9cd1af70b6f2fde91c76fb5ea353f515c3e1c3354
NSG_R64_L400_SQ4U,ef=12,12,,,1,0.519,31.4121,858883,826031.018,1297365.92,1561407.14,732.422,4012,171053056,877.764,877.764,3595320.0,851621,858828,38.4618,858828,15.9559,19.1513,867.884,,,,,,,800,gist,Glass-NSG-DiskPort,11,queries/s,1297.36592,3.4287643432617188,False,32,c0,0,native_integration_optimized_queue,e54d7e12690e4a98b0bf1c808ae0325def3d8f3e2195c9d03592d7c3d49af824,9b46438f0c6472734127bfa9cd1af70b6f2fde91c76fb5ea353f515c3e1c3354
NSG_R64_L400_SQ4U,ef=13,13,,,1,0.5355,30.1614,904008,877186.393,1355866.35,1562232.24,732.422,4012,171053056,919.744,919.744,3767270.0,896528,903955,38.0274,903955,14.6044,20.2213,909.544,,,,,,,800,gist,Glass-NSG-DiskPort,12,queries/s,1355.86635,3.5927486419677734,False,32,c0,0,native_integration_optimized_queue,e54d7e12690e4a98b0bf1c808ae0325def3d8f3e2195c9d03592d7c3d49af824,9b46438f0c6472734127bfa9cd1af70b6f2fde91c76fb5ea353f515c3e1c3354
NSG_R64_L400_SQ4U,ef=14,14,,,1,0.548375,28.1651,976200,950177.411,1408629.55,1732672.35,732.422,4012,171053056,959.155,959.155,3928700.0,968439,976146,37.9432,976146,15.7797,21.2312,948.702,,,,,,,800,gist,Glass-NSG-DiskPort,13,queries/s,1408.62955,3.7467002868652344,False,32,c0,0,native_integration_optimized_queue,e54d7e12690e4a98b0bf1c808ae0325def3d8f3e2195c9d03592d7c3d49af824,9b46438f0c6472734127bfa9cd1af70b6f2fde91c76fb5ea353f515c3e1c3354
NSG_R64_L400_SQ4U,ef=15,15,,,1,0.559375,27.6435,1001610.0,971111.555,1501096.62,1674928.31,732.422,4012,171053056,996.67,996.67,4082360.0,993559,1001560.0,36.5384,1001560.0,13.7347,22.1975,985.976,,,,,,,800,gist,Glass-NSG-DiskPort,14,queries/s,1501.09662,3.8932418823242188,False,32,c0,0,native_integration_optimized_queue,e54d7e12690e4a98b0bf1c808ae0325def3d8f3e2195c9d03592d7c3d49af824,9b46438f0c6472734127bfa9cd1af70b6f2fde91c76fb5ea353f515c3e1c3354
NSG_R64_L400_SQ4U,ef=16,16,,,1,0.570375,26.4445,1052400.0,1019000.82,1496404.93,1771906.51,732.422,4012,171053056,1033.22,1033.22,4232060.0,1043870.0,1052340.0,46.7755,1052340.0,16.6321,23.175,1022.22,,,,,,,800,gist,Glass-NSG-DiskPort,15,queries/s,1496.40493,4.036006927490234,False,32,c0,0,native_integration_optimized_queue,e54d7e12690e4a98b0bf1c808ae0325def3d8f3e2195c9d03592d7c3d49af824,9b46438f0c6472734127bfa9cd1af70b6f2fde91c76fb5ea353f515c3e1c3354
NSG_R64_L400_SQ4U,ef=17,17,,,1,0.581125,25.1573,1112170.0,1087307.28,1617498.62,1970163.51,732.422,4012,171053056,1070.94,1070.94,4386560.0,1103790.0,1112120.0,40.3957,1112120.0,15.1061,24.1837,1059.66,,,,,,,800,gist,Glass-NSG-DiskPort,16,queries/s,1617.49862,4.183349609375,False,32,c0,0,native_integration_optimized_queue,e54d7e12690e4a98b0bf1c808ae0325def3d8f3e2195c9d03592d7c3d49af824,9b46438f0c6472734127bfa9cd1af70b6f2fde91c76fb5ea353f515c3e1c3354
NSG_R64_L400_SQ4U,ef=18,18,,,1,0.590375,24.7342,1132250.0,1115568.05,1597196.5,1849523.62,732.422,4012,171053056,1107.47,1107.47,4536200.0,1123420.0,1132190.0,36.5169,1132190.0,16.0897,25.1425,1096.01,,,,,,,800,gist,Glass-NSG-DiskPort,17,queries/s,1597.1965,4.326057434082031,False,32,c0,0,native_integration_optimized_queue,e54d7e12690e4a98b0bf1c808ae0325def3d8f3e2195c9d03592d7c3d49af824,9b46438f0c6472734127bfa9cd1af70b6f2fde91c76fb5ea353f515c3e1c3354
NSG_R64_L400_SQ4U,ef=19,19,,,1,0.597125,23.8096,1184810.0,1146996.58,1721270,1971642.1,732.422,4012,171053056,1141.61,1141.61,4676010.0,1175560.0,1184750.0,42.3172,1184750.0,16.8197,26.0587,1129.88,,,,,,,800,gist,Glass-NSG-DiskPort,18,queries/s,1721.27,4.459390640258789,False,32,c0,0,native_integration_optimized_queue,e54d7e12690e4a98b0bf1c808ae0325def3d8f3e2195c9d03592d7c3d49af824,9b46438f0c6472734127bfa9cd1af70b6f2fde91c76fb5ea353f515c3e1c3354
NSG_R64_L400_SQ4U,ef=20,20,,,1,0.60425,23.1428,1227360.0,1191120.99,1769619.3,2020598.4,732.422,4012,171053056,1179.15,1179.15,4829780.0,1217940.0,1227300.0,39.3157,1227300.0,13.9047,27.0475,1167.2,,,,,,,800,gist,Glass-NSG-DiskPort,19,queries/s,1769.6193,4.606037139892578,False,32,c0,0,native_integration_optimized_queue,e54d7e12690e4a98b0bf1c808ae0325def3d8f3e2195c9d03592d7c3d49af824,9b46438f0c6472734127bfa9cd1af70b6f2fde91c76fb5ea353f515c3e1c3354
NSG_R64_L400_SQ4U,ef=21,21,,,1,0.611375,22.604,1255600.0,1250436.94,1772235.89,2071429.16,732.422,4012,171053056,1214.96,1214.96,4976470.0,1245710.0,1255540.0,38.54,1255540.0,19.8195,27.995,1202.78,,,,,,,800,gist,Glass-NSG-DiskPort,20,queries/s,1772.23589,4.745931625366211,False,32,c0,0,native_integration_optimized_queue,e54d7e12690e4a98b0bf1c808ae0325def3d8f3e2195c9d03592d7c3d49af824,9b46438f0c6472734127bfa9cd1af70b6f2fde91c76fb5ea353f515c3e1c3354
NSG_R64_L400_SQ4U,ef=22,22,,,1,0.6185,21.3493,1334330.0,1297562.19,1938950.96,2309990.21,732.422,4012,171053056,1252.63,1252.63,5130770.0,1324270.0,1334270.0,38.8995,1334270.0,12.9829,29.0063,1240.25,,,,,,,800,gist,Glass-NSG-DiskPort,21,queries/s,1938.95096,4.893083572387695,False,32,c0,0,native_integration_optimized_queue,e54d7e12690e4a98b0bf1c808ae0325def3d8f3e2195c9d03592d7c3d49af824,9b46438f0c6472734127bfa9cd1af70b6f2fde91c76fb5ea353f515c3e1c3354
NSG_R64_L400_SQ4U,ef=23,23,,,1,0.62525,20.8638,1372860.0,1344212.44,1924882.87,2275559.03,732.422,4012,171053056,1286.98,1286.98,5271490.0,1362620.0,1372800.0,44.405,1372800.0,15.9862,29.9488,1274.38,,,,,,,800,gist,Glass-NSG-DiskPort,22,queries/s,1924.8828700000001,5.027284622192383,False,32,c0,0,native_integration_optimized_queue,e54d7e12690e4a98b0bf1c808ae0325def3d8f3e2195c9d03592d7c3d49af824,9b46438f0c6472734127bfa9cd1af70b6f2fde91c76fb5ea353f515c3e1c3354
NSG_R64_L400_SQ4U,ef=24,24,,,1,0.633125,19.7766,1448240.0,1434004.62,2008508.44,2307466.68,732.422,4012,172752896,1326.21,1326.21,5432160.0,1438680.0,1448180.0,44.3597,1448180.0,12.6172,30.995,1313.4,,,,,,,800,gist,Glass-NSG-DiskPort,23,queries/s,2008.5084399999998,5.180511474609375,False,32,c0,0,native_integration_optimized_queue,e54d7e12690e4a98b0bf1c808ae0325def3d8f3e2195c9d03592d7c3d49af824,9b46438f0c6472734127bfa9cd1af70b6f2fde91c76fb5ea353f515c3e1c3354
NSG_R64_L400_SQ4U,ef=25,25,,,1,0.63875,19.9442,1436180.0,1428780.02,1965494.24,2388871.38,732.422,4012,172752896,1363.71,1363.71,5585780.0,1426270.0,1436120.0,43.8513,1436120.0,12.8286,31.9737,1350.69,,,,,,,800,gist,Glass-NSG-DiskPort,24,queries/s,1965.49424,5.327014923095703,False,32,c0,0,native_integration_optimized_queue,e54d7e12690e4a98b0bf1c808ae0325def3d8f3e2195c9d03592d7c3d49af824,9b46438f0c6472734127bfa9cd1af70b6f2fde91c76fb5ea353f515c3e1c3354
NSG_R64_L400_SQ4U,ef=26,26,,,1,0.64375,19.4894,1473520.0,1452715.61,2045963.16,2236939.88,732.422,4012,172752896,1393.83,1393.83,5709110.0,1463480.0,1473460.0,44.9178,1473460.0,13.5181,32.8325,1380.62,,,,,,,800,gist,Glass-NSG-DiskPort,25,queries/s,2045.96316,5.444631576538086,False,32,c0,0,native_integration_optimized_queue,e54d7e12690e4a98b0bf1c808ae0325def3d8f3e2195c9d03592d7c3d49af824,9b46438f0c6472734127bfa9cd1af70b6f2fde91c76fb5ea353f515c3e1c3354
NSG_R64_L400_SQ4U,ef=27,27,,,1,0.649125,19.0241,1519740.0,1501747.4,2156747.16,2387313.14,732.422,4012,172752896,1429.04,1429.04,5853360.0,1509300.0,1519690.0,38.9742,1519690.0,12.7717,33.805,1415.64,,,,,,,800,gist,Glass-NSG-DiskPort,26,queries/s,2156.7471600000003,5.5821990966796875,False,32,c0,0,native_integration_optimized_queue,e54d7e12690e4a98b0bf1c808ae0325def3d8f3e2195c9d03592d7c3d49af824,9b46438f0c6472734127bfa9cd1af70b6f2fde91c76fb5ea353f515c3e1c3354
NSG_R64_L400_SQ4U,ef=28,28,,,1,0.653375,18.4553,1571660.0,1571436.99,2128683.74,2480000.4,732.422,4012,172752896,1459.91,1459.91,5979780.0,1560740.0,1571610.0,36.0089,1571610.0,15.6112,34.6675,1446.31,,,,,,,800,gist,Glass-NSG-DiskPort,27,queries/s,2128.6837400000004,5.702762603759766,False,32,c0,0,native_integration_optimized_queue,e54d7e12690e4a98b0bf1c808ae0325def3d8f3e2195c9d03592d7c3d49af824,9b46438f0c6472734127bfa9cd1af70b6f2fde91c76fb5ea353f515c3e1c3354
NSG_R64_L400_SQ4U,ef=29,29,,,1,0.658875,18.205,1585200.0,1574593.61,2179458.69,2474381.53,732.422,4012,172752896,1497.79,1497.79,6134940.0,1573720.0,1585140.0,40.5264,1585140.0,13.3546,35.7313,1483.92,,,,,,,800,gist,Glass-NSG-DiskPort,28,queries/s,2179.45869,5.850734710693359,False,32,c0,0,native_integration_optimized_queue,e54d7e12690e4a98b0bf1c808ae0325def3d8f3e2195c9d03592d7c3d49af824,9b46438f0c6472734127bfa9cd1af70b6f2fde91c76fb5ea353f515c3e1c3354
NSG_R64_L400_SQ4U,ef=30,30,,,1,0.66125,17.3898,1651550.0,1645115.08,2257060.99,2547115.73,732.422,4012,172752896,1529.29,1529.29,6263950.0,1640110.0,1651490.0,41.622,1651490.0,16.9784,36.615,1515.2,,,,,,,800,gist,Glass-NSG-DiskPort,29,queries/s,2257.0609900000004,5.97376823425293,False,32,c0,0,native_integration_optimized_queue,e54d7e12690e4a98b0bf1c808ae0325def3d8f3e2195c9d03592d7c3d49af824,9b46438f0c6472734127bfa9cd1af70b6f2fde91c76fb5ea353f515c3e1c3354
NSG_R64_L400_SQ4U,ef=40,40,,,1,0.696,14.4707,2042330.0,2037749.64,2721598.36,3061013.56,732.422,4012,172752896,1858.88,1858.88,7613970.0,2027970.0,2042280.0,39.4578,2042280.0,16.6776,46.1163,1842.3,,,,,,,800,gist,Glass-NSG-DiskPort,30,queries/s,2721.59836,7.261247634887695,False,32,c0,0,native_integration_optimized_queue,e54d7e12690e4a98b0bf1c808ae0325def3d8f3e2195c9d03592d7c3d49af824,9b46438f0c6472734127bfa9cd1af70b6f2fde91c76fb5ea353f515c3e1c3354
NSG_R64_L400_SQ4U,ef=50,50,,,1,0.71775,12.181,2454720.0,2438359.5,3224749.04,3544462.16,732.422,4012,172752896,2183.95,2183.95,8945460.0,2437520.0,2454670.0,37.943,2454670.0,12.2502,55.6362,2164.35,,,,,,,800,gist,Glass-NSG-DiskPort,31,queries/s,3224.74904,8.531055450439453,False,32,c0,0,native_integration_optimized_queue,e54d7e12690e4a98b0bf1c808ae0325def3d8f3e2195c9d03592d7c3d49af824,9b46438f0c6472734127bfa9cd1af70b6f2fde91c76fb5ea353f515c3e1c3354
NSG_R64_L400_SQ4U,ef=60,60,,,1,0.733125,10.6746,2819600.0,2853321.5,3645893.19,3886564.24,732.422,4012,172752896,2505.87,2505.87,10264100.0,2799920.0,2819550.0,40.1395,2819550.0,12.8359,65.3725,2482.52,,,,,,,800,gist,Glass-NSG-DiskPort,32,queries/s,3645.89319,9.78860855102539,False,32,c0,0,native_integration_optimized_queue,e54d7e12690e4a98b0bf1c808ae0325def3d8f3e2195c9d03592d7c3d49af824,9b46438f0c6472734127bfa9cd1af70b6f2fde91c76fb5ea353f515c3e1c3354
NSG_R64_L400_SQ4U,ef=70,70,,,1,0.742875,9.36506,3239070.0,3260538.2,4140886.14,4509124.23,732.422,4012,172752896,2817.63,2817.63,11541000.0,3217560.0,3239000.0,50.4991,3239000.0,11.6885,74.9625,2790.45,,,,,,,800,gist,Glass-NSG-DiskPort,33,queries/s,4140.8861400000005,11.006355285644531,False,32,c0,0,native_integration_optimized_queue,e54d7e12690e4a98b0bf1c808ae0325def3d8f3e2195c9d03592d7c3d49af824,9b46438f0c6472734127bfa9cd1af70b6f2fde91c76fb5ea353f515c3e1c3354
NSG_R64_L400_SQ4U,ef=80,80,,,1,0.755,8.48465,3595610.0,3625515.69,4572440.18,4912862.67,732.422,4012,173338624,3134.23,3134.23,12837800.0,3570560.0,3595560.0,36.9918,3595560.0,9.85987,84.8037,3102.91,,,,,,,800,gist,Glass-NSG-DiskPort,34,queries/s,4572.44018,12.243080139160156,False,32,c0,0,native_integration_optimized_queue,e54d7e12690e4a98b0bf1c808ae0325def3d8f3e2195c9d03592d7c3d49af824,9b46438f0c6472734127bfa9cd1af70b6f2fde91c76fb5ea353f515c3e1c3354
NSG_R64_L400_SQ4U,ef=90,90,,,1,0.76225,7.64731,3987540.0,4033847.68,5087435.64,5463350.65,732.422,4012,173338624,3441.16,3441.16,14095000.0,3958870.0,3987490.0,42.0978,3987490.0,10.9246,94.5725,3405.49,,,,,,,800,gist,Glass-NSG-DiskPort,35,queries/s,5087.43564,13.442039489746094,False,32,c0,0,native_integration_optimized_queue,e54d7e12690e4a98b0bf1c808ae0325def3d8f3e2195c9d03592d7c3d49af824,9b46438f0c6472734127bfa9cd1af70b6f2fde91c76fb5ea353f515c3e1c3354
NSG_R64_L400_SQ4U,ef=100,100,,,1,0.767125,6.90902,4420730.0,4508999.9,5584250.77,6050318.83,732.422,4012,173338624,3743.25,3743.25,15332300.0,4388010.0,4420680.0,39.0236,4420680.0,11.2347,104.43,3702.82,,,,,,,800,gist,Glass-NSG-DiskPort,36,queries/s,5584.25077,14.622020721435547,False,32,c0,0,native_integration_optimized_queue,e54d7e12690e4a98b0bf1c808ae0325def3d8f3e2195c9d03592d7c3d49af824,9b46438f0c6472734127bfa9cd1af70b6f2fde91c76fb5ea353f515c3e1c3354
NSG_R64_L400_SQ4U,ef=140,140,,,1,0.778,5.24357,5887700.0,6045635.54,7361021.36,7901667.91,732.422,4012,176955392,4909.32,4909.32,20108600.0,5840810.0,5887640.0,48.5152,5887640.0,8.8561,144.019,4848.5,,,,,,,800,gist,Glass-NSG-DiskPort,37,queries/s,7361.021360000001,19.17705535888672,False,32,c0,0,native_integration_optimized_queue,e54d7e12690e4a98b0bf1c808ae0325def3d8f3e2195c9d03592d7c3d49af824,9b46438f0c6472734127bfa9cd1af70b6f2fde91c76fb5ea353f515c3e1c3354
NSG_R64_L400_SQ4U,ef=180,180,,,1,0.785125,4.2046,7368450.0,7516268.47,9282865.1,9703872.93,732.422,4012,177377280,6019.58,6019.58,24656200.0,7299740.0,7368390.0,45.9447,7368390.0,12.3028,183.739,5936.14,,,,,,,800,gist,Glass-NSG-DiskPort,38,queries/s,9282.865099999999,23.51398468017578,False,32,c0,0,native_integration_optimized_queue,e54d7e12690e4a98b0bf1c808ae0325def3d8f3e2195c9d03592d7c3d49af824,9b46438f0c6472734127bfa9cd1af70b6f2fde91c76fb5ea353f515c3e1c3354
NSG_R64_L400_SQ4U,ef=220,220,,,1,0.78925,3.57194,8725610.0,8932243.87,10876300.5,11619660.2,732.422,4012,177377280,7084.66,7084.66,29018800.0,8636150.0,8725560.0,43.9242,8725560.0,10.2096,223.559,6977.11,,,,,,,800,gist,Glass-NSG-DiskPort,39,queries/s,10876.3005,27.674484252929688,False,32,c0,0,native_integration_optimized_queue,e54d7e12690e4a98b0bf1c808ae0325def3d8f3e2195c9d03592d7c3d49af824,9b46438f0c6472734127bfa9cd1af70b6f2fde91c76fb5ea353f515c3e1c3354
NSG_R64_L400_SQ4U,ef=260,260,,,1,0.792,3.07636,10151000.0,10387313.8,12718685.7,13505706.3,732.422,4012,177377280,8114.03,8114.03,33235100.0,10035800.0,10150900.0,46.4303,10150900.0,13.3624,263.406,7981.39,,,,,,,800,gist,Glass-NSG-DiskPort,40,queries/s,12718.6857,31.69546127319336,False,32,c0,0,native_integration_optimized_queue,e54d7e12690e4a98b0bf1c808ae0325def3d8f3e2195c9d03592d7c3d49af824,9b46438f0c6472734127bfa9cd1af70b6f2fde91c76fb5ea353f515c3e1c3354
NSG_R64_L400_SQ4U,ef=300,300,,,1,0.793125,2.70077,11560200.0,11834730.1,14454215.8,15261083.5,732.422,4012,178716672,9108.59,9108.59,37308800.0,11405000.0,11560100.0,51.9618,11560100.0,16.1781,303.327,8949.78,,,,,,,800,gist,Glass-NSG-DiskPort,41,queries/s,14454.2158,35.5804443359375,False,32,c0,0,native_integration_optimized_queue,e54d7e12690e4a98b0bf1c808ae0325def3d8f3e2195c9d03592d7c3d49af824,9b46438f0c6472734127bfa9cd1af70b6f2fde91c76fb5ea353f515c3e1c3354
NSG_R64_L400_SQ4U,ef=340,340,,,1,0.793875,2.43499,12827200.0,13136893.8,16115509.1,16731101.6,732.422,4012,178716672,10065.1,10065.1,41226600.0,12638500.0,12827100.0,47.1726,12827100.0,17.2583,343.183,9879.14,,,,,,,800,gist,Glass-NSG-DiskPort,42,queries/s,16115.5091,39.316749572753906,False,32,c0,0,native_integration_optimized_queue,e54d7e12690e4a98b0bf1c808ae0325def3d8f3e2195c9d03592d7c3d49af824,9b46438f0c6472734127bfa9cd1af70b6f2fde91c76fb5ea353f515c3e1c3354
NSG_R64_L400_SQ4U,ef=380,380,,,1,0.794875,2.20738,14151600.0,14552889.4,17517998.9,18580236.1,732.422,4012,178716672,10997.7,10997.7,45046700.0,13930200.0,14151600.0,52.5241,14151600.0,18.4125,383.09,10784.3,,,,,,,800,gist,Glass-NSG-DiskPort,43,queries/s,17517.9989,42.95988082885742,False,32,c0,0,native_integration_optimized_queue,e54d7e12690e4a98b0bf1c808ae0325def3d8f3e2195c9d03592d7c3d49af824,9b46438f0c6472734127bfa9cd1af70b6f2fde91c76fb5ea353f515c3e1c3354
NSG_R64_L400_SQ4U,ef=420,420,,,1,0.795125,2.02735,15412600.0,15867008.8,19150507.3,20148250.1,732.422,4012,178913280,11912,11912,48791400.0,15153400.0,15412500.0,53.6317,15412500.0,18.2719,422.995,11670.7,,,,,,,800,gist,Glass-NSG-DiskPort,44,queries/s,19150.5073,46.531105041503906,False,32,c0,0,native_integration_optimized_queue,e54d7e12690e4a98b0bf1c808ae0325def3d8f3e2195c9d03592d7c3d49af824,9b46438f0c6472734127bfa9cd1af70b6f2fde91c76fb5ea353f515c3e1c3354
NSG_R64_L400_SQ4U,ef=460,460,,,1,0.796,1.86816,16771600.0,17240088.4,20832667.9,21467783.1,732.422,4012,178913280,12806,12806,52453500.0,16476700.0,16771500.0,50.8665,16771500.0,18.074,462.975,12536.4,,,,,,,800,gist,Glass-NSG-DiskPort,45,queries/s,20832.667899999997,50.023555755615234,False,32,c0,0,native_integration_optimized_queue,e54d7e12690e4a98b0bf1c808ae0325def3d8f3e2195c9d03592d7c3d49af824,9b46438f0c6472734127bfa9cd1af70b6f2fde91c76fb5ea353f515c3e1c3354
NSG_R64_L400_SQ4U,ef=500,500,,,1,0.796375,1.75357,17885700.0,18412636,22221036.1,23379771.3,732.422,4012,179494912,13678.7,13678.7,56027900.0,17547500.0,17885600.0,58.1185,17885600.0,15.991,502.874,13380.2,,,,,,,800,gist,Glass-NSG-DiskPort,46,queries/s,22221.0361,53.432369232177734,False,32,c0,0,native_integration_optimized_queue,e54d7e12690e4a98b0bf1c808ae0325def3d8f3e2195c9d03592d7c3d49af824,9b46438f0c6472734127bfa9cd1af70b6f2fde91c76fb5ea353f515c3e1c3354
NSG_R64_L400_SQ4U,ef=540,540,,,1,0.796375,1.62579,19266000.0,19861194.6,23754079,25035803.2,732.422,4012,182464512,14530.9,14530.9,59518500.0,18883800.0,19265900.0,61.5534,19265900.0,15.6189,542.865,14203.4,,,,,,,800,gist,Glass-NSG-DiskPort,47,queries/s,23754.079,56.76126480102539,False,32,c0,0,native_integration_optimized_queue,e54d7e12690e4a98b0bf1c808ae0325def3d8f3e2195c9d03592d7c3d49af824,9b46438f0c6472734127bfa9cd1af70b6f2fde91c76fb5ea353f515c3e1c3354
NSG_R64_L400_SQ4U,ef=580,580,,,1,0.796625,1.53524,20390600.0,21097810.8,25207821.3,26449040,732.422,4012,184029184,15366.8,15366.8,62942500.0,19948700.0,20390500.0,50.7559,20390500.0,11.9994,582.763,15009.8,,,,,,,800,gist,Glass-NSG-DiskPort,48,queries/s,25207.8213,60.02664566040039,False,32,c0,0,native_integration_optimized_queue,e54d7e12690e4a98b0bf1c808ae0325def3d8f3e2195c9d03592d7c3d49af824,9b46438f0c6472734127bfa9cd1af70b6f2fde91c76fb5ea353f515c3e1c3354
beam1,10,10,10,db1+coalescing+reuse,1,0.879355555556,78.046513097,409571.426809113,387982.297,761842.037,970195.134,3487.021252632,277206144,671264768,165.051777778,237.743,973795.328,404527.267489555,240.251874333,168.206285222,610.216321556,595.499462222,867.893888889,288.119,866.893888889,287.119,288.119,227.838444444,10.0,9.904555556,9000,dbpedia,Ours-Disk,0,queries/s,761.842037,0.92868359375,False,32,c0,0,native_integration_optimized_queue,a64dfc64e5f351aa48e5d929d8413143935aa0b6079046402d3a04a2f826c92c,51f0ad0cdf59b3f1b0db53716616a833ce8557449651856253c2b6c1a5960dec
beam1,11,11,11,db1+coalescing+reuse,1,0.899455555556,74.421375248,429459.217865777,404436.721,812865.599,1032178.576,3487.021252632,277206144,730472448,173.591111111,247.508111111,1013793.223111111,424777.055349446,241.588876778,170.880022111,506.139940778,968.558521667,904.602777778,298.219555556,903.602777778,297.219555556,298.219555556,236.623222222,11.0,10.884888889,9000,dbpedia,Ours-Disk,1,queries/s,812.8655990000001,0.9668285590277776,False,32,c0,0,native_integration_optimized_queue,a64dfc64e5f351aa48e5d929d8413143935aa0b6079046402d3a04a2f826c92c,51f0ad0cdf59b3f1b0db53716616a833ce8557449651856253c2b6c1a5960dec
beam1,12,12,12,db1+coalescing+reuse,1,0.909855555556,72.042918372,443586.732788445,417562.471,823345.723,1024751.002,3487.021252632,277206144,739622912,181.704444444,256.735777778,1051589.745777778,438859.796739554,246.641899,170.564715556,466.918024111,673.956226111,940.644,307.737111111,939.644,306.737111111,307.737111111,244.873,12.0,11.862777778,9000,dbpedia,Ours-Disk,2,queries/s,823.345723,1.0028741319444447,False,32,c0,0,native_integration_optimized_queue,a64dfc64e5f351aa48e5d929d8413143935aa0b6079046402d3a04a2f826c92c,51f0ad0cdf59b3f1b0db53716616a833ce8557449651856253c2b6c1a5960dec
beam1,13,13,13,db1+coalescing+reuse,1,0.9171,69.017704089,463035.346498334,441661.306,841261.949,1075886.656,3487.021252632,277206144,747388928,189.487888889,265.519222222,1087566.734222222,458241.712794778,254.849797,170.970401889,480.288513444,723.947376889,975.833,316.732444444,974.833,315.732444444,316.732444444,252.679777778,13.0,12.839444444,9000,dbpedia,Ours-Disk,3,queries/s,841.2619490000001,1.0371844618055552,False,32,c0,0,native_integration_optimized_queue,a64dfc64e5f351aa48e5d929d8413143935aa0b6079046402d3a04a2f826c92c,51f0ad0cdf59b3f1b0db53716616a833ce8557449651856253c2b6c1a5960dec
beam1,14,14,14,db1+coalescing+reuse,1,0.9226,66.126640053,483278.397452889,459491.03,877228.397,1116980.15,3487.021252632,277206144,747388928,197.059666667,274.034111111,1122443.719111111,478341.772129888,258.983340556,171.663677778,517.354414333,776.487233556,1009.603555556,325.397,1008.603555556,324.397,325.397,260.217111111,14.0,13.817,9000,dbpedia,Ours-Disk,4,queries/s,877.228397,1.0704457465277777,False,32,c0,0,native_integration_optimized_queue,a64dfc64e5f351aa48e5d929d8413143935aa0b6079046402d3a04a2f826c92c,51f0ad0cdf59b3f1b0db53716616a833ce8557449651856253c2b6c1a5960dec
beam1,15,15,15,db1+coalescing+reuse,1,0.927288888889,63.558192368,502982.954857667,477413.486,908207.983,1131742.905,3487.021252632,277206144,747388928,204.435888889,282.282222222,1156227.982222222,497923.514589778,266.315675889,173.633742333,521.683773889,843.299708,1043.901222222,333.753222222,1042.901222222,332.753222222,333.753222222,267.492555556,15.0,14.789666667,9000,dbpedia,Ours-Disk,5,queries/s,908.207983,1.1026649305555554,False,32,c0,0,native_integration_optimized_queue,a64dfc64e5f351aa48e5d929d8413143935aa0b6079046402d3a04a2f826c92c,51f0ad0cdf59b3f1b0db53716616a833ce8557449651856253c2b6c1a5960dec
beam1,16,16,16,db1+coalescing+reuse,1,0.931922222222,58.896121819,542692.777855002,510918.682,981940.445,1247060.826,3487.021252632,277206144,747388928,211.634444444,290.286222222,1189012.366222222,537580.513121893,271.151432778,170.670250222,521.780108889,891.743030222,1078.332,341.809222222,1077.332,340.809222222,341.809222222,274.522888889,16.0,15.763333333,9000,dbpedia,Ours-Disk,6,queries/s,981.940445,1.1339305555555554,False,32,c0,0,native_integration_optimized_queue,a64dfc64e5f351aa48e5d929d8413143935aa0b6079046402d3a04a2f826c92c,51f0ad0cdf59b3f1b0db53716616a833ce8557449651856253c2b6c1a5960dec
beam1,17,17,17,db1+coalescing+reuse,1,0.935344444444,59.164768963,540213.534874001,517365.755,964480.05,1200761.759,3487.021252632,277206144,747388928,218.716333333,298.122777778,1221110.897777778,534950.206023778,278.850040444,171.247377667,543.694553,954.045455556,1111.818222222,349.643333333,1110.818222222,348.643333333,349.643333333,281.388222222,17.0,16.734555556,9000,dbpedia,Ours-Disk,7,queries/s,964.48005,1.1645421006944447,False,32,c0,0,native_integration_optimized_queue,a64dfc64e5f351aa48e5d929d8413143935aa0b6079046402d3a04a2f826c92c,51f0ad0cdf59b3f1b0db53716616a833ce8557449651856253c2b6c1a5960dec
beam1,18,18,18,db1+coalescing+reuse,1,0.9384,56.720074928,563286.473091667,533359.846,1004495.149,1257266.337,3487.021252632,277206144,747388928,225.631777778,305.750444444,1252353.820444444,557928.593302112,284.000942333,169.658722333,550.789958111,1001.308321111,1144.963111111,357.233444444,1143.963111111,356.233444444,357.233444444,288.046,18.0,17.704444444,9000,dbpedia,Ours-Disk,8,queries/s,1004.495149,1.1943376736111107,False,32,c0,0,native_integration_optimized_queue,a64dfc64e5f351aa48e5d929d8413143935aa0b6079046402d3a04a2f826c92c,51f0ad0cdf59b3f1b0db53716616a833ce8557449651856253c2b6c1a5960dec
beam1,19,19,19,db1+coalescing+reuse,1,0.941255555556,54.731649457,583977.54002089,555283.925,1036755.437,1302155.657,3487.021252632,277206144,747388928,232.442444444,313.239555556,1283029.219555556,578485.884546557,289.459992333,169.547187778,586.232849556,1044.202159444,1178.140222222,364.662,1177.140222222,363.662,364.662,294.568,19.0,18.671555556,9000,dbpedia,Ours-Disk,9,queries/s,1036.755437,1.2235920138888894,False,32,c0,0,native_integration_optimized_queue,a64dfc64e5f351aa48e5d929d8413143935aa0b6079046402d3a04a2f826c92c,51f0ad0cdf59b3f1b0db53716616a833ce8557449651856253c2b6c1a5960dec
beam1,20,20,20,db1+coalescing+reuse,1,0.944855555556,53.458298521,597856.923983445,569528.083,1061851.871,1319059.916,3487.021252632,277206144,747388928,239.175555556,320.609666667,1313217.194666667,592271.439316779,296.893695889,170.427293444,598.798962556,1095.115737111,1211.762333333,371.926777778,1210.762333333,370.926777778,371.926777778,300.968555556,20.0,19.641111111,9000,dbpedia,Ours-Disk,10,queries/s,1061.851871,1.252381510416667,False,32,c0,0,native_integration_optimized_queue,a64dfc64e5f351aa48e5d929d8413143935aa0b6079046402d3a04a2f826c92c,51f0ad0cdf59b3f1b0db53716616a833ce8557449651856253c2b6c1a5960dec
beam1,21,21,21,db1+coalescing+reuse,1,0.947044444444,52.444280436,609476.814833887,581202.762,1069707.264,1357636.414,3487.021252632,277206144,747388928,245.665888889,327.697888889,1342250.552888889,603793.752217003,300.859991444,170.361821778,611.6035,1142.674629778,1243.769222222,378.903,1242.769222222,377.903,378.903,307.091,21.0,20.606888889,9000,dbpedia,Ours-Disk,11,queries/s,1069.707264,1.2800698784722224,False,32,c0,0,native_integration_optimized_queue,a64dfc64e5f351aa48e5d929d8413143935aa0b6079046402d3a04a2f826c92c,51f0ad0cdf59b3f1b0db53716616a833ce8557449651856253c2b6c1a5960dec
beam1,22,22,22,db1+coalescing+reuse,1,0.949911111111,50.688575335,630618.023103108,603249.45,1117368.678,1391355.765,3487.021252632,277206144,747388928,252.183444444,334.786222222,1371284.366222222,624845.558742001,307.489034111,169.235087444,628.706493556,1189.298809222,1276.934555556,385.871777778,1275.934555556,384.871777778,385.871777778,313.211111111,22.0,21.575111111,9000,dbpedia,Ours-Disk,12,queries/s,1117.368678,1.3077586805555554,False,32,c0,0,native_integration_optimized_queue,a64dfc64e5f351aa48e5d929d8413143935aa0b6079046402d3a04a2f826c92c,51f0ad0cdf59b3f1b0db53716616a833ce8557449651856253c2b6c1a5960dec
beam1,23,23,23,db1+coalescing+reuse,1,0.951811111111,49.678501919,643340.875962776,611022.699,1130099.595,1392537.834,3487.021252632,277206144,747388928,258.509666667,341.659111111,1399435.719111111,637476.423911886,312.346907,169.611232333,639.446076667,1238.160955556,1308.764555556,392.562444444,1307.764555556,391.562444444,392.562444444,319.117888889,23.0,22.541222222,9000,dbpedia,Ours-Disk,13,queries/s,1130.099595,1.3346059027777777,False,32,c0,0,native_integration_optimized_queue,a64dfc64e5f351aa48e5d929d8413143935aa0b6079046402d3a04a2f826c92c,51f0ad0cdf59b3f1b0db53716616a833ce8557449651856253c2b6c1a5960dec
beam1,24,24,24,db1+coalescing+reuse,1,0.953755555556,48.263294689,661968.561923,630299.497,1161451.525,1463900.861,3487.021252632,277206144,747388928,264.761666667,348.437777778,1427201.137777778,656027.957302338,316.666283444,169.685869,653.707412889,1278.377584222,1340.544666667,399.157333333,1339.544666667,398.157333333,399.157333333,324.933111111,24.0,23.504666667,9000,dbpedia,Ours-Disk,14,queries/s,1161.451525,1.3610850694444447,False,32,c0,0,native_integration_optimized_queue,a64dfc64e5f351aa48e5d929d8413143935aa0b6079046402d3a04a2f826c92c,51f0ad0cdf59b3f1b0db53716616a833ce8557449651856253c2b6c1a5960dec
beam1,25,25,25,db1+coalescing+reuse,1,0.955466666667,47.030034771,679671.902129557,649057.485,1184716.786,1500375.354,3487.021252632,277206144,747388928,270.924444444,355.094222222,1454465.934222222,673628.227398335,322.732531667,169.704621778,669.853773111,1332.125264222,1371.804,405.604555556,1370.804,404.604555556,405.604555556,330.627,25.0,24.467222222,9000,dbpedia,Ours-Disk,15,queries/s,1184.7167860000002,1.3870868055555554,False,32,c0,0,native_integration_optimized_queue,a64dfc64e5f351aa48e5d929d8413143935aa0b6079046402d3a04a2f826c92c,51f0ad0cdf59b3f1b0db53716616a833ce8557449651856253c2b6c1a5960dec
beam1,26,26,26,db1+coalescing+reuse,1,0.957055555556,44.126340705,724450.544486445,689166.714,1258989.83,1579164.269,3487.021252632,277206144,747388928,277.023777778,361.654111111,1481335.239111111,718316.345366223,327.011631,169.341679,679.964329,1374.495826111,1403.175888889,411.929111111,1402.175888889,410.929111111,411.929111111,336.220888889,26.0,25.433222222,9000,dbpedia,Ours-Disk,16,queries/s,1258.98983,1.4127113715277777,False,32,c0,0,native_integration_optimized_queue,a64dfc64e5f351aa48e5d929d8413143935aa0b6079046402d3a04a2f826c92c,51f0ad0cdf59b3f1b0db53716616a833ce8557449651856253c2b6c1a5960dec
beam1,27,27,27,db1+coalescing+reuse,1,0.958755555556,44.481174903,718556.493964667,683807.235,1259150.021,1567206.062,3487.021252632,277206144,747388928,283.054777778,368.145555556,1507924.195555556,712303.019602556,331.765184333,169.846227889,720.333336333,1424.098377111,1434.374777778,418.191222222,1433.374777778,417.191222222,418.191222222,341.754333333,27.0,26.391222222,9000,dbpedia,Ours-Disk,17,queries/s,1259.150021,1.4380685763888894,False,32,c0,0,native_integration_optimized_queue,a64dfc64e5f351aa48e5d929d8413143935aa0b6079046402d3a04a2f826c92c,51f0ad0cdf59b3f1b0db53716616a833ce8557449651856253c2b6c1a5960dec
beam1,28,28,28,db1+coalescing+reuse,1,0.960188888889,43.563926031,733763.017325889,698772.049,1276549.929,1548204.632,3487.021252632,277206144,747388928,289.017555556,374.538777778,1534110.833777778,727438.584387334,337.212742667,170.797292222,706.938179444,1467.394494444,1465.461777778,424.335222222,1464.461777778,423.335222222,424.335222222,347.184222222,28.0,27.354555556,9000,dbpedia,Ours-Disk,18,queries/s,1276.549929,1.4630421006944447,False,32,c0,0,native_integration_optimized_queue,a64dfc64e5f351aa48e5d929d8413143935aa0b6079046402d3a04a2f826c92c,51f0ad0cdf59b3f1b0db53716616a833ce8557449651856253c2b6c1a5960dec
beam1,29,29,29,db1+coalescing+reuse,1,0.961477777778,43.130661419,740818.230869555,705637.239,1285455.467,1603221.448,3487.021252632,277206144,747388928,294.886222222,380.825888889,1559862.840888889,734399.272962555,342.956764111,170.049585444,735.366066111,1517.120999444,1495.989666667,430.347222222,1494.989666667,429.347222222,430.347222222,352.507222222,29.0,28.318666667,9000,dbpedia,Ours-Disk,19,queries/s,1285.455467,1.4876011284722224,False,32,c0,0,native_integration_optimized_queue,a64dfc64e5f351aa48e5d929d8413143935aa0b6079046402d3a04a2f826c92c,51f0ad0cdf59b3f1b0db53716616a833ce8557449651856253c2b6c1a5960dec
beam1,30,30,30,db1+coalescing+reuse,1,0.962744444444,41.980163624,761256.616357001,729542.611,1309834.623,1650039.074,3487.021252632,277206144,747388928,300.620666667,386.969777778,1585028.209777778,754766.960633334,347.560365222,169.311452667,738.816067222,1559.476017111,1526.527555556,436.207666667,1525.527555556,435.207666667,436.207666667,357.692,30.0,29.277777778,9000,dbpedia,Ours-Disk,20,queries/s,1309.834623,1.5116006944444447,False,32,c0,0,native_integration_optimized_queue,a64dfc64e5f351aa48e5d929d8413143935aa0b6079046402d3a04a2f826c92c,51f0ad0cdf59b3f1b0db53716616a833ce8557449651856253c2b6c1a5960dec
beam1,40,40,40,db1+coalescing+reuse,1,0.971455555556,35.271459129,906157.406248333,865210.566,1543947.372,1902046.967,3487.021252632,277206144,747388928,355.643777778,445.409555556,1824397.539555555,898715.480444219,395.319683667,169.846183556,900.914107556,2037.119912778,1823.512444444,490.976555556,1822.512444444,489.976555556,490.976555556,406.557888889,40.0,38.851666667,9000,dbpedia,Ours-Disk,21,queries/s,1543.947372,1.7398810763888883,False,32,c0,0,native_integration_optimized_queue,a64dfc64e5f351aa48e5d929d8413143935aa0b6079046402d3a04a2f826c92c,51f0ad0cdf59b3f1b0db53716616a833ce8557449651856253c2b6c1a5960dec
beam1,50,50,50,db1+coalescing+reuse,1,0.976288888889,30.696379361,1041157.160402889,997021.129,1767297.34,2133076.533,3487.021252632,277206144,747388928,406.686444444,499.179333333,2044638.549333333,1032992.818041779,435.135221333,169.937899778,1012.674102111,2441.593313222,2107.349222222,540.192111111,2106.349222222,539.192111111,540.192111111,450.826888889,50.0,48.352444444,9000,dbpedia,Ours-Disk,22,queries/s,1767.29734,1.949919270833333,False,32,c0,0,native_integration_optimized_queue,a64dfc64e5f351aa48e5d929d8413143935aa0b6079046402d3a04a2f826c92c,51f0ad0cdf59b3f1b0db53716616a833ce8557449651856253c2b6c1a5960dec
beam1,60,60,60,db1+coalescing+reuse,1,0.9799,27.111742624,1178757.152976774,1126757.384,1988825.4,2429789.178,3487.021252632,277206144,747388928,454.870666667,549.661333333,2251412.821333333,1169803.006034001,476.379783222,169.756793,1112.326784444,2862.048308222,2382.003333333,585.490222222,2381.003333333,584.490222222,585.490222222,491.876444444,60.0,57.784888889,9000,dbpedia,Ours-Disk,23,queries/s,1988.8254,2.147114583333333,False,32,c0,0,native_integration_optimized_queue,a64dfc64e5f351aa48e5d929d8413143935aa0b6079046402d3a04a2f826c92c,51f0ad0cdf59b3f1b0db53716616a833ce8557449651856253c2b6c1a5960dec
beam1,70,70,70,db1+coalescing+reuse,1,0.9822,24.872543298,1285077.558467004,1228142.339,2135917.534,2576924.692,3487.021252632,277206144,747388928,500.718666667,597.529222222,2447479.694222222,1275341.592533671,517.220814889,170.204394667,1242.385845333,3315.979238222,2648.223555556,627.488111111,2647.223555556,626.488111111,627.488111111,530.372666667,70.0,67.156555556,9000,dbpedia,Ours-Disk,24,queries/s,2135.917534,2.3340985243055554,False,32,c0,0,native_integration_optimized_queue,a64dfc64e5f351aa48e5d929d8413143935aa0b6079046402d3a04a2f826c92c,51f0ad0cdf59b3f1b0db53716616a833ce8557449651856253c2b6c1a5960dec
beam1,80,80,80,db1+coalescing+reuse,1,0.984077777778,22.755175668,1404569.331289116,1346311.777,2338953.243,2794749.918,3487.021252632,277206144,747388928,545.197444444,643.937222222,2637566.862222222,1394107.909883555,554.595112111,169.836079222,1352.130209,3728.917574889,2907.794444444,667.486444444,2906.794444444,666.486444444,667.486444444,567.424,80.0,76.513222222,9000,dbpedia,Ours-Disk,25,queries/s,2338.953243,2.5153797743055555,False,32,c0,0,native_integration_optimized_queue,a64dfc64e5f351aa48e5d929d8413143935aa0b6079046402d3a04a2f826c92c,51f0ad0cdf59b3f1b0db53716616a833ce8557449651856253c2b6c1a5960dec
beam1,90,90,90,db1+coalescing+reuse,1,0.985322222222,21.051631848,1518077.860397007,1451928.314,2516016.003,3019928.793,3487.021252632,277206144,747388928,588.411444444,689.021666667,2822232.746666667,1506833.92923089,594.799791444,169.984506444,1476.079547333,4159.767700444,3161.161666667,706.135333333,3160.161666667,705.135333333,706.135333333,603.208,90.0,85.813666667,9000,dbpedia,Ours-Disk,26,queries/s,2516.016003,2.691490885416667,False,32,c0,0,native_integration_optimized_queue,a64dfc64e5f351aa48e5d929d8413143935aa0b6079046402d3a04a2f826c92c,51f0ad0cdf59b3f1b0db53716616a833ce8557449651856253c2b6c1a5960dec
beam1,100,100,100,db1+coalescing+reuse,1,0.986377777778,19.515057192,1638101.970590773,1564871.69,2699845.859,3317139.323,3487.021252632,277206144,747388928,630.504666667,732.967444444,3002234.652444445,1626244.811039334,629.938635,170.005585778,1575.441506778,4546.402691889,3408.124,743.626888889,3407.124,742.626888889,743.626888889,637.887333333,100.0,95.080111111,9000,dbpedia,Ours-Disk,27,queries/s,2699.845859,2.8631540798611117,False,32,c0,0,native_integration_optimized_queue,a64dfc64e5f351aa48e5d929d8413143935aa0b6079046402d3a04a2f826c92c,51f0ad0cdf59b3f1b0db53716616a833ce8557449651856253c2b6c1a5960dec
beam1,140,140,140,db1+coalescing+reuse,1,0.988644444444,15.445446843,2069329.832304893,1975332.935,3415555.091,4140965.4,3487.021252632,277206144,747388928,759.767222222,864.435222222,3540726.670222222,2055624.381677001,772.608253333,170.532138,2000.921752,4614.672214889,4356.902,885.940222222,4355.902,884.940222222,885.940222222,769.313333333,100.0,95.120666667,9000,dbpedia,Ours-Disk,28,queries/s,3415.555091,3.3767000868055552,False,32,c0,0,native_integration_optimized_queue,a64dfc64e5f351aa48e5d929d8413143935aa0b6079046402d3a04a2f826c92c,51f0ad0cdf59b3f1b0db53716616a833ce8557449651856253c2b6c1a5960dec
beam1,180,180,180,db1+coalescing+reuse,1,0.990055555556,13.010494913,2457385.654295667,2360352.674,4040695.073,4813719.918000001,3487.021252632,277206144,747388928,882.301111111,988.779333333,4050040.149333333,2441988.789941545,918.100497111,170.248548,2370.530188556,5320.017461,5253.608333333,1020.855555556,5252.608333333,1019.855555556,1020.855555556,893.433111111,100.0,95.248222222,9000,dbpedia,Ours-Disk,29,queries/s,4040.695073,3.862419270833333,False,32,c0,0,native_integration_optimized_queue,a64dfc64e5f351aa48e5d929d8413143935aa0b6079046402d3a04a2f826c92c,51f0ad0cdf59b3f1b0db53716616a833ce8557449651856253c2b6c1a5960dec
beam1,220,220,220,db1+coalescing+reuse,1,0.991088888889,11.252321687,2841027.369853775,2709913.819,4704585.214,5635331.808,3487.021252632,277206144,747388928,1001.836,1109.948,4546347.008,2824072.075335,1051.08748,170.503802667,2757.541154556,7228.956608556,6111.611555556,1151.735555556,6110.611555556,1150.735555556,1151.735555556,1013.394,100.0,95.683777778,9000,dbpedia,Ours-Disk,30,queries/s,4704.585214,4.335734375,False,32,c0,0,native_integration_optimized_queue,a64dfc64e5f351aa48e5d929d8413143935aa0b6079046402d3a04a2f826c92c,51f0ad0cdf59b3f1b0db53716616a833ce8557449651856253c2b6c1a5960dec
beam1,260,260,260,db1+coalescing+reuse,1,0.991633333333,9.929454015,3219270.940958445,3044157.481,5403062.877,6456143.756,3487.021252632,277206144,747388928,1121.223666667,1230.823444444,5041452.828444445,3200659.33802689,1192.417510111,170.293887778,3151.580949667,10696.278052444,6938.881333333,1279.916111111,6937.881333333,1278.916111111,1279.916111111,1130.480888889,100.0,96.624222222,9000,dbpedia,Ours-Disk,31,queries/s,5403.062877,4.807904079861111,False,32,c0,0,native_integration_optimized_queue,a64dfc64e5f351aa48e5d929d8413143935aa0b6079046402d3a04a2f826c92c,51f0ad0cdf59b3f1b0db53716616a833ce8557449651856253c2b6c1a5960dec
beam1,300,300,300,db1+coalescing+reuse,1,0.992166666667,8.815096564,3625526.807145216,3409583.965,6173950.873,7330238.003,3487.021252632,277206144,747388928,1243.189111111,1354.232,5546934.272,3605206.755383546,1328.0368,171.032550222,3511.546870778,16192.984594889,7742.052222222,1406.084444444,7741.052222222,1405.084444444,1406.084444444,1245.580444444,100.0,98.29,9000,dbpedia,Ours-Disk,32,queries/s,6173.950873,5.28996875,False,32,c0,0,native_integration_optimized_queue,a64dfc64e5f351aa48e5d929d8413143935aa0b6079046402d3a04a2f826c92c,51f0ad0cdf59b3f1b0db53716616a833ce8557449651856253c2b6c1a5960dec
beam1,340,340,340,db1+coalescing+reuse,1,0.992577777778,7.925841196,4032725.034200453,3767438.093,6926019.583000001,8188386.172999999,3487.021252632,277206144,747388928,1370.711888889,1483.182,6075113.472,4010903.142961137,1470.226881778,170.778219667,3875.052929444,22375.909395444,8525.724222222,1531.271555556,8524.724222222,1530.271555556,1531.271555556,1359.811888889,100.0,100.853888889,9000,dbpedia,Ours-Disk,33,queries/s,6926.019583,5.7936796875,False,32,c0,0,native_integration_optimized_queue,a64dfc64e5f351aa48e5d929d8413143935aa0b6079046402d3a04a2f826c92c,51f0ad0cdf59b3f1b0db53716616a833ce8557449651856253c2b6c1a5960dec
beam1,380,380,380,db1+coalescing+reuse,1,0.993044444444,7.13664704,4479050.558300563,4203574.593,7652922.74,9054241.877999999,3487.021252632,277206144,747388928,1504.439666667,1618.314888889,6628617.784888889,4455426.752439883,1612.739304333,171.695837778,4310.977896,29356.836787778,9291.394555556,1655.196666667,9290.394555556,1654.196666667,1655.196666667,1473.011222222,100.0,104.414666667,9000,dbpedia,Ours-Disk,34,queries/s,7652.92274,6.321542534722222,False,32,c0,0,native_integration_optimized_queue,a64dfc64e5f351aa48e5d929d8413143935aa0b6079046402d3a04a2f826c92c,51f0ad0cdf59b3f1b0db53716616a833ce8557449651856253c2b6c1a5960dec
beam1,420,420,420,db1+coalescing+reuse,1,0.993366666667,6.459607485,4948201.693785319,4722057.606,8345832.005,9826387.66,3487.021252632,277206144,747388928,1645.098222222,1760.381777778,7210523.761777778,4922908.43513855,1741.452901444,171.480616778,4718.745551222,36442.454178555,10041.007,1778.121777778,10040.007,1777.121777778,1778.121777778,1585.592111111,100.0,109.135333333,9000,dbpedia,Ours-Disk,35,queries/s,8345.832005,6.876491319444445,False,32,c0,0,native_integration_optimized_queue,a64dfc64e5f351aa48e5d929d8413143935aa0b6079046402d3a04a2f826c92c,51f0ad0cdf59b3f1b0db53716616a833ce8557449651856253c2b6c1a5960dec
beam1,460,460,460,db1+coalescing+reuse,1,0.993588888889,5.885199548,5430683.583721553,5222503.043,9108362.934,10493397.326,3487.021252632,277206144,747388928,1792.047555556,1908.744111111,7818215.879111111,5403738.02081209,1887.306485889,171.728836556,5129.808377333,43999.461426889,10775.619555556,1900.422333333,10774.619555556,1899.422333333,1900.422333333,1697.887777778,100.0,114.960555556,9000,dbpedia,Ours-Disk,36,queries/s,9108.362934,7.456031684027778,False,32,c0,0,native_integration_optimized_queue,a64dfc64e5f351aa48e5d929d8413143935aa0b6079046402d3a04a2f826c92c,51f0ad0cdf59b3f1b0db53716616a833ce8557449651856253c2b6c1a5960dec
beam1,500,500,500,db1+coalescing+reuse,1,0.993688888889,5.391773933,5928204.554125542,5772329.945,9779704.641,11469403.929,3487.021252632,277206144,747388928,1943.480444444,2061.642222222,8444486.542222222,5899658.496245117,2011.634959778,171.433289111,5524.477649667,51030.336218333,11497.468222222,2021.840666667,11496.468222222,2020.840666667,2021.840666667,1809.763555556,100.0,121.743777778,9000,dbpedia,Ours-Disk,37,queries/s,9779.704641,8.053289930555556,False,32,c0,0,native_integration_optimized_queue,a64dfc64e5f351aa48e5d929d8413143935aa0b6079046402d3a04a2f826c92c,51f0ad0cdf59b3f1b0db53716616a833ce8557449651856253c2b6c1a5960dec
beam1,540,540,540,db1+coalescing+reuse,1,0.993855555556,4.96317216,6440726.715548119,6302393.966,10457099.661,11998436.533,3487.021252632,277206144,747388928,2098.459777778,2218.150333333,9085543.765333334,6410387.182869338,2149.681473889,172.084731778,5981.724178,56671.438371778,12207.432666667,2142.621777778,12206.432666667,2141.621777778,2142.621777778,1921.431111111,100.0,129.217888889,9000,dbpedia,Ours-Disk,38,queries/s,10457.099661,8.664649739583334,False,32,c0,0,native_integration_optimized_queue,a64dfc64e5f351aa48e5d929d8413143935aa0b6079046402d3a04a2f826c92c,51f0ad0cdf59b3f1b0db53716616a833ce8557449651856253c2b6c1a5960dec
beam1,580,580,580,db1+coalescing+reuse,1,0.994077777778,4.602208876,6946080.848209547,6858673.863,11161657.299,12722510.002,3487.021252632,277206144,747388928,2255.927555556,2377.233222222,9737147.278222222,6913828.37418166,2292.068569556,171.930995556,6368.592861667,62365.555905556,12908.379111111,2262.762888889,12907.379111111,2261.762888889,2262.762888889,2032.926444444,100.0,137.162777778,9000,dbpedia,Ours-Disk,39,queries/s,11161.657299,9.286067274305555,False,32,c0,0,native_integration_optimized_queue,a64dfc64e5f351aa48e5d929d8413143935aa0b6079046402d3a04a2f826c92c,51f0ad0cdf59b3f1b0db53716616a833ce8557449651856253c2b6c1a5960dec
QG_R64_EF400_t3,ef=1,1,,,1,0.185722,32.5281,919980,945873,1135290.0,1227100.0,23203.1,12288,223682560,67.1914,403.149,1651300.0,917295,919906,65.1772,919906,8.7265,5.27044,5.27044,,,,,,,9000,dbpedia,SymphonyQG-DiskPort,0,queries/s,1135.29,1.5748023986816406,False,32,c0,0,native_integration_optimized_queue,ddb2671e28b68a35ed366acbf8411ddcdf506db63f982842299aea0b9433bd5c,51f0ad0cdf59b3f1b0db53716616a833ce8557449651856253c2b6c1a5960dec
QG_R64_EF400_t3,ef=2,2,,,1,0.300267,36.1324,824421,943701,1130030.0,1211500.0,23203.1,12288,226578432,59.0557,354.334,1451350.0,822000,824346,65.9318,824346,8.78336,7.70744,7.70744,,,,,,,9000,dbpedia,SymphonyQG-DiskPort,1,queries/s,1130.03,1.384115219116211,False,32,c0,0,native_integration_optimized_queue,ddb2671e28b68a35ed366acbf8411ddcdf506db63f982842299aea0b9433bd5c,51f0ad0cdf59b3f1b0db53716616a833ce8557449651856253c2b6c1a5960dec
QG_R64_EF400_t3,ef=3,3,,,1,0.360589,45.3045,636207,873749,1103190.0,1178070.0,23203.1,12288,226578432,46.6259,279.755,1145880.0,634239,636138,61.9535,636138,6.1881,9.146,9.146,,,,,,,9000,dbpedia,SymphonyQG-DiskPort,2,queries/s,1103.19,1.0927963256835938,False,32,c0,0,native_integration_optimized_queue,ddb2671e28b68a35ed366acbf8411ddcdf506db63f982842299aea0b9433bd5c,51f0ad0cdf59b3f1b0db53716616a833ce8557449651856253c2b6c1a5960dec
QG_R64_EF400_t3,ef=4,4,,,1,0.412111,59.9153,465250,179864,1058030.0,1142750.0,23203.1,12288,226578432,35.0829,210.497,862197,463375,465181,62.3455,465181,6.31044,10.2899,10.2899,,,,,,,9000,dbpedia,SymphonyQG-DiskPort,3,queries/s,1058.03,0.8222551345825195,False,32,c0,0,native_integration_optimized_queue,ddb2671e28b68a35ed366acbf8411ddcdf506db63f982842299aea0b9433bd5c,51f0ad0cdf59b3f1b0db53716616a833ce8557449651856253c2b6c1a5960dec
QG_R64_EF400_t3,ef=5,5,,,1,0.461478,82.0719,323668,151747,998792,1093660.0,23203.1,12288,226578432,25.486,152.916,626344,321819,323601,60.9322,323601,6.02803,11.3117,11.3117,,,,,,,9000,dbpedia,SymphonyQG-DiskPort,4,queries/s,998.792,0.5973281860351562,False,32,c0,0,native_integration_optimized_queue,ddb2671e28b68a35ed366acbf8411ddcdf506db63f982842299aea0b9433bd5c,51f0ad0cdf59b3f1b0db53716616a833ce8557449651856253c2b6c1a5960dec
QG_R64_EF400_t3,ef=6,6,,,1,0.507389,107.435,226672,142689,901644,1008410.0,23203.1,12288,226578432,19.3341,116.005,475155,224787,226601,64.4256,226601,6.33678,12.2407,12.2407,,,,,,,9000,dbpedia,SymphonyQG-DiskPort,5,queries/s,901.644,0.4531431198120117,False,32,c0,0,native_integration_optimized_queue,ddb2671e28b68a35ed366acbf8411ddcdf506db63f982842299aea0b9433bd5c,51f0ad0cdf59b3f1b0db53716616a833ce8557449651856253c2b6c1a5960dec
QG_R64_EF400_t3,ef=7,7,,,1,0.549744,127.645,181466,142578,355655,941697,23203.1,12288,226578432,16.1146,96.6873,396031,179624,181393,66.0382,181393,6.82832,13.1008,13.1008,,,,,,,9000,dbpedia,SymphonyQG-DiskPort,6,queries/s,355.655,0.3776845932006836,False,32,c0,0,native_integration_optimized_queue,ddb2671e28b68a35ed366acbf8411ddcdf506db63f982842299aea0b9433bd5c,51f0ad0cdf59b3f1b0db53716616a833ce8557449651856253c2b6c1a5960dec
QG_R64_EF400_t3,ef=8,8,,,1,0.589122,136.803,164701,147426,258524,840024,23203.1,12288,226578432,15.0368,90.2207,369544,162827,164628,66.3413,164628,6.32873,13.9358,13.9358,,,,,,,9000,dbpedia,SymphonyQG-DiskPort,7,queries/s,258.524,0.35242462158203125,False,32,c0,0,native_integration_optimized_queue,ddb2671e28b68a35ed366acbf8411ddcdf506db63f982842299aea0b9433bd5c,51f0ad0cdf59b3f1b0db53716616a833ce8557449651856253c2b6c1a5960dec
QG_R64_EF400_t3,ef=9,9,,,1,0.624478,134.933,166451,156513,260785,343743,23203.1,12288,226578432,15.1514,90.9087,372362,164618,166379,65.1277,166379,6.24637,14.7367,14.7367,,,,,,,9000,dbpedia,SymphonyQG-DiskPort,8,queries/s,260.785,0.35511207580566406,False,32,c0,0,native_integration_optimized_queue,ddb2671e28b68a35ed366acbf8411ddcdf506db63f982842299aea0b9433bd5c,51f0ad0cdf59b3f1b0db53716616a833ce8557449651856253c2b6c1a5960dec
QG_R64_EF400_t3,ef=10,10,,,1,0.652356,127.965,173112,163800,272127,361345,23203.1,12288,226578432,15.6633,93.98,384942,171182,173040,65.2606,173040,6.24085,15.4633,15.4633,,,,,,,9000,dbpedia,SymphonyQG-DiskPort,9,queries/s,272.127,0.3671092987060547,False,32,c0,0,native_integration_optimized_queue,ddb2671e28b68a35ed366acbf8411ddcdf506db63f982842299aea0b9433bd5c,51f0ad0cdf59b3f1b0db53716616a833ce8557449651856253c2b6c1a5960dec
QG_R64_EF400_t3,ef=11,11,,,1,0.676622,126.093,183988,177329,286046,351957,23203.1,12288,226578432,16.2822,97.6933,400152,182000,183916,65.6491,183916,6.41599,16.1958,16.1958,,,,,,,9000,dbpedia,SymphonyQG-DiskPort,10,queries/s,286.046,0.38161468505859375,False,32,c0,0,native_integration_optimized_queue,ddb2671e28b68a35ed366acbf8411ddcdf506db63f982842299aea0b9433bd5c,51f0ad0cdf59b3f1b0db53716616a833ce8557449651856253c2b6c1a5960dec
QG_R64_EF400_t3,ef=12,12,,,1,0.697478,121,191942,185526,294668,361170,23203.1,12288,226578432,16.931,101.586,416096,189964,191871,65.0533,191871,6.48704,16.9177,16.9177,,,,,,,9000,dbpedia,SymphonyQG-DiskPort,11,queries/s,294.668,0.396820068359375,False,32,c0,0,native_integration_optimized_queue,ddb2671e28b68a35ed366acbf8411ddcdf506db63f982842299aea0b9433bd5c,51f0ad0cdf59b3f1b0db53716616a833ce8557449651856253c2b6c1a5960dec
QG_R64_EF400_t3,ef=13,13,,,1,0.715689,117.469,203218,196782,310490,378135,23203.1,12288,226578432,17.6436,105.861,433608,201227,203148,62.7388,203148,6.46133,17.6371,17.6371,,,,,,,9000,dbpedia,SymphonyQG-DiskPort,12,queries/s,310.49,0.41352081298828125,False,32,c0,0,native_integration_optimized_queue,ddb2671e28b68a35ed366acbf8411ddcdf506db63f982842299aea0b9433bd5c,51f0ad0cdf59b3f1b0db53716616a833ce8557449651856253c2b6c1a5960dec
QG_R64_EF400_t3,ef=14,14,,,1,0.730978,112.969,212383,207434,324175,388307,23203.1,12288,229519360,18.3326,109.995,450541,210562,212312,63.9554,212312,6.60182,18.3261,18.3261,,,,,,,9000,dbpedia,SymphonyQG-DiskPort,13,queries/s,324.175,0.4296693801879883,False,32,c0,0,native_integration_optimized_queue,ddb2671e28b68a35ed366acbf8411ddcdf506db63f982842299aea0b9433bd5c,51f0ad0cdf59b3f1b0db53716616a833ce8557449651856253c2b6c1a5960dec
QG_R64_EF400_t3,ef=15,15,,,1,0.7438,109.181,223058,218394,337576,402899,23203.1,12288,229519360,19.0263,114.158,467591,221205,222986,64.8331,222986,7.18069,19.0199,19.0199,,,,,,,9000,dbpedia,SymphonyQG-DiskPort,14,queries/s,337.576,0.44592952728271484,False,32,c0,0,native_integration_optimized_queue,ddb2671e28b68a35ed366acbf8411ddcdf506db63f982842299aea0b9433bd5c,51f0ad0cdf59b3f1b0db53716616a833ce8557449651856253c2b6c1a5960dec
QG_R64_EF400_t3,ef=16,16,,,1,0.756122,103.52,240682,230786,363358,461765,23203.1,12288,229564416,19.7283,118.37,484844,238910,240613,63.3334,240613,6.38952,19.7219,19.7219,,,,,,,9000,dbpedia,SymphonyQG-DiskPort,15,queries/s,363.358,0.4623832702636719,False,32,c0,0,native_integration_optimized_queue,ddb2671e28b68a35ed366acbf8411ddcdf506db63f982842299aea0b9433bd5c,51f0ad0cdf59b3f1b0db53716616a833ce8557449651856253c2b6c1a5960dec
QG_R64_EF400_t3,ef=17,17,,,1,0.766311,102.217,246746,240938,370893,444581,23203.1,12288,229564416,20.406,122.436,501498,244945,246676,62.6177,246676,6.43547,20.3996,20.3996,,,,,,,9000,dbpedia,SymphonyQG-DiskPort,16,queries/s,370.893,0.47826576232910156,False,32,c0,0,native_integration_optimized_queue,ddb2671e28b68a35ed366acbf8411ddcdf506db63f982842299aea0b9433bd5c,51f0ad0cdf59b3f1b0db53716616a833ce8557449651856253c2b6c1a5960dec
QG_R64_EF400_t3,ef=18,18,,,1,0.774,98.408,255003,248760,379815,455738,23203.1,12288,229564416,21.0452,126.271,517207,253184,254934,62.1891,254934,6.42533,21.0452,21.0452,,,,,,,9000,dbpedia,SymphonyQG-DiskPort,17,queries/s,379.815,0.49324703216552734,False,32,c0,0,native_integration_optimized_queue,ddb2671e28b68a35ed366acbf8411ddcdf506db63f982842299aea0b9433bd5c,51f0ad0cdf59b3f1b0db53716616a833ce8557449651856253c2b6c1a5960dec
QG_R64_EF400_t3,ef=19,19,,,1,0.781111,96.1868,265738,259733,398633,479459,23203.1,12288,229564416,21.6989,130.193,533272,263905,265667,64.3504,265667,6.95718,21.6989,21.6989,,,,,,,9000,dbpedia,SymphonyQG-DiskPort,18,queries/s,398.633,0.5085678100585938,False,32,c0,0,native_integration_optimized_queue,ddb2671e28b68a35ed366acbf8411ddcdf506db63f982842299aea0b9433bd5c,51f0ad0cdf59b3f1b0db53716616a833ce8557449651856253c2b6c1a5960dec
QG_R64_EF400_t3,ef=20,20,,,1,0.787533,93.2604,275348,269311,414088,498240,23203.1,12288,229564416,22.3447,134.068,549143,273508,275279,62.9858,275279,6.42399,22.3447,22.3447,,,,,,,9000,dbpedia,SymphonyQG-DiskPort,19,queries/s,414.088,0.5237035751342773,False,32,c0,0,native_integration_optimized_queue,ddb2671e28b68a35ed366acbf8411ddcdf506db63f982842299aea0b9433bd5c,51f0ad0cdf59b3f1b0db53716616a833ce8557449651856253c2b6c1a5960dec
QG_R64_EF400_t3,ef=21,21,,,1,0.793622,90.9459,283660,279580,419808,498797,23203.1,12288,229564416,22.9986,137.991,565213,281769,283592,61.9981,283592,6.44568,22.9986,22.9986,,,,,,,9000,dbpedia,SymphonyQG-DiskPort,20,queries/s,419.808,0.5390291213989258,False,32,c0,0,native_integration_optimized_queue,ddb2671e28b68a35ed366acbf8411ddcdf506db63f982842299aea0b9433bd5c,51f0ad0cdf59b3f1b0db53716616a833ce8557449651856253c2b6c1a5960dec
QG_R64_EF400_t3,ef=22,22,,,1,0.798733,88.2596,292803,287778,432901,512946,23203.1,12288,229564416,23.627,141.762,580657,290825,292734,62.2218,292734,6.61467,23.627,23.627,,,,,,,9000,dbpedia,SymphonyQG-DiskPort,21,queries/s,432.901,0.5537576675415039,False,32,c0,0,native_integration_optimized_queue,ddb2671e28b68a35ed366acbf8411ddcdf506db63f982842299aea0b9433bd5c,51f0ad0cdf59b3f1b0db53716616a833ce8557449651856253c2b6c1a5960dec
QG_R64_EF400_t3,ef=23,23,,,1,0.803611,85.6263,301902,297819,445630,529591,23203.1,12288,229564416,24.2718,145.631,596503,299861,301832,63.4687,301832,6.82129,24.2718,24.2718,,,,,,,9000,dbpedia,SymphonyQG-DiskPort,22,queries/s,445.63,0.5688695907592773,False,32,c0,0,native_integration_optimized_queue,ddb2671e28b68a35ed366acbf8411ddcdf506db63f982842299aea0b9433bd5c,51f0ad0cdf59b3f1b0db53716616a833ce8557449651856253c2b6c1a5960dec
QG_R64_EF400_t3,ef=24,24,,,1,0.8085,83.9396,312836,308052,463251,546394,23203.1,12288,229564416,24.9022,149.413,611997,310752,312766,63.0839,312766,6.78003,24.9022,24.9022,,,,,,,9000,dbpedia,SymphonyQG-DiskPort,23,queries/s,463.251,0.5836458206176758,False,32,c0,0,native_integration_optimized_queue,ddb2671e28b68a35ed366acbf8411ddcdf506db63f982842299aea0b9433bd5c,51f0ad0cdf59b3f1b0db53716616a833ce8557449651856253c2b6c1a5960dec
QG_R64_EF400_t3,ef=25,25,,,1,0.812711,81.3273,322459,317700,470936,557699,23203.1,12288,229564416,25.5174,153.105,627117,320387,322390,62.3914,322390,6.76194,25.5174,25.5174,,,,,,,9000,dbpedia,SymphonyQG-DiskPort,24,queries/s,470.936,0.5980653762817383,False,32,c0,0,native_integration_optimized_queue,ddb2671e28b68a35ed366acbf8411ddcdf506db63f982842299aea0b9433bd5c,51f0ad0cdf59b3f1b0db53716616a833ce8557449651856253c2b6c1a5960dec
QG_R64_EF400_t3,ef=26,26,,,1,0.816544,79.8354,329895,325803,478809,561454,23203.1,12288,229564416,26.1366,156.819,642332,327813,329826,62.1349,329826,6.68868,26.1366,26.1366,,,,,,,9000,dbpedia,SymphonyQG-DiskPort,25,queries/s,478.809,0.6125755310058594,False,32,c0,0,native_integration_optimized_queue,ddb2671e28b68a35ed366acbf8411ddcdf506db63f982842299aea0b9433bd5c,51f0ad0cdf59b3f1b0db53716616a833ce8557449651856253c2b6c1a5960dec
QG_R64_EF400_t3,ef=27,27,,,1,0.819844,77.9653,340888,334907,499358,595612,23203.1,12288,229564416,26.7409,160.445,657184,338761,340820,61.6663,340820,6.76662,26.7409,26.7409,,,,,,,9000,dbpedia,SymphonyQG-DiskPort,26,queries/s,499.358,0.626739501953125,False,32,c0,0,native_integration_optimized_queue,ddb2671e28b68a35ed366acbf8411ddcdf506db63f982842299aea0b9433bd5c,51f0ad0cdf59b3f1b0db53716616a833ce8557449651856253c2b6c1a5960dec
QG_R64_EF400_t3,ef=28,28,,,1,0.8234,76.1525,350895,344992,507950,598549,23203.1,12288,229564416,27.3624,164.175,672459,348734,350826,62.186,350826,6.76947,27.3624,27.3624,,,,,,,9000,dbpedia,SymphonyQG-DiskPort,27,queries/s,507.95,0.6413068771362305,False,32,c0,0,native_integration_optimized_queue,ddb2671e28b68a35ed366acbf8411ddcdf506db63f982842299aea0b9433bd5c,51f0ad0cdf59b3f1b0db53716616a833ce8557449651856253c2b6c1a5960dec
QG_R64_EF400_t3,ef=29,29,,,1,0.826456,74.6492,358324,352271,516520,612544,23203.1,12288,229564416,27.9569,167.741,687069,356160,358255,61.8331,358255,6.70339,27.9569,27.9569,,,,,,,9000,dbpedia,SymphonyQG-DiskPort,28,queries/s,516.52,0.6552400588989258,False,32,c0,0,native_integration_optimized_queue,ddb2671e28b68a35ed366acbf8411ddcdf506db63f982842299aea0b9433bd5c,51f0ad0cdf59b3f1b0db53716616a833ce8557449651856253c2b6c1a5960dec
QG_R64_EF400_t3,ef=30,30,,,1,0.829222,72.9762,370953,364155,533100,629327,23203.1,12288,229564416,28.5587,171.352,701858,368821,370883,62.667,370883,7.20729,28.5587,28.5587,,,,,,,9000,dbpedia,SymphonyQG-DiskPort,29,queries/s,533.1,0.6693439483642578,False,32,c0,0,native_integration_optimized_queue,ddb2671e28b68a35ed366acbf8411ddcdf506db63f982842299aea0b9433bd5c,51f0ad0cdf59b3f1b0db53716616a833ce8557449651856253c2b6c1a5960dec
QG_R64_EF400_t3,ef=40,40,,,1,0.8487,60.9277,461055,455666,650739,749138,23203.1,12288,229564416,34.3623,206.174,844489,458922,460989,60.0596,460989,6.34577,34.3623,34.3623,,,,,,,9000,dbpedia,SymphonyQG-DiskPort,30,queries/s,650.739,0.8053674697875977,False,32,c0,0,native_integration_optimized_queue,ddb2671e28b68a35ed366acbf8411ddcdf506db63f982842299aea0b9433bd5c,51f0ad0cdf59b3f1b0db53716616a833ce8557449651856253c2b6c1a5960dec
QG_R64_EF400_t3,ef=50,50,,,1,0.861456,52.4977,546158,541456,767346,869967,23203.1,12288,229564416,39.9179,239.507,981022,543867,546093,58.7681,546093,6.44778,39.9179,39.9179,,,,,,,9000,dbpedia,SymphonyQG-DiskPort,31,queries/s,767.346,0.9355754852294922,False,32,c0,0,native_integration_optimized_queue,ddb2671e28b68a35ed366acbf8411ddcdf506db63f982842299aea0b9433bd5c,51f0ad0cdf59b3f1b0db53716616a833ce8557449651856253c2b6c1a5960dec
QG_R64_EF400_t3,ef=60,60,,,1,0.871067,46.1198,628834,623490,885093,999664,23203.1,12288,229564416,45.2846,271.707,1112910.0,626374,628768,58.9074,628768,6.53649,45.2846,45.2846,,,,,,,9000,dbpedia,SymphonyQG-DiskPort,32,queries/s,885.093,1.0613536834716797,False,32,c0,0,native_integration_optimized_queue,ddb2671e28b68a35ed366acbf8411ddcdf506db63f982842299aea0b9433bd5c,51f0ad0cdf59b3f1b0db53716616a833ce8557449651856253c2b6c1a5960dec
QG_R64_EF400_t3,ef=70,70,,,1,0.879367,41.6543,704979,700334,991367,1112890.0,23203.1,12288,229564416,50.4858,302.915,1240740.0,702386,704914,58.3376,704914,6.68623,50.4858,50.4858,,,,,,,9000,dbpedia,SymphonyQG-DiskPort,33,queries/s,991.367,1.1832618713378906,False,32,c0,0,native_integration_optimized_queue,ddb2671e28b68a35ed366acbf8411ddcdf506db63f982842299aea0b9433bd5c,51f0ad0cdf59b3f1b0db53716616a833ce8557449651856253c2b6c1a5960dec
QG_R64_EF400_t3,ef=80,80,,,1,0.884978,37.6758,783875,781443,1099650.0,1224160.0,23203.1,12288,229564416,55.5908,333.545,1366200.0,781109,783810,58.1584,783810,6.69376,55.5908,55.5908,,,,,,,9000,dbpedia,SymphonyQG-DiskPort,34,queries/s,1099.65,1.3029098510742188,False,32,c0,0,native_integration_optimized_queue,ddb2671e28b68a35ed366acbf8411ddcdf506db63f982842299aea0b9433bd5c,51f0ad0cdf59b3f1b0db53716616a833ce8557449651856253c2b6c1a5960dec
QG_R64_EF400_t3,ef=90,90,,,1,0.889589,34.6495,860586,857061,1207350.0,1351890.0,23203.1,12288,229564416,60.5417,363.25,1487870.0,857722,860521,58.0105,860521,6.65894,60.5417,60.5417,,,,,,,9000,dbpedia,SymphonyQG-DiskPort,35,queries/s,1207.35,1.4189434051513672,False,32,c0,0,native_integration_optimized_queue,ddb2671e28b68a35ed366acbf8411ddcdf506db63f982842299aea0b9433bd5c,51f0ad0cdf59b3f1b0db53716616a833ce8557449651856253c2b6c1a5960dec
QG_R64_EF400_t3,ef=100,100,,,1,0.894211,32.1167,933914,928558,1314700.0,1467930.0,23203.1,12288,230555648,65.4249,392.549,1607880.0,930973,933847,59.5533,933847,7.34961,65.4249,65.4249,,,,,,,9000,dbpedia,SymphonyQG-DiskPort,36,queries/s,1314.7,1.5333938598632812,False,32,c0,0,native_integration_optimized_queue,ddb2671e28b68a35ed366acbf8411ddcdf506db63f982842299aea0b9433bd5c,51f0ad0cdf59b3f1b0db53716616a833ce8557449651856253c2b6c1a5960dec
QG_R64_EF400_t3,ef=140,140,,,1,0.905522,25.0912,1215130.0,1205110.0,1733570.0,1935640.0,23203.1,12288,230780928,84.0287,504.172,2065090.0,1211830.0,1215060.0,60.5789,1215060.0,7.14018,84.0287,84.0287,,,,,,,9000,dbpedia,SymphonyQG-DiskPort,37,queries/s,1733.57,1.9694232940673828,False,32,c0,0,native_integration_optimized_queue,ddb2671e28b68a35ed366acbf8411ddcdf506db63f982842299aea0b9433bd5c,51f0ad0cdf59b3f1b0db53716616a833ce8557449651856253c2b6c1a5960dec
QG_R64_EF400_t3,ef=180,180,,,1,0.913111,20.698,1484950.0,1473500.0,2146120.0,2365970.0,23203.1,12288,230780928,101.692,610.151,2499180.0,1481210.0,1484880.0,59.5886,1484880.0,7.08288,101.692,101.692,,,,,,,9000,dbpedia,SymphonyQG-DiskPort,38,queries/s,2146.12,2.383403778076172,False,32,c0,0,native_integration_optimized_queue,ddb2671e28b68a35ed366acbf8411ddcdf506db63f982842299aea0b9433bd5c,51f0ad0cdf59b3f1b0db53716616a833ce8557449651856253c2b6c1a5960dec
QG_R64_EF400_t3,ef=220,220,,,1,0.9183,17.7648,1740360.0,1719190.0,2545220.0,2808510.0,23203.1,12288,230780928,118.684,712.105,2916780.0,1736210.0,1740300.0,57.8262,1740300.0,6.81556,118.684,118.684,,,,,,,9000,dbpedia,SymphonyQG-DiskPort,39,queries/s,2545.22,2.781658172607422,False,32,c0,0,native_integration_optimized_queue,ddb2671e28b68a35ed366acbf8411ddcdf506db63f982842299aea0b9433bd5c,51f0ad0cdf59b3f1b0db53716616a833ce8557449651856253c2b6c1a5960dec
QG_R64_EF400_t3,ef=260,260,,,1,0.922533,15.57,1993530.0,1970700.0,2914800.0,3260550.0,23203.1,12288,235036672,135.134,810.805,3321060.0,1988920.0,1993470.0,58.3678,1993470.0,6.99544,135.134,135.134,,,,,,,9000,dbpedia,SymphonyQG-DiskPort,40,queries/s,2914.8,3.1672096252441406,False,32,c0,0,native_integration_optimized_queue,ddb2671e28b68a35ed366acbf8411ddcdf506db63f982842299aea0b9433bd5c,51f0ad0cdf59b3f1b0db53716616a833ce8557449651856253c2b6c1a5960dec
QG_R64_EF400_t3,ef=300,300,,,1,0.925889,13.9235,2235080.0,2211440.0,3288760.0,3639350.0,23203.1,12288,235126784,151.138,906.828,3714370.0,2230160.0,2235010.0,58.596,2235010.0,6.95302,151.138,151.138,,,,,,,9000,dbpedia,SymphonyQG-DiskPort,41,queries/s,3288.76,3.542299270629883,False,32,c0,0,native_integration_optimized_queue,ddb2671e28b68a35ed366acbf8411ddcdf506db63f982842299aea0b9433bd5c,51f0ad0cdf59b3f1b0db53716616a833ce8557449651856253c2b6c1a5960dec
QG_R64_EF400_t3,ef=340,340,,,1,0.928711,12.6197,2471750.0,2437030.0,3643250.0,4043970.0,23203.1,12288,235126784,166.756,1000.54,4098200.0,2466410.0,2471680.0,58.8425,2471680.0,6.96898,166.756,166.756,,,,,,,9000,dbpedia,SymphonyQG-DiskPort,42,queries/s,3643.25,3.9083480834960938,False,32,c0,0,native_integration_optimized_queue,ddb2671e28b68a35ed366acbf8411ddcdf506db63f982842299aea0b9433bd5c,51f0ad0cdf59b3f1b0db53716616a833ce8557449651856253c2b6c1a5960dec
QG_R64_EF400_t3,ef=380,380,,,1,0.930889,11.5818,2699860.0,2657990.0,4006870.0,4490870.0,23203.1,12288,236179456,182.091,1092.55,4475080.0,2694090.0,2699800.0,57.2306,2699800.0,6.39969,182.091,182.091,,,,,,,9000,dbpedia,SymphonyQG-DiskPort,43,queries/s,4006.87,4.267768859863281,False,32,c0,0,native_integration_optimized_queue,ddb2671e28b68a35ed366acbf8411ddcdf506db63f982842299aea0b9433bd5c,51f0ad0cdf59b3f1b0db53716616a833ce8557449651856253c2b6c1a5960dec
QG_R64_EF400_t3,ef=420,420,,,1,0.933033,10.6852,2930270.0,2882200.0,4384840.0,4859550.0,23203.1,12288,236179456,197.086,1182.51,4843570.0,2924100.0,2930200.0,57.0008,2930200.0,6.51926,197.086,197.086,,,,,,,9000,dbpedia,SymphonyQG-DiskPort,44,queries/s,4384.84,4.61918830871582,False,32,c0,0,native_integration_optimized_queue,ddb2671e28b68a35ed366acbf8411ddcdf506db63f982842299aea0b9433bd5c,51f0ad0cdf59b3f1b0db53716616a833ce8557449651856253c2b6c1a5960dec
QG_R64_EF400_t3,ef=460,460,,,1,0.935044,9.98066,3143800.0,3088850.0,4731620.0,5220940.0,23203.1,12288,237441024,211.85,1271.1,5206420.0,3137160.0,3143730.0,58.362,3143730.0,7.15437,211.85,211.85,,,,,,,9000,dbpedia,SymphonyQG-DiskPort,45,queries/s,4731.62,4.965229034423828,False,32,c0,0,native_integration_optimized_queue,ddb2671e28b68a35ed366acbf8411ddcdf506db63f982842299aea0b9433bd5c,51f0ad0cdf59b3f1b0db53716616a833ce8557449651856253c2b6c1a5960dec
QG_R64_EF400_t3,ef=500,500,,,1,0.936722,9.30864,3374530.0,3310710.0,5093650.0,5659280.0,23203.1,12288,237621248,226.409,1358.46,5564240.0,3367450.0,3374470.0,57.8879,3374470.0,7.29188,226.409,226.409,,,,,,,9000,dbpedia,SymphonyQG-DiskPort,46,queries/s,5093.65,5.3064727783203125,False,32,c0,0,native_integration_optimized_queue,ddb2671e28b68a35ed366acbf8411ddcdf506db63f982842299aea0b9433bd5c,51f0ad0cdf59b3f1b0db53716616a833ce8557449651856253c2b6c1a5960dec
QG_R64_EF400_t3,ef=540,540,,,1,0.9381,8.7535,3593390.0,3522420.0,5418970.0,6079400.0,23203.1,12288,237621248,240.774,1444.65,5917270.0,3585800.0,3593320.0,59.2032,3593320.0,7.06075,240.774,240.774,,,,,,,9000,dbpedia,SymphonyQG-DiskPort,47,queries/s,5418.97,5.643148422241211,False,32,c0,0,native_integration_optimized_queue,ddb2671e28b68a35ed366acbf8411ddcdf506db63f982842299aea0b9433bd5c,51f0ad0cdf59b3f1b0db53716616a833ce8557449651856253c2b6c1a5960dec
QG_R64_EF400_t3,ef=580,580,,,1,0.939567,8.26316,3806550.0,3743180.0,5746710.0,6427860.0,23203.1,12288,237621248,254.938,1529.63,6265370.0,3798550.0,3806490.0,57.5194,3806490.0,6.47928,254.938,254.938,,,,,,,9000,dbpedia,SymphonyQG-DiskPort,48,queries/s,5746.71,5.975122451782227,False,32,c0,0,native_integration_optimized_queue,ddb2671e28b68a35ed366acbf8411ddcdf506db63f982842299aea0b9433bd5c,51f0ad0cdf59b3f1b0db53716616a833ce8557449651856253c2b6c1a5960dec
