suite,dataset,method,status,graph_build_distance,graph_build_mode,shared_graph_build_time_ms,metric,k,nominal_bpd,actual_bytes_per_vector,codebook_bytes,index_size_mb,index_bytes,auxiliary_bytes,residual_bytes,fp32_base_bytes,peak_rss_mb,build_time_ms,graph_build_time_ms,train_time_ms,encode_time_ms,max_degree,build_beam,alpha,search_param_name,search_param_value,search_beam_width,recall,qps,latency_mean_us,latency_p95_us,prepare_us,traverse_us,rerank_us,neighbor_fetch_us,visited_mark_us,paper_batch_us,flush_us,visited_nodes,distance_calls,mean_relative_error,p95_relative_error,mean_absolute_error,top10_overlap,pairwise_flip_rate_top10,payload_bytes_read,avg_bits_read,refine_calls,threads,repeat_id,seed,log_path,note
02_diskann_fair,gist,PQ,done,PQ_quantized,built_in_run,,L2,10,4,480.000000,983040,702.842041,736983296,0,0,0,8559.832031,1712454.092788,1515851.444436,196592.853127,0.000000,64,400,1.2,efSearch,10,1,0.652625,555.371870,1767.328764,2094.368000,NaN,NaN,NaN,NaN,NaN,NaN,NaN,NaN,NaN,0.007903,0.019122,0.008682,0.652625,0.079361,NaN,NaN,0,64,aggregate,20260813,results/round2/gist/raw/02_diskann_fair/PQ/gist_PQ_R64_Lbuild400.log,"DiskANN FixedChunkPQTable with num_pq_chunks=D/2: graph build AND search use the 4bit-equivalent PQ payload (Quantized strategy, NoStore primary, per-method graph)."
02_diskann_fair,gist,PQ,done,PQ_quantized,built_in_run,,L2,10,4,480.000000,983040,702.842041,736983296,0,0,0,8559.832031,1712454.092788,1515851.444436,196592.853127,0.000000,64,400,1.2,efSearch,11,1,0.669750,541.789770,1828.762800,2189.565000,NaN,NaN,NaN,NaN,NaN,NaN,NaN,NaN,NaN,0.007909,0.019131,0.008685,0.669750,0.079778,NaN,NaN,0,64,aggregate,20260813,results/round2/gist/raw/02_diskann_fair/PQ/gist_PQ_R64_Lbuild400.log,"DiskANN FixedChunkPQTable with num_pq_chunks=D/2: graph build AND search use the 4bit-equivalent PQ payload (Quantized strategy, NoStore primary, per-method graph)."
02_diskann_fair,gist,PQ,done,PQ_quantized,built_in_run,,L2,10,4,480.000000,983040,702.842041,736983296,0,0,0,8559.832031,1712454.092788,1515851.444436,196592.853127,0.000000,64,400,1.2,efSearch,12,1,0.682625,525.295310,1886.691903,2260.907000,NaN,NaN,NaN,NaN,NaN,NaN,NaN,NaN,NaN,0.007939,0.019131,0.008686,0.682625,0.079556,NaN,NaN,0,64,aggregate,20260813,results/round2/gist/raw/02_diskann_fair/PQ/gist_PQ_R64_Lbuild400.log,"DiskANN FixedChunkPQTable with num_pq_chunks=D/2: graph build AND search use the 4bit-equivalent PQ payload (Quantized strategy, NoStore primary, per-method graph)."
02_diskann_fair,gist,PQ,done,PQ_quantized,built_in_run,,L2,10,4,480.000000,983040,702.842041,736983296,0,0,0,8559.832031,1712454.092788,1515851.444436,196592.853127,0.000000,64,400,1.2,efSearch,13,1,0.690125,510.202001,1943.247322,2297.610000,NaN,NaN,NaN,NaN,NaN,NaN,NaN,NaN,NaN,0.007940,0.019124,0.008678,0.690125,0.079972,NaN,NaN,0,64,aggregate,20260813,results/round2/gist/raw/02_diskann_fair/PQ/gist_PQ_R64_Lbuild400.log,"DiskANN FixedChunkPQTable with num_pq_chunks=D/2: graph build AND search use the 4bit-equivalent PQ payload (Quantized strategy, NoStore primary, per-method graph)."
02_diskann_fair,gist,PQ,done,PQ_quantized,built_in_run,,L2,10,4,480.000000,983040,702.842041,736983296,0,0,0,8559.832031,1712454.092788,1515851.444436,196592.853127,0.000000,64,400,1.2,efSearch,14,1,0.701125,501.606595,1976.747880,2363.597000,NaN,NaN,NaN,NaN,NaN,NaN,NaN,NaN,NaN,0.007963,0.019134,0.008690,0.701125,0.080500,NaN,NaN,0,64,aggregate,20260813,results/round2/gist/raw/02_diskann_fair/PQ/gist_PQ_R64_Lbuild400.log,"DiskANN FixedChunkPQTable with num_pq_chunks=D/2: graph build AND search use the 4bit-equivalent PQ payload (Quantized strategy, NoStore primary, per-method graph)."
02_diskann_fair,gist,PQ,done,PQ_quantized,built_in_run,,L2,10,4,480.000000,983040,702.842041,736983296,0,0,0,8559.832031,1712454.092788,1515851.444436,196592.853127,0.000000,64,400,1.2,efSearch,15,1,0.712625,493.616784,2009.207821,2391.605000,NaN,NaN,NaN,NaN,NaN,NaN,NaN,NaN,NaN,0.008041,0.019212,0.008720,0.712625,0.081333,NaN,NaN,0,64,aggregate,20260813,results/round2/gist/raw/02_diskann_fair/PQ/gist_PQ_R64_Lbuild400.log,"DiskANN FixedChunkPQTable with num_pq_chunks=D/2: graph build AND search use the 4bit-equivalent PQ payload (Quantized strategy, NoStore primary, per-method graph)."
02_diskann_fair,gist,PQ,done,PQ_quantized,built_in_run,,L2,10,4,480.000000,983040,702.842041,736983296,0,0,0,8559.832031,1712454.092788,1515851.444436,196592.853127,0.000000,64,400,1.2,efSearch,16,1,0.722625,486.985214,2036.593109,2421.163000,NaN,NaN,NaN,NaN,NaN,NaN,NaN,NaN,NaN,0.008042,0.019206,0.008715,0.722625,0.081528,NaN,NaN,0,64,aggregate,20260813,results/round2/gist/raw/02_diskann_fair/PQ/gist_PQ_R64_Lbuild400.log,"DiskANN FixedChunkPQTable with num_pq_chunks=D/2: graph build AND search use the 4bit-equivalent PQ payload (Quantized strategy, NoStore primary, per-method graph)."
02_diskann_fair,gist,PQ,done,PQ_quantized,built_in_run,,L2,10,4,480.000000,983040,702.842041,736983296,0,0,0,8559.832031,1712454.092788,1515851.444436,196592.853127,0.000000,64,400,1.2,efSearch,17,1,0.734375,488.258069,2031.353813,2401.702000,NaN,NaN,NaN,NaN,NaN,NaN,NaN,NaN,NaN,0.008053,0.019212,0.008724,0.734375,0.082306,NaN,NaN,0,64,aggregate,20260813,results/round2/gist/raw/02_diskann_fair/PQ/gist_PQ_R64_Lbuild400.log,"DiskANN FixedChunkPQTable with num_pq_chunks=D/2: graph build AND search use the 4bit-equivalent PQ payload (Quantized strategy, NoStore primary, per-method graph)."
02_diskann_fair,gist,PQ,done,PQ_quantized,built_in_run,,L2,10,4,480.000000,983040,702.842041,736983296,0,0,0,8559.832031,1712454.092788,1515851.444436,196592.853127,0.000000,64,400,1.2,efSearch,18,1,0.743625,473.692114,2094.368209,2486.889000,NaN,NaN,NaN,NaN,NaN,NaN,NaN,NaN,NaN,0.008050,0.019175,0.008724,0.743625,0.082222,NaN,NaN,0,64,aggregate,20260813,results/round2/gist/raw/02_diskann_fair/PQ/gist_PQ_R64_Lbuild400.log,"DiskANN FixedChunkPQTable with num_pq_chunks=D/2: graph build AND search use the 4bit-equivalent PQ payload (Quantized strategy, NoStore primary, per-method graph)."
02_diskann_fair,gist,PQ,done,PQ_quantized,built_in_run,,L2,10,4,480.000000,983040,702.842041,736983296,0,0,0,8559.832031,1712454.092788,1515851.444436,196592.853127,0.000000,64,400,1.2,efSearch,19,1,0.753375,453.679783,2187.403811,2581.349000,NaN,NaN,NaN,NaN,NaN,NaN,NaN,NaN,NaN,0.008049,0.019175,0.008718,0.753375,0.082194,NaN,NaN,0,64,aggregate,20260813,results/round2/gist/raw/02_diskann_fair/PQ/gist_PQ_R64_Lbuild400.log,"DiskANN FixedChunkPQTable with num_pq_chunks=D/2: graph build AND search use the 4bit-equivalent PQ payload (Quantized strategy, NoStore primary, per-method graph)."
02_diskann_fair,gist,PQ,done,PQ_quantized,built_in_run,,L2,10,4,480.000000,983040,702.842041,736983296,0,0,0,8559.832031,1712454.092788,1515851.444436,196592.853127,0.000000,64,400,1.2,efSearch,20,1,0.758750,445.118560,2230.018758,2619.294000,NaN,NaN,NaN,NaN,NaN,NaN,NaN,NaN,NaN,0.008080,0.019175,0.008705,0.758750,0.082694,NaN,NaN,0,64,aggregate,20260813,results/round2/gist/raw/02_diskann_fair/PQ/gist_PQ_R64_Lbuild400.log,"DiskANN FixedChunkPQTable with num_pq_chunks=D/2: graph build AND search use the 4bit-equivalent PQ payload (Quantized strategy, NoStore primary, per-method graph)."
02_diskann_fair,gist,PQ,done,PQ_quantized,built_in_run,,L2,10,4,480.000000,983040,702.842041,736983296,0,0,0,8559.832031,1712454.092788,1515851.444436,196592.853127,0.000000,64,400,1.2,efSearch,21,1,0.767750,435.726530,2278.364265,2680.895000,NaN,NaN,NaN,NaN,NaN,NaN,NaN,NaN,NaN,0.008090,0.019175,0.008723,0.767750,0.082417,NaN,NaN,0,64,aggregate,20260813,results/round2/gist/raw/02_diskann_fair/PQ/gist_PQ_R64_Lbuild400.log,"DiskANN FixedChunkPQTable with num_pq_chunks=D/2: graph build AND search use the 4bit-equivalent PQ payload (Quantized strategy, NoStore primary, per-method graph)."
02_diskann_fair,gist,PQ,done,PQ_quantized,built_in_run,,L2,10,4,480.000000,983040,702.842041,736983296,0,0,0,8559.832031,1712454.092788,1515851.444436,196592.853127,0.000000,64,400,1.2,efSearch,22,1,0.773875,427.606078,2321.916552,2737.264000,NaN,NaN,NaN,NaN,NaN,NaN,NaN,NaN,NaN,0.008194,0.019175,0.008727,0.773875,0.082750,NaN,NaN,0,64,aggregate,20260813,results/round2/gist/raw/02_diskann_fair/PQ/gist_PQ_R64_Lbuild400.log,"DiskANN FixedChunkPQTable with num_pq_chunks=D/2: graph build AND search use the 4bit-equivalent PQ payload (Quantized strategy, NoStore primary, per-method graph)."
02_diskann_fair,gist,PQ,done,PQ_quantized,built_in_run,,L2,10,4,480.000000,983040,702.842041,736983296,0,0,0,8559.832031,1712454.092788,1515851.444436,196592.853127,0.000000,64,400,1.2,efSearch,23,1,0.780500,419.498370,2367.080565,2772.141000,NaN,NaN,NaN,NaN,NaN,NaN,NaN,NaN,NaN,0.008198,0.019175,0.008727,0.780500,0.083306,NaN,NaN,0,64,aggregate,20260813,results/round2/gist/raw/02_diskann_fair/PQ/gist_PQ_R64_Lbuild400.log,"DiskANN FixedChunkPQTable with num_pq_chunks=D/2: graph build AND search use the 4bit-equivalent PQ payload (Quantized strategy, NoStore primary, per-method graph)."
02_diskann_fair,gist,PQ,done,PQ_quantized,built_in_run,,L2,10,4,480.000000,983040,702.842041,736983296,0,0,0,8559.832031,1712454.092788,1515851.444436,196592.853127,0.000000,64,400,1.2,efSearch,24,1,0.786250,411.907646,2410.856559,2839.650000,NaN,NaN,NaN,NaN,NaN,NaN,NaN,NaN,NaN,0.008193,0.019182,0.008717,0.786250,0.083472,NaN,NaN,0,64,aggregate,20260813,results/round2/gist/raw/02_diskann_fair/PQ/gist_PQ_R64_Lbuild400.log,"DiskANN FixedChunkPQTable with num_pq_chunks=D/2: graph build AND search use the 4bit-equivalent PQ payload (Quantized strategy, NoStore primary, per-method graph)."
02_diskann_fair,gist,PQ,done,PQ_quantized,built_in_run,,L2,10,4,480.000000,983040,702.842041,736983296,0,0,0,8559.832031,1712454.092788,1515851.444436,196592.853127,0.000000,64,400,1.2,efSearch,25,1,0.790500,414.461975,2396.101874,2776.308000,NaN,NaN,NaN,NaN,NaN,NaN,NaN,NaN,NaN,0.008190,0.019187,0.008708,0.790500,0.083556,NaN,NaN,0,64,aggregate,20260813,results/round2/gist/raw/02_diskann_fair/PQ/gist_PQ_R64_Lbuild400.log,"DiskANN FixedChunkPQTable with num_pq_chunks=D/2: graph build AND search use the 4bit-equivalent PQ payload (Quantized strategy, NoStore primary, per-method graph)."
02_diskann_fair,gist,PQ,done,PQ_quantized,built_in_run,,L2,10,4,480.000000,983040,702.842041,736983296,0,0,0,8559.832031,1712454.092788,1515851.444436,196592.853127,0.000000,64,400,1.2,efSearch,26,1,0.795375,410.328963,2420.486997,2824.664000,NaN,NaN,NaN,NaN,NaN,NaN,NaN,NaN,NaN,0.008193,0.019187,0.008712,0.795375,0.083861,NaN,NaN,0,64,aggregate,20260813,results/round2/gist/raw/02_diskann_fair/PQ/gist_PQ_R64_Lbuild400.log,"DiskANN FixedChunkPQTable with num_pq_chunks=D/2: graph build AND search use the 4bit-equivalent PQ payload (Quantized strategy, NoStore primary, per-method graph)."
02_diskann_fair,gist,PQ,done,PQ_quantized,built_in_run,,L2,10,4,480.000000,983040,702.842041,736983296,0,0,0,8559.832031,1712454.092788,1515851.444436,196592.853127,0.000000,64,400,1.2,efSearch,27,1,0.799875,403.593440,2461.075799,2840.107000,NaN,NaN,NaN,NaN,NaN,NaN,NaN,NaN,NaN,0.008195,0.019187,0.008718,0.799875,0.084750,NaN,NaN,0,64,aggregate,20260813,results/round2/gist/raw/02_diskann_fair/PQ/gist_PQ_R64_Lbuild400.log,"DiskANN FixedChunkPQTable with num_pq_chunks=D/2: graph build AND search use the 4bit-equivalent PQ payload (Quantized strategy, NoStore primary, per-method graph)."
02_diskann_fair,gist,PQ,done,PQ_quantized,built_in_run,,L2,10,4,480.000000,983040,702.842041,736983296,0,0,0,8559.832031,1712454.092788,1515851.444436,196592.853127,0.000000,64,400,1.2,efSearch,28,1,0.802750,396.618884,2504.617513,2916.278000,NaN,NaN,NaN,NaN,NaN,NaN,NaN,NaN,NaN,0.008189,0.019187,0.008706,0.802750,0.084861,NaN,NaN,0,64,aggregate,20260813,results/round2/gist/raw/02_diskann_fair/PQ/gist_PQ_R64_Lbuild400.log,"DiskANN FixedChunkPQTable with num_pq_chunks=D/2: graph build AND search use the 4bit-equivalent PQ payload (Quantized strategy, NoStore primary, per-method graph)."
02_diskann_fair,gist,PQ,done,PQ_quantized,built_in_run,,L2,10,4,480.000000,983040,702.842041,736983296,0,0,0,8559.832031,1712454.092788,1515851.444436,196592.853127,0.000000,64,400,1.2,efSearch,29,1,0.805375,380.423476,2612.037679,3038.827000,NaN,NaN,NaN,NaN,NaN,NaN,NaN,NaN,NaN,0.008189,0.019187,0.008706,0.805375,0.084806,NaN,NaN,0,64,aggregate,20260813,results/round2/gist/raw/02_diskann_fair/PQ/gist_PQ_R64_Lbuild400.log,"DiskANN FixedChunkPQTable with num_pq_chunks=D/2: graph build AND search use the 4bit-equivalent PQ payload (Quantized strategy, NoStore primary, per-method graph)."
02_diskann_fair,gist,PQ,done,PQ_quantized,built_in_run,,L2,10,4,480.000000,983040,702.842041,736983296,0,0,0,8559.832031,1712454.092788,1515851.444436,196592.853127,0.000000,64,400,1.2,efSearch,30,1,0.808625,378.248906,2627.087244,3045.018000,NaN,NaN,NaN,NaN,NaN,NaN,NaN,NaN,NaN,0.008191,0.019187,0.008707,0.808625,0.085472,NaN,NaN,0,64,aggregate,20260813,results/round2/gist/raw/02_diskann_fair/PQ/gist_PQ_R64_Lbuild400.log,"DiskANN FixedChunkPQTable with num_pq_chunks=D/2: graph build AND search use the 4bit-equivalent PQ payload (Quantized strategy, NoStore primary, per-method graph)."
02_diskann_fair,gist,PQ,done,PQ_quantized,built_in_run,,L2,10,4,480.000000,983040,702.842041,736983296,0,0,0,8559.832031,1712454.092788,1515851.444436,196592.853127,0.000000,64,400,1.2,efSearch,40,1,0.838500,325.758527,3052.422729,3501.693000,NaN,NaN,NaN,NaN,NaN,NaN,NaN,NaN,NaN,0.008195,0.019197,0.008691,0.838500,0.085806,NaN,NaN,0,64,aggregate,20260813,results/round2/gist/raw/02_diskann_fair/PQ/gist_PQ_R64_Lbuild400.log,"DiskANN FixedChunkPQTable with num_pq_chunks=D/2: graph build AND search use the 4bit-equivalent PQ payload (Quantized strategy, NoStore primary, per-method graph)."
02_diskann_fair,gist,PQ,done,PQ_quantized,built_in_run,,L2,10,4,480.000000,983040,702.842041,736983296,0,0,0,8559.832031,1712454.092788,1515851.444436,196592.853127,0.000000,64,400,1.2,efSearch,50,1,0.860750,282.858036,3518.267589,4028.710000,NaN,NaN,NaN,NaN,NaN,NaN,NaN,NaN,NaN,0.008210,0.019240,0.008702,0.860750,0.087389,NaN,NaN,0,64,aggregate,20260813,results/round2/gist/raw/02_diskann_fair/PQ/gist_PQ_R64_Lbuild400.log,"DiskANN FixedChunkPQTable with num_pq_chunks=D/2: graph build AND search use the 4bit-equivalent PQ payload (Quantized strategy, NoStore primary, per-method graph)."
02_diskann_fair,gist,PQ,done,PQ_quantized,built_in_run,,L2,10,4,480.000000,983040,702.842041,736983296,0,0,0,8559.832031,1712454.092788,1515851.444436,196592.853127,0.000000,64,400,1.2,efSearch,60,1,0.874125,253.392472,3929.658493,4492.050000,NaN,NaN,NaN,NaN,NaN,NaN,NaN,NaN,NaN,0.008221,0.019240,0.008720,0.874125,0.088472,NaN,NaN,0,64,aggregate,20260813,results/round2/gist/raw/02_diskann_fair/PQ/gist_PQ_R64_Lbuild400.log,"DiskANN FixedChunkPQTable with num_pq_chunks=D/2: graph build AND search use the 4bit-equivalent PQ payload (Quantized strategy, NoStore primary, per-method graph)."
02_diskann_fair,gist,PQ,done,PQ_quantized,built_in_run,,L2,10,4,480.000000,983040,702.842041,736983296,0,0,0,8559.832031,1712454.092788,1515851.444436,196592.853127,0.000000,64,400,1.2,efSearch,70,1,0.881500,228.674499,4356.248619,5012.008000,NaN,NaN,NaN,NaN,NaN,NaN,NaN,NaN,NaN,0.008216,0.019206,0.008709,0.881500,0.088083,NaN,NaN,0,64,aggregate,20260813,results/round2/gist/raw/02_diskann_fair/PQ/gist_PQ_R64_Lbuild400.log,"DiskANN FixedChunkPQTable with num_pq_chunks=D/2: graph build AND search use the 4bit-equivalent PQ payload (Quantized strategy, NoStore primary, per-method graph)."
02_diskann_fair,gist,PQ,done,PQ_quantized,built_in_run,,L2,10,4,480.000000,983040,702.842041,736983296,0,0,0,8559.832031,1712454.092788,1515851.444436,196592.853127,0.000000,64,400,1.2,efSearch,80,1,0.887000,209.746442,4750.944825,5481.612000,NaN,NaN,NaN,NaN,NaN,NaN,NaN,NaN,NaN,0.008209,0.019201,0.008696,0.887000,0.087361,NaN,NaN,0,64,aggregate,20260813,results/round2/gist/raw/02_diskann_fair/PQ/gist_PQ_R64_Lbuild400.log,"DiskANN FixedChunkPQTable with num_pq_chunks=D/2: graph build AND search use the 4bit-equivalent PQ payload (Quantized strategy, NoStore primary, per-method graph)."
02_diskann_fair,gist,PQ,done,PQ_quantized,built_in_run,,L2,10,4,480.000000,983040,702.842041,736983296,0,0,0,8559.832031,1712454.092788,1515851.444436,196592.853127,0.000000,64,400,1.2,efSearch,90,1,0.891250,195.919149,5087.116828,5947.980000,NaN,NaN,NaN,NaN,NaN,NaN,NaN,NaN,NaN,0.008210,0.019201,0.008693,0.891250,0.087667,NaN,NaN,0,64,aggregate,20260813,results/round2/gist/raw/02_diskann_fair/PQ/gist_PQ_R64_Lbuild400.log,"DiskANN FixedChunkPQTable with num_pq_chunks=D/2: graph build AND search use the 4bit-equivalent PQ payload (Quantized strategy, NoStore primary, per-method graph)."
02_diskann_fair,gist,PQ,done,PQ_quantized,built_in_run,,L2,10,4,480.000000,983040,702.842041,736983296,0,0,0,8559.832031,1712454.092788,1515851.444436,196592.853127,0.000000,64,400,1.2,efSearch,100,1,0.895250,186.131168,5355.486759,6212.032000,NaN,NaN,NaN,NaN,NaN,NaN,NaN,NaN,NaN,0.008207,0.019201,0.008690,0.895250,0.087972,NaN,NaN,0,64,aggregate,20260813,results/round2/gist/raw/02_diskann_fair/PQ/gist_PQ_R64_Lbuild400.log,"DiskANN FixedChunkPQTable with num_pq_chunks=D/2: graph build AND search use the 4bit-equivalent PQ payload (Quantized strategy, NoStore primary, per-method graph)."
02_diskann_fair,gist,PQ,done,PQ_quantized,built_in_run,,L2,10,4,480.000000,983040,702.842041,736983296,0,0,0,8559.832031,1712454.092788,1515851.444436,196592.853127,0.000000,64,400,1.2,efSearch,140,1,0.904625,145.749085,6844.250772,8082.008000,NaN,NaN,NaN,NaN,NaN,NaN,NaN,NaN,NaN,0.008215,0.019197,0.008701,0.904625,0.088361,NaN,NaN,0,64,aggregate,20260813,results/round2/gist/raw/02_diskann_fair/PQ/gist_PQ_R64_Lbuild400.log,"DiskANN FixedChunkPQTable with num_pq_chunks=D/2: graph build AND search use the 4bit-equivalent PQ payload (Quantized strategy, NoStore primary, per-method graph)."
02_diskann_fair,gist,PQ,done,PQ_quantized,built_in_run,,L2,10,4,480.000000,983040,702.842041,736983296,0,0,0,8559.832031,1712454.092788,1515851.444436,196592.853127,0.000000,64,400,1.2,efSearch,180,1,0.909250,120.400746,8288.844626,9924.585000,NaN,NaN,NaN,NaN,NaN,NaN,NaN,NaN,NaN,0.008220,0.019197,0.008708,0.909250,0.089056,NaN,NaN,0,64,aggregate,20260813,results/round2/gist/raw/02_diskann_fair/PQ/gist_PQ_R64_Lbuild400.log,"DiskANN FixedChunkPQTable with num_pq_chunks=D/2: graph build AND search use the 4bit-equivalent PQ payload (Quantized strategy, NoStore primary, per-method graph)."
02_diskann_fair,gist,PQ,done,PQ_quantized,built_in_run,,L2,10,4,480.000000,983040,702.842041,736983296,0,0,0,8559.832031,1712454.092788,1515851.444436,196592.853127,0.000000,64,400,1.2,efSearch,220,1,0.911375,102.876781,9702.619762,11844.492000,NaN,NaN,NaN,NaN,NaN,NaN,NaN,NaN,NaN,0.008219,0.019197,0.008707,0.911375,0.089194,NaN,NaN,0,64,aggregate,20260813,results/round2/gist/raw/02_diskann_fair/PQ/gist_PQ_R64_Lbuild400.log,"DiskANN FixedChunkPQTable with num_pq_chunks=D/2: graph build AND search use the 4bit-equivalent PQ payload (Quantized strategy, NoStore primary, per-method graph)."
02_diskann_fair,gist,PQ,done,PQ_quantized,built_in_run,,L2,10,4,480.000000,983040,702.842041,736983296,0,0,0,8559.832031,1712454.092788,1515851.444436,196592.853127,0.000000,64,400,1.2,efSearch,260,1,0.913000,87.851432,11364.879306,13966.655000,NaN,NaN,NaN,NaN,NaN,NaN,NaN,NaN,NaN,0.008224,0.019197,0.008715,0.913000,0.089611,NaN,NaN,0,64,aggregate,20260813,results/round2/gist/raw/02_diskann_fair/PQ/gist_PQ_R64_Lbuild400.log,"DiskANN FixedChunkPQTable with num_pq_chunks=D/2: graph build AND search use the 4bit-equivalent PQ payload (Quantized strategy, NoStore primary, per-method graph)."
02_diskann_fair,gist,PQ,done,PQ_quantized,built_in_run,,L2,10,4,480.000000,983040,702.842041,736983296,0,0,0,8559.832031,1712454.092788,1515851.444436,196592.853127,0.000000,64,400,1.2,efSearch,300,1,0.914250,82.987538,12031.179106,14764.834000,NaN,NaN,NaN,NaN,NaN,NaN,NaN,NaN,NaN,0.008223,0.019197,0.008716,0.914250,0.089500,NaN,NaN,0,64,aggregate,20260813,results/round2/gist/raw/02_diskann_fair/PQ/gist_PQ_R64_Lbuild400.log,"DiskANN FixedChunkPQTable with num_pq_chunks=D/2: graph build AND search use the 4bit-equivalent PQ payload (Quantized strategy, NoStore primary, per-method graph)."
02_diskann_fair,gist,PQ,done,PQ_quantized,built_in_run,,L2,10,4,480.000000,983040,702.842041,736983296,0,0,0,8559.832031,1712454.092788,1515851.444436,196592.853127,0.000000,64,400,1.2,efSearch,340,1,0.914625,75.657064,13198.852768,16361.263000,NaN,NaN,NaN,NaN,NaN,NaN,NaN,NaN,NaN,0.008223,0.019197,0.008716,0.914625,0.089528,NaN,NaN,0,64,aggregate,20260813,results/round2/gist/raw/02_diskann_fair/PQ/gist_PQ_R64_Lbuild400.log,"DiskANN FixedChunkPQTable with num_pq_chunks=D/2: graph build AND search use the 4bit-equivalent PQ payload (Quantized strategy, NoStore primary, per-method graph)."
02_diskann_fair,gist,PQ,done,PQ_quantized,built_in_run,,L2,10,4,480.000000,983040,702.842041,736983296,0,0,0,8559.832031,1712454.092788,1515851.444436,196592.853127,0.000000,64,400,1.2,efSearch,380,1,0.915000,65.863820,15162.747491,18875.810000,NaN,NaN,NaN,NaN,NaN,NaN,NaN,NaN,NaN,0.008224,0.019197,0.008717,0.915000,0.089583,NaN,NaN,0,64,aggregate,20260813,results/round2/gist/raw/02_diskann_fair/PQ/gist_PQ_R64_Lbuild400.log,"DiskANN FixedChunkPQTable with num_pq_chunks=D/2: graph build AND search use the 4bit-equivalent PQ payload (Quantized strategy, NoStore primary, per-method graph)."
02_diskann_fair,gist,PQ,done,PQ_quantized,built_in_run,,L2,10,4,480.000000,983040,702.842041,736983296,0,0,0,8559.832031,1712454.092788,1515851.444436,196592.853127,0.000000,64,400,1.2,efSearch,420,1,0.915125,60.680660,16459.138155,20569.946000,NaN,NaN,NaN,NaN,NaN,NaN,NaN,NaN,NaN,0.008224,0.019197,0.008717,0.915125,0.089583,NaN,NaN,0,64,aggregate,20260813,results/round2/gist/raw/02_diskann_fair/PQ/gist_PQ_R64_Lbuild400.log,"DiskANN FixedChunkPQTable with num_pq_chunks=D/2: graph build AND search use the 4bit-equivalent PQ payload (Quantized strategy, NoStore primary, per-method graph)."
02_diskann_fair,gist,PQ,done,PQ_quantized,built_in_run,,L2,10,4,480.000000,983040,702.842041,736983296,0,0,0,8559.832031,1712454.092788,1515851.444436,196592.853127,0.000000,64,400,1.2,efSearch,460,1,0.915375,58.187884,17166.350429,21776.589000,NaN,NaN,NaN,NaN,NaN,NaN,NaN,NaN,NaN,0.008223,0.019197,0.008715,0.915375,0.089528,NaN,NaN,0,64,aggregate,20260813,results/round2/gist/raw/02_diskann_fair/PQ/gist_PQ_R64_Lbuild400.log,"DiskANN FixedChunkPQTable with num_pq_chunks=D/2: graph build AND search use the 4bit-equivalent PQ payload (Quantized strategy, NoStore primary, per-method graph)."
02_diskann_fair,gist,PQ,done,PQ_quantized,built_in_run,,L2,10,4,480.000000,983040,702.842041,736983296,0,0,0,8559.910156,1703753.011534,1495718.006364,208024.205393,0.000000,64,400,1.2,efSearch,10,1,0.652625,559.492289,1756.087892,2108.107000,NaN,NaN,NaN,NaN,NaN,NaN,NaN,NaN,NaN,0.007903,0.019122,0.008682,0.652625,0.079361,NaN,NaN,0,64,aggregate,20260813,results/round2/gist/raw/02_diskann_fair/PQ/gist_PQ_R64_Lbuild400.log,"DiskANN FixedChunkPQTable with num_pq_chunks=D/2: graph build AND search use the 4bit-equivalent PQ payload (Quantized strategy, NoStore primary, per-method graph)."
02_diskann_fair,gist,PQ,done,PQ_quantized,built_in_run,,L2,10,4,480.000000,983040,702.842041,736983296,0,0,0,8559.910156,1703753.011534,1495718.006364,208024.205393,0.000000,64,400,1.2,efSearch,11,1,0.669750,523.746838,1892.367824,2321.442000,NaN,NaN,NaN,NaN,NaN,NaN,NaN,NaN,NaN,0.007909,0.019131,0.008685,0.669750,0.079778,NaN,NaN,0,64,aggregate,20260813,results/round2/gist/raw/02_diskann_fair/PQ/gist_PQ_R64_Lbuild400.log,"DiskANN FixedChunkPQTable with num_pq_chunks=D/2: graph build AND search use the 4bit-equivalent PQ payload (Quantized strategy, NoStore primary, per-method graph)."
02_diskann_fair,gist,PQ,done,PQ_quantized,built_in_run,,L2,10,4,480.000000,983040,702.842041,736983296,0,0,0,8559.910156,1703753.011534,1495718.006364,208024.205393,0.000000,64,400,1.2,efSearch,12,1,0.682625,525.344989,1886.624044,2265.650000,NaN,NaN,NaN,NaN,NaN,NaN,NaN,NaN,NaN,0.007939,0.019131,0.008686,0.682625,0.079556,NaN,NaN,0,64,aggregate,20260813,results/round2/gist/raw/02_diskann_fair/PQ/gist_PQ_R64_Lbuild400.log,"DiskANN FixedChunkPQTable with num_pq_chunks=D/2: graph build AND search use the 4bit-equivalent PQ payload (Quantized strategy, NoStore primary, per-method graph)."
02_diskann_fair,gist,PQ,done,PQ_quantized,built_in_run,,L2,10,4,480.000000,983040,702.842041,736983296,0,0,0,8559.910156,1703753.011534,1495718.006364,208024.205393,0.000000,64,400,1.2,efSearch,13,1,0.690125,522.431074,1897.441924,2222.543000,NaN,NaN,NaN,NaN,NaN,NaN,NaN,NaN,NaN,0.007940,0.019124,0.008678,0.690125,0.079972,NaN,NaN,0,64,aggregate,20260813,results/round2/gist/raw/02_diskann_fair/PQ/gist_PQ_R64_Lbuild400.log,"DiskANN FixedChunkPQTable with num_pq_chunks=D/2: graph build AND search use the 4bit-equivalent PQ payload (Quantized strategy, NoStore primary, per-method graph)."
02_diskann_fair,gist,PQ,done,PQ_quantized,built_in_run,,L2,10,4,480.000000,983040,702.842041,736983296,0,0,0,8559.910156,1703753.011534,1495718.006364,208024.205393,0.000000,64,400,1.2,efSearch,14,1,0.701125,512.457434,1934.589427,2294.033000,NaN,NaN,NaN,NaN,NaN,NaN,NaN,NaN,NaN,0.007963,0.019134,0.008690,0.701125,0.080500,NaN,NaN,0,64,aggregate,20260813,results/round2/gist/raw/02_diskann_fair/PQ/gist_PQ_R64_Lbuild400.log,"DiskANN FixedChunkPQTable with num_pq_chunks=D/2: graph build AND search use the 4bit-equivalent PQ payload (Quantized strategy, NoStore primary, per-method graph)."
02_diskann_fair,gist,PQ,done,PQ_quantized,built_in_run,,L2,10,4,480.000000,983040,702.842041,736983296,0,0,0,8559.910156,1703753.011534,1495718.006364,208024.205393,0.000000,64,400,1.2,efSearch,15,1,0.712625,490.451835,2021.673720,2403.669000,NaN,NaN,NaN,NaN,NaN,NaN,NaN,NaN,NaN,0.008041,0.019212,0.008720,0.712625,0.081333,NaN,NaN,0,64,aggregate,20260813,results/round2/gist/raw/02_diskann_fair/PQ/gist_PQ_R64_Lbuild400.log,"DiskANN FixedChunkPQTable with num_pq_chunks=D/2: graph build AND search use the 4bit-equivalent PQ payload (Quantized strategy, NoStore primary, per-method graph)."
02_diskann_fair,gist,PQ,done,PQ_quantized,built_in_run,,L2,10,4,480.000000,983040,702.842041,736983296,0,0,0,8559.910156,1703753.011534,1495718.006364,208024.205393,0.000000,64,400,1.2,efSearch,16,1,0.722625,489.151536,2027.558658,2386.691000,NaN,NaN,NaN,NaN,NaN,NaN,NaN,NaN,NaN,0.008042,0.019206,0.008715,0.722625,0.081528,NaN,NaN,0,64,aggregate,20260813,results/round2/gist/raw/02_diskann_fair/PQ/gist_PQ_R64_Lbuild400.log,"DiskANN FixedChunkPQTable with num_pq_chunks=D/2: graph build AND search use the 4bit-equivalent PQ payload (Quantized strategy, NoStore primary, per-method graph)."
02_diskann_fair,gist,PQ,done,PQ_quantized,built_in_run,,L2,10,4,480.000000,983040,702.842041,736983296,0,0,0,8559.910156,1703753.011534,1495718.006364,208024.205393,0.000000,64,400,1.2,efSearch,17,1,0.734375,478.419584,2073.498112,2439.315000,NaN,NaN,NaN,NaN,NaN,NaN,NaN,NaN,NaN,0.008053,0.019212,0.008724,0.734375,0.082306,NaN,NaN,0,64,aggregate,20260813,results/round2/gist/raw/02_diskann_fair/PQ/gist_PQ_R64_Lbuild400.log,"DiskANN FixedChunkPQTable with num_pq_chunks=D/2: graph build AND search use the 4bit-equivalent PQ payload (Quantized strategy, NoStore primary, per-method graph)."
02_diskann_fair,gist,PQ,done,PQ_quantized,built_in_run,,L2,10,4,480.000000,983040,702.842041,736983296,0,0,0,8559.910156,1703753.011534,1495718.006364,208024.205393,0.000000,64,400,1.2,efSearch,18,1,0.743625,467.740363,2121.117476,2499.590000,NaN,NaN,NaN,NaN,NaN,NaN,NaN,NaN,NaN,0.008050,0.019175,0.008724,0.743625,0.082222,NaN,NaN,0,64,aggregate,20260813,results/round2/gist/raw/02_diskann_fair/PQ/gist_PQ_R64_Lbuild400.log,"DiskANN FixedChunkPQTable with num_pq_chunks=D/2: graph build AND search use the 4bit-equivalent PQ payload (Quantized strategy, NoStore primary, per-method graph)."
02_diskann_fair,gist,PQ,done,PQ_quantized,built_in_run,,L2,10,4,480.000000,983040,702.842041,736983296,0,0,0,8559.910156,1703753.011534,1495718.006364,208024.205393,0.000000,64,400,1.2,efSearch,19,1,0.753375,457.482190,2167.855962,2557.874000,NaN,NaN,NaN,NaN,NaN,NaN,NaN,NaN,NaN,0.008049,0.019175,0.008718,0.753375,0.082194,NaN,NaN,0,64,aggregate,20260813,results/round2/gist/raw/02_diskann_fair/PQ/gist_PQ_R64_Lbuild400.log,"DiskANN FixedChunkPQTable with num_pq_chunks=D/2: graph build AND search use the 4bit-equivalent PQ payload (Quantized strategy, NoStore primary, per-method graph)."
02_diskann_fair,gist,PQ,done,PQ_quantized,built_in_run,,L2,10,4,480.000000,983040,702.842041,736983296,0,0,0,8559.910156,1703753.011534,1495718.006364,208024.205393,0.000000,64,400,1.2,efSearch,20,1,0.758750,448.783247,2211.602135,2605.313000,NaN,NaN,NaN,NaN,NaN,NaN,NaN,NaN,NaN,0.008080,0.019175,0.008705,0.758750,0.082694,NaN,NaN,0,64,aggregate,20260813,results/round2/gist/raw/02_diskann_fair/PQ/gist_PQ_R64_Lbuild400.log,"DiskANN FixedChunkPQTable with num_pq_chunks=D/2: graph build AND search use the 4bit-equivalent PQ payload (Quantized strategy, NoStore primary, per-method graph)."
02_diskann_fair,gist,PQ,done,PQ_quantized,built_in_run,,L2,10,4,480.000000,983040,702.842041,736983296,0,0,0,8559.910156,1703753.011534,1495718.006364,208024.205393,0.000000,64,400,1.2,efSearch,21,1,0.767750,439.068668,2260.826335,2635.077000,NaN,NaN,NaN,NaN,NaN,NaN,NaN,NaN,NaN,0.008090,0.019175,0.008723,0.767750,0.082417,NaN,NaN,0,64,aggregate,20260813,results/round2/gist/raw/02_diskann_fair/PQ/gist_PQ_R64_Lbuild400.log,"DiskANN FixedChunkPQTable with num_pq_chunks=D/2: graph build AND search use the 4bit-equivalent PQ payload (Quantized strategy, NoStore primary, per-method graph)."
02_diskann_fair,gist,PQ,done,PQ_quantized,built_in_run,,L2,10,4,480.000000,983040,702.842041,736983296,0,0,0,8559.910156,1703753.011534,1495718.006364,208024.205393,0.000000,64,400,1.2,efSearch,22,1,0.773875,430.995402,2303.452207,2686.497000,NaN,NaN,NaN,NaN,NaN,NaN,NaN,NaN,NaN,0.008194,0.019175,0.008727,0.773875,0.082750,NaN,NaN,0,64,aggregate,20260813,results/round2/gist/raw/02_diskann_fair/PQ/gist_PQ_R64_Lbuild400.log,"DiskANN FixedChunkPQTable with num_pq_chunks=D/2: graph build AND search use the 4bit-equivalent PQ payload (Quantized strategy, NoStore primary, per-method graph)."
02_diskann_fair,gist,PQ,done,PQ_quantized,built_in_run,,L2,10,4,480.000000,983040,702.842041,736983296,0,0,0,8559.910156,1703753.011534,1495718.006364,208024.205393,0.000000,64,400,1.2,efSearch,23,1,0.780500,423.209020,2345.021465,2736.614000,NaN,NaN,NaN,NaN,NaN,NaN,NaN,NaN,NaN,0.008198,0.019175,0.008727,0.780500,0.083306,NaN,NaN,0,64,aggregate,20260813,results/round2/gist/raw/02_diskann_fair/PQ/gist_PQ_R64_Lbuild400.log,"DiskANN FixedChunkPQTable with num_pq_chunks=D/2: graph build AND search use the 4bit-equivalent PQ payload (Quantized strategy, NoStore primary, per-method graph)."
02_diskann_fair,gist,PQ,done,PQ_quantized,built_in_run,,L2,10,4,480.000000,983040,702.842041,736983296,0,0,0,8559.910156,1703753.011534,1495718.006364,208024.205393,0.000000,64,400,1.2,efSearch,24,1,0.786250,415.316018,2391.154381,2782.108000,NaN,NaN,NaN,NaN,NaN,NaN,NaN,NaN,NaN,0.008193,0.019182,0.008717,0.786250,0.083472,NaN,NaN,0,64,aggregate,20260813,results/round2/gist/raw/02_diskann_fair/PQ/gist_PQ_R64_Lbuild400.log,"DiskANN FixedChunkPQTable with num_pq_chunks=D/2: graph build AND search use the 4bit-equivalent PQ payload (Quantized strategy, NoStore primary, per-method graph)."
02_diskann_fair,gist,PQ,done,PQ_quantized,built_in_run,,L2,10,4,480.000000,983040,702.842041,736983296,0,0,0,8559.910156,1703753.011534,1495718.006364,208024.205393,0.000000,64,400,1.2,efSearch,25,1,0.790500,408.752877,2429.934138,2826.592000,NaN,NaN,NaN,NaN,NaN,NaN,NaN,NaN,NaN,0.008190,0.019187,0.008708,0.790500,0.083556,NaN,NaN,0,64,aggregate,20260813,results/round2/gist/raw/02_diskann_fair/PQ/gist_PQ_R64_Lbuild400.log,"DiskANN FixedChunkPQTable with num_pq_chunks=D/2: graph build AND search use the 4bit-equivalent PQ payload (Quantized strategy, NoStore primary, per-method graph)."
02_diskann_fair,gist,PQ,done,PQ_quantized,built_in_run,,L2,10,4,480.000000,983040,702.842041,736983296,0,0,0,8559.910156,1703753.011534,1495718.006364,208024.205393,0.000000,64,400,1.2,efSearch,26,1,0.795375,402.317305,2467.871651,2871.214000,NaN,NaN,NaN,NaN,NaN,NaN,NaN,NaN,NaN,0.008193,0.019187,0.008712,0.795375,0.083861,NaN,NaN,0,64,aggregate,20260813,results/round2/gist/raw/02_diskann_fair/PQ/gist_PQ_R64_Lbuild400.log,"DiskANN FixedChunkPQTable with num_pq_chunks=D/2: graph build AND search use the 4bit-equivalent PQ payload (Quantized strategy, NoStore primary, per-method graph)."
02_diskann_fair,gist,PQ,done,PQ_quantized,built_in_run,,L2,10,4,480.000000,983040,702.842041,736983296,0,0,0,8559.910156,1703753.011534,1495718.006364,208024.205393,0.000000,64,400,1.2,efSearch,27,1,0.799875,396.079011,2508.184783,2911.911000,NaN,NaN,NaN,NaN,NaN,NaN,NaN,NaN,NaN,0.008195,0.019187,0.008718,0.799875,0.084750,NaN,NaN,0,64,aggregate,20260813,results/round2/gist/raw/02_diskann_fair/PQ/gist_PQ_R64_Lbuild400.log,"DiskANN FixedChunkPQTable with num_pq_chunks=D/2: graph build AND search use the 4bit-equivalent PQ payload (Quantized strategy, NoStore primary, per-method graph)."
02_diskann_fair,gist,PQ,done,PQ_quantized,built_in_run,,L2,10,4,480.000000,983040,702.842041,736983296,0,0,0,8559.910156,1703753.011534,1495718.006364,208024.205393,0.000000,64,400,1.2,efSearch,28,1,0.802750,389.043683,2553.785333,2942.214000,NaN,NaN,NaN,NaN,NaN,NaN,NaN,NaN,NaN,0.008189,0.019187,0.008706,0.802750,0.084861,NaN,NaN,0,64,aggregate,20260813,results/round2/gist/raw/02_diskann_fair/PQ/gist_PQ_R64_Lbuild400.log,"DiskANN FixedChunkPQTable with num_pq_chunks=D/2: graph build AND search use the 4bit-equivalent PQ payload (Quantized strategy, NoStore primary, per-method graph)."
02_diskann_fair,gist,PQ,done,PQ_quantized,built_in_run,,L2,10,4,480.000000,983040,702.842041,736983296,0,0,0,8559.910156,1703753.011534,1495718.006364,208024.205393,0.000000,64,400,1.2,efSearch,29,1,0.805375,382.799825,2594.630245,2992.454000,NaN,NaN,NaN,NaN,NaN,NaN,NaN,NaN,NaN,0.008189,0.019187,0.008706,0.805375,0.084806,NaN,NaN,0,64,aggregate,20260813,results/round2/gist/raw/02_diskann_fair/PQ/gist_PQ_R64_Lbuild400.log,"DiskANN FixedChunkPQTable with num_pq_chunks=D/2: graph build AND search use the 4bit-equivalent PQ payload (Quantized strategy, NoStore primary, per-method graph)."
02_diskann_fair,gist,PQ,done,PQ_quantized,built_in_run,,L2,10,4,480.000000,983040,702.842041,736983296,0,0,0,8559.910156,1703753.011534,1495718.006364,208024.205393,0.000000,64,400,1.2,efSearch,30,1,0.808625,376.434146,2639.929475,3048.272000,NaN,NaN,NaN,NaN,NaN,NaN,NaN,NaN,NaN,0.008191,0.019187,0.008707,0.808625,0.085472,NaN,NaN,0,64,aggregate,20260813,results/round2/gist/raw/02_diskann_fair/PQ/gist_PQ_R64_Lbuild400.log,"DiskANN FixedChunkPQTable with num_pq_chunks=D/2: graph build AND search use the 4bit-equivalent PQ payload (Quantized strategy, NoStore primary, per-method graph)."
02_diskann_fair,gist,PQ,done,PQ_quantized,built_in_run,,L2,10,4,480.000000,983040,702.842041,736983296,0,0,0,8559.910156,1703753.011534,1495718.006364,208024.205393,0.000000,64,400,1.2,efSearch,40,1,0.838500,325.372778,3055.980694,3467.664000,NaN,NaN,NaN,NaN,NaN,NaN,NaN,NaN,NaN,0.008195,0.019197,0.008691,0.838500,0.085806,NaN,NaN,0,64,aggregate,20260813,results/round2/gist/raw/02_diskann_fair/PQ/gist_PQ_R64_Lbuild400.log,"DiskANN FixedChunkPQTable with num_pq_chunks=D/2: graph build AND search use the 4bit-equivalent PQ payload (Quantized strategy, NoStore primary, per-method graph)."
02_diskann_fair,gist,PQ,done,PQ_quantized,built_in_run,,L2,10,4,480.000000,983040,702.842041,736983296,0,0,0,8559.910156,1703753.011534,1495718.006364,208024.205393,0.000000,64,400,1.2,efSearch,50,1,0.860750,286.043478,3477.744286,3951.923000,NaN,NaN,NaN,NaN,NaN,NaN,NaN,NaN,NaN,0.008210,0.019240,0.008702,0.860750,0.087389,NaN,NaN,0,64,aggregate,20260813,results/round2/gist/raw/02_diskann_fair/PQ/gist_PQ_R64_Lbuild400.log,"DiskANN FixedChunkPQTable with num_pq_chunks=D/2: graph build AND search use the 4bit-equivalent PQ payload (Quantized strategy, NoStore primary, per-method graph)."
02_diskann_fair,gist,PQ,done,PQ_quantized,built_in_run,,L2,10,4,480.000000,983040,702.842041,736983296,0,0,0,8559.910156,1703753.011534,1495718.006364,208024.205393,0.000000,64,400,1.2,efSearch,60,1,0.874125,257.581367,3865.282431,4389.875000,NaN,NaN,NaN,NaN,NaN,NaN,NaN,NaN,NaN,0.008221,0.019240,0.008720,0.874125,0.088472,NaN,NaN,0,64,aggregate,20260813,results/round2/gist/raw/02_diskann_fair/PQ/gist_PQ_R64_Lbuild400.log,"DiskANN FixedChunkPQTable with num_pq_chunks=D/2: graph build AND search use the 4bit-equivalent PQ payload (Quantized strategy, NoStore primary, per-method graph)."
02_diskann_fair,gist,PQ,done,PQ_quantized,built_in_run,,L2,10,4,480.000000,983040,702.842041,736983296,0,0,0,8559.910156,1703753.011534,1495718.006364,208024.205393,0.000000,64,400,1.2,efSearch,70,1,0.881500,232.973810,4274.435735,4883.785000,NaN,NaN,NaN,NaN,NaN,NaN,NaN,NaN,NaN,0.008216,0.019206,0.008709,0.881500,0.088083,NaN,NaN,0,64,aggregate,20260813,results/round2/gist/raw/02_diskann_fair/PQ/gist_PQ_R64_Lbuild400.log,"DiskANN FixedChunkPQTable with num_pq_chunks=D/2: graph build AND search use the 4bit-equivalent PQ payload (Quantized strategy, NoStore primary, per-method graph)."
02_diskann_fair,gist,PQ,done,PQ_quantized,built_in_run,,L2,10,4,480.000000,983040,702.842041,736983296,0,0,0,8559.910156,1703753.011534,1495718.006364,208024.205393,0.000000,64,400,1.2,efSearch,80,1,0.887000,214.315773,4649.066299,5330.344000,NaN,NaN,NaN,NaN,NaN,NaN,NaN,NaN,NaN,0.008209,0.019201,0.008696,0.887000,0.087361,NaN,NaN,0,64,aggregate,20260813,results/round2/gist/raw/02_diskann_fair/PQ/gist_PQ_R64_Lbuild400.log,"DiskANN FixedChunkPQTable with num_pq_chunks=D/2: graph build AND search use the 4bit-equivalent PQ payload (Quantized strategy, NoStore primary, per-method graph)."
02_diskann_fair,gist,PQ,done,PQ_quantized,built_in_run,,L2,10,4,480.000000,983040,702.842041,736983296,0,0,0,8559.910156,1703753.011534,1495718.006364,208024.205393,0.000000,64,400,1.2,efSearch,90,1,0.891250,197.685411,5040.563983,5809.063000,NaN,NaN,NaN,NaN,NaN,NaN,NaN,NaN,NaN,0.008210,0.019201,0.008693,0.891250,0.087667,NaN,NaN,0,64,aggregate,20260813,results/round2/gist/raw/02_diskann_fair/PQ/gist_PQ_R64_Lbuild400.log,"DiskANN FixedChunkPQTable with num_pq_chunks=D/2: graph build AND search use the 4bit-equivalent PQ payload (Quantized strategy, NoStore primary, per-method graph)."
02_diskann_fair,gist,PQ,done,PQ_quantized,built_in_run,,L2,10,4,480.000000,983040,702.842041,736983296,0,0,0,8559.910156,1703753.011534,1495718.006364,208024.205393,0.000000,64,400,1.2,efSearch,100,1,0.895250,184.195642,5410.958669,6258.377000,NaN,NaN,NaN,NaN,NaN,NaN,NaN,NaN,NaN,0.008207,0.019201,0.008690,0.895250,0.087972,NaN,NaN,0,64,aggregate,20260813,results/round2/gist/raw/02_diskann_fair/PQ/gist_PQ_R64_Lbuild400.log,"DiskANN FixedChunkPQTable with num_pq_chunks=D/2: graph build AND search use the 4bit-equivalent PQ payload (Quantized strategy, NoStore primary, per-method graph)."
02_diskann_fair,gist,PQ,done,PQ_quantized,built_in_run,,L2,10,4,480.000000,983040,702.842041,736983296,0,0,0,8559.910156,1703753.011534,1495718.006364,208024.205393,0.000000,64,400,1.2,efSearch,140,1,0.904625,145.072735,6876.314960,8092.420000,NaN,NaN,NaN,NaN,NaN,NaN,NaN,NaN,NaN,0.008215,0.019197,0.008701,0.904625,0.088361,NaN,NaN,0,64,aggregate,20260813,results/round2/gist/raw/02_diskann_fair/PQ/gist_PQ_R64_Lbuild400.log,"DiskANN FixedChunkPQTable with num_pq_chunks=D/2: graph build AND search use the 4bit-equivalent PQ payload (Quantized strategy, NoStore primary, per-method graph)."
02_diskann_fair,gist,PQ,done,PQ_quantized,built_in_run,,L2,10,4,480.000000,983040,702.842041,736983296,0,0,0,8559.910156,1703753.011534,1495718.006364,208024.205393,0.000000,64,400,1.2,efSearch,180,1,0.909250,121.002643,8245.213030,9836.874000,NaN,NaN,NaN,NaN,NaN,NaN,NaN,NaN,NaN,0.008220,0.019197,0.008708,0.909250,0.089056,NaN,NaN,0,64,aggregate,20260813,results/round2/gist/raw/02_diskann_fair/PQ/gist_PQ_R64_Lbuild400.log,"DiskANN FixedChunkPQTable with num_pq_chunks=D/2: graph build AND search use the 4bit-equivalent PQ payload (Quantized strategy, NoStore primary, per-method graph)."
02_diskann_fair,gist,PQ,done,PQ_quantized,built_in_run,,L2,10,4,480.000000,983040,702.842041,736983296,0,0,0,8559.910156,1703753.011534,1495718.006364,208024.205393,0.000000,64,400,1.2,efSearch,220,1,0.911375,104.600293,9542.332868,11498.317000,NaN,NaN,NaN,NaN,NaN,NaN,NaN,NaN,NaN,0.008219,0.019197,0.008707,0.911375,0.089194,NaN,NaN,0,64,aggregate,20260813,results/round2/gist/raw/02_diskann_fair/PQ/gist_PQ_R64_Lbuild400.log,"DiskANN FixedChunkPQTable with num_pq_chunks=D/2: graph build AND search use the 4bit-equivalent PQ payload (Quantized strategy, NoStore primary, per-method graph)."
02_diskann_fair,gist,PQ,done,PQ_quantized,built_in_run,,L2,10,4,480.000000,983040,702.842041,736983296,0,0,0,8559.910156,1703753.011534,1495718.006364,208024.205393,0.000000,64,400,1.2,efSearch,260,1,0.913000,91.945522,10858.329459,13171.644000,NaN,NaN,NaN,NaN,NaN,NaN,NaN,NaN,NaN,0.008224,0.019197,0.008715,0.913000,0.089611,NaN,NaN,0,64,aggregate,20260813,results/round2/gist/raw/02_diskann_fair/PQ/gist_PQ_R64_Lbuild400.log,"DiskANN FixedChunkPQTable with num_pq_chunks=D/2: graph build AND search use the 4bit-equivalent PQ payload (Quantized strategy, NoStore primary, per-method graph)."
02_diskann_fair,gist,PQ,done,PQ_quantized,built_in_run,,L2,10,4,480.000000,983040,702.842041,736983296,0,0,0,8559.910156,1703753.011534,1495718.006364,208024.205393,0.000000,64,400,1.2,efSearch,300,1,0.914250,82.571973,12091.960094,14836.503000,NaN,NaN,NaN,NaN,NaN,NaN,NaN,NaN,NaN,0.008223,0.019197,0.008716,0.914250,0.089500,NaN,NaN,0,64,aggregate,20260813,results/round2/gist/raw/02_diskann_fair/PQ/gist_PQ_R64_Lbuild400.log,"DiskANN FixedChunkPQTable with num_pq_chunks=D/2: graph build AND search use the 4bit-equivalent PQ payload (Quantized strategy, NoStore primary, per-method graph)."
02_diskann_fair,gist,PQ,done,PQ_quantized,built_in_run,,L2,10,4,480.000000,983040,702.842041,736983296,0,0,0,8559.910156,1703753.011534,1495718.006364,208024.205393,0.000000,64,400,1.2,efSearch,340,1,0.914625,75.154328,13288.947459,16393.621000,NaN,NaN,NaN,NaN,NaN,NaN,NaN,NaN,NaN,0.008223,0.019197,0.008716,0.914625,0.089528,NaN,NaN,0,64,aggregate,20260813,results/round2/gist/raw/02_diskann_fair/PQ/gist_PQ_R64_Lbuild400.log,"DiskANN FixedChunkPQTable with num_pq_chunks=D/2: graph build AND search use the 4bit-equivalent PQ payload (Quantized strategy, NoStore primary, per-method graph)."
02_diskann_fair,gist,PQ,done,PQ_quantized,built_in_run,,L2,10,4,480.000000,983040,702.842041,736983296,0,0,0,8559.910156,1703753.011534,1495718.006364,208024.205393,0.000000,64,400,1.2,efSearch,380,1,0.915000,69.173689,14439.383471,17949.216000,NaN,NaN,NaN,NaN,NaN,NaN,NaN,NaN,NaN,0.008224,0.019197,0.008717,0.915000,0.089583,NaN,NaN,0,64,aggregate,20260813,results/round2/gist/raw/02_diskann_fair/PQ/gist_PQ_R64_Lbuild400.log,"DiskANN FixedChunkPQTable with num_pq_chunks=D/2: graph build AND search use the 4bit-equivalent PQ payload (Quantized strategy, NoStore primary, per-method graph)."
02_diskann_fair,gist,PQ,done,PQ_quantized,built_in_run,,L2,10,4,480.000000,983040,702.842041,736983296,0,0,0,8559.910156,1703753.011534,1495718.006364,208024.205393,0.000000,64,400,1.2,efSearch,420,1,0.915125,64.050032,15596.069716,19413.524000,NaN,NaN,NaN,NaN,NaN,NaN,NaN,NaN,NaN,0.008224,0.019197,0.008717,0.915125,0.089583,NaN,NaN,0,64,aggregate,20260813,results/round2/gist/raw/02_diskann_fair/PQ/gist_PQ_R64_Lbuild400.log,"DiskANN FixedChunkPQTable with num_pq_chunks=D/2: graph build AND search use the 4bit-equivalent PQ payload (Quantized strategy, NoStore primary, per-method graph)."
02_diskann_fair,gist,PQ,done,PQ_quantized,built_in_run,,L2,10,4,480.000000,983040,702.842041,736983296,0,0,0,8559.910156,1703753.011534,1495718.006364,208024.205393,0.000000,64,400,1.2,efSearch,460,1,0.915375,59.061799,16914.607329,21072.344000,NaN,NaN,NaN,NaN,NaN,NaN,NaN,NaN,NaN,0.008223,0.019197,0.008715,0.915375,0.089528,NaN,NaN,0,64,aggregate,20260813,results/round2/gist/raw/02_diskann_fair/PQ/gist_PQ_R64_Lbuild400.log,"DiskANN FixedChunkPQTable with num_pq_chunks=D/2: graph build AND search use the 4bit-equivalent PQ payload (Quantized strategy, NoStore primary, per-method graph)."
02_diskann_fair,gist,SQ,done,SQ4_symmetric,built_in_run,,L2,10,4,484.000000,,705.719238,740000256,0,0,0,8559.832031,1183187.872473,1180813.701762,2369.910675,0.000000,64,400,1.2,efSearch,10,1,0.585000,461.701426,2132.996476,2757.626000,NaN,NaN,NaN,NaN,NaN,NaN,NaN,NaN,NaN,0.090259,0.341152,0.159855,0.585000,0.190444,NaN,NaN,0,64,aggregate,20260813,results/round2/gist/raw/02_diskann_fair/SQ/gist_SQ_R64_Lbuild400.log,"DiskANN scalar quantization WithBits<4>: graph build AND search use the 4-bit scalar payload (Quantized strategy, NoStore primary, per-method graph)."
02_diskann_fair,gist,SQ,done,SQ4_symmetric,built_in_run,,L2,10,4,484.000000,,705.719238,740000256,0,0,0,8559.832031,1183187.872473,1180813.701762,2369.910675,0.000000,64,400,1.2,efSearch,11,1,0.595000,440.702236,2252.037365,2851.276000,NaN,NaN,NaN,NaN,NaN,NaN,NaN,NaN,NaN,0.090274,0.342327,0.159750,0.595000,0.192028,NaN,NaN,0,64,aggregate,20260813,results/round2/gist/raw/02_diskann_fair/SQ/gist_SQ_R64_Lbuild400.log,"DiskANN scalar quantization WithBits<4>: graph build AND search use the 4-bit scalar payload (Quantized strategy, NoStore primary, per-method graph)."
02_diskann_fair,gist,SQ,done,SQ4_symmetric,built_in_run,,L2,10,4,484.000000,,705.719238,740000256,0,0,0,8559.832031,1183187.872473,1180813.701762,2369.910675,0.000000,64,400,1.2,efSearch,12,1,0.609500,428.697744,2315.685770,2951.106000,NaN,NaN,NaN,NaN,NaN,NaN,NaN,NaN,NaN,0.090377,0.344742,0.160106,0.609500,0.194139,NaN,NaN,0,64,aggregate,20260813,results/round2/gist/raw/02_diskann_fair/SQ/gist_SQ_R64_Lbuild400.log,"DiskANN scalar quantization WithBits<4>: graph build AND search use the 4-bit scalar payload (Quantized strategy, NoStore primary, per-method graph)."
02_diskann_fair,gist,SQ,done,SQ4_symmetric,built_in_run,,L2,10,4,484.000000,,705.719238,740000256,0,0,0,8559.832031,1183187.872473,1180813.701762,2369.910675,0.000000,64,400,1.2,efSearch,13,1,0.619875,407.133609,2437.496540,3071.449000,NaN,NaN,NaN,NaN,NaN,NaN,NaN,NaN,NaN,0.090401,0.344742,0.159949,0.619875,0.193500,NaN,NaN,0,64,aggregate,20260813,results/round2/gist/raw/02_diskann_fair/SQ/gist_SQ_R64_Lbuild400.log,"DiskANN scalar quantization WithBits<4>: graph build AND search use the 4-bit scalar payload (Quantized strategy, NoStore primary, per-method graph)."
02_diskann_fair,gist,SQ,done,SQ4_symmetric,built_in_run,,L2,10,4,484.000000,,705.719238,740000256,0,0,0,8559.832031,1183187.872473,1180813.701762,2369.910675,0.000000,64,400,1.2,efSearch,14,1,0.628750,384.175427,2586.049826,3287.302000,NaN,NaN,NaN,NaN,NaN,NaN,NaN,NaN,NaN,0.090345,0.344658,0.159893,0.628750,0.193389,NaN,NaN,0,64,aggregate,20260813,results/round2/gist/raw/02_diskann_fair/SQ/gist_SQ_R64_Lbuild400.log,"DiskANN scalar quantization WithBits<4>: graph build AND search use the 4-bit scalar payload (Quantized strategy, NoStore primary, per-method graph)."
02_diskann_fair,gist,SQ,done,SQ4_symmetric,built_in_run,,L2,10,4,484.000000,,705.719238,740000256,0,0,0,8559.832031,1183187.872473,1180813.701762,2369.910675,0.000000,64,400,1.2,efSearch,15,1,0.638750,362.362589,2741.512625,3523.570000,NaN,NaN,NaN,NaN,NaN,NaN,NaN,NaN,NaN,0.090335,0.344658,0.159532,0.638750,0.195528,NaN,NaN,0,64,aggregate,20260813,results/round2/gist/raw/02_diskann_fair/SQ/gist_SQ_R64_Lbuild400.log,"DiskANN scalar quantization WithBits<4>: graph build AND search use the 4-bit scalar payload (Quantized strategy, NoStore primary, per-method graph)."
02_diskann_fair,gist,SQ,done,SQ4_symmetric,built_in_run,,L2,10,4,484.000000,,705.719238,740000256,0,0,0,8559.832031,1183187.872473,1180813.701762,2369.910675,0.000000,64,400,1.2,efSearch,16,1,0.645625,348.464559,2852.632009,3594.477000,NaN,NaN,NaN,NaN,NaN,NaN,NaN,NaN,NaN,0.090367,0.344658,0.159525,0.645625,0.196806,NaN,NaN,0,64,aggregate,20260813,results/round2/gist/raw/02_diskann_fair/SQ/gist_SQ_R64_Lbuild400.log,"DiskANN scalar quantization WithBits<4>: graph build AND search use the 4-bit scalar payload (Quantized strategy, NoStore primary, per-method graph)."
02_diskann_fair,gist,SQ,done,SQ4_symmetric,built_in_run,,L2,10,4,484.000000,,705.719238,740000256,0,0,0,8559.832031,1183187.872473,1180813.701762,2369.910675,0.000000,64,400,1.2,efSearch,17,1,0.652000,335.794862,2959.931839,3755.957000,NaN,NaN,NaN,NaN,NaN,NaN,NaN,NaN,NaN,0.090489,0.344742,0.159398,0.652000,0.197500,NaN,NaN,0,64,aggregate,20260813,results/round2/gist/raw/02_diskann_fair/SQ/gist_SQ_R64_Lbuild400.log,"DiskANN scalar quantization WithBits<4>: graph build AND search use the 4-bit scalar payload (Quantized strategy, NoStore primary, per-method graph)."
02_diskann_fair,gist,SQ,done,SQ4_symmetric,built_in_run,,L2,10,4,484.000000,,705.719238,740000256,0,0,0,8559.832031,1183187.872473,1180813.701762,2369.910675,0.000000,64,400,1.2,efSearch,18,1,0.657375,334.127399,2975.917289,3742.826000,NaN,NaN,NaN,NaN,NaN,NaN,NaN,NaN,NaN,0.090449,0.344742,0.159302,0.657375,0.197778,NaN,NaN,0,64,aggregate,20260813,results/round2/gist/raw/02_diskann_fair/SQ/gist_SQ_R64_Lbuild400.log,"DiskANN scalar quantization WithBits<4>: graph build AND search use the 4-bit scalar payload (Quantized strategy, NoStore primary, per-method graph)."
02_diskann_fair,gist,SQ,done,SQ4_symmetric,built_in_run,,L2,10,4,484.000000,,705.719238,740000256,0,0,0,8559.832031,1183187.872473,1180813.701762,2369.910675,0.000000,64,400,1.2,efSearch,19,1,0.662625,333.099084,2984.293843,3702.342000,NaN,NaN,NaN,NaN,NaN,NaN,NaN,NaN,NaN,0.090398,0.344742,0.159146,0.662625,0.197750,NaN,NaN,0,64,aggregate,20260813,results/round2/gist/raw/02_diskann_fair/SQ/gist_SQ_R64_Lbuild400.log,"DiskANN scalar quantization WithBits<4>: graph build AND search use the 4-bit scalar payload (Quantized strategy, NoStore primary, per-method graph)."
02_diskann_fair,gist,SQ,done,SQ4_symmetric,built_in_run,,L2,10,4,484.000000,,705.719238,740000256,0,0,0,8559.832031,1183187.872473,1180813.701762,2369.910675,0.000000,64,400,1.2,efSearch,20,1,0.669625,322.615306,3081.789034,3829.021000,NaN,NaN,NaN,NaN,NaN,NaN,NaN,NaN,NaN,0.090429,0.344742,0.159142,0.669625,0.196667,NaN,NaN,0,64,aggregate,20260813,results/round2/gist/raw/02_diskann_fair/SQ/gist_SQ_R64_Lbuild400.log,"DiskANN scalar quantization WithBits<4>: graph build AND search use the 4-bit scalar payload (Quantized strategy, NoStore primary, per-method graph)."
02_diskann_fair,gist,SQ,done,SQ4_symmetric,built_in_run,,L2,10,4,484.000000,,705.719238,740000256,0,0,0,8559.832031,1183187.872473,1180813.701762,2369.910675,0.000000,64,400,1.2,efSearch,21,1,0.674875,312.770333,3180.339144,3932.093000,NaN,NaN,NaN,NaN,NaN,NaN,NaN,NaN,NaN,0.090468,0.344742,0.159204,0.674875,0.197000,NaN,NaN,0,64,aggregate,20260813,results/round2/gist/raw/02_diskann_fair/SQ/gist_SQ_R64_Lbuild400.log,"DiskANN scalar quantization WithBits<4>: graph build AND search use the 4-bit scalar payload (Quantized strategy, NoStore primary, per-method graph)."
02_diskann_fair,gist,SQ,done,SQ4_symmetric,built_in_run,,L2,10,4,484.000000,,705.719238,740000256,0,0,0,8559.832031,1183187.872473,1180813.701762,2369.910675,0.000000,64,400,1.2,efSearch,22,1,0.678250,304.357722,3267.772159,3986.753000,NaN,NaN,NaN,NaN,NaN,NaN,NaN,NaN,NaN,0.090540,0.344658,0.159007,0.678250,0.197556,NaN,NaN,0,64,aggregate,20260813,results/round2/gist/raw/02_diskann_fair/SQ/gist_SQ_R64_Lbuild400.log,"DiskANN scalar quantization WithBits<4>: graph build AND search use the 4-bit scalar payload (Quantized strategy, NoStore primary, per-method graph)."
02_diskann_fair,gist,SQ,done,SQ4_symmetric,built_in_run,,L2,10,4,484.000000,,705.719238,740000256,0,0,0,8559.832031,1183187.872473,1180813.701762,2369.910675,0.000000,64,400,1.2,efSearch,23,1,0.682625,295.367115,3367.790140,4138.493000,NaN,NaN,NaN,NaN,NaN,NaN,NaN,NaN,NaN,0.090521,0.344658,0.158925,0.682625,0.198278,NaN,NaN,0,64,aggregate,20260813,results/round2/gist/raw/02_diskann_fair/SQ/gist_SQ_R64_Lbuild400.log,"DiskANN scalar quantization WithBits<4>: graph build AND search use the 4-bit scalar payload (Quantized strategy, NoStore primary, per-method graph)."
02_diskann_fair,gist,SQ,done,SQ4_symmetric,built_in_run,,L2,10,4,484.000000,,705.719238,740000256,0,0,0,8559.832031,1183187.872473,1180813.701762,2369.910675,0.000000,64,400,1.2,efSearch,24,1,0.685625,288.554632,3448.630051,4207.916000,NaN,NaN,NaN,NaN,NaN,NaN,NaN,NaN,NaN,0.090517,0.344658,0.158908,0.685625,0.198528,NaN,NaN,0,64,aggregate,20260813,results/round2/gist/raw/02_diskann_fair/SQ/gist_SQ_R64_Lbuild400.log,"DiskANN scalar quantization WithBits<4>: graph build AND search use the 4-bit scalar payload (Quantized strategy, NoStore primary, per-method graph)."
02_diskann_fair,gist,SQ,done,SQ4_symmetric,built_in_run,,L2,10,4,484.000000,,705.719238,740000256,0,0,0,8559.832031,1183187.872473,1180813.701762,2369.910675,0.000000,64,400,1.2,efSearch,25,1,0.688000,281.099187,3539.664605,4271.366000,NaN,NaN,NaN,NaN,NaN,NaN,NaN,NaN,NaN,0.090498,0.344658,0.158855,0.688000,0.198639,NaN,NaN,0,64,aggregate,20260813,results/round2/gist/raw/02_diskann_fair/SQ/gist_SQ_R64_Lbuild400.log,"DiskANN scalar quantization WithBits<4>: graph build AND search use the 4-bit scalar payload (Quantized strategy, NoStore primary, per-method graph)."
02_diskann_fair,gist,SQ,done,SQ4_symmetric,built_in_run,,L2,10,4,484.000000,,705.719238,740000256,0,0,0,8559.832031,1183187.872473,1180813.701762,2369.910675,0.000000,64,400,1.2,efSearch,26,1,0.691500,274.115269,3630.224850,4323.882000,NaN,NaN,NaN,NaN,NaN,NaN,NaN,NaN,NaN,0.090464,0.344742,0.158798,0.691500,0.199333,NaN,NaN,0,64,aggregate,20260813,results/round2/gist/raw/02_diskann_fair/SQ/gist_SQ_R64_Lbuild400.log,"DiskANN scalar quantization WithBits<4>: graph build AND search use the 4-bit scalar payload (Quantized strategy, NoStore primary, per-method graph)."
02_diskann_fair,gist,SQ,done,SQ4_symmetric,built_in_run,,L2,10,4,484.000000,,705.719238,740000256,0,0,0,8559.832031,1183187.872473,1180813.701762,2369.910675,0.000000,64,400,1.2,efSearch,27,1,0.696125,267.447871,3722.006620,4408.182000,NaN,NaN,NaN,NaN,NaN,NaN,NaN,NaN,NaN,0.090478,0.344742,0.158811,0.696125,0.199528,NaN,NaN,0,64,aggregate,20260813,results/round2/gist/raw/02_diskann_fair/SQ/gist_SQ_R64_Lbuild400.log,"DiskANN scalar quantization WithBits<4>: graph build AND search use the 4-bit scalar payload (Quantized strategy, NoStore primary, per-method graph)."
02_diskann_fair,gist,SQ,done,SQ4_symmetric,built_in_run,,L2,10,4,484.000000,,705.719238,740000256,0,0,0,8559.832031,1183187.872473,1180813.701762,2369.910675,0.000000,64,400,1.2,efSearch,28,1,0.700000,261.041441,3812.901476,4527.334000,NaN,NaN,NaN,NaN,NaN,NaN,NaN,NaN,NaN,0.090481,0.344742,0.158796,0.700000,0.200000,NaN,NaN,0,64,aggregate,20260813,results/round2/gist/raw/02_diskann_fair/SQ/gist_SQ_R64_Lbuild400.log,"DiskANN scalar quantization WithBits<4>: graph build AND search use the 4-bit scalar payload (Quantized strategy, NoStore primary, per-method graph)."
02_diskann_fair,gist,SQ,done,SQ4_symmetric,built_in_run,,L2,10,4,484.000000,,705.719238,740000256,0,0,0,8559.832031,1183187.872473,1180813.701762,2369.910675,0.000000,64,400,1.2,efSearch,29,1,0.702125,254.814326,3906.593145,4622.676000,NaN,NaN,NaN,NaN,NaN,NaN,NaN,NaN,NaN,0.090485,0.344742,0.158794,0.702125,0.200528,NaN,NaN,0,64,aggregate,20260813,results/round2/gist/raw/02_diskann_fair/SQ/gist_SQ_R64_Lbuild400.log,"DiskANN scalar quantization WithBits<4>: graph build AND search use the 4-bit scalar payload (Quantized strategy, NoStore primary, per-method graph)."
02_diskann_fair,gist,SQ,done,SQ4_symmetric,built_in_run,,L2,10,4,484.000000,,705.719238,740000256,0,0,0,8559.832031,1183187.872473,1180813.701762,2369.910675,0.000000,64,400,1.2,efSearch,30,1,0.703875,249.031789,3997.762624,4755.455000,NaN,NaN,NaN,NaN,NaN,NaN,NaN,NaN,NaN,0.090815,0.345182,0.158811,0.703875,0.200389,NaN,NaN,0,64,aggregate,20260813,results/round2/gist/raw/02_diskann_fair/SQ/gist_SQ_R64_Lbuild400.log,"DiskANN scalar quantization WithBits<4>: graph build AND search use the 4-bit scalar payload (Quantized strategy, NoStore primary, per-method graph)."
02_diskann_fair,gist,SQ,done,SQ4_symmetric,built_in_run,,L2,10,4,484.000000,,705.719238,740000256,0,0,0,8559.832031,1183187.872473,1180813.701762,2369.910675,0.000000,64,400,1.2,efSearch,40,1,0.725625,203.770662,4888.785926,5724.400000,NaN,NaN,NaN,NaN,NaN,NaN,NaN,NaN,NaN,0.090828,0.344658,0.158564,0.725625,0.203806,NaN,NaN,0,64,aggregate,20260813,results/round2/gist/raw/02_diskann_fair/SQ/gist_SQ_R64_Lbuild400.log,"DiskANN scalar quantization WithBits<4>: graph build AND search use the 4-bit scalar payload (Quantized strategy, NoStore primary, per-method graph)."
02_diskann_fair,gist,SQ,done,SQ4_symmetric,built_in_run,,L2,10,4,484.000000,,705.719238,740000256,0,0,0,8559.832031,1183187.872473,1180813.701762,2369.910675,0.000000,64,400,1.2,efSearch,50,1,0.737375,172.832878,5767.409601,6682.673000,NaN,NaN,NaN,NaN,NaN,NaN,NaN,NaN,NaN,0.090836,0.344742,0.158429,0.737375,0.203972,NaN,NaN,0,64,aggregate,20260813,results/round2/gist/raw/02_diskann_fair/SQ/gist_SQ_R64_Lbuild400.log,"DiskANN scalar quantization WithBits<4>: graph build AND search use the 4-bit scalar payload (Quantized strategy, NoStore primary, per-method graph)."
02_diskann_fair,gist,SQ,done,SQ4_symmetric,built_in_run,,L2,10,4,484.000000,,705.719238,740000256,0,0,0,8559.832031,1183187.872473,1180813.701762,2369.910675,0.000000,64,400,1.2,efSearch,60,1,0.745875,150.137731,6642.681775,7691.166000,NaN,NaN,NaN,NaN,NaN,NaN,NaN,NaN,NaN,0.090847,0.344742,0.158447,0.745875,0.204306,NaN,NaN,0,64,aggregate,20260813,results/round2/gist/raw/02_diskann_fair/SQ/gist_SQ_R64_Lbuild400.log,"DiskANN scalar quantization WithBits<4>: graph build AND search use the 4-bit scalar payload (Quantized strategy, NoStore primary, per-method graph)."
02_diskann_fair,gist,SQ,done,SQ4_symmetric,built_in_run,,L2,10,4,484.000000,,705.719238,740000256,0,0,0,8559.832031,1183187.872473,1180813.701762,2369.910675,0.000000,64,400,1.2,efSearch,70,1,0.750750,132.703332,7518.354379,8768.536000,NaN,NaN,NaN,NaN,NaN,NaN,NaN,NaN,NaN,0.090860,0.344742,0.158431,0.750750,0.204861,NaN,NaN,0,64,aggregate,20260813,results/round2/gist/raw/02_diskann_fair/SQ/gist_SQ_R64_Lbuild400.log,"DiskANN scalar quantization WithBits<4>: graph build AND search use the 4-bit scalar payload (Quantized strategy, NoStore primary, per-method graph)."
02_diskann_fair,gist,SQ,done,SQ4_symmetric,built_in_run,,L2,10,4,484.000000,,705.719238,740000256,0,0,0,8559.832031,1183187.872473,1180813.701762,2369.910675,0.000000,64,400,1.2,efSearch,80,1,0.756750,118.081871,8451.427309,9946.164000,NaN,NaN,NaN,NaN,NaN,NaN,NaN,NaN,NaN,0.090881,0.344742,0.158437,0.756750,0.206139,NaN,NaN,0,64,aggregate,20260813,results/round2/gist/raw/02_diskann_fair/SQ/gist_SQ_R64_Lbuild400.log,"DiskANN scalar quantization WithBits<4>: graph build AND search use the 4-bit scalar payload (Quantized strategy, NoStore primary, per-method graph)."
02_diskann_fair,gist,SQ,done,SQ4_symmetric,built_in_run,,L2,10,4,484.000000,,705.719238,740000256,0,0,0,8559.832031,1183187.872473,1180813.701762,2369.910675,0.000000,64,400,1.2,efSearch,90,1,0.759375,108.724685,9180.349541,10816.759000,NaN,NaN,NaN,NaN,NaN,NaN,NaN,NaN,NaN,0.090901,0.346128,0.158549,0.759375,0.206278,NaN,NaN,0,64,aggregate,20260813,results/round2/gist/raw/02_diskann_fair/SQ/gist_SQ_R64_Lbuild400.log,"DiskANN scalar quantization WithBits<4>: graph build AND search use the 4-bit scalar payload (Quantized strategy, NoStore primary, per-method graph)."
02_diskann_fair,gist,SQ,done,SQ4_symmetric,built_in_run,,L2,10,4,484.000000,,705.719238,740000256,0,0,0,8559.832031,1183187.872473,1180813.701762,2369.910675,0.000000,64,400,1.2,efSearch,100,1,0.762375,101.099814,9874.233400,11629.169000,NaN,NaN,NaN,NaN,NaN,NaN,NaN,NaN,NaN,0.090890,0.346128,0.158509,0.762375,0.206972,NaN,NaN,0,64,aggregate,20260813,results/round2/gist/raw/02_diskann_fair/SQ/gist_SQ_R64_Lbuild400.log,"DiskANN scalar quantization WithBits<4>: graph build AND search use the 4-bit scalar payload (Quantized strategy, NoStore primary, per-method graph)."
02_diskann_fair,gist,SQ,done,SQ4_symmetric,built_in_run,,L2,10,4,484.000000,,705.719238,740000256,0,0,0,8559.832031,1183187.872473,1180813.701762,2369.910675,0.000000,64,400,1.2,efSearch,140,1,0.768250,77.292259,12918.305835,15493.667000,NaN,NaN,NaN,NaN,NaN,NaN,NaN,NaN,NaN,0.090944,0.346791,0.158509,0.768250,0.207306,NaN,NaN,0,64,aggregate,20260813,results/round2/gist/raw/02_diskann_fair/SQ/gist_SQ_R64_Lbuild400.log,"DiskANN scalar quantization WithBits<4>: graph build AND search use the 4-bit scalar payload (Quantized strategy, NoStore primary, per-method graph)."
02_diskann_fair,gist,SQ,done,SQ4_symmetric,built_in_run,,L2,10,4,484.000000,,705.719238,740000256,0,0,0,8559.832031,1183187.872473,1180813.701762,2369.910675,0.000000,64,400,1.2,efSearch,180,1,0.770125,63.300863,15779.551524,19158.921000,NaN,NaN,NaN,NaN,NaN,NaN,NaN,NaN,NaN,0.090940,0.346791,0.158488,0.770125,0.206861,NaN,NaN,0,64,aggregate,20260813,results/round2/gist/raw/02_diskann_fair/SQ/gist_SQ_R64_Lbuild400.log,"DiskANN scalar quantization WithBits<4>: graph build AND search use the 4-bit scalar payload (Quantized strategy, NoStore primary, per-method graph)."
02_diskann_fair,gist,SQ,done,SQ4_symmetric,built_in_run,,L2,10,4,484.000000,,705.719238,740000256,0,0,0,8559.832031,1183187.872473,1180813.701762,2369.910675,0.000000,64,400,1.2,efSearch,220,1,0.771750,54.002435,18498.674121,22603.406000,NaN,NaN,NaN,NaN,NaN,NaN,NaN,NaN,NaN,0.090949,0.347562,0.158578,0.771750,0.206667,NaN,NaN,0,64,aggregate,20260813,results/round2/gist/raw/02_diskann_fair/SQ/gist_SQ_R64_Lbuild400.log,"DiskANN scalar quantization WithBits<4>: graph build AND search use the 4-bit scalar payload (Quantized strategy, NoStore primary, per-method graph)."
02_diskann_fair,gist,SQ,done,SQ4_symmetric,built_in_run,,L2,10,4,484.000000,,705.719238,740000256,0,0,0,8559.832031,1183187.872473,1180813.701762,2369.910675,0.000000,64,400,1.2,efSearch,260,1,0.772625,47.279918,21131.520220,26098.104000,NaN,NaN,NaN,NaN,NaN,NaN,NaN,NaN,NaN,0.090925,0.347562,0.158514,0.772625,0.207444,NaN,NaN,0,64,aggregate,20260813,results/round2/gist/raw/02_diskann_fair/SQ/gist_SQ_R64_Lbuild400.log,"DiskANN scalar quantization WithBits<4>: graph build AND search use the 4-bit scalar payload (Quantized strategy, NoStore primary, per-method graph)."
02_diskann_fair,gist,SQ,done,SQ4_symmetric,built_in_run,,L2,10,4,484.000000,,705.719238,740000256,0,0,0,8559.832031,1183187.872473,1180813.701762,2369.910675,0.000000,64,400,1.2,efSearch,300,1,0.773250,42.193566,23681.263343,29520.473000,NaN,NaN,NaN,NaN,NaN,NaN,NaN,NaN,NaN,0.090951,0.347562,0.158558,0.773250,0.207778,NaN,NaN,0,64,aggregate,20260813,results/round2/gist/raw/02_diskann_fair/SQ/gist_SQ_R64_Lbuild400.log,"DiskANN scalar quantization WithBits<4>: graph build AND search use the 4-bit scalar payload (Quantized strategy, NoStore primary, per-method graph)."
02_diskann_fair,gist,SQ,done,SQ4_symmetric,built_in_run,,L2,10,4,484.000000,,705.719238,740000256,0,0,0,8559.832031,1183187.872473,1180813.701762,2369.910675,0.000000,64,400,1.2,efSearch,340,1,0.773500,38.227786,26138.687832,32760.473000,NaN,NaN,NaN,NaN,NaN,NaN,NaN,NaN,NaN,0.090964,0.347562,0.158587,0.773500,0.207528,NaN,NaN,0,64,aggregate,20260813,results/round2/gist/raw/02_diskann_fair/SQ/gist_SQ_R64_Lbuild400.log,"DiskANN scalar quantization WithBits<4>: graph build AND search use the 4-bit scalar payload (Quantized strategy, NoStore primary, per-method graph)."
02_diskann_fair,gist,SQ,done,SQ4_symmetric,built_in_run,,L2,10,4,484.000000,,705.719238,740000256,0,0,0,8559.832031,1183187.872473,1180813.701762,2369.910675,0.000000,64,400,1.2,efSearch,380,1,0.774000,34.949300,28593.106842,36023.748000,NaN,NaN,NaN,NaN,NaN,NaN,NaN,NaN,NaN,0.090960,0.347562,0.158574,0.774000,0.207750,NaN,NaN,0,64,aggregate,20260813,results/round2/gist/raw/02_diskann_fair/SQ/gist_SQ_R64_Lbuild400.log,"DiskANN scalar quantization WithBits<4>: graph build AND search use the 4-bit scalar payload (Quantized strategy, NoStore primary, per-method graph)."
02_diskann_fair,gist,SQ,done,SQ4_symmetric,built_in_run,,L2,10,4,484.000000,,705.719238,740000256,0,0,0,8559.832031,1183187.872473,1180813.701762,2369.910675,0.000000,64,400,1.2,efSearch,420,1,0.774250,31.891761,31339.007244,39764.613000,NaN,NaN,NaN,NaN,NaN,NaN,NaN,NaN,NaN,0.090959,0.347562,0.158575,0.774250,0.207833,NaN,NaN,0,64,aggregate,20260813,results/round2/gist/raw/02_diskann_fair/SQ/gist_SQ_R64_Lbuild400.log,"DiskANN scalar quantization WithBits<4>: graph build AND search use the 4-bit scalar payload (Quantized strategy, NoStore primary, per-method graph)."
02_diskann_fair,gist,SQ,done,SQ4_symmetric,built_in_run,,L2,10,4,484.000000,,705.719238,740000256,0,0,0,8559.832031,1183187.872473,1180813.701762,2369.910675,0.000000,64,400,1.2,efSearch,460,1,0.774250,30.718265,32536.678923,41241.796000,NaN,NaN,NaN,NaN,NaN,NaN,NaN,NaN,NaN,0.090959,0.347562,0.158574,0.774250,0.207639,NaN,NaN,0,64,aggregate,20260813,results/round2/gist/raw/02_diskann_fair/SQ/gist_SQ_R64_Lbuild400.log,"DiskANN scalar quantization WithBits<4>: graph build AND search use the 4-bit scalar payload (Quantized strategy, NoStore primary, per-method graph)."
02_diskann_fair,gist,SQ,done,SQ4_symmetric,built_in_run,,L2,10,4,484.000000,,705.719238,740000256,0,0,0,8559.910156,1194581.699326,1192243.125628,2334.662224,0.000000,64,400,1.2,efSearch,10,1,0.585000,464.046660,2121.484005,2767.685000,NaN,NaN,NaN,NaN,NaN,NaN,NaN,NaN,NaN,0.090259,0.341152,0.159855,0.585000,0.190444,NaN,NaN,0,64,aggregate,20260813,results/round2/gist/raw/02_diskann_fair/SQ/gist_SQ_R64_Lbuild400.log,"DiskANN scalar quantization WithBits<4>: graph build AND search use the 4-bit scalar payload (Quantized strategy, NoStore primary, per-method graph)."
02_diskann_fair,gist,SQ,done,SQ4_symmetric,built_in_run,,L2,10,4,484.000000,,705.719238,740000256,0,0,0,8559.910156,1194581.699326,1192243.125628,2334.662224,0.000000,64,400,1.2,efSearch,11,1,0.595000,448.548834,2212.208466,2814.652000,NaN,NaN,NaN,NaN,NaN,NaN,NaN,NaN,NaN,0.090274,0.342327,0.159750,0.595000,0.192028,NaN,NaN,0,64,aggregate,20260813,results/round2/gist/raw/02_diskann_fair/SQ/gist_SQ_R64_Lbuild400.log,"DiskANN scalar quantization WithBits<4>: graph build AND search use the 4-bit scalar payload (Quantized strategy, NoStore primary, per-method graph)."
02_diskann_fair,gist,SQ,done,SQ4_symmetric,built_in_run,,L2,10,4,484.000000,,705.719238,740000256,0,0,0,8559.910156,1194581.699326,1192243.125628,2334.662224,0.000000,64,400,1.2,efSearch,12,1,0.609500,427.210818,2323.551375,2947.079000,NaN,NaN,NaN,NaN,NaN,NaN,NaN,NaN,NaN,0.090377,0.344742,0.160106,0.609500,0.194139,NaN,NaN,0,64,aggregate,20260813,results/round2/gist/raw/02_diskann_fair/SQ/gist_SQ_R64_Lbuild400.log,"DiskANN scalar quantization WithBits<4>: graph build AND search use the 4-bit scalar payload (Quantized strategy, NoStore primary, per-method graph)."
02_diskann_fair,gist,SQ,done,SQ4_symmetric,built_in_run,,L2,10,4,484.000000,,705.719238,740000256,0,0,0,8559.910156,1194581.699326,1192243.125628,2334.662224,0.000000,64,400,1.2,efSearch,13,1,0.619875,410.654994,2418.305890,3063.263000,NaN,NaN,NaN,NaN,NaN,NaN,NaN,NaN,NaN,0.090401,0.344742,0.159949,0.619875,0.193500,NaN,NaN,0,64,aggregate,20260813,results/round2/gist/raw/02_diskann_fair/SQ/gist_SQ_R64_Lbuild400.log,"DiskANN scalar quantization WithBits<4>: graph build AND search use the 4-bit scalar payload (Quantized strategy, NoStore primary, per-method graph)."
02_diskann_fair,gist,SQ,done,SQ4_symmetric,built_in_run,,L2,10,4,484.000000,,705.719238,740000256,0,0,0,8559.910156,1194581.699326,1192243.125628,2334.662224,0.000000,64,400,1.2,efSearch,14,1,0.628750,394.475629,2518.177327,3239.428000,NaN,NaN,NaN,NaN,NaN,NaN,NaN,NaN,NaN,0.090345,0.344658,0.159893,0.628750,0.193389,NaN,NaN,0,64,aggregate,20260813,results/round2/gist/raw/02_diskann_fair/SQ/gist_SQ_R64_Lbuild400.log,"DiskANN scalar quantization WithBits<4>: graph build AND search use the 4-bit scalar payload (Quantized strategy, NoStore primary, per-method graph)."
02_diskann_fair,gist,SQ,done,SQ4_symmetric,built_in_run,,L2,10,4,484.000000,,705.719238,740000256,0,0,0,8559.910156,1194581.699326,1192243.125628,2334.662224,0.000000,64,400,1.2,efSearch,15,1,0.638750,369.900108,2686.636380,3443.462000,NaN,NaN,NaN,NaN,NaN,NaN,NaN,NaN,NaN,0.090335,0.344658,0.159532,0.638750,0.195528,NaN,NaN,0,64,aggregate,20260813,results/round2/gist/raw/02_diskann_fair/SQ/gist_SQ_R64_Lbuild400.log,"DiskANN scalar quantization WithBits<4>: graph build AND search use the 4-bit scalar payload (Quantized strategy, NoStore primary, per-method graph)."
02_diskann_fair,gist,SQ,done,SQ4_symmetric,built_in_run,,L2,10,4,484.000000,,705.719238,740000256,0,0,0,8559.910156,1194581.699326,1192243.125628,2334.662224,0.000000,64,400,1.2,efSearch,16,1,0.645625,362.269257,2743.566965,3501.212000,NaN,NaN,NaN,NaN,NaN,NaN,NaN,NaN,NaN,0.090367,0.344658,0.159525,0.645625,0.196806,NaN,NaN,0,64,aggregate,20260813,results/round2/gist/raw/02_diskann_fair/SQ/gist_SQ_R64_Lbuild400.log,"DiskANN scalar quantization WithBits<4>: graph build AND search use the 4-bit scalar payload (Quantized strategy, NoStore primary, per-method graph)."
02_diskann_fair,gist,SQ,done,SQ4_symmetric,built_in_run,,L2,10,4,484.000000,,705.719238,740000256,0,0,0,8559.910156,1194581.699326,1192243.125628,2334.662224,0.000000,64,400,1.2,efSearch,17,1,0.652000,350.675926,2834.757446,3569.102000,NaN,NaN,NaN,NaN,NaN,NaN,NaN,NaN,NaN,0.090489,0.344742,0.159398,0.652000,0.197500,NaN,NaN,0,64,aggregate,20260813,results/round2/gist/raw/02_diskann_fair/SQ/gist_SQ_R64_Lbuild400.log,"DiskANN scalar quantization WithBits<4>: graph build AND search use the 4-bit scalar payload (Quantized strategy, NoStore primary, per-method graph)."
02_diskann_fair,gist,SQ,done,SQ4_symmetric,built_in_run,,L2,10,4,484.000000,,705.719238,740000256,0,0,0,8559.910156,1194581.699326,1192243.125628,2334.662224,0.000000,64,400,1.2,efSearch,18,1,0.657375,339.701238,2927.086062,3680.004000,NaN,NaN,NaN,NaN,NaN,NaN,NaN,NaN,NaN,0.090449,0.344742,0.159302,0.657375,0.197778,NaN,NaN,0,64,aggregate,20260813,results/round2/gist/raw/02_diskann_fair/SQ/gist_SQ_R64_Lbuild400.log,"DiskANN scalar quantization WithBits<4>: graph build AND search use the 4-bit scalar payload (Quantized strategy, NoStore primary, per-method graph)."
02_diskann_fair,gist,SQ,done,SQ4_symmetric,built_in_run,,L2,10,4,484.000000,,705.719238,740000256,0,0,0,8559.910156,1194581.699326,1192243.125628,2334.662224,0.000000,64,400,1.2,efSearch,19,1,0.662625,328.897779,3023.663325,3764.582000,NaN,NaN,NaN,NaN,NaN,NaN,NaN,NaN,NaN,0.090398,0.344742,0.159146,0.662625,0.197750,NaN,NaN,0,64,aggregate,20260813,results/round2/gist/raw/02_diskann_fair/SQ/gist_SQ_R64_Lbuild400.log,"DiskANN scalar quantization WithBits<4>: graph build AND search use the 4-bit scalar payload (Quantized strategy, NoStore primary, per-method graph)."
02_diskann_fair,gist,SQ,done,SQ4_symmetric,built_in_run,,L2,10,4,484.000000,,705.719238,740000256,0,0,0,8559.910156,1194581.699326,1192243.125628,2334.662224,0.000000,64,400,1.2,efSearch,20,1,0.669625,319.048154,3117.354534,3872.352000,NaN,NaN,NaN,NaN,NaN,NaN,NaN,NaN,NaN,0.090429,0.344742,0.159142,0.669625,0.196667,NaN,NaN,0,64,aggregate,20260813,results/round2/gist/raw/02_diskann_fair/SQ/gist_SQ_R64_Lbuild400.log,"DiskANN scalar quantization WithBits<4>: graph build AND search use the 4-bit scalar payload (Quantized strategy, NoStore primary, per-method graph)."
02_diskann_fair,gist,SQ,done,SQ4_symmetric,built_in_run,,L2,10,4,484.000000,,705.719238,740000256,0,0,0,8559.910156,1194581.699326,1192243.125628,2334.662224,0.000000,64,400,1.2,efSearch,21,1,0.674875,299.833517,3318.212654,4098.351000,NaN,NaN,NaN,NaN,NaN,NaN,NaN,NaN,NaN,0.090468,0.344742,0.159204,0.674875,0.197000,NaN,NaN,0,64,aggregate,20260813,results/round2/gist/raw/02_diskann_fair/SQ/gist_SQ_R64_Lbuild400.log,"DiskANN scalar quantization WithBits<4>: graph build AND search use the 4-bit scalar payload (Quantized strategy, NoStore primary, per-method graph)."
02_diskann_fair,gist,SQ,done,SQ4_symmetric,built_in_run,,L2,10,4,484.000000,,705.719238,740000256,0,0,0,8559.910156,1194581.699326,1192243.125628,2334.662224,0.000000,64,400,1.2,efSearch,22,1,0.678250,301.169948,3303.706966,4027.670000,NaN,NaN,NaN,NaN,NaN,NaN,NaN,NaN,NaN,0.090540,0.344658,0.159007,0.678250,0.197556,NaN,NaN,0,64,aggregate,20260813,results/round2/gist/raw/02_diskann_fair/SQ/gist_SQ_R64_Lbuild400.log,"DiskANN scalar quantization WithBits<4>: graph build AND search use the 4-bit scalar payload (Quantized strategy, NoStore primary, per-method graph)."
02_diskann_fair,gist,SQ,done,SQ4_symmetric,built_in_run,,L2,10,4,484.000000,,705.719238,740000256,0,0,0,8559.910156,1194581.699326,1192243.125628,2334.662224,0.000000,64,400,1.2,efSearch,23,1,0.682625,291.292303,3416.288274,4195.564000,NaN,NaN,NaN,NaN,NaN,NaN,NaN,NaN,NaN,0.090521,0.344658,0.158925,0.682625,0.198278,NaN,NaN,0,64,aggregate,20260813,results/round2/gist/raw/02_diskann_fair/SQ/gist_SQ_R64_Lbuild400.log,"DiskANN scalar quantization WithBits<4>: graph build AND search use the 4-bit scalar payload (Quantized strategy, NoStore primary, per-method graph)."
02_diskann_fair,gist,SQ,done,SQ4_symmetric,built_in_run,,L2,10,4,484.000000,,705.719238,740000256,0,0,0,8559.910156,1194581.699326,1192243.125628,2334.662224,0.000000,64,400,1.2,efSearch,24,1,0.685625,284.987667,3491.935147,4264.700000,NaN,NaN,NaN,NaN,NaN,NaN,NaN,NaN,NaN,0.090517,0.344658,0.158908,0.685625,0.198528,NaN,NaN,0,64,aggregate,20260813,results/round2/gist/raw/02_diskann_fair/SQ/gist_SQ_R64_Lbuild400.log,"DiskANN scalar quantization WithBits<4>: graph build AND search use the 4-bit scalar payload (Quantized strategy, NoStore primary, per-method graph)."
02_diskann_fair,gist,SQ,done,SQ4_symmetric,built_in_run,,L2,10,4,484.000000,,705.719238,740000256,0,0,0,8559.910156,1194581.699326,1192243.125628,2334.662224,0.000000,64,400,1.2,efSearch,25,1,0.688000,276.331186,3602.201283,4351.996000,NaN,NaN,NaN,NaN,NaN,NaN,NaN,NaN,NaN,0.090498,0.344658,0.158855,0.688000,0.198639,NaN,NaN,0,64,aggregate,20260813,results/round2/gist/raw/02_diskann_fair/SQ/gist_SQ_R64_Lbuild400.log,"DiskANN scalar quantization WithBits<4>: graph build AND search use the 4-bit scalar payload (Quantized strategy, NoStore primary, per-method graph)."
02_diskann_fair,gist,SQ,done,SQ4_symmetric,built_in_run,,L2,10,4,484.000000,,705.719238,740000256,0,0,0,8559.910156,1194581.699326,1192243.125628,2334.662224,0.000000,64,400,1.2,efSearch,26,1,0.691500,270.482926,3680.400810,4391.720000,NaN,NaN,NaN,NaN,NaN,NaN,NaN,NaN,NaN,0.090464,0.344742,0.158798,0.691500,0.199333,NaN,NaN,0,64,aggregate,20260813,results/round2/gist/raw/02_diskann_fair/SQ/gist_SQ_R64_Lbuild400.log,"DiskANN scalar quantization WithBits<4>: graph build AND search use the 4-bit scalar payload (Quantized strategy, NoStore primary, per-method graph)."
02_diskann_fair,gist,SQ,done,SQ4_symmetric,built_in_run,,L2,10,4,484.000000,,705.719238,740000256,0,0,0,8559.910156,1194581.699326,1192243.125628,2334.662224,0.000000,64,400,1.2,efSearch,27,1,0.696125,264.079776,3769.961140,4488.937000,NaN,NaN,NaN,NaN,NaN,NaN,NaN,NaN,NaN,0.090478,0.344742,0.158811,0.696125,0.199528,NaN,NaN,0,64,aggregate,20260813,results/round2/gist/raw/02_diskann_fair/SQ/gist_SQ_R64_Lbuild400.log,"DiskANN scalar quantization WithBits<4>: graph build AND search use the 4-bit scalar payload (Quantized strategy, NoStore primary, per-method graph)."
02_diskann_fair,gist,SQ,done,SQ4_symmetric,built_in_run,,L2,10,4,484.000000,,705.719238,740000256,0,0,0,8559.910156,1194581.699326,1192243.125628,2334.662224,0.000000,64,400,1.2,efSearch,28,1,0.700000,258.126827,3857.226792,4575.196000,NaN,NaN,NaN,NaN,NaN,NaN,NaN,NaN,NaN,0.090481,0.344742,0.158796,0.700000,0.200000,NaN,NaN,0,64,aggregate,20260813,results/round2/gist/raw/02_diskann_fair/SQ/gist_SQ_R64_Lbuild400.log,"DiskANN scalar quantization WithBits<4>: graph build AND search use the 4-bit scalar payload (Quantized strategy, NoStore primary, per-method graph)."
02_diskann_fair,gist,SQ,done,SQ4_symmetric,built_in_run,,L2,10,4,484.000000,,705.719238,740000256,0,0,0,8559.910156,1194581.699326,1192243.125628,2334.662224,0.000000,64,400,1.2,efSearch,29,1,0.702125,251.585192,3958.169884,4694.162000,NaN,NaN,NaN,NaN,NaN,NaN,NaN,NaN,NaN,0.090485,0.344742,0.158794,0.702125,0.200528,NaN,NaN,0,64,aggregate,20260813,results/round2/gist/raw/02_diskann_fair/SQ/gist_SQ_R64_Lbuild400.log,"DiskANN scalar quantization WithBits<4>: graph build AND search use the 4-bit scalar payload (Quantized strategy, NoStore primary, per-method graph)."
02_diskann_fair,gist,SQ,done,SQ4_symmetric,built_in_run,,L2,10,4,484.000000,,705.719238,740000256,0,0,0,8559.910156,1194581.699326,1192243.125628,2334.662224,0.000000,64,400,1.2,efSearch,30,1,0.703875,246.002834,4048.136489,4833.185000,NaN,NaN,NaN,NaN,NaN,NaN,NaN,NaN,NaN,0.090815,0.345182,0.158811,0.703875,0.200389,NaN,NaN,0,64,aggregate,20260813,results/round2/gist/raw/02_diskann_fair/SQ/gist_SQ_R64_Lbuild400.log,"DiskANN scalar quantization WithBits<4>: graph build AND search use the 4-bit scalar payload (Quantized strategy, NoStore primary, per-method graph)."
02_diskann_fair,gist,SQ,done,SQ4_symmetric,built_in_run,,L2,10,4,484.000000,,705.719238,740000256,0,0,0,8559.910156,1194581.699326,1192243.125628,2334.662224,0.000000,64,400,1.2,efSearch,40,1,0.725625,200.810086,4962.276284,5820.801000,NaN,NaN,NaN,NaN,NaN,NaN,NaN,NaN,NaN,0.090828,0.344658,0.158564,0.725625,0.203806,NaN,NaN,0,64,aggregate,20260813,results/round2/gist/raw/02_diskann_fair/SQ/gist_SQ_R64_Lbuild400.log,"DiskANN scalar quantization WithBits<4>: graph build AND search use the 4-bit scalar payload (Quantized strategy, NoStore primary, per-method graph)."
02_diskann_fair,gist,SQ,done,SQ4_symmetric,built_in_run,,L2,10,4,484.000000,,705.719238,740000256,0,0,0,8559.910156,1194581.699326,1192243.125628,2334.662224,0.000000,64,400,1.2,efSearch,50,1,0.737375,170.286077,5855.309277,6808.182000,NaN,NaN,NaN,NaN,NaN,NaN,NaN,NaN,NaN,0.090836,0.344742,0.158429,0.737375,0.203972,NaN,NaN,0,64,aggregate,20260813,results/round2/gist/raw/02_diskann_fair/SQ/gist_SQ_R64_Lbuild400.log,"DiskANN scalar quantization WithBits<4>: graph build AND search use the 4-bit scalar payload (Quantized strategy, NoStore primary, per-method graph)."
02_diskann_fair,gist,SQ,done,SQ4_symmetric,built_in_run,,L2,10,4,484.000000,,705.719238,740000256,0,0,0,8559.910156,1194581.699326,1192243.125628,2334.662224,0.000000,64,400,1.2,efSearch,60,1,0.745875,148.016416,6738.983344,7838.614000,NaN,NaN,NaN,NaN,NaN,NaN,NaN,NaN,NaN,0.090847,0.344742,0.158447,0.745875,0.204306,NaN,NaN,0,64,aggregate,20260813,results/round2/gist/raw/02_diskann_fair/SQ/gist_SQ_R64_Lbuild400.log,"DiskANN scalar quantization WithBits<4>: graph build AND search use the 4-bit scalar payload (Quantized strategy, NoStore primary, per-method graph)."
02_diskann_fair,gist,SQ,done,SQ4_symmetric,built_in_run,,L2,10,4,484.000000,,705.719238,740000256,0,0,0,8559.910156,1194581.699326,1192243.125628,2334.662224,0.000000,64,400,1.2,efSearch,70,1,0.750750,131.165058,7606.868097,8869.633000,NaN,NaN,NaN,NaN,NaN,NaN,NaN,NaN,NaN,0.090860,0.344742,0.158431,0.750750,0.204861,NaN,NaN,0,64,aggregate,20260813,results/round2/gist/raw/02_diskann_fair/SQ/gist_SQ_R64_Lbuild400.log,"DiskANN scalar quantization WithBits<4>: graph build AND search use the 4-bit scalar payload (Quantized strategy, NoStore primary, per-method graph)."
02_diskann_fair,gist,SQ,done,SQ4_symmetric,built_in_run,,L2,10,4,484.000000,,705.719238,740000256,0,0,0,8559.910156,1194581.699326,1192243.125628,2334.662224,0.000000,64,400,1.2,efSearch,80,1,0.756750,118.049903,8453.796186,9915.777000,NaN,NaN,NaN,NaN,NaN,NaN,NaN,NaN,NaN,0.090881,0.344742,0.158437,0.756750,0.206139,NaN,NaN,0,64,aggregate,20260813,results/round2/gist/raw/02_diskann_fair/SQ/gist_SQ_R64_Lbuild400.log,"DiskANN scalar quantization WithBits<4>: graph build AND search use the 4-bit scalar payload (Quantized strategy, NoStore primary, per-method graph)."
02_diskann_fair,gist,SQ,done,SQ4_symmetric,built_in_run,,L2,10,4,484.000000,,705.719238,740000256,0,0,0,8559.910156,1194581.699326,1192243.125628,2334.662224,0.000000,64,400,1.2,efSearch,90,1,0.759375,107.852883,9252.703716,10880.139000,NaN,NaN,NaN,NaN,NaN,NaN,NaN,NaN,NaN,0.090901,0.346128,0.158549,0.759375,0.206278,NaN,NaN,0,64,aggregate,20260813,results/round2/gist/raw/02_diskann_fair/SQ/gist_SQ_R64_Lbuild400.log,"DiskANN scalar quantization WithBits<4>: graph build AND search use the 4-bit scalar payload (Quantized strategy, NoStore primary, per-method graph)."
02_diskann_fair,gist,SQ,done,SQ4_symmetric,built_in_run,,L2,10,4,484.000000,,705.719238,740000256,0,0,0,8559.910156,1194581.699326,1192243.125628,2334.662224,0.000000,64,400,1.2,efSearch,100,1,0.762375,99.363159,10047.042602,11854.436000,NaN,NaN,NaN,NaN,NaN,NaN,NaN,NaN,NaN,0.090890,0.346128,0.158509,0.762375,0.206972,NaN,NaN,0,64,aggregate,20260813,results/round2/gist/raw/02_diskann_fair/SQ/gist_SQ_R64_Lbuild400.log,"DiskANN scalar quantization WithBits<4>: graph build AND search use the 4-bit scalar payload (Quantized strategy, NoStore primary, per-method graph)."
02_diskann_fair,gist,SQ,done,SQ4_symmetric,built_in_run,,L2,10,4,484.000000,,705.719238,740000256,0,0,0,8559.910156,1194581.699326,1192243.125628,2334.662224,0.000000,64,400,1.2,efSearch,140,1,0.768250,76.144259,13115.922211,15735.503000,NaN,NaN,NaN,NaN,NaN,NaN,NaN,NaN,NaN,0.090944,0.346791,0.158509,0.768250,0.207306,NaN,NaN,0,64,aggregate,20260813,results/round2/gist/raw/02_diskann_fair/SQ/gist_SQ_R64_Lbuild400.log,"DiskANN scalar quantization WithBits<4>: graph build AND search use the 4-bit scalar payload (Quantized strategy, NoStore primary, per-method graph)."
02_diskann_fair,gist,SQ,done,SQ4_symmetric,built_in_run,,L2,10,4,484.000000,,705.719238,740000256,0,0,0,8559.910156,1194581.699326,1192243.125628,2334.662224,0.000000,64,400,1.2,efSearch,180,1,0.770125,62.231308,16051.002044,19512.854000,NaN,NaN,NaN,NaN,NaN,NaN,NaN,NaN,NaN,0.090940,0.346791,0.158488,0.770125,0.206861,NaN,NaN,0,64,aggregate,20260813,results/round2/gist/raw/02_diskann_fair/SQ/gist_SQ_R64_Lbuild400.log,"DiskANN scalar quantization WithBits<4>: graph build AND search use the 4-bit scalar payload (Quantized strategy, NoStore primary, per-method graph)."
02_diskann_fair,gist,SQ,done,SQ4_symmetric,built_in_run,,L2,10,4,484.000000,,705.719238,740000256,0,0,0,8559.910156,1194581.699326,1192243.125628,2334.662224,0.000000,64,400,1.2,efSearch,220,1,0.771750,53.054831,18831.410399,23091.476000,NaN,NaN,NaN,NaN,NaN,NaN,NaN,NaN,NaN,0.090949,0.347562,0.158578,0.771750,0.206667,NaN,NaN,0,64,aggregate,20260813,results/round2/gist/raw/02_diskann_fair/SQ/gist_SQ_R64_Lbuild400.log,"DiskANN scalar quantization WithBits<4>: graph build AND search use the 4-bit scalar payload (Quantized strategy, NoStore primary, per-method graph)."
02_diskann_fair,gist,SQ,done,SQ4_symmetric,built_in_run,,L2,10,4,484.000000,,705.719238,740000256,0,0,0,8559.910156,1194581.699326,1192243.125628,2334.662224,0.000000,64,400,1.2,efSearch,260,1,0.772625,46.464540,21503.764715,26617.407000,NaN,NaN,NaN,NaN,NaN,NaN,NaN,NaN,NaN,0.090925,0.347562,0.158514,0.772625,0.207444,NaN,NaN,0,64,aggregate,20260813,results/round2/gist/raw/02_diskann_fair/SQ/gist_SQ_R64_Lbuild400.log,"DiskANN scalar quantization WithBits<4>: graph build AND search use the 4-bit scalar payload (Quantized strategy, NoStore primary, per-method graph)."
02_diskann_fair,gist,SQ,done,SQ4_symmetric,built_in_run,,L2,10,4,484.000000,,705.719238,740000256,0,0,0,8559.910156,1194581.699326,1192243.125628,2334.662224,0.000000,64,400,1.2,efSearch,300,1,0.773250,41.501778,24077.463413,30008.098000,NaN,NaN,NaN,NaN,NaN,NaN,NaN,NaN,NaN,0.090951,0.347562,0.158558,0.773250,0.207778,NaN,NaN,0,64,aggregate,20260813,results/round2/gist/raw/02_diskann_fair/SQ/gist_SQ_R64_Lbuild400.log,"DiskANN scalar quantization WithBits<4>: graph build AND search use the 4-bit scalar payload (Quantized strategy, NoStore primary, per-method graph)."
02_diskann_fair,gist,SQ,done,SQ4_symmetric,built_in_run,,L2,10,4,484.000000,,705.719238,740000256,0,0,0,8559.910156,1194581.699326,1192243.125628,2334.662224,0.000000,64,400,1.2,efSearch,340,1,0.773500,37.588479,26585.918637,33349.012000,NaN,NaN,NaN,NaN,NaN,NaN,NaN,NaN,NaN,0.090964,0.347562,0.158587,0.773500,0.207528,NaN,NaN,0,64,aggregate,20260813,results/round2/gist/raw/02_diskann_fair/SQ/gist_SQ_R64_Lbuild400.log,"DiskANN scalar quantization WithBits<4>: graph build AND search use the 4-bit scalar payload (Quantized strategy, NoStore primary, per-method graph)."
02_diskann_fair,gist,SQ,done,SQ4_symmetric,built_in_run,,L2,10,4,484.000000,,705.719238,740000256,0,0,0,8559.910156,1194581.699326,1192243.125628,2334.662224,0.000000,64,400,1.2,efSearch,380,1,0.774000,34.507263,28961.340920,36523.798000,NaN,NaN,NaN,NaN,NaN,NaN,NaN,NaN,NaN,0.090960,0.347562,0.158574,0.774000,0.207750,NaN,NaN,0,64,aggregate,20260813,results/round2/gist/raw/02_diskann_fair/SQ/gist_SQ_R64_Lbuild400.log,"DiskANN scalar quantization WithBits<4>: graph build AND search use the 4-bit scalar payload (Quantized strategy, NoStore primary, per-method graph)."
02_diskann_fair,gist,SQ,done,SQ4_symmetric,built_in_run,,L2,10,4,484.000000,,705.719238,740000256,0,0,0,8559.910156,1194581.699326,1192243.125628,2334.662224,0.000000,64,400,1.2,efSearch,420,1,0.774250,31.979671,31251.945481,39770.128000,NaN,NaN,NaN,NaN,NaN,NaN,NaN,NaN,NaN,0.090959,0.347562,0.158575,0.774250,0.207833,NaN,NaN,0,64,aggregate,20260813,results/round2/gist/raw/02_diskann_fair/SQ/gist_SQ_R64_Lbuild400.log,"DiskANN scalar quantization WithBits<4>: graph build AND search use the 4-bit scalar payload (Quantized strategy, NoStore primary, per-method graph)."
02_diskann_fair,gist,SQ,done,SQ4_symmetric,built_in_run,,L2,10,4,484.000000,,705.719238,740000256,0,0,0,8559.910156,1194581.699326,1192243.125628,2334.662224,0.000000,64,400,1.2,efSearch,460,1,0.774250,28.305370,35309.468395,45300.335000,NaN,NaN,NaN,NaN,NaN,NaN,NaN,NaN,NaN,0.090959,0.347562,0.158574,0.774250,0.207639,NaN,NaN,0,64,aggregate,20260813,results/round2/gist/raw/02_diskann_fair/SQ/gist_SQ_R64_Lbuild400.log,"DiskANN scalar quantization WithBits<4>: graph build AND search use the 4-bit scalar payload (Quantized strategy, NoStore primary, per-method graph)."
02_diskann_fair,gist,SAQ,done,SAQ4_symmetric,built_in_run,,L2,10,4,480.000000,,701.904541,736000256,0,0,0,8559.832031,185473.192657,183761.386143,1707.037444,0.000000,64,400,1.2,efSearch,10,1,0.645250,1993.427118,469.734086,618.742000,NaN,NaN,NaN,NaN,NaN,NaN,NaN,NaN,NaN,0.840107,0.845303,1.144330,0.645250,0.101139,NaN,NaN,0,64,aggregate,20260813,results/round2/gist/raw/02_diskann_fair/SAQ/gist_SAQ_R64_Lbuild400.log,"DiskANN spherical quantization Impl<4>: graph build AND search use the 4-bit spherical payload (Quantized strategy, NoStore primary, per-method graph)."
02_diskann_fair,gist,SAQ,done,SAQ4_symmetric,built_in_run,,L2,10,4,480.000000,,701.904541,736000256,0,0,0,8559.832031,185473.192657,183761.386143,1707.037444,0.000000,64,400,1.2,efSearch,11,1,0.663500,1763.012761,550.035489,733.854000,NaN,NaN,NaN,NaN,NaN,NaN,NaN,NaN,NaN,0.840104,0.845315,1.143048,0.663500,0.102167,NaN,NaN,0,64,aggregate,20260813,results/round2/gist/raw/02_diskann_fair/SAQ/gist_SAQ_R64_Lbuild400.log,"DiskANN spherical quantization Impl<4>: graph build AND search use the 4-bit spherical payload (Quantized strategy, NoStore primary, per-method graph)."
02_diskann_fair,gist,SAQ,done,SAQ4_symmetric,built_in_run,,L2,10,4,480.000000,,701.904541,736000256,0,0,0,8559.832031,185473.192657,183761.386143,1707.037444,0.000000,64,400,1.2,efSearch,12,1,0.677750,1754.431896,552.923269,739.277000,NaN,NaN,NaN,NaN,NaN,NaN,NaN,NaN,NaN,0.840118,0.845348,1.141976,0.677750,0.102417,NaN,NaN,0,64,aggregate,20260813,results/round2/gist/raw/02_diskann_fair/SAQ/gist_SAQ_R64_Lbuild400.log,"DiskANN spherical quantization Impl<4>: graph build AND search use the 4-bit spherical payload (Quantized strategy, NoStore primary, per-method graph)."
02_diskann_fair,gist,SAQ,done,SAQ4_symmetric,built_in_run,,L2,10,4,480.000000,,701.904541,736000256,0,0,0,8559.832031,185473.192657,183761.386143,1707.037444,0.000000,64,400,1.2,efSearch,13,1,0.686250,1628.637436,597.079934,778.871000,NaN,NaN,NaN,NaN,NaN,NaN,NaN,NaN,NaN,0.840118,0.845348,1.141259,0.686250,0.103111,NaN,NaN,0,64,aggregate,20260813,results/round2/gist/raw/02_diskann_fair/SAQ/gist_SAQ_R64_Lbuild400.log,"DiskANN spherical quantization Impl<4>: graph build AND search use the 4-bit spherical payload (Quantized strategy, NoStore primary, per-method graph)."
02_diskann_fair,gist,SAQ,done,SAQ4_symmetric,built_in_run,,L2,10,4,480.000000,,701.904541,736000256,0,0,0,8559.832031,185473.192657,183761.386143,1707.037444,0.000000,64,400,1.2,efSearch,14,1,0.698125,1533.422379,635.077895,820.174000,NaN,NaN,NaN,NaN,NaN,NaN,NaN,NaN,NaN,0.840126,0.845351,1.140371,0.698125,0.103417,NaN,NaN,0,64,aggregate,20260813,results/round2/gist/raw/02_diskann_fair/SAQ/gist_SAQ_R64_Lbuild400.log,"DiskANN spherical quantization Impl<4>: graph build AND search use the 4-bit spherical payload (Quantized strategy, NoStore primary, per-method graph)."
02_diskann_fair,gist,SAQ,done,SAQ4_symmetric,built_in_run,,L2,10,4,480.000000,,701.904541,736000256,0,0,0,8559.832031,185473.192657,183761.386143,1707.037444,0.000000,64,400,1.2,efSearch,15,1,0.706250,1452.240661,671.531969,858.215000,NaN,NaN,NaN,NaN,NaN,NaN,NaN,NaN,NaN,0.840131,0.845366,1.139653,0.706250,0.103750,NaN,NaN,0,64,aggregate,20260813,results/round2/gist/raw/02_diskann_fair/SAQ/gist_SAQ_R64_Lbuild400.log,"DiskANN spherical quantization Impl<4>: graph build AND search use the 4-bit spherical payload (Quantized strategy, NoStore primary, per-method graph)."
02_diskann_fair,gist,SAQ,done,SAQ4_symmetric,built_in_run,,L2,10,4,480.000000,,701.904541,736000256,0,0,0,8559.832031,185473.192657,183761.386143,1707.037444,0.000000,64,400,1.2,efSearch,16,1,0.715750,1503.830700,648.047741,831.092000,NaN,NaN,NaN,NaN,NaN,NaN,NaN,NaN,NaN,0.840130,0.845366,1.138977,0.715750,0.103944,NaN,NaN,0,64,aggregate,20260813,results/round2/gist/raw/02_diskann_fair/SAQ/gist_SAQ_R64_Lbuild400.log,"DiskANN spherical quantization Impl<4>: graph build AND search use the 4-bit spherical payload (Quantized strategy, NoStore primary, per-method graph)."
02_diskann_fair,gist,SAQ,done,SAQ4_symmetric,built_in_run,,L2,10,4,480.000000,,701.904541,736000256,0,0,0,8559.832031,185473.192657,183761.386143,1707.037444,0.000000,64,400,1.2,efSearch,17,1,0.726250,1531.100370,635.985993,808.588000,NaN,NaN,NaN,NaN,NaN,NaN,NaN,NaN,NaN,0.840134,0.845375,1.138089,0.726250,0.105000,NaN,NaN,0,64,aggregate,20260813,results/round2/gist/raw/02_diskann_fair/SAQ/gist_SAQ_R64_Lbuild400.log,"DiskANN spherical quantization Impl<4>: graph build AND search use the 4-bit spherical payload (Quantized strategy, NoStore primary, per-method graph)."
02_diskann_fair,gist,SAQ,done,SAQ4_symmetric,built_in_run,,L2,10,4,480.000000,,701.904541,736000256,0,0,0,8559.832031,185473.192657,183761.386143,1707.037444,0.000000,64,400,1.2,efSearch,18,1,0.734375,1320.176575,740.340150,935.246000,NaN,NaN,NaN,NaN,NaN,NaN,NaN,NaN,NaN,0.840133,0.845375,1.137371,0.734375,0.105806,NaN,NaN,0,64,aggregate,20260813,results/round2/gist/raw/02_diskann_fair/SAQ/gist_SAQ_R64_Lbuild400.log,"DiskANN spherical quantization Impl<4>: graph build AND search use the 4-bit spherical payload (Quantized strategy, NoStore primary, per-method graph)."
02_diskann_fair,gist,SAQ,done,SAQ4_symmetric,built_in_run,,L2,10,4,480.000000,,701.904541,736000256,0,0,0,8559.832031,185473.192657,183761.386143,1707.037444,0.000000,64,400,1.2,efSearch,19,1,0.740500,1276.706353,766.313494,967.771000,NaN,NaN,NaN,NaN,NaN,NaN,NaN,NaN,NaN,0.840136,0.845375,1.136856,0.740500,0.105917,NaN,NaN,0,64,aggregate,20260813,results/round2/gist/raw/02_diskann_fair/SAQ/gist_SAQ_R64_Lbuild400.log,"DiskANN spherical quantization Impl<4>: graph build AND search use the 4-bit spherical payload (Quantized strategy, NoStore primary, per-method graph)."
02_diskann_fair,gist,SAQ,done,SAQ4_symmetric,built_in_run,,L2,10,4,480.000000,,701.904541,736000256,0,0,0,8559.832031,185473.192657,183761.386143,1707.037444,0.000000,64,400,1.2,efSearch,20,1,0.748250,1186.776663,825.559785,1024.706000,NaN,NaN,NaN,NaN,NaN,NaN,NaN,NaN,NaN,0.840143,0.845375,1.136240,0.748250,0.105417,NaN,NaN,0,64,aggregate,20260813,results/round2/gist/raw/02_diskann_fair/SAQ/gist_SAQ_R64_Lbuild400.log,"DiskANN spherical quantization Impl<4>: graph build AND search use the 4-bit spherical payload (Quantized strategy, NoStore primary, per-method graph)."
02_diskann_fair,gist,SAQ,done,SAQ4_symmetric,built_in_run,,L2,10,4,480.000000,,701.904541,736000256,0,0,0,8559.832031,185473.192657,183761.386143,1707.037444,0.000000,64,400,1.2,efSearch,21,1,0.753250,1120.816810,875.219912,1082.597000,NaN,NaN,NaN,NaN,NaN,NaN,NaN,NaN,NaN,0.840143,0.845375,1.135792,0.753250,0.105639,NaN,NaN,0,64,aggregate,20260813,results/round2/gist/raw/02_diskann_fair/SAQ/gist_SAQ_R64_Lbuild400.log,"DiskANN spherical quantization Impl<4>: graph build AND search use the 4-bit spherical payload (Quantized strategy, NoStore primary, per-method graph)."
02_diskann_fair,gist,SAQ,done,SAQ4_symmetric,built_in_run,,L2,10,4,480.000000,,701.904541,736000256,0,0,0,8559.832031,185473.192657,183761.386143,1707.037444,0.000000,64,400,1.2,efSearch,22,1,0.759875,1080.837190,907.954038,1115.884000,NaN,NaN,NaN,NaN,NaN,NaN,NaN,NaN,NaN,0.840142,0.845375,1.135337,0.759875,0.105778,NaN,NaN,0,64,aggregate,20260813,results/round2/gist/raw/02_diskann_fair/SAQ/gist_SAQ_R64_Lbuild400.log,"DiskANN spherical quantization Impl<4>: graph build AND search use the 4-bit spherical payload (Quantized strategy, NoStore primary, per-method graph)."
02_diskann_fair,gist,SAQ,done,SAQ4_symmetric,built_in_run,,L2,10,4,480.000000,,701.904541,736000256,0,0,0,8559.832031,185473.192657,183761.386143,1707.037444,0.000000,64,400,1.2,efSearch,23,1,0.764875,1039.851584,944.511005,1160.630000,NaN,NaN,NaN,NaN,NaN,NaN,NaN,NaN,NaN,0.840144,0.845380,1.135064,0.764875,0.106056,NaN,NaN,0,64,aggregate,20260813,results/round2/gist/raw/02_diskann_fair/SAQ/gist_SAQ_R64_Lbuild400.log,"DiskANN spherical quantization Impl<4>: graph build AND search use the 4-bit spherical payload (Quantized strategy, NoStore primary, per-method graph)."
02_diskann_fair,gist,SAQ,done,SAQ4_symmetric,built_in_run,,L2,10,4,480.000000,,701.904541,736000256,0,0,0,8559.832031,185473.192657,183761.386143,1707.037444,0.000000,64,400,1.2,efSearch,24,1,0.771625,1033.055702,951.072048,1174.969000,NaN,NaN,NaN,NaN,NaN,NaN,NaN,NaN,NaN,0.840142,0.845377,1.134567,0.771625,0.106694,NaN,NaN,0,64,aggregate,20260813,results/round2/gist/raw/02_diskann_fair/SAQ/gist_SAQ_R64_Lbuild400.log,"DiskANN spherical quantization Impl<4>: graph build AND search use the 4-bit spherical payload (Quantized strategy, NoStore primary, per-method graph)."
02_diskann_fair,gist,SAQ,done,SAQ4_symmetric,built_in_run,,L2,10,4,480.000000,,701.904541,736000256,0,0,0,8559.832031,185473.192657,183761.386143,1707.037444,0.000000,64,400,1.2,efSearch,25,1,0.776250,1164.876697,841.601233,1046.503000,NaN,NaN,NaN,NaN,NaN,NaN,NaN,NaN,NaN,0.840141,0.845377,1.134231,0.776250,0.106833,NaN,NaN,0,64,aggregate,20260813,results/round2/gist/raw/02_diskann_fair/SAQ/gist_SAQ_R64_Lbuild400.log,"DiskANN spherical quantization Impl<4>: graph build AND search use the 4-bit spherical payload (Quantized strategy, NoStore primary, per-method graph)."
02_diskann_fair,gist,SAQ,done,SAQ4_symmetric,built_in_run,,L2,10,4,480.000000,,701.904541,736000256,0,0,0,8559.832031,185473.192657,183761.386143,1707.037444,0.000000,64,400,1.2,efSearch,26,1,0.778000,953.399400,1031.780441,1254.128000,NaN,NaN,NaN,NaN,NaN,NaN,NaN,NaN,NaN,0.840143,0.845380,1.134097,0.778000,0.106806,NaN,NaN,0,64,aggregate,20260813,results/round2/gist/raw/02_diskann_fair/SAQ/gist_SAQ_R64_Lbuild400.log,"DiskANN spherical quantization Impl<4>: graph build AND search use the 4-bit spherical payload (Quantized strategy, NoStore primary, per-method graph)."
02_diskann_fair,gist,SAQ,done,SAQ4_symmetric,built_in_run,,L2,10,4,480.000000,,701.904541,736000256,0,0,0,8559.832031,185473.192657,183761.386143,1707.037444,0.000000,64,400,1.2,efSearch,27,1,0.781625,917.071924,1073.266025,1308.638000,NaN,NaN,NaN,NaN,NaN,NaN,NaN,NaN,NaN,0.840144,0.845382,1.133902,0.781625,0.107278,NaN,NaN,0,64,aggregate,20260813,results/round2/gist/raw/02_diskann_fair/SAQ/gist_SAQ_R64_Lbuild400.log,"DiskANN spherical quantization Impl<4>: graph build AND search use the 4-bit spherical payload (Quantized strategy, NoStore primary, per-method graph)."
02_diskann_fair,gist,SAQ,done,SAQ4_symmetric,built_in_run,,L2,10,4,480.000000,,701.904541,736000256,0,0,0,8559.832031,185473.192657,183761.386143,1707.037444,0.000000,64,400,1.2,efSearch,28,1,0.785625,891.807904,1104.155462,1330.936000,NaN,NaN,NaN,NaN,NaN,NaN,NaN,NaN,NaN,0.840143,0.845382,1.133635,0.785625,0.107472,NaN,NaN,0,64,aggregate,20260813,results/round2/gist/raw/02_diskann_fair/SAQ/gist_SAQ_R64_Lbuild400.log,"DiskANN spherical quantization Impl<4>: graph build AND search use the 4-bit spherical payload (Quantized strategy, NoStore primary, per-method graph)."
02_diskann_fair,gist,SAQ,done,SAQ4_symmetric,built_in_run,,L2,10,4,480.000000,,701.904541,736000256,0,0,0,8559.832031,185473.192657,183761.386143,1707.037444,0.000000,64,400,1.2,efSearch,29,1,0.791000,864.614214,1139.279249,1381.384000,NaN,NaN,NaN,NaN,NaN,NaN,NaN,NaN,NaN,0.840144,0.845382,1.133248,0.791000,0.107583,NaN,NaN,0,64,aggregate,20260813,results/round2/gist/raw/02_diskann_fair/SAQ/gist_SAQ_R64_Lbuild400.log,"DiskANN spherical quantization Impl<4>: graph build AND search use the 4-bit spherical payload (Quantized strategy, NoStore primary, per-method graph)."
02_diskann_fair,gist,SAQ,done,SAQ4_symmetric,built_in_run,,L2,10,4,480.000000,,701.904541,736000256,0,0,0,8559.832031,185473.192657,183761.386143,1707.037444,0.000000,64,400,1.2,efSearch,30,1,0.795750,840.386628,1172.485189,1409.043000,NaN,NaN,NaN,NaN,NaN,NaN,NaN,NaN,NaN,0.840146,0.845387,1.132979,0.795750,0.107611,NaN,NaN,0,64,aggregate,20260813,results/round2/gist/raw/02_diskann_fair/SAQ/gist_SAQ_R64_Lbuild400.log,"DiskANN spherical quantization Impl<4>: graph build AND search use the 4-bit spherical payload (Quantized strategy, NoStore primary, per-method graph)."
02_diskann_fair,gist,SAQ,done,SAQ4_symmetric,built_in_run,,L2,10,4,480.000000,,701.904541,736000256,0,0,0,8559.832031,185473.192657,183761.386143,1707.037444,0.000000,64,400,1.2,efSearch,40,1,0.825250,788.440591,1250.281871,1557.840000,NaN,NaN,NaN,NaN,NaN,NaN,NaN,NaN,NaN,0.840150,0.845395,1.131238,0.825250,0.108667,NaN,NaN,0,64,aggregate,20260813,results/round2/gist/raw/02_diskann_fair/SAQ/gist_SAQ_R64_Lbuild400.log,"DiskANN spherical quantization Impl<4>: graph build AND search use the 4-bit spherical payload (Quantized strategy, NoStore primary, per-method graph)."
02_diskann_fair,gist,SAQ,done,SAQ4_symmetric,built_in_run,,L2,10,4,480.000000,,701.904541,736000256,0,0,0,8559.832031,185473.192657,183761.386143,1707.037444,0.000000,64,400,1.2,efSearch,50,1,0.842500,585.043766,1691.367967,1956.819000,NaN,NaN,NaN,NaN,NaN,NaN,NaN,NaN,NaN,0.840139,0.845387,1.130148,0.842500,0.109861,NaN,NaN,0,64,aggregate,20260813,results/round2/gist/raw/02_diskann_fair/SAQ/gist_SAQ_R64_Lbuild400.log,"DiskANN spherical quantization Impl<4>: graph build AND search use the 4-bit spherical payload (Quantized strategy, NoStore primary, per-method graph)."
02_diskann_fair,gist,SAQ,done,SAQ4_symmetric,built_in_run,,L2,10,4,480.000000,,701.904541,736000256,0,0,0,8559.832031,185473.192657,183761.386143,1707.037444,0.000000,64,400,1.2,efSearch,60,1,0.853125,502.825187,1970.757271,2277.703000,NaN,NaN,NaN,NaN,NaN,NaN,NaN,NaN,NaN,0.840136,0.845387,1.129538,0.853125,0.111667,NaN,NaN,0,64,aggregate,20260813,results/round2/gist/raw/02_diskann_fair/SAQ/gist_SAQ_R64_Lbuild400.log,"DiskANN spherical quantization Impl<4>: graph build AND search use the 4-bit spherical payload (Quantized strategy, NoStore primary, per-method graph)."
02_diskann_fair,gist,SAQ,done,SAQ4_symmetric,built_in_run,,L2,10,4,480.000000,,701.904541,736000256,0,0,0,8559.832031,185473.192657,183761.386143,1707.037444,0.000000,64,400,1.2,efSearch,70,1,0.861000,457.789884,2165.875809,2572.922000,NaN,NaN,NaN,NaN,NaN,NaN,NaN,NaN,NaN,0.840138,0.845382,1.129017,0.861000,0.112694,NaN,NaN,0,64,aggregate,20260813,results/round2/gist/raw/02_diskann_fair/SAQ/gist_SAQ_R64_Lbuild400.log,"DiskANN spherical quantization Impl<4>: graph build AND search use the 4-bit spherical payload (Quantized strategy, NoStore primary, per-method graph)."
02_diskann_fair,gist,SAQ,done,SAQ4_symmetric,built_in_run,,L2,10,4,480.000000,,701.904541,736000256,0,0,0,8559.832031,185473.192657,183761.386143,1707.037444,0.000000,64,400,1.2,efSearch,80,1,0.867000,408.907230,2427.501227,2893.472000,NaN,NaN,NaN,NaN,NaN,NaN,NaN,NaN,NaN,0.840139,0.845382,1.128557,0.867000,0.112833,NaN,NaN,0,64,aggregate,20260813,results/round2/gist/raw/02_diskann_fair/SAQ/gist_SAQ_R64_Lbuild400.log,"DiskANN spherical quantization Impl<4>: graph build AND search use the 4-bit spherical payload (Quantized strategy, NoStore primary, per-method graph)."
02_diskann_fair,gist,SAQ,done,SAQ4_symmetric,built_in_run,,L2,10,4,480.000000,,701.904541,736000256,0,0,0,8559.832031,185473.192657,183761.386143,1707.037444,0.000000,64,400,1.2,efSearch,90,1,0.872625,359.637167,2762.329433,3225.680000,NaN,NaN,NaN,NaN,NaN,NaN,NaN,NaN,NaN,0.840140,0.845382,1.128226,0.872625,0.113444,NaN,NaN,0,64,aggregate,20260813,results/round2/gist/raw/02_diskann_fair/SAQ/gist_SAQ_R64_Lbuild400.log,"DiskANN spherical quantization Impl<4>: graph build AND search use the 4-bit spherical payload (Quantized strategy, NoStore primary, per-method graph)."
02_diskann_fair,gist,SAQ,done,SAQ4_symmetric,built_in_run,,L2,10,4,480.000000,,701.904541,736000256,0,0,0,8559.832031,185473.192657,183761.386143,1707.037444,0.000000,64,400,1.2,efSearch,100,1,0.875500,356.143338,2789.916404,3485.705000,NaN,NaN,NaN,NaN,NaN,NaN,NaN,NaN,NaN,0.840137,0.845382,1.128069,0.875500,0.113722,NaN,NaN,0,64,aggregate,20260813,results/round2/gist/raw/02_diskann_fair/SAQ/gist_SAQ_R64_Lbuild400.log,"DiskANN spherical quantization Impl<4>: graph build AND search use the 4-bit spherical payload (Quantized strategy, NoStore primary, per-method graph)."
02_diskann_fair,gist,SAQ,done,SAQ4_symmetric,built_in_run,,L2,10,4,480.000000,,701.904541,736000256,0,0,0,8559.832031,185473.192657,183761.386143,1707.037444,0.000000,64,400,1.2,efSearch,140,1,0.884000,249.537105,3988.611582,4725.178000,NaN,NaN,NaN,NaN,NaN,NaN,NaN,NaN,NaN,0.840138,0.845387,1.127587,0.884000,0.114389,NaN,NaN,0,64,aggregate,20260813,results/round2/gist/raw/02_diskann_fair/SAQ/gist_SAQ_R64_Lbuild400.log,"DiskANN spherical quantization Impl<4>: graph build AND search use the 4-bit spherical payload (Quantized strategy, NoStore primary, per-method graph)."
02_diskann_fair,gist,SAQ,done,SAQ4_symmetric,built_in_run,,L2,10,4,480.000000,,701.904541,736000256,0,0,0,8559.832031,185473.192657,183761.386143,1707.037444,0.000000,64,400,1.2,efSearch,180,1,0.887250,216.813434,4594.489235,5793.312000,NaN,NaN,NaN,NaN,NaN,NaN,NaN,NaN,NaN,0.840134,0.845395,1.127354,0.887250,0.114361,NaN,NaN,0,64,aggregate,20260813,results/round2/gist/raw/02_diskann_fair/SAQ/gist_SAQ_R64_Lbuild400.log,"DiskANN spherical quantization Impl<4>: graph build AND search use the 4-bit spherical payload (Quantized strategy, NoStore primary, per-method graph)."
02_diskann_fair,gist,SAQ,done,SAQ4_symmetric,built_in_run,,L2,10,4,480.000000,,701.904541,736000256,0,0,0,8559.832031,185473.192657,183761.386143,1707.037444,0.000000,64,400,1.2,efSearch,220,1,0.889750,208.160185,4787.033694,5806.807000,NaN,NaN,NaN,NaN,NaN,NaN,NaN,NaN,NaN,0.840135,0.845395,1.127204,0.889750,0.114528,NaN,NaN,0,64,aggregate,20260813,results/round2/gist/raw/02_diskann_fair/SAQ/gist_SAQ_R64_Lbuild400.log,"DiskANN spherical quantization Impl<4>: graph build AND search use the 4-bit spherical payload (Quantized strategy, NoStore primary, per-method graph)."
02_diskann_fair,gist,SAQ,done,SAQ4_symmetric,built_in_run,,L2,10,4,480.000000,,701.904541,736000256,0,0,0,8559.832031,185473.192657,183761.386143,1707.037444,0.000000,64,400,1.2,efSearch,260,1,0.890625,192.989529,5164.562919,6441.808000,NaN,NaN,NaN,NaN,NaN,NaN,NaN,NaN,NaN,0.840134,0.845395,1.127156,0.890625,0.114833,NaN,NaN,0,64,aggregate,20260813,results/round2/gist/raw/02_diskann_fair/SAQ/gist_SAQ_R64_Lbuild400.log,"DiskANN spherical quantization Impl<4>: graph build AND search use the 4-bit spherical payload (Quantized strategy, NoStore primary, per-method graph)."
02_diskann_fair,gist,SAQ,done,SAQ4_symmetric,built_in_run,,L2,10,4,480.000000,,701.904541,736000256,0,0,0,8559.832031,185473.192657,183761.386143,1707.037444,0.000000,64,400,1.2,efSearch,300,1,0.891625,174.502875,5713.499017,7063.228000,NaN,NaN,NaN,NaN,NaN,NaN,NaN,NaN,NaN,0.840134,0.845395,1.127085,0.891625,0.114778,NaN,NaN,0,64,aggregate,20260813,results/round2/gist/raw/02_diskann_fair/SAQ/gist_SAQ_R64_Lbuild400.log,"DiskANN spherical quantization Impl<4>: graph build AND search use the 4-bit spherical payload (Quantized strategy, NoStore primary, per-method graph)."
02_diskann_fair,gist,SAQ,done,SAQ4_symmetric,built_in_run,,L2,10,4,480.000000,,701.904541,736000256,0,0,0,8559.832031,185473.192657,183761.386143,1707.037444,0.000000,64,400,1.2,efSearch,340,1,0.891625,157.596321,6328.309442,7874.444000,NaN,NaN,NaN,NaN,NaN,NaN,NaN,NaN,NaN,0.840135,0.845395,1.127069,0.891625,0.114722,NaN,NaN,0,64,aggregate,20260813,results/round2/gist/raw/02_diskann_fair/SAQ/gist_SAQ_R64_Lbuild400.log,"DiskANN spherical quantization Impl<4>: graph build AND search use the 4-bit spherical payload (Quantized strategy, NoStore primary, per-method graph)."
02_diskann_fair,gist,SAQ,done,SAQ4_symmetric,built_in_run,,L2,10,4,480.000000,,701.904541,736000256,0,0,0,8559.832031,185473.192657,183761.386143,1707.037444,0.000000,64,400,1.2,efSearch,380,1,0.891625,143.684736,6942.490254,8717.873000,NaN,NaN,NaN,NaN,NaN,NaN,NaN,NaN,NaN,0.840136,0.845395,1.127061,0.891625,0.114750,NaN,NaN,0,64,aggregate,20260813,results/round2/gist/raw/02_diskann_fair/SAQ/gist_SAQ_R64_Lbuild400.log,"DiskANN spherical quantization Impl<4>: graph build AND search use the 4-bit spherical payload (Quantized strategy, NoStore primary, per-method graph)."
02_diskann_fair,gist,SAQ,done,SAQ4_symmetric,built_in_run,,L2,10,4,480.000000,,701.904541,736000256,0,0,0,8559.832031,185473.192657,183761.386143,1707.037444,0.000000,64,400,1.2,efSearch,420,1,0.891750,132.450979,7531.626904,9437.436000,NaN,NaN,NaN,NaN,NaN,NaN,NaN,NaN,NaN,0.840137,0.845395,1.127042,0.891750,0.114694,NaN,NaN,0,64,aggregate,20260813,results/round2/gist/raw/02_diskann_fair/SAQ/gist_SAQ_R64_Lbuild400.log,"DiskANN spherical quantization Impl<4>: graph build AND search use the 4-bit spherical payload (Quantized strategy, NoStore primary, per-method graph)."
02_diskann_fair,gist,SAQ,done,SAQ4_symmetric,built_in_run,,L2,10,4,480.000000,,701.904541,736000256,0,0,0,8559.832031,185473.192657,183761.386143,1707.037444,0.000000,64,400,1.2,efSearch,460,1,0.891875,122.963491,8115.481768,10232.384000,NaN,NaN,NaN,NaN,NaN,NaN,NaN,NaN,NaN,0.840136,0.845395,1.127038,0.891875,0.114722,NaN,NaN,0,64,aggregate,20260813,results/round2/gist/raw/02_diskann_fair/SAQ/gist_SAQ_R64_Lbuild400.log,"DiskANN spherical quantization Impl<4>: graph build AND search use the 4-bit spherical payload (Quantized strategy, NoStore primary, per-method graph)."
02_diskann_fair,gist,SAQ,done,SAQ4_symmetric,built_in_run,,L2,10,4,480.000000,,701.904541,736000256,0,0,0,8559.910156,194386.260955,192570.819222,1810.674220,0.000000,64,400,1.2,efSearch,10,1,0.645250,1987.855772,474.360903,633.645000,NaN,NaN,NaN,NaN,NaN,NaN,NaN,NaN,NaN,0.840107,0.845303,1.144330,0.645250,0.101139,NaN,NaN,0,64,aggregate,20260813,results/round2/gist/raw/02_diskann_fair/SAQ/gist_SAQ_R64_Lbuild400.log,"DiskANN spherical quantization Impl<4>: graph build AND search use the 4-bit spherical payload (Quantized strategy, NoStore primary, per-method graph)."
02_diskann_fair,gist,SAQ,done,SAQ4_symmetric,built_in_run,,L2,10,4,480.000000,,701.904541,736000256,0,0,0,8559.910156,194386.260955,192570.819222,1810.674220,0.000000,64,400,1.2,efSearch,11,1,0.663500,1946.325079,496.918215,661.147000,NaN,NaN,NaN,NaN,NaN,NaN,NaN,NaN,NaN,0.840104,0.845315,1.143048,0.663500,0.102167,NaN,NaN,0,64,aggregate,20260813,results/round2/gist/raw/02_diskann_fair/SAQ/gist_SAQ_R64_Lbuild400.log,"DiskANN spherical quantization Impl<4>: graph build AND search use the 4-bit spherical payload (Quantized strategy, NoStore primary, per-method graph)."
02_diskann_fair,gist,SAQ,done,SAQ4_symmetric,built_in_run,,L2,10,4,480.000000,,701.904541,736000256,0,0,0,8559.910156,194386.260955,192570.819222,1810.674220,0.000000,64,400,1.2,efSearch,12,1,0.677750,1855.872333,521.976875,683.134000,NaN,NaN,NaN,NaN,NaN,NaN,NaN,NaN,NaN,0.840118,0.845348,1.141976,0.677750,0.102417,NaN,NaN,0,64,aggregate,20260813,results/round2/gist/raw/02_diskann_fair/SAQ/gist_SAQ_R64_Lbuild400.log,"DiskANN spherical quantization Impl<4>: graph build AND search use the 4-bit spherical payload (Quantized strategy, NoStore primary, per-method graph)."
02_diskann_fair,gist,SAQ,done,SAQ4_symmetric,built_in_run,,L2,10,4,480.000000,,701.904541,736000256,0,0,0,8559.910156,194386.260955,192570.819222,1810.674220,0.000000,64,400,1.2,efSearch,13,1,0.686250,1773.656804,546.951453,719.396000,NaN,NaN,NaN,NaN,NaN,NaN,NaN,NaN,NaN,0.840118,0.845348,1.141259,0.686250,0.103111,NaN,NaN,0,64,aggregate,20260813,results/round2/gist/raw/02_diskann_fair/SAQ/gist_SAQ_R64_Lbuild400.log,"DiskANN spherical quantization Impl<4>: graph build AND search use the 4-bit spherical payload (Quantized strategy, NoStore primary, per-method graph)."
02_diskann_fair,gist,SAQ,done,SAQ4_symmetric,built_in_run,,L2,10,4,480.000000,,701.904541,736000256,0,0,0,8559.910156,194386.260955,192570.819222,1810.674220,0.000000,64,400,1.2,efSearch,14,1,0.698125,1695.729395,572.803515,745.251000,NaN,NaN,NaN,NaN,NaN,NaN,NaN,NaN,NaN,0.840126,0.845351,1.140371,0.698125,0.103417,NaN,NaN,0,64,aggregate,20260813,results/round2/gist/raw/02_diskann_fair/SAQ/gist_SAQ_R64_Lbuild400.log,"DiskANN spherical quantization Impl<4>: graph build AND search use the 4-bit spherical payload (Quantized strategy, NoStore primary, per-method graph)."
02_diskann_fair,gist,SAQ,done,SAQ4_symmetric,built_in_run,,L2,10,4,480.000000,,701.904541,736000256,0,0,0,8559.910156,194386.260955,192570.819222,1810.674220,0.000000,64,400,1.2,efSearch,15,1,0.706250,1621.968674,599.678179,772.769000,NaN,NaN,NaN,NaN,NaN,NaN,NaN,NaN,NaN,0.840131,0.845366,1.139653,0.706250,0.103750,NaN,NaN,0,64,aggregate,20260813,results/round2/gist/raw/02_diskann_fair/SAQ/gist_SAQ_R64_Lbuild400.log,"DiskANN spherical quantization Impl<4>: graph build AND search use the 4-bit spherical payload (Quantized strategy, NoStore primary, per-method graph)."
02_diskann_fair,gist,SAQ,done,SAQ4_symmetric,built_in_run,,L2,10,4,480.000000,,701.904541,736000256,0,0,0,8559.910156,194386.260955,192570.819222,1810.674220,0.000000,64,400,1.2,efSearch,16,1,0.715750,1568.397130,620.802854,800.779000,NaN,NaN,NaN,NaN,NaN,NaN,NaN,NaN,NaN,0.840130,0.845366,1.138977,0.715750,0.103944,NaN,NaN,0,64,aggregate,20260813,results/round2/gist/raw/02_diskann_fair/SAQ/gist_SAQ_R64_Lbuild400.log,"DiskANN spherical quantization Impl<4>: graph build AND search use the 4-bit spherical payload (Quantized strategy, NoStore primary, per-method graph)."
02_diskann_fair,gist,SAQ,done,SAQ4_symmetric,built_in_run,,L2,10,4,480.000000,,701.904541,736000256,0,0,0,8559.910156,194386.260955,192570.819222,1810.674220,0.000000,64,400,1.2,efSearch,17,1,0.726250,1503.574696,648.039983,833.737000,NaN,NaN,NaN,NaN,NaN,NaN,NaN,NaN,NaN,0.840134,0.845375,1.138089,0.726250,0.105000,NaN,NaN,0,64,aggregate,20260813,results/round2/gist/raw/02_diskann_fair/SAQ/gist_SAQ_R64_Lbuild400.log,"DiskANN spherical quantization Impl<4>: graph build AND search use the 4-bit spherical payload (Quantized strategy, NoStore primary, per-method graph)."
02_diskann_fair,gist,SAQ,done,SAQ4_symmetric,built_in_run,,L2,10,4,480.000000,,701.904541,736000256,0,0,0,8559.910156,194386.260955,192570.819222,1810.674220,0.000000,64,400,1.2,efSearch,18,1,0.734375,1445.468801,674.930746,856.559000,NaN,NaN,NaN,NaN,NaN,NaN,NaN,NaN,NaN,0.840133,0.845375,1.137371,0.734375,0.105806,NaN,NaN,0,64,aggregate,20260813,results/round2/gist/raw/02_diskann_fair/SAQ/gist_SAQ_R64_Lbuild400.log,"DiskANN spherical quantization Impl<4>: graph build AND search use the 4-bit spherical payload (Quantized strategy, NoStore primary, per-method graph)."
02_diskann_fair,gist,SAQ,done,SAQ4_symmetric,built_in_run,,L2,10,4,480.000000,,701.904541,736000256,0,0,0,8559.910156,194386.260955,192570.819222,1810.674220,0.000000,64,400,1.2,efSearch,19,1,0.740500,1393.165780,700.839739,891.024000,NaN,NaN,NaN,NaN,NaN,NaN,NaN,NaN,NaN,0.840136,0.845375,1.136856,0.740500,0.105917,NaN,NaN,0,64,aggregate,20260813,results/round2/gist/raw/02_diskann_fair/SAQ/gist_SAQ_R64_Lbuild400.log,"DiskANN spherical quantization Impl<4>: graph build AND search use the 4-bit spherical payload (Quantized strategy, NoStore primary, per-method graph)."
02_diskann_fair,gist,SAQ,done,SAQ4_symmetric,built_in_run,,L2,10,4,480.000000,,701.904541,736000256,0,0,0,8559.910156,194386.260955,192570.819222,1810.674220,0.000000,64,400,1.2,efSearch,20,1,0.748250,1345.869144,726.202675,915.521000,NaN,NaN,NaN,NaN,NaN,NaN,NaN,NaN,NaN,0.840143,0.845375,1.136240,0.748250,0.105417,NaN,NaN,0,64,aggregate,20260813,results/round2/gist/raw/02_diskann_fair/SAQ/gist_SAQ_R64_Lbuild400.log,"DiskANN spherical quantization Impl<4>: graph build AND search use the 4-bit spherical payload (Quantized strategy, NoStore primary, per-method graph)."
02_diskann_fair,gist,SAQ,done,SAQ4_symmetric,built_in_run,,L2,10,4,480.000000,,701.904541,736000256,0,0,0,8559.910156,194386.260955,192570.819222,1810.674220,0.000000,64,400,1.2,efSearch,21,1,0.753250,1308.740426,747.334445,932.650000,NaN,NaN,NaN,NaN,NaN,NaN,NaN,NaN,NaN,0.840143,0.845375,1.135792,0.753250,0.105639,NaN,NaN,0,64,aggregate,20260813,results/round2/gist/raw/02_diskann_fair/SAQ/gist_SAQ_R64_Lbuild400.log,"DiskANN spherical quantization Impl<4>: graph build AND search use the 4-bit spherical payload (Quantized strategy, NoStore primary, per-method graph)."
02_diskann_fair,gist,SAQ,done,SAQ4_symmetric,built_in_run,,L2,10,4,480.000000,,701.904541,736000256,0,0,0,8559.910156,194386.260955,192570.819222,1810.674220,0.000000,64,400,1.2,efSearch,22,1,0.759875,1264.850443,773.858879,955.041000,NaN,NaN,NaN,NaN,NaN,NaN,NaN,NaN,NaN,0.840142,0.845375,1.135337,0.759875,0.105778,NaN,NaN,0,64,aggregate,20260813,results/round2/gist/raw/02_diskann_fair/SAQ/gist_SAQ_R64_Lbuild400.log,"DiskANN spherical quantization Impl<4>: graph build AND search use the 4-bit spherical payload (Quantized strategy, NoStore primary, per-method graph)."
02_diskann_fair,gist,SAQ,done,SAQ4_symmetric,built_in_run,,L2,10,4,480.000000,,701.904541,736000256,0,0,0,8559.910156,194386.260955,192570.819222,1810.674220,0.000000,64,400,1.2,efSearch,23,1,0.764875,1234.204622,793.548384,975.807000,NaN,NaN,NaN,NaN,NaN,NaN,NaN,NaN,NaN,0.840144,0.845380,1.135064,0.764875,0.106056,NaN,NaN,0,64,aggregate,20260813,results/round2/gist/raw/02_diskann_fair/SAQ/gist_SAQ_R64_Lbuild400.log,"DiskANN spherical quantization Impl<4>: graph build AND search use the 4-bit spherical payload (Quantized strategy, NoStore primary, per-method graph)."
02_diskann_fair,gist,SAQ,done,SAQ4_symmetric,built_in_run,,L2,10,4,480.000000,,701.904541,736000256,0,0,0,8559.910156,194386.260955,192570.819222,1810.674220,0.000000,64,400,1.2,efSearch,24,1,0.771625,1201.331392,815.627132,998.331000,NaN,NaN,NaN,NaN,NaN,NaN,NaN,NaN,NaN,0.840142,0.845377,1.134567,0.771625,0.106694,NaN,NaN,0,64,aggregate,20260813,results/round2/gist/raw/02_diskann_fair/SAQ/gist_SAQ_R64_Lbuild400.log,"DiskANN spherical quantization Impl<4>: graph build AND search use the 4-bit spherical payload (Quantized strategy, NoStore primary, per-method graph)."
02_diskann_fair,gist,SAQ,done,SAQ4_symmetric,built_in_run,,L2,10,4,480.000000,,701.904541,736000256,0,0,0,8559.910156,194386.260955,192570.819222,1810.674220,0.000000,64,400,1.2,efSearch,25,1,0.776250,1162.349910,841.781710,1040.054000,NaN,NaN,NaN,NaN,NaN,NaN,NaN,NaN,NaN,0.840141,0.845377,1.134231,0.776250,0.106833,NaN,NaN,0,64,aggregate,20260813,results/round2/gist/raw/02_diskann_fair/SAQ/gist_SAQ_R64_Lbuild400.log,"DiskANN spherical quantization Impl<4>: graph build AND search use the 4-bit spherical payload (Quantized strategy, NoStore primary, per-method graph)."
02_diskann_fair,gist,SAQ,done,SAQ4_symmetric,built_in_run,,L2,10,4,480.000000,,701.904541,736000256,0,0,0,8559.910156,194386.260955,192570.819222,1810.674220,0.000000,64,400,1.2,efSearch,26,1,0.778000,1128.013310,868.744749,1060.212000,NaN,NaN,NaN,NaN,NaN,NaN,NaN,NaN,NaN,0.840143,0.845380,1.134097,0.778000,0.106806,NaN,NaN,0,64,aggregate,20260813,results/round2/gist/raw/02_diskann_fair/SAQ/gist_SAQ_R64_Lbuild400.log,"DiskANN spherical quantization Impl<4>: graph build AND search use the 4-bit spherical payload (Quantized strategy, NoStore primary, per-method graph)."
02_diskann_fair,gist,SAQ,done,SAQ4_symmetric,built_in_run,,L2,10,4,480.000000,,701.904541,736000256,0,0,0,8559.910156,194386.260955,192570.819222,1810.674220,0.000000,64,400,1.2,efSearch,27,1,0.781625,1107.526955,886.225024,1074.928000,NaN,NaN,NaN,NaN,NaN,NaN,NaN,NaN,NaN,0.840144,0.845382,1.133902,0.781625,0.107278,NaN,NaN,0,64,aggregate,20260813,results/round2/gist/raw/02_diskann_fair/SAQ/gist_SAQ_R64_Lbuild400.log,"DiskANN spherical quantization Impl<4>: graph build AND search use the 4-bit spherical payload (Quantized strategy, NoStore primary, per-method graph)."
02_diskann_fair,gist,SAQ,done,SAQ4_symmetric,built_in_run,,L2,10,4,480.000000,,701.904541,736000256,0,0,0,8559.910156,194386.260955,192570.819222,1810.674220,0.000000,64,400,1.2,efSearch,28,1,0.785625,1079.388783,909.674924,1099.774000,NaN,NaN,NaN,NaN,NaN,NaN,NaN,NaN,NaN,0.840143,0.845382,1.133635,0.785625,0.107472,NaN,NaN,0,64,aggregate,20260813,results/round2/gist/raw/02_diskann_fair/SAQ/gist_SAQ_R64_Lbuild400.log,"DiskANN spherical quantization Impl<4>: graph build AND search use the 4-bit spherical payload (Quantized strategy, NoStore primary, per-method graph)."
02_diskann_fair,gist,SAQ,done,SAQ4_symmetric,built_in_run,,L2,10,4,480.000000,,701.904541,736000256,0,0,0,8559.910156,194386.260955,192570.819222,1810.674220,0.000000,64,400,1.2,efSearch,29,1,0.791000,1054.936883,931.095589,1127.308000,NaN,NaN,NaN,NaN,NaN,NaN,NaN,NaN,NaN,0.840144,0.845382,1.133248,0.791000,0.107583,NaN,NaN,0,64,aggregate,20260813,results/round2/gist/raw/02_diskann_fair/SAQ/gist_SAQ_R64_Lbuild400.log,"DiskANN spherical quantization Impl<4>: graph build AND search use the 4-bit spherical payload (Quantized strategy, NoStore primary, per-method graph)."
02_diskann_fair,gist,SAQ,done,SAQ4_symmetric,built_in_run,,L2,10,4,480.000000,,701.904541,736000256,0,0,0,8559.910156,194386.260955,192570.819222,1810.674220,0.000000,64,400,1.2,efSearch,30,1,0.795750,1025.982316,956.622843,1176.909000,NaN,NaN,NaN,NaN,NaN,NaN,NaN,NaN,NaN,0.840146,0.845387,1.132979,0.795750,0.107611,NaN,NaN,0,64,aggregate,20260813,results/round2/gist/raw/02_diskann_fair/SAQ/gist_SAQ_R64_Lbuild400.log,"DiskANN spherical quantization Impl<4>: graph build AND search use the 4-bit spherical payload (Quantized strategy, NoStore primary, per-method graph)."
02_diskann_fair,gist,SAQ,done,SAQ4_symmetric,built_in_run,,L2,10,4,480.000000,,701.904541,736000256,0,0,0,8559.910156,194386.260955,192570.819222,1810.674220,0.000000,64,400,1.2,efSearch,40,1,0.825250,847.493146,1162.564718,1366.602000,NaN,NaN,NaN,NaN,NaN,NaN,NaN,NaN,NaN,0.840150,0.845395,1.131238,0.825250,0.108667,NaN,NaN,0,64,aggregate,20260813,results/round2/gist/raw/02_diskann_fair/SAQ/gist_SAQ_R64_Lbuild400.log,"DiskANN spherical quantization Impl<4>: graph build AND search use the 4-bit spherical payload (Quantized strategy, NoStore primary, per-method graph)."
02_diskann_fair,gist,SAQ,done,SAQ4_symmetric,built_in_run,,L2,10,4,480.000000,,701.904541,736000256,0,0,0,8559.910156,194386.260955,192570.819222,1810.674220,0.000000,64,400,1.2,efSearch,50,1,0.842500,719.090564,1373.404475,1615.721000,NaN,NaN,NaN,NaN,NaN,NaN,NaN,NaN,NaN,0.840139,0.845387,1.130148,0.842500,0.109861,NaN,NaN,0,64,aggregate,20260813,results/round2/gist/raw/02_diskann_fair/SAQ/gist_SAQ_R64_Lbuild400.log,"DiskANN spherical quantization Impl<4>: graph build AND search use the 4-bit spherical payload (Quantized strategy, NoStore primary, per-method graph)."
02_diskann_fair,gist,SAQ,done,SAQ4_symmetric,built_in_run,,L2,10,4,480.000000,,701.904541,736000256,0,0,0,8559.910156,194386.260955,192570.819222,1810.674220,0.000000,64,400,1.2,efSearch,60,1,0.853125,624.780206,1582.372381,1852.677000,NaN,NaN,NaN,NaN,NaN,NaN,NaN,NaN,NaN,0.840136,0.845387,1.129538,0.853125,0.111667,NaN,NaN,0,64,aggregate,20260813,results/round2/gist/raw/02_diskann_fair/SAQ/gist_SAQ_R64_Lbuild400.log,"DiskANN spherical quantization Impl<4>: graph build AND search use the 4-bit spherical payload (Quantized strategy, NoStore primary, per-method graph)."
02_diskann_fair,gist,SAQ,done,SAQ4_symmetric,built_in_run,,L2,10,4,480.000000,,701.904541,736000256,0,0,0,8559.910156,194386.260955,192570.819222,1810.674220,0.000000,64,400,1.2,efSearch,70,1,0.861000,555.607125,1782.624115,2088.859000,NaN,NaN,NaN,NaN,NaN,NaN,NaN,NaN,NaN,0.840138,0.845382,1.129017,0.861000,0.112694,NaN,NaN,0,64,aggregate,20260813,results/round2/gist/raw/02_diskann_fair/SAQ/gist_SAQ_R64_Lbuild400.log,"DiskANN spherical quantization Impl<4>: graph build AND search use the 4-bit spherical payload (Quantized strategy, NoStore primary, per-method graph)."
02_diskann_fair,gist,SAQ,done,SAQ4_symmetric,built_in_run,,L2,10,4,480.000000,,701.904541,736000256,0,0,0,8559.910156,194386.260955,192570.819222,1810.674220,0.000000,64,400,1.2,efSearch,80,1,0.867000,499.865698,1982.241428,2335.126000,NaN,NaN,NaN,NaN,NaN,NaN,NaN,NaN,NaN,0.840139,0.845382,1.128557,0.867000,0.112833,NaN,NaN,0,64,aggregate,20260813,results/round2/gist/raw/02_diskann_fair/SAQ/gist_SAQ_R64_Lbuild400.log,"DiskANN spherical quantization Impl<4>: graph build AND search use the 4-bit spherical payload (Quantized strategy, NoStore primary, per-method graph)."
02_diskann_fair,gist,SAQ,done,SAQ4_symmetric,built_in_run,,L2,10,4,480.000000,,701.904541,736000256,0,0,0,8559.910156,194386.260955,192570.819222,1810.674220,0.000000,64,400,1.2,efSearch,90,1,0.872625,454.983315,2180.720848,2576.918000,NaN,NaN,NaN,NaN,NaN,NaN,NaN,NaN,NaN,0.840140,0.845382,1.128226,0.872625,0.113444,NaN,NaN,0,64,aggregate,20260813,results/round2/gist/raw/02_diskann_fair/SAQ/gist_SAQ_R64_Lbuild400.log,"DiskANN spherical quantization Impl<4>: graph build AND search use the 4-bit spherical payload (Quantized strategy, NoStore primary, per-method graph)."
02_diskann_fair,gist,SAQ,done,SAQ4_symmetric,built_in_run,,L2,10,4,480.000000,,701.904541,736000256,0,0,0,8559.910156,194386.260955,192570.819222,1810.674220,0.000000,64,400,1.2,efSearch,100,1,0.875500,418.062883,2373.675392,2811.629000,NaN,NaN,NaN,NaN,NaN,NaN,NaN,NaN,NaN,0.840137,0.845382,1.128069,0.875500,0.113722,NaN,NaN,0,64,aggregate,20260813,results/round2/gist/raw/02_diskann_fair/SAQ/gist_SAQ_R64_Lbuild400.log,"DiskANN spherical quantization Impl<4>: graph build AND search use the 4-bit spherical payload (Quantized strategy, NoStore primary, per-method graph)."
02_diskann_fair,gist,SAQ,done,SAQ4_symmetric,built_in_run,,L2,10,4,480.000000,,701.904541,736000256,0,0,0,8559.910156,194386.260955,192570.819222,1810.674220,0.000000,64,400,1.2,efSearch,140,1,0.884000,317.346573,3132.924386,3770.461000,NaN,NaN,NaN,NaN,NaN,NaN,NaN,NaN,NaN,0.840138,0.845387,1.127587,0.884000,0.114389,NaN,NaN,0,64,aggregate,20260813,results/round2/gist/raw/02_diskann_fair/SAQ/gist_SAQ_R64_Lbuild400.log,"DiskANN spherical quantization Impl<4>: graph build AND search use the 4-bit spherical payload (Quantized strategy, NoStore primary, per-method graph)."
02_diskann_fair,gist,SAQ,done,SAQ4_symmetric,built_in_run,,L2,10,4,480.000000,,701.904541,736000256,0,0,0,8559.910156,194386.260955,192570.819222,1810.674220,0.000000,64,400,1.2,efSearch,180,1,0.887250,258.531775,3850.076801,4686.429000,NaN,NaN,NaN,NaN,NaN,NaN,NaN,NaN,NaN,0.840134,0.845395,1.127354,0.887250,0.114361,NaN,NaN,0,64,aggregate,20260813,results/round2/gist/raw/02_diskann_fair/SAQ/gist_SAQ_R64_Lbuild400.log,"DiskANN spherical quantization Impl<4>: graph build AND search use the 4-bit spherical payload (Quantized strategy, NoStore primary, per-method graph)."
02_diskann_fair,gist,SAQ,done,SAQ4_symmetric,built_in_run,,L2,10,4,480.000000,,701.904541,736000256,0,0,0,8559.910156,194386.260955,192570.819222,1810.674220,0.000000,64,400,1.2,efSearch,220,1,0.889750,219.299583,4541.757851,5563.941000,NaN,NaN,NaN,NaN,NaN,NaN,NaN,NaN,NaN,0.840135,0.845395,1.127204,0.889750,0.114528,NaN,NaN,0,64,aggregate,20260813,results/round2/gist/raw/02_diskann_fair/SAQ/gist_SAQ_R64_Lbuild400.log,"DiskANN spherical quantization Impl<4>: graph build AND search use the 4-bit spherical payload (Quantized strategy, NoStore primary, per-method graph)."
02_diskann_fair,gist,SAQ,done,SAQ4_symmetric,built_in_run,,L2,10,4,480.000000,,701.904541,736000256,0,0,0,8559.910156,194386.260955,192570.819222,1810.674220,0.000000,64,400,1.2,efSearch,260,1,0.890625,190.605035,5228.450301,6417.544000,NaN,NaN,NaN,NaN,NaN,NaN,NaN,NaN,NaN,0.840134,0.845395,1.127156,0.890625,0.114833,NaN,NaN,0,64,aggregate,20260813,results/round2/gist/raw/02_diskann_fair/SAQ/gist_SAQ_R64_Lbuild400.log,"DiskANN spherical quantization Impl<4>: graph build AND search use the 4-bit spherical payload (Quantized strategy, NoStore primary, per-method graph)."
02_diskann_fair,gist,SAQ,done,SAQ4_symmetric,built_in_run,,L2,10,4,480.000000,,701.904541,736000256,0,0,0,8559.910156,194386.260955,192570.819222,1810.674220,0.000000,64,400,1.2,efSearch,300,1,0.891625,169.060614,5895.596079,7301.214000,NaN,NaN,NaN,NaN,NaN,NaN,NaN,NaN,NaN,0.840134,0.845395,1.127085,0.891625,0.114778,NaN,NaN,0,64,aggregate,20260813,results/round2/gist/raw/02_diskann_fair/SAQ/gist_SAQ_R64_Lbuild400.log,"DiskANN spherical quantization Impl<4>: graph build AND search use the 4-bit spherical payload (Quantized strategy, NoStore primary, per-method graph)."
02_diskann_fair,gist,SAQ,done,SAQ4_symmetric,built_in_run,,L2,10,4,480.000000,,701.904541,736000256,0,0,0,8559.910156,194386.260955,192570.819222,1810.674220,0.000000,64,400,1.2,efSearch,340,1,0.891625,151.317726,6589.293215,8201.631000,NaN,NaN,NaN,NaN,NaN,NaN,NaN,NaN,NaN,0.840135,0.845395,1.127069,0.891625,0.114722,NaN,NaN,0,64,aggregate,20260813,results/round2/gist/raw/02_diskann_fair/SAQ/gist_SAQ_R64_Lbuild400.log,"DiskANN spherical quantization Impl<4>: graph build AND search use the 4-bit spherical payload (Quantized strategy, NoStore primary, per-method graph)."
02_diskann_fair,gist,SAQ,done,SAQ4_symmetric,built_in_run,,L2,10,4,480.000000,,701.904541,736000256,0,0,0,8559.910156,194386.260955,192570.819222,1810.674220,0.000000,64,400,1.2,efSearch,380,1,0.891625,113.970348,8750.167625,13632.671000,NaN,NaN,NaN,NaN,NaN,NaN,NaN,NaN,NaN,0.840136,0.845395,1.127061,0.891625,0.114750,NaN,NaN,0,64,aggregate,20260813,results/round2/gist/raw/02_diskann_fair/SAQ/gist_SAQ_R64_Lbuild400.log,"DiskANN spherical quantization Impl<4>: graph build AND search use the 4-bit spherical payload (Quantized strategy, NoStore primary, per-method graph)."
02_diskann_fair,gist,SAQ,done,SAQ4_symmetric,built_in_run,,L2,10,4,480.000000,,701.904541,736000256,0,0,0,8559.910156,194386.260955,192570.819222,1810.674220,0.000000,64,400,1.2,efSearch,420,1,0.891750,77.025289,12958.541349,20701.263000,NaN,NaN,NaN,NaN,NaN,NaN,NaN,NaN,NaN,0.840137,0.845395,1.127042,0.891750,0.114694,NaN,NaN,0,64,aggregate,20260813,results/round2/gist/raw/02_diskann_fair/SAQ/gist_SAQ_R64_Lbuild400.log,"DiskANN spherical quantization Impl<4>: graph build AND search use the 4-bit spherical payload (Quantized strategy, NoStore primary, per-method graph)."
02_diskann_fair,gist,SAQ,done,SAQ4_symmetric,built_in_run,,L2,10,4,480.000000,,701.904541,736000256,0,0,0,8559.910156,194386.260955,192570.819222,1810.674220,0.000000,64,400,1.2,efSearch,460,1,0.891875,69.084272,14454.031264,22584.223000,NaN,NaN,NaN,NaN,NaN,NaN,NaN,NaN,NaN,0.840136,0.845395,1.127038,0.891875,0.114722,NaN,NaN,0,64,aggregate,20260813,results/round2/gist/raw/02_diskann_fair/SAQ/gist_SAQ_R64_Lbuild400.log,"DiskANN spherical quantization Impl<4>: graph build AND search use the 4-bit spherical payload (Quantized strategy, NoStore primary, per-method graph)."
02_diskann_fair,gist,Ours,done,ExRaBitQ4_symmetric,built_in_run,,L2,10,4,1177.000000,,1452.032345,874558588,7680,648000000,0,7066.679688,111417.509705,104031.948844,59.511722,7378.718741,64,400,1.2,efSearch,10,1,0.618875,1124.465716,805.820380,1573.578000,17.739086,726.379050,59.148245,0.000000,0.000000,132.103949,528.806944,974.071250,252.605000,0.000871,0.002469,0.000779,0.618875,0.009444,NaN,NaN,0,64,aggregate,20260813,/home/kai3/coco/quantization_graph/results/02_diskann_fair/gist/logs/Ours/gist_Ours_R64_Lbuild400.log,"Ours ExRaBitQ4 block16 provider. Graph build and search run through DiskANN3 in-memory provider/prune storage. Encode, ExRaBitQ4 symmetric build distance, paper-prune active Float32-to-ExRaBitQ4 query traversal, and residual4 block16 mse/fp16 rerank call the existing RaBitQSpace kernels through a native bridge. Graph construction uses ExRaBitQ4 symmetric distance on 4-bit payloads; the index stores no fp32 base vectors (fp32_base_bytes=0), unlike fp32-graph baselines."
02_diskann_fair,gist,Ours,done,ExRaBitQ4_symmetric,built_in_run,,L2,10,4,1177.000000,,1452.032345,874558588,7680,648000000,0,7066.679688,111417.509705,104031.948844,59.511722,7378.718741,64,400,1.2,efSearch,11,1,0.646125,2812.369176,332.188489,457.408000,12.093192,296.369731,22.210548,0.000000,0.000000,131.762830,115.583345,1027.152500,270.247500,0.000863,0.002425,0.000776,0.646125,0.010306,NaN,NaN,0,64,aggregate,20260813,/home/kai3/coco/quantization_graph/results/02_diskann_fair/gist/logs/Ours/gist_Ours_R64_Lbuild400.log,"Ours ExRaBitQ4 block16 provider. Graph build and search run through DiskANN3 in-memory provider/prune storage. Encode, ExRaBitQ4 symmetric build distance, paper-prune active Float32-to-ExRaBitQ4 query traversal, and residual4 block16 mse/fp16 rerank call the existing RaBitQSpace kernels through a native bridge. Graph construction uses ExRaBitQ4 symmetric distance on 4-bit payloads; the index stores no fp32 base vectors (fp32_base_bytes=0), unlike fp32-graph baselines."
02_diskann_fair,gist,Ours,done,ExRaBitQ4_symmetric,built_in_run,,L2,10,4,1177.000000,,1452.032345,874558588,7680,648000000,0,7066.679688,111417.509705,104031.948844,59.511722,7378.718741,64,400,1.2,efSearch,12,1,0.668625,2755.770586,341.152689,458.155000,12.140118,304.663730,22.823998,0.000000,0.000000,137.804767,118.299913,1080.106250,286.672500,0.000865,0.002377,0.000775,0.668625,0.011111,NaN,NaN,0,64,aggregate,20260813,/home/kai3/coco/quantization_graph/results/02_diskann_fair/gist/logs/Ours/gist_Ours_R64_Lbuild400.log,"Ours ExRaBitQ4 block16 provider. Graph build and search run through DiskANN3 in-memory provider/prune storage. Encode, ExRaBitQ4 symmetric build distance, paper-prune active Float32-to-ExRaBitQ4 query traversal, and residual4 block16 mse/fp16 rerank call the existing RaBitQSpace kernels through a native bridge. Graph construction uses ExRaBitQ4 symmetric distance on 4-bit payloads; the index stores no fp32 base vectors (fp32_base_bytes=0), unlike fp32-graph baselines."
02_diskann_fair,gist,Ours,done,ExRaBitQ4_symmetric,built_in_run,,L2,10,4,1177.000000,,1452.032345,874558588,7680,648000000,0,7066.679688,111417.509705,104031.948844,59.511722,7378.718741,64,400,1.2,efSearch,13,1,0.688125,2644.087700,356.940914,480.019000,12.142831,318.922799,24.301202,0.000000,0.000000,145.003850,122.831995,1133.666250,303.173750,0.000864,0.002377,0.000778,0.688125,0.011222,NaN,NaN,0,64,aggregate,20260813,/home/kai3/coco/quantization_graph/results/02_diskann_fair/gist/logs/Ours/gist_Ours_R64_Lbuild400.log,"Ours ExRaBitQ4 block16 provider. Graph build and search run through DiskANN3 in-memory provider/prune storage. Encode, ExRaBitQ4 symmetric build distance, paper-prune active Float32-to-ExRaBitQ4 query traversal, and residual4 block16 mse/fp16 rerank call the existing RaBitQSpace kernels through a native bridge. Graph construction uses ExRaBitQ4 symmetric distance on 4-bit payloads; the index stores no fp32 base vectors (fp32_base_bytes=0), unlike fp32-graph baselines."
02_diskann_fair,gist,Ours,done,ExRaBitQ4_symmetric,built_in_run,,L2,10,4,1177.000000,,1452.032345,874558588,7680,648000000,0,7066.679688,111417.509705,104031.948844,59.511722,7378.718741,64,400,1.2,efSearch,14,1,0.703125,2544.952215,372.503569,500.651000,12.205115,333.150512,25.478887,0.000000,0.000000,151.345159,128.243074,1180.737500,318.676250,0.000864,0.002368,0.000779,0.703125,0.011389,NaN,NaN,0,64,aggregate,20260813,/home/kai3/coco/quantization_graph/results/02_diskann_fair/gist/logs/Ours/gist_Ours_R64_Lbuild400.log,"Ours ExRaBitQ4 block16 provider. Graph build and search run through DiskANN3 in-memory provider/prune storage. Encode, ExRaBitQ4 symmetric build distance, paper-prune active Float32-to-ExRaBitQ4 query traversal, and residual4 block16 mse/fp16 rerank call the existing RaBitQSpace kernels through a native bridge. Graph construction uses ExRaBitQ4 symmetric distance on 4-bit payloads; the index stores no fp32 base vectors (fp32_base_bytes=0), unlike fp32-graph baselines."
02_diskann_fair,gist,Ours,done,ExRaBitQ4_symmetric,built_in_run,,L2,10,4,1177.000000,,1452.032345,874558588,7680,648000000,0,7066.679688,111417.509705,104031.948844,59.511722,7378.718741,64,400,1.2,efSearch,15,1,0.713375,2467.027119,383.584120,507.317000,12.209001,343.072196,26.614220,0.000000,0.000000,157.421971,129.980276,1226.092500,333.033750,0.000864,0.002377,0.000781,0.713375,0.011444,NaN,NaN,0,64,aggregate,20260813,/home/kai3/coco/quantization_graph/results/02_diskann_fair/gist/logs/Ours/gist_Ours_R64_Lbuild400.log,"Ours ExRaBitQ4 block16 provider. Graph build and search run through DiskANN3 in-memory provider/prune storage. Encode, ExRaBitQ4 symmetric build distance, paper-prune active Float32-to-ExRaBitQ4 query traversal, and residual4 block16 mse/fp16 rerank call the existing RaBitQSpace kernels through a native bridge. Graph construction uses ExRaBitQ4 symmetric distance on 4-bit payloads; the index stores no fp32 base vectors (fp32_base_bytes=0), unlike fp32-graph baselines."
02_diskann_fair,gist,Ours,done,ExRaBitQ4_symmetric,built_in_run,,L2,10,4,1177.000000,,1452.032345,874558588,7680,648000000,0,7066.679688,111417.509705,104031.948844,59.511722,7378.718741,64,400,1.2,efSearch,16,1,0.726250,2402.942422,396.315704,531.553000,12.223372,354.117764,28.237506,0.000000,0.000000,162.655926,133.314806,1273.692500,348.175000,0.000876,0.002379,0.000783,0.726250,0.011639,NaN,NaN,0,64,aggregate,20260813,/home/kai3/coco/quantization_graph/results/02_diskann_fair/gist/logs/Ours/gist_Ours_R64_Lbuild400.log,"Ours ExRaBitQ4 block16 provider. Graph build and search run through DiskANN3 in-memory provider/prune storage. Encode, ExRaBitQ4 symmetric build distance, paper-prune active Float32-to-ExRaBitQ4 query traversal, and residual4 block16 mse/fp16 rerank call the existing RaBitQSpace kernels through a native bridge. Graph construction uses ExRaBitQ4 symmetric distance on 4-bit payloads; the index stores no fp32 base vectors (fp32_base_bytes=0), unlike fp32-graph baselines."
02_diskann_fair,gist,Ours,done,ExRaBitQ4_symmetric,built_in_run,,L2,10,4,1177.000000,,1452.032345,874558588,7680,648000000,0,7066.679688,111417.509705,104031.948844,59.511722,7378.718741,64,400,1.2,efSearch,17,1,0.739125,2300.934143,414.528676,554.963000,12.282071,370.421073,30.058898,0.000000,0.000000,170.542959,139.079678,1324.936250,363.357500,0.000876,0.002394,0.000784,0.739125,0.011722,NaN,NaN,0,64,aggregate,20260813,/home/kai3/coco/quantization_graph/results/02_diskann_fair/gist/logs/Ours/gist_Ours_R64_Lbuild400.log,"Ours ExRaBitQ4 block16 provider. Graph build and search run through DiskANN3 in-memory provider/prune storage. Encode, ExRaBitQ4 symmetric build distance, paper-prune active Float32-to-ExRaBitQ4 query traversal, and residual4 block16 mse/fp16 rerank call the existing RaBitQSpace kernels through a native bridge. Graph construction uses ExRaBitQ4 symmetric distance on 4-bit payloads; the index stores no fp32 base vectors (fp32_base_bytes=0), unlike fp32-graph baselines."
02_diskann_fair,gist,Ours,done,ExRaBitQ4_symmetric,built_in_run,,L2,10,4,1177.000000,,1452.032345,874558588,7680,648000000,0,7066.679688,111417.509705,104031.948844,59.511722,7378.718741,64,400,1.2,efSearch,18,1,0.747625,2239.025875,427.009528,565.435000,12.304134,381.742951,31.165146,0.000000,0.000000,176.239795,142.334606,1368.791250,377.790000,0.000877,0.002425,0.000785,0.747625,0.011806,NaN,NaN,0,64,aggregate,20260813,/home/kai3/coco/quantization_graph/results/02_diskann_fair/gist/logs/Ours/gist_Ours_R64_Lbuild400.log,"Ours ExRaBitQ4 block16 provider. Graph build and search run through DiskANN3 in-memory provider/prune storage. Encode, ExRaBitQ4 symmetric build distance, paper-prune active Float32-to-ExRaBitQ4 query traversal, and residual4 block16 mse/fp16 rerank call the existing RaBitQSpace kernels through a native bridge. Graph construction uses ExRaBitQ4 symmetric distance on 4-bit payloads; the index stores no fp32 base vectors (fp32_base_bytes=0), unlike fp32-graph baselines."
02_diskann_fair,gist,Ours,done,ExRaBitQ4_symmetric,built_in_run,,L2,10,4,1177.000000,,1452.032345,874558588,7680,648000000,0,7066.679688,111417.509705,104031.948844,59.511722,7378.718741,64,400,1.2,efSearch,19,1,0.757750,2168.127760,441.649981,582.732000,12.294879,394.541792,32.939945,0.000000,0.000000,182.368368,146.612403,1417.242500,392.033750,0.000879,0.002434,0.000786,0.757750,0.011972,NaN,NaN,0,64,aggregate,20260813,/home/kai3/coco/quantization_graph/results/02_diskann_fair/gist/logs/Ours/gist_Ours_R64_Lbuild400.log,"Ours ExRaBitQ4 block16 provider. Graph build and search run through DiskANN3 in-memory provider/prune storage. Encode, ExRaBitQ4 symmetric build distance, paper-prune active Float32-to-ExRaBitQ4 query traversal, and residual4 block16 mse/fp16 rerank call the existing RaBitQSpace kernels through a native bridge. Graph construction uses ExRaBitQ4 symmetric distance on 4-bit payloads; the index stores no fp32 base vectors (fp32_base_bytes=0), unlike fp32-graph baselines."
02_diskann_fair,gist,Ours,done,ExRaBitQ4_symmetric,built_in_run,,L2,10,4,1177.000000,,1452.032345,874558588,7680,648000000,0,7066.679688,111417.509705,104031.948844,59.511722,7378.718741,64,400,1.2,efSearch,20,1,0.767125,2090.524072,458.781795,600.090000,12.324899,409.493505,35.084848,0.000000,0.000000,191.868481,149.494619,1467.007500,405.867500,0.000878,0.002425,0.000785,0.767125,0.012222,NaN,NaN,0,64,aggregate,20260813,/home/kai3/coco/quantization_graph/results/02_diskann_fair/gist/logs/Ours/gist_Ours_R64_Lbuild400.log,"Ours ExRaBitQ4 block16 provider. Graph build and search run through DiskANN3 in-memory provider/prune storage. Encode, ExRaBitQ4 symmetric build distance, paper-prune active Float32-to-ExRaBitQ4 query traversal, and residual4 block16 mse/fp16 rerank call the existing RaBitQSpace kernels through a native bridge. Graph construction uses ExRaBitQ4 symmetric distance on 4-bit payloads; the index stores no fp32 base vectors (fp32_base_bytes=0), unlike fp32-graph baselines."
02_diskann_fair,gist,Ours,done,ExRaBitQ4_symmetric,built_in_run,,L2,10,4,1177.000000,,1452.032345,874558588,7680,648000000,0,7066.679688,111417.509705,104031.948844,59.511722,7378.718741,64,400,1.2,efSearch,21,1,0.775750,2036.796081,471.623300,612.787000,12.348698,421.486938,35.883216,0.000000,0.000000,197.391205,153.758932,1513.605000,419.611250,0.000880,0.002434,0.000785,0.775750,0.012222,NaN,NaN,0,64,aggregate,20260813,/home/kai3/coco/quantization_graph/results/02_diskann_fair/gist/logs/Ours/gist_Ours_R64_Lbuild400.log,"Ours ExRaBitQ4 block16 provider. Graph build and search run through DiskANN3 in-memory provider/prune storage. Encode, ExRaBitQ4 symmetric build distance, paper-prune active Float32-to-ExRaBitQ4 query traversal, and residual4 block16 mse/fp16 rerank call the existing RaBitQSpace kernels through a native bridge. Graph construction uses ExRaBitQ4 symmetric distance on 4-bit payloads; the index stores no fp32 base vectors (fp32_base_bytes=0), unlike fp32-graph baselines."
02_diskann_fair,gist,Ours,done,ExRaBitQ4_symmetric,built_in_run,,L2,10,4,1177.000000,,1452.032345,874558588,7680,648000000,0,7066.679688,111417.509705,104031.948844,59.511722,7378.718741,64,400,1.2,efSearch,22,1,0.784125,1983.269264,484.853742,629.281000,12.366780,433.484115,37.050525,0.000000,0.000000,203.627501,156.798213,1557.110000,432.987500,0.000879,0.002434,0.000784,0.784125,0.012250,NaN,NaN,0,64,aggregate,20260813,/home/kai3/coco/quantization_graph/results/02_diskann_fair/gist/logs/Ours/gist_Ours_R64_Lbuild400.log,"Ours ExRaBitQ4 block16 provider. Graph build and search run through DiskANN3 in-memory provider/prune storage. Encode, ExRaBitQ4 symmetric build distance, paper-prune active Float32-to-ExRaBitQ4 query traversal, and residual4 block16 mse/fp16 rerank call the existing RaBitQSpace kernels through a native bridge. Graph construction uses ExRaBitQ4 symmetric distance on 4-bit payloads; the index stores no fp32 base vectors (fp32_base_bytes=0), unlike fp32-graph baselines."
02_diskann_fair,gist,Ours,done,ExRaBitQ4_symmetric,built_in_run,,L2,10,4,1177.000000,,1452.032345,874558588,7680,648000000,0,7066.679688,111417.509705,104031.948844,59.511722,7378.718741,64,400,1.2,efSearch,23,1,0.790875,1935.727376,497.420437,641.050000,12.374900,444.565289,38.472397,0.000000,0.000000,209.267055,159.664090,1600.931250,446.081250,0.000879,0.002434,0.000784,0.790875,0.012194,NaN,NaN,0,64,aggregate,20260813,/home/kai3/coco/quantization_graph/results/02_diskann_fair/gist/logs/Ours/gist_Ours_R64_Lbuild400.log,"Ours ExRaBitQ4 block16 provider. Graph build and search run through DiskANN3 in-memory provider/prune storage. Encode, ExRaBitQ4 symmetric build distance, paper-prune active Float32-to-ExRaBitQ4 query traversal, and residual4 block16 mse/fp16 rerank call the existing RaBitQSpace kernels through a native bridge. Graph construction uses ExRaBitQ4 symmetric distance on 4-bit payloads; the index stores no fp32 base vectors (fp32_base_bytes=0), unlike fp32-graph baselines."
02_diskann_fair,gist,Ours,done,ExRaBitQ4_symmetric,built_in_run,,L2,10,4,1177.000000,,1452.032345,874558588,7680,648000000,0,7066.679688,111417.509705,104031.948844,59.511722,7378.718741,64,400,1.2,efSearch,24,1,0.796625,1921.777741,501.199324,638.607000,12.392385,446.524341,40.209929,0.000000,0.000000,205.903874,163.172605,1643.926250,458.707500,0.000878,0.002434,0.000783,0.796625,0.012278,NaN,NaN,0,64,aggregate,20260813,/home/kai3/coco/quantization_graph/results/02_diskann_fair/gist/logs/Ours/gist_Ours_R64_Lbuild400.log,"Ours ExRaBitQ4 block16 provider. Graph build and search run through DiskANN3 in-memory provider/prune storage. Encode, ExRaBitQ4 symmetric build distance, paper-prune active Float32-to-ExRaBitQ4 query traversal, and residual4 block16 mse/fp16 rerank call the existing RaBitQSpace kernels through a native bridge. Graph construction uses ExRaBitQ4 symmetric distance on 4-bit payloads; the index stores no fp32 base vectors (fp32_base_bytes=0), unlike fp32-graph baselines."
02_diskann_fair,gist,Ours,done,ExRaBitQ4_symmetric,built_in_run,,L2,10,4,1177.000000,,1452.032345,874558588,7680,648000000,0,7066.679688,111417.509705,104031.948844,59.511722,7378.718741,64,400,1.2,efSearch,25,1,0.803750,1865.948527,516.608210,659.947000,12.394780,460.575713,41.476916,0.000000,0.000000,212.450267,168.009955,1689.441250,471.511250,0.000885,0.002434,0.000784,0.803750,0.012278,NaN,NaN,0,64,aggregate,20260813,/home/kai3/coco/quantization_graph/results/02_diskann_fair/gist/logs/Ours/gist_Ours_R64_Lbuild400.log,"Ours ExRaBitQ4 block16 provider. Graph build and search run through DiskANN3 in-memory provider/prune storage. Encode, ExRaBitQ4 symmetric build distance, paper-prune active Float32-to-ExRaBitQ4 query traversal, and residual4 block16 mse/fp16 rerank call the existing RaBitQSpace kernels through a native bridge. Graph construction uses ExRaBitQ4 symmetric distance on 4-bit payloads; the index stores no fp32 base vectors (fp32_base_bytes=0), unlike fp32-graph baselines."
02_diskann_fair,gist,Ours,done,ExRaBitQ4_symmetric,built_in_run,,L2,10,4,1177.000000,,1452.032345,874558588,7680,648000000,0,7066.679688,111417.509705,104031.948844,59.511722,7378.718741,64,400,1.2,efSearch,26,1,0.811875,1821.056298,528.873523,673.299000,12.408650,471.012129,43.273223,0.000000,0.000000,218.420109,169.860931,1733.567500,484.070000,0.000886,0.002434,0.000784,0.811875,0.012278,NaN,NaN,0,64,aggregate,20260813,/home/kai3/coco/quantization_graph/results/02_diskann_fair/gist/logs/Ours/gist_Ours_R64_Lbuild400.log,"Ours ExRaBitQ4 block16 provider. Graph build and search run through DiskANN3 in-memory provider/prune storage. Encode, ExRaBitQ4 symmetric build distance, paper-prune active Float32-to-ExRaBitQ4 query traversal, and residual4 block16 mse/fp16 rerank call the existing RaBitQSpace kernels through a native bridge. Graph construction uses ExRaBitQ4 symmetric distance on 4-bit payloads; the index stores no fp32 base vectors (fp32_base_bytes=0), unlike fp32-graph baselines."
02_diskann_fair,gist,Ours,done,ExRaBitQ4_symmetric,built_in_run,,L2,10,4,1177.000000,,1452.032345,874558588,7680,648000000,0,7066.679688,111417.509705,104031.948844,59.511722,7378.718741,64,400,1.2,efSearch,27,1,0.817375,1779.141114,543.133166,694.509000,12.426679,483.045340,45.475952,0.000000,0.000000,223.885701,173.770666,1774.437500,496.108750,0.000887,0.002425,0.000784,0.817375,0.012222,NaN,NaN,0,64,aggregate,20260813,/home/kai3/coco/quantization_graph/results/02_diskann_fair/gist/logs/Ours/gist_Ours_R64_Lbuild400.log,"Ours ExRaBitQ4 block16 provider. Graph build and search run through DiskANN3 in-memory provider/prune storage. Encode, ExRaBitQ4 symmetric build distance, paper-prune active Float32-to-ExRaBitQ4 query traversal, and residual4 block16 mse/fp16 rerank call the existing RaBitQSpace kernels through a native bridge. Graph construction uses ExRaBitQ4 symmetric distance on 4-bit payloads; the index stores no fp32 base vectors (fp32_base_bytes=0), unlike fp32-graph baselines."
02_diskann_fair,gist,Ours,done,ExRaBitQ4_symmetric,built_in_run,,L2,10,4,1177.000000,,1452.032345,874558588,7680,648000000,0,7066.679688,111417.509705,104031.948844,59.511722,7378.718741,64,400,1.2,efSearch,28,1,0.821000,1748.206748,553.063995,703.435000,12.433614,492.504149,45.882490,0.000000,0.000000,228.272897,177.065394,1817.022500,508.212500,0.000887,0.002413,0.000784,0.821000,0.012250,NaN,NaN,0,64,aggregate,20260813,/home/kai3/coco/quantization_graph/results/02_diskann_fair/gist/logs/Ours/gist_Ours_R64_Lbuild400.log,"Ours ExRaBitQ4 block16 provider. Graph build and search run through DiskANN3 in-memory provider/prune storage. Encode, ExRaBitQ4 symmetric build distance, paper-prune active Float32-to-ExRaBitQ4 query traversal, and residual4 block16 mse/fp16 rerank call the existing RaBitQSpace kernels through a native bridge. Graph construction uses ExRaBitQ4 symmetric distance on 4-bit payloads; the index stores no fp32 base vectors (fp32_base_bytes=0), unlike fp32-graph baselines."
02_diskann_fair,gist,Ours,done,ExRaBitQ4_symmetric,built_in_run,,L2,10,4,1177.000000,,1452.032345,874558588,7680,648000000,0,7066.679688,111417.509705,104031.948844,59.511722,7378.718741,64,400,1.2,efSearch,29,1,0.827000,1706.870340,566.779418,711.924000,12.435860,504.588514,47.496139,0.000000,0.000000,234.287054,180.489025,1863.502500,520.687500,0.000887,0.002413,0.000785,0.827000,0.012111,NaN,NaN,0,64,aggregate,20260813,/home/kai3/coco/quantization_graph/results/02_diskann_fair/gist/logs/Ours/gist_Ours_R64_Lbuild400.log,"Ours ExRaBitQ4 block16 provider. Graph build and search run through DiskANN3 in-memory provider/prune storage. Encode, ExRaBitQ4 symmetric build distance, paper-prune active Float32-to-ExRaBitQ4 query traversal, and residual4 block16 mse/fp16 rerank call the existing RaBitQSpace kernels through a native bridge. Graph construction uses ExRaBitQ4 symmetric distance on 4-bit payloads; the index stores no fp32 base vectors (fp32_base_bytes=0), unlike fp32-graph baselines."
02_diskann_fair,gist,Ours,done,ExRaBitQ4_symmetric,built_in_run,,L2,10,4,1177.000000,,1452.032345,874558588,7680,648000000,0,7066.679688,111417.509705,104031.948844,59.511722,7378.718741,64,400,1.2,efSearch,30,1,0.832125,1661.857210,580.946360,730.094000,12.457379,516.991683,49.203346,0.000000,0.000000,240.301229,183.814014,1907.670000,533.180000,0.000887,0.002413,0.000784,0.832125,0.012250,NaN,NaN,0,64,aggregate,20260813,/home/kai3/coco/quantization_graph/results/02_diskann_fair/gist/logs/Ours/gist_Ours_R64_Lbuild400.log,"Ours ExRaBitQ4 block16 provider. Graph build and search run through DiskANN3 in-memory provider/prune storage. Encode, ExRaBitQ4 symmetric build distance, paper-prune active Float32-to-ExRaBitQ4 query traversal, and residual4 block16 mse/fp16 rerank call the existing RaBitQSpace kernels through a native bridge. Graph construction uses ExRaBitQ4 symmetric distance on 4-bit payloads; the index stores no fp32 base vectors (fp32_base_bytes=0), unlike fp32-graph baselines."
02_diskann_fair,gist,Ours,done,ExRaBitQ4_symmetric,built_in_run,,L2,10,4,1177.000000,,1452.032345,874558588,7680,648000000,0,7066.679688,111417.509705,104031.948844,59.511722,7378.718741,64,400,1.2,efSearch,40,1,0.872375,1262.841081,769.528891,948.410000,12.577156,664.429462,89.773114,0.000000,0.000000,297.288099,249.485860,2337.521250,646.332500,0.000890,0.002395,0.000783,0.872375,0.012139,NaN,NaN,0,64,aggregate,20260813,/home/kai3/coco/quantization_graph/results/02_diskann_fair/gist/logs/Ours/gist_Ours_R64_Lbuild400.log,"Ours ExRaBitQ4 block16 provider. Graph build and search run through DiskANN3 in-memory provider/prune storage. Encode, ExRaBitQ4 symmetric build distance, paper-prune active Float32-to-ExRaBitQ4 query traversal, and residual4 block16 mse/fp16 rerank call the existing RaBitQSpace kernels through a native bridge. Graph construction uses ExRaBitQ4 symmetric distance on 4-bit payloads; the index stores no fp32 base vectors (fp32_base_bytes=0), unlike fp32-graph baselines."
02_diskann_fair,gist,Ours,done,ExRaBitQ4_symmetric,built_in_run,,L2,10,4,1177.000000,,1452.032345,874558588,7680,648000000,0,7066.679688,111417.509705,104031.948844,59.511722,7378.718741,64,400,1.2,efSearch,50,1,0.895125,1103.491347,885.464919,1087.765000,12.617757,764.164455,105.725883,0.000000,0.000000,352.068227,271.414506,2766.020000,748.236250,0.000889,0.002413,0.000784,0.895125,0.012417,NaN,NaN,0,64,aggregate,20260813,/home/kai3/coco/quantization_graph/results/02_diskann_fair/gist/logs/Ours/gist_Ours_R64_Lbuild400.log,"Ours ExRaBitQ4 block16 provider. Graph build and search run through DiskANN3 in-memory provider/prune storage. Encode, ExRaBitQ4 symmetric build distance, paper-prune active Float32-to-ExRaBitQ4 query traversal, and residual4 block16 mse/fp16 rerank call the existing RaBitQSpace kernels through a native bridge. Graph construction uses ExRaBitQ4 symmetric distance on 4-bit payloads; the index stores no fp32 base vectors (fp32_base_bytes=0), unlike fp32-graph baselines."
02_diskann_fair,gist,Ours,done,ExRaBitQ4_symmetric,built_in_run,,L2,10,4,1177.000000,,1452.032345,874558588,7680,648000000,0,7066.679688,111417.509705,104031.948844,59.511722,7378.718741,64,400,1.2,efSearch,60,1,0.915250,976.579525,1003.366041,1230.326000,12.585376,867.846765,119.713131,0.000000,0.000000,406.402925,297.164450,3186.218750,843.620000,0.000892,0.002434,0.000785,0.915250,0.012611,NaN,NaN,0,64,aggregate,20260813,/home/kai3/coco/quantization_graph/results/02_diskann_fair/gist/logs/Ours/gist_Ours_R64_Lbuild400.log,"Ours ExRaBitQ4 block16 provider. Graph build and search run through DiskANN3 in-memory provider/prune storage. Encode, ExRaBitQ4 symmetric build distance, paper-prune active Float32-to-ExRaBitQ4 query traversal, and residual4 block16 mse/fp16 rerank call the existing RaBitQSpace kernels through a native bridge. Graph construction uses ExRaBitQ4 symmetric distance on 4-bit payloads; the index stores no fp32 base vectors (fp32_base_bytes=0), unlike fp32-graph baselines."
02_diskann_fair,gist,Ours,done,ExRaBitQ4_symmetric,built_in_run,,L2,10,4,1177.000000,,1452.032345,874558588,7680,648000000,0,7066.679688,111417.509705,104031.948844,59.511722,7378.718741,64,400,1.2,efSearch,70,1,0.927375,876.978384,1120.681604,1347.366000,12.646804,970.926131,133.405763,0.000000,0.000000,459.012075,324.281061,3593.218750,931.968750,0.000893,0.002434,0.000788,0.927375,0.012667,NaN,NaN,0,64,aggregate,20260813,/home/kai3/coco/quantization_graph/results/02_diskann_fair/gist/logs/Ours/gist_Ours_R64_Lbuild400.log,"Ours ExRaBitQ4 block16 provider. Graph build and search run through DiskANN3 in-memory provider/prune storage. Encode, ExRaBitQ4 symmetric build distance, paper-prune active Float32-to-ExRaBitQ4 query traversal, and residual4 block16 mse/fp16 rerank call the existing RaBitQSpace kernels through a native bridge. Graph construction uses ExRaBitQ4 symmetric distance on 4-bit payloads; the index stores no fp32 base vectors (fp32_base_bytes=0), unlike fp32-graph baselines."
02_diskann_fair,gist,Ours,done,ExRaBitQ4_symmetric,built_in_run,,L2,10,4,1177.000000,,1452.032345,874558588,7680,648000000,0,7066.679688,111417.509705,104031.948844,59.511722,7378.718741,64,400,1.2,efSearch,80,1,0.938750,798.207627,1233.281949,1474.440000,12.655561,1071.069761,145.585876,0.000000,0.000000,511.299649,350.736474,3996.895000,1016.795000,0.000893,0.002434,0.000787,0.938750,0.012694,NaN,NaN,0,64,aggregate,20260813,/home/kai3/coco/quantization_graph/results/02_diskann_fair/gist/logs/Ours/gist_Ours_R64_Lbuild400.log,"Ours ExRaBitQ4 block16 provider. Graph build and search run through DiskANN3 in-memory provider/prune storage. Encode, ExRaBitQ4 symmetric build distance, paper-prune active Float32-to-ExRaBitQ4 query traversal, and residual4 block16 mse/fp16 rerank call the existing RaBitQSpace kernels through a native bridge. Graph construction uses ExRaBitQ4 symmetric distance on 4-bit payloads; the index stores no fp32 base vectors (fp32_base_bytes=0), unlike fp32-graph baselines."
02_diskann_fair,gist,Ours,done,ExRaBitQ4_symmetric,built_in_run,,L2,10,4,1177.000000,,1452.032345,874558588,7680,648000000,0,7066.679688,111417.509705,104031.948844,59.511722,7378.718741,64,400,1.2,efSearch,90,1,0.945500,731.362246,1347.956788,1606.240000,12.650170,1170.848619,160.115944,0.000000,0.000000,562.150291,378.128026,4392.858750,1098.652500,0.000893,0.002439,0.000787,0.945500,0.012500,NaN,NaN,0,64,aggregate,20260813,/home/kai3/coco/quantization_graph/results/02_diskann_fair/gist/logs/Ours/gist_Ours_R64_Lbuild400.log,"Ours ExRaBitQ4 block16 provider. Graph build and search run through DiskANN3 in-memory provider/prune storage. Encode, ExRaBitQ4 symmetric build distance, paper-prune active Float32-to-ExRaBitQ4 query traversal, and residual4 block16 mse/fp16 rerank call the existing RaBitQSpace kernels through a native bridge. Graph construction uses ExRaBitQ4 symmetric distance on 4-bit payloads; the index stores no fp32 base vectors (fp32_base_bytes=0), unlike fp32-graph baselines."
02_diskann_fair,gist,Ours,done,ExRaBitQ4_symmetric,built_in_run,,L2,10,4,1177.000000,,1452.032345,874558588,7680,648000000,0,7066.679688,111417.509705,104031.948844,59.511722,7378.718741,64,400,1.2,efSearch,100,1,0.951625,673.797891,1463.422746,1716.276000,12.660416,1273.669022,172.535780,0.000000,0.000000,614.847291,405.497616,4783.858750,1177.438750,0.000893,0.002439,0.000787,0.951625,0.012583,NaN,NaN,0,64,aggregate,20260813,/home/kai3/coco/quantization_graph/results/02_diskann_fair/gist/logs/Ours/gist_Ours_R64_Lbuild400.log,"Ours ExRaBitQ4 block16 provider. Graph build and search run through DiskANN3 in-memory provider/prune storage. Encode, ExRaBitQ4 symmetric build distance, paper-prune active Float32-to-ExRaBitQ4 query traversal, and residual4 block16 mse/fp16 rerank call the existing RaBitQSpace kernels through a native bridge. Graph construction uses ExRaBitQ4 symmetric distance on 4-bit payloads; the index stores no fp32 base vectors (fp32_base_bytes=0), unlike fp32-graph baselines."
02_diskann_fair,gist,Ours,done,ExRaBitQ4_symmetric,built_in_run,,L2,10,4,1177.000000,,1452.032345,874558588,7680,648000000,0,7066.679688,111417.509705,104031.948844,59.511722,7378.718741,64,400,1.2,efSearch,140,1,0.969375,533.524395,1854.477390,2187.318000,12.682691,1676.915391,159.633149,0.000000,0.000000,809.958072,528.217225,6274.758750,1471.863750,0.000895,0.002442,0.000788,0.969375,0.012722,NaN,NaN,0,64,aggregate,20260813,/home/kai3/coco/quantization_graph/results/02_diskann_fair/gist/logs/Ours/gist_Ours_R64_Lbuild400.log,"Ours ExRaBitQ4 block16 provider. Graph build and search run through DiskANN3 in-memory provider/prune storage. Encode, ExRaBitQ4 symmetric build distance, paper-prune active Float32-to-ExRaBitQ4 query traversal, and residual4 block16 mse/fp16 rerank call the existing RaBitQSpace kernels through a native bridge. Graph construction uses ExRaBitQ4 symmetric distance on 4-bit payloads; the index stores no fp32 base vectors (fp32_base_bytes=0), unlike fp32-graph baselines."
02_diskann_fair,gist,Ours,done,ExRaBitQ4_symmetric,built_in_run,,L2,10,4,1177.000000,,1452.032345,874558588,7680,648000000,0,7066.679688,111417.509705,104031.948844,59.511722,7378.718741,64,400,1.2,efSearch,180,1,0.975625,446.168420,2222.190672,2598.180000,12.697446,2049.267885,153.923203,0.000000,0.000000,998.546895,627.833488,7679.803750,1744.895000,0.000896,0.002453,0.000790,0.975625,0.012667,NaN,NaN,0,64,aggregate,20260813,/home/kai3/coco/quantization_graph/results/02_diskann_fair/gist/logs/Ours/gist_Ours_R64_Lbuild400.log,"Ours ExRaBitQ4 block16 provider. Graph build and search run through DiskANN3 in-memory provider/prune storage. Encode, ExRaBitQ4 symmetric build distance, paper-prune active Float32-to-ExRaBitQ4 query traversal, and residual4 block16 mse/fp16 rerank call the existing RaBitQSpace kernels through a native bridge. Graph construction uses ExRaBitQ4 symmetric distance on 4-bit payloads; the index stores no fp32 base vectors (fp32_base_bytes=0), unlike fp32-graph baselines."
02_diskann_fair,gist,Ours,done,ExRaBitQ4_symmetric,built_in_run,,L2,10,4,1177.000000,,1452.032345,874558588,7680,648000000,0,7066.679688,111417.509705,104031.948844,59.511722,7378.718741,64,400,1.2,efSearch,220,1,0.980125,384.323988,2582.931779,3018.686000,12.714744,2410.596899,152.302904,0.000000,0.000000,1179.715174,723.835446,9021.561250,2001.690000,0.000897,0.002453,0.000791,0.980125,0.012750,NaN,NaN,0,64,aggregate,20260813,/home/kai3/coco/quantization_graph/results/02_diskann_fair/gist/logs/Ours/gist_Ours_R64_Lbuild400.log,"Ours ExRaBitQ4 block16 provider. Graph build and search run through DiskANN3 in-memory provider/prune storage. Encode, ExRaBitQ4 symmetric build distance, paper-prune active Float32-to-ExRaBitQ4 query traversal, and residual4 block16 mse/fp16 rerank call the existing RaBitQSpace kernels through a native bridge. Graph construction uses ExRaBitQ4 symmetric distance on 4-bit payloads; the index stores no fp32 base vectors (fp32_base_bytes=0), unlike fp32-graph baselines."
02_diskann_fair,gist,Ours,done,ExRaBitQ4_symmetric,built_in_run,,L2,10,4,1177.000000,,1452.032345,874558588,7680,648000000,0,7066.679688,111417.509705,104031.948844,59.511722,7378.718741,64,400,1.2,efSearch,260,1,0.982250,333.795501,2976.761568,3475.095000,12.798500,2805.271644,150.633825,0.000000,0.000000,1385.954659,827.809005,10306.201250,2247.183750,0.000898,0.002456,0.000792,0.982250,0.012722,NaN,NaN,0,64,aggregate,20260813,/home/kai3/coco/quantization_graph/results/02_diskann_fair/gist/logs/Ours/gist_Ours_R64_Lbuild400.log,"Ours ExRaBitQ4 block16 provider. Graph build and search run through DiskANN3 in-memory provider/prune storage. Encode, ExRaBitQ4 symmetric build distance, paper-prune active Float32-to-ExRaBitQ4 query traversal, and residual4 block16 mse/fp16 rerank call the existing RaBitQSpace kernels through a native bridge. Graph construction uses ExRaBitQ4 symmetric distance on 4-bit payloads; the index stores no fp32 base vectors (fp32_base_bytes=0), unlike fp32-graph baselines."
02_diskann_fair,gist,Ours,done,ExRaBitQ4_symmetric,built_in_run,,L2,10,4,1177.000000,,1452.032345,874558588,7680,648000000,0,7066.679688,111417.509705,104031.948844,59.511722,7378.718741,64,400,1.2,efSearch,300,1,0.983500,302.475222,3287.531059,3835.752000,12.733956,3115.982186,150.051829,0.000000,0.000000,1526.335010,919.869777,11546.420000,2482.035000,0.000898,0.002456,0.000792,0.983500,0.012778,NaN,NaN,0,64,aggregate,20260813,/home/kai3/coco/quantization_graph/results/02_diskann_fair/gist/logs/Ours/gist_Ours_R64_Lbuild400.log,"Ours ExRaBitQ4 block16 provider. Graph build and search run through DiskANN3 in-memory provider/prune storage. Encode, ExRaBitQ4 symmetric build distance, paper-prune active Float32-to-ExRaBitQ4 query traversal, and residual4 block16 mse/fp16 rerank call the existing RaBitQSpace kernels through a native bridge. Graph construction uses ExRaBitQ4 symmetric distance on 4-bit payloads; the index stores no fp32 base vectors (fp32_base_bytes=0), unlike fp32-graph baselines."
02_diskann_fair,gist,Ours,done,ExRaBitQ4_symmetric,built_in_run,,L2,10,4,1177.000000,,1452.032345,874558588,7680,648000000,0,7066.679688,111417.509705,104031.948844,59.511722,7378.718741,64,400,1.2,efSearch,340,1,0.984125,272.936910,3645.473318,4245.935000,12.743140,3473.354985,149.837761,0.000000,0.000000,1705.227639,1015.843721,12735.193750,2708.388750,0.000898,0.002456,0.000792,0.984125,0.012778,NaN,NaN,0,64,aggregate,20260813,/home/kai3/coco/quantization_graph/results/02_diskann_fair/gist/logs/Ours/gist_Ours_R64_Lbuild400.log,"Ours ExRaBitQ4 block16 provider. Graph build and search run through DiskANN3 in-memory provider/prune storage. Encode, ExRaBitQ4 symmetric build distance, paper-prune active Float32-to-ExRaBitQ4 query traversal, and residual4 block16 mse/fp16 rerank call the existing RaBitQSpace kernels through a native bridge. Graph construction uses ExRaBitQ4 symmetric distance on 4-bit payloads; the index stores no fp32 base vectors (fp32_base_bytes=0), unlike fp32-graph baselines."
02_diskann_fair,gist,Ours,done,ExRaBitQ4_symmetric,built_in_run,,L2,10,4,1177.000000,,1452.032345,874558588,7680,648000000,0,7066.679688,111417.509705,104031.948844,59.511722,7378.718741,64,400,1.2,efSearch,380,1,0.984875,250.975693,3965.923451,4637.374000,12.776357,3793.041869,149.732957,0.000000,0.000000,1854.020979,1104.936351,13891.382500,2929.081250,0.000898,0.002456,0.000792,0.984875,0.012778,NaN,NaN,0,64,aggregate,20260813,/home/kai3/coco/quantization_graph/results/02_diskann_fair/gist/logs/Ours/gist_Ours_R64_Lbuild400.log,"Ours ExRaBitQ4 block16 provider. Graph build and search run through DiskANN3 in-memory provider/prune storage. Encode, ExRaBitQ4 symmetric build distance, paper-prune active Float32-to-ExRaBitQ4 query traversal, and residual4 block16 mse/fp16 rerank call the existing RaBitQSpace kernels through a native bridge. Graph construction uses ExRaBitQ4 symmetric distance on 4-bit payloads; the index stores no fp32 base vectors (fp32_base_bytes=0), unlike fp32-graph baselines."
02_diskann_fair,gist,Ours,done,ExRaBitQ4_symmetric,built_in_run,,L2,10,4,1177.000000,,1452.032345,874558588,7680,648000000,0,7066.679688,111417.509705,104031.948844,59.511722,7378.718741,64,400,1.2,efSearch,420,1,0.985125,229.211651,4344.318762,5084.252000,12.724619,4170.618882,149.801187,0.000000,0.000000,2055.126824,1198.049034,15018.240000,3143.657500,0.000898,0.002456,0.000792,0.985125,0.012778,NaN,NaN,0,64,aggregate,20260813,/home/kai3/coco/quantization_graph/results/02_diskann_fair/gist/logs/Ours/gist_Ours_R64_Lbuild400.log,"Ours ExRaBitQ4 block16 provider. Graph build and search run through DiskANN3 in-memory provider/prune storage. Encode, ExRaBitQ4 symmetric build distance, paper-prune active Float32-to-ExRaBitQ4 query traversal, and residual4 block16 mse/fp16 rerank call the existing RaBitQSpace kernels through a native bridge. Graph construction uses ExRaBitQ4 symmetric distance on 4-bit payloads; the index stores no fp32 base vectors (fp32_base_bytes=0), unlike fp32-graph baselines."
02_diskann_fair,gist,Ours,done,ExRaBitQ4_symmetric,built_in_run,,L2,10,4,1177.000000,,1452.032345,874558588,7680,648000000,0,7066.679688,111417.509705,104031.948844,59.511722,7378.718741,64,400,1.2,efSearch,460,1,0.985500,214.948808,4633.150592,5429.391000,12.960804,4458.372173,149.791934,0.000000,0.000000,2171.239170,1287.920594,16114.292500,3352.217500,0.000898,0.002456,0.000793,0.985500,0.012778,NaN,NaN,0,64,aggregate,20260813,/home/kai3/coco/quantization_graph/results/02_diskann_fair/gist/logs/Ours/gist_Ours_R64_Lbuild400.log,"Ours ExRaBitQ4 block16 provider. Graph build and search run through DiskANN3 in-memory provider/prune storage. Encode, ExRaBitQ4 symmetric build distance, paper-prune active Float32-to-ExRaBitQ4 query traversal, and residual4 block16 mse/fp16 rerank call the existing RaBitQSpace kernels through a native bridge. Graph construction uses ExRaBitQ4 symmetric distance on 4-bit payloads; the index stores no fp32 base vectors (fp32_base_bytes=0), unlike fp32-graph baselines."
