suite,dataset,method,status,graph_build_distance,graph_build_mode,shared_graph_build_time_ms,metric,k,nominal_bpd,actual_bytes_per_vector,codebook_bytes,index_size_mb,index_bytes,auxiliary_bytes,residual_bytes,fp32_base_bytes,peak_rss_mb,build_time_ms,graph_build_time_ms,train_time_ms,encode_time_ms,max_degree,build_beam,alpha,search_param_name,search_param_value,search_beam_width,recall,qps,latency_mean_us,latency_p95_us,prepare_us,traverse_us,rerank_us,neighbor_fetch_us,visited_mark_us,paper_batch_us,flush_us,visited_nodes,distance_calls,mean_relative_error,p95_relative_error,mean_absolute_error,top10_overlap,pairwise_flip_rate_top10,payload_bytes_read,avg_bits_read,refine_calls,threads,repeat_id,seed,log_path,note
02_diskann_fair,dbpedia,PQ,done,PQ_quantized,built_in_run,,L2,10,4,768.000000,1572864,968.297119,1015333120,0,0,0,12879.414062,3123570.160578,2834773.572828,288785.960102,0.000000,64,400,1.2,efSearch,10,1,0.897933,371.998860,2645.129262,3154.432000,NaN,NaN,NaN,NaN,NaN,NaN,NaN,NaN,NaN,0.005398,0.013590,0.001257,0.897933,0.034798,NaN,NaN,0,64,aggregate,20260813,results/round2/dbpedia/raw/02_diskann_fair/PQ/dbpedia_PQ_R64_Lbuild400.log,"DiskANN FixedChunkPQTable with num_pq_chunks=D/2: graph build AND search use the 4bit-equivalent PQ payload (Quantized strategy, NoStore primary, per-method graph)."
02_diskann_fair,dbpedia,PQ,done,PQ_quantized,built_in_run,,L2,10,4,768.000000,1572864,968.297119,1015333120,0,0,0,12879.414062,3123570.160578,2834773.572828,288785.960102,0.000000,64,400,1.2,efSearch,11,1,0.904822,356.602715,2780.404684,3442.305000,NaN,NaN,NaN,NaN,NaN,NaN,NaN,NaN,NaN,0.005399,0.013591,0.001257,0.904822,0.034726,NaN,NaN,0,64,aggregate,20260813,results/round2/dbpedia/raw/02_diskann_fair/PQ/dbpedia_PQ_R64_Lbuild400.log,"DiskANN FixedChunkPQTable with num_pq_chunks=D/2: graph build AND search use the 4bit-equivalent PQ payload (Quantized strategy, NoStore primary, per-method graph)."
02_diskann_fair,dbpedia,PQ,done,PQ_quantized,built_in_run,,L2,10,4,768.000000,1572864,968.297119,1015333120,0,0,0,12879.414062,3123570.160578,2834773.572828,288785.960102,0.000000,64,400,1.2,efSearch,12,1,0.910333,358.599505,2764.652350,3305.145000,NaN,NaN,NaN,NaN,NaN,NaN,NaN,NaN,NaN,0.005401,0.013600,0.001257,0.910333,0.034664,NaN,NaN,0,64,aggregate,20260813,results/round2/dbpedia/raw/02_diskann_fair/PQ/dbpedia_PQ_R64_Lbuild400.log,"DiskANN FixedChunkPQTable with num_pq_chunks=D/2: graph build AND search use the 4bit-equivalent PQ payload (Quantized strategy, NoStore primary, per-method graph)."
02_diskann_fair,dbpedia,PQ,done,PQ_quantized,built_in_run,,L2,10,4,768.000000,1572864,968.297119,1015333120,0,0,0,12879.414062,3123570.160578,2834773.572828,288785.960102,0.000000,64,400,1.2,efSearch,13,1,0.914467,353.122856,2807.507119,3362.429000,NaN,NaN,NaN,NaN,NaN,NaN,NaN,NaN,NaN,0.005402,0.013602,0.001256,0.914467,0.034753,NaN,NaN,0,64,aggregate,20260813,results/round2/dbpedia/raw/02_diskann_fair/PQ/dbpedia_PQ_R64_Lbuild400.log,"DiskANN FixedChunkPQTable with num_pq_chunks=D/2: graph build AND search use the 4bit-equivalent PQ payload (Quantized strategy, NoStore primary, per-method graph)."
02_diskann_fair,dbpedia,PQ,done,PQ_quantized,built_in_run,,L2,10,4,768.000000,1572864,968.297119,1015333120,0,0,0,12879.414062,3123570.160578,2834773.572828,288785.960102,0.000000,64,400,1.2,efSearch,14,1,0.918700,346.947692,2856.813571,3406.468000,NaN,NaN,NaN,NaN,NaN,NaN,NaN,NaN,NaN,0.005404,0.013602,0.001257,0.918700,0.034756,NaN,NaN,0,64,aggregate,20260813,results/round2/dbpedia/raw/02_diskann_fair/PQ/dbpedia_PQ_R64_Lbuild400.log,"DiskANN FixedChunkPQTable with num_pq_chunks=D/2: graph build AND search use the 4bit-equivalent PQ payload (Quantized strategy, NoStore primary, per-method graph)."
02_diskann_fair,dbpedia,PQ,done,PQ_quantized,built_in_run,,L2,10,4,768.000000,1572864,968.297119,1015333120,0,0,0,12879.414062,3123570.160578,2834773.572828,288785.960102,0.000000,64,400,1.2,efSearch,15,1,0.922222,340.041643,2915.427403,3480.533000,NaN,NaN,NaN,NaN,NaN,NaN,NaN,NaN,NaN,0.005406,0.013603,0.001257,0.922222,0.034731,NaN,NaN,0,64,aggregate,20260813,results/round2/dbpedia/raw/02_diskann_fair/PQ/dbpedia_PQ_R64_Lbuild400.log,"DiskANN FixedChunkPQTable with num_pq_chunks=D/2: graph build AND search use the 4bit-equivalent PQ payload (Quantized strategy, NoStore primary, per-method graph)."
02_diskann_fair,dbpedia,PQ,done,PQ_quantized,built_in_run,,L2,10,4,768.000000,1572864,968.297119,1015333120,0,0,0,12879.414062,3123570.160578,2834773.572828,288785.960102,0.000000,64,400,1.2,efSearch,16,1,0.925567,333.053256,2977.683303,3560.084000,NaN,NaN,NaN,NaN,NaN,NaN,NaN,NaN,NaN,0.005406,0.013603,0.001256,0.925567,0.034835,NaN,NaN,0,64,aggregate,20260813,results/round2/dbpedia/raw/02_diskann_fair/PQ/dbpedia_PQ_R64_Lbuild400.log,"DiskANN FixedChunkPQTable with num_pq_chunks=D/2: graph build AND search use the 4bit-equivalent PQ payload (Quantized strategy, NoStore primary, per-method graph)."
02_diskann_fair,dbpedia,PQ,done,PQ_quantized,built_in_run,,L2,10,4,768.000000,1572864,968.297119,1015333120,0,0,0,12879.414062,3123570.160578,2834773.572828,288785.960102,0.000000,64,400,1.2,efSearch,17,1,0.927722,326.847415,3033.989827,3627.957000,NaN,NaN,NaN,NaN,NaN,NaN,NaN,NaN,NaN,0.005406,0.013602,0.001256,0.927722,0.034812,NaN,NaN,0,64,aggregate,20260813,results/round2/dbpedia/raw/02_diskann_fair/PQ/dbpedia_PQ_R64_Lbuild400.log,"DiskANN FixedChunkPQTable with num_pq_chunks=D/2: graph build AND search use the 4bit-equivalent PQ payload (Quantized strategy, NoStore primary, per-method graph)."
02_diskann_fair,dbpedia,PQ,done,PQ_quantized,built_in_run,,L2,10,4,768.000000,1572864,968.297119,1015333120,0,0,0,12879.414062,3123570.160578,2834773.572828,288785.960102,0.000000,64,400,1.2,efSearch,18,1,0.929767,320.306531,3096.432227,3702.186000,NaN,NaN,NaN,NaN,NaN,NaN,NaN,NaN,NaN,0.005406,0.013603,0.001256,0.929767,0.034864,NaN,NaN,0,64,aggregate,20260813,results/round2/dbpedia/raw/02_diskann_fair/PQ/dbpedia_PQ_R64_Lbuild400.log,"DiskANN FixedChunkPQTable with num_pq_chunks=D/2: graph build AND search use the 4bit-equivalent PQ payload (Quantized strategy, NoStore primary, per-method graph)."
02_diskann_fair,dbpedia,PQ,done,PQ_quantized,built_in_run,,L2,10,4,768.000000,1572864,968.297119,1015333120,0,0,0,12879.414062,3123570.160578,2834773.572828,288785.960102,0.000000,64,400,1.2,efSearch,19,1,0.932022,314.740592,3152.406449,3777.112000,NaN,NaN,NaN,NaN,NaN,NaN,NaN,NaN,NaN,0.005407,0.013608,0.001256,0.932022,0.034862,NaN,NaN,0,64,aggregate,20260813,results/round2/dbpedia/raw/02_diskann_fair/PQ/dbpedia_PQ_R64_Lbuild400.log,"DiskANN FixedChunkPQTable with num_pq_chunks=D/2: graph build AND search use the 4bit-equivalent PQ payload (Quantized strategy, NoStore primary, per-method graph)."
02_diskann_fair,dbpedia,PQ,done,PQ_quantized,built_in_run,,L2,10,4,768.000000,1572864,968.297119,1015333120,0,0,0,12879.414062,3123570.160578,2834773.572828,288785.960102,0.000000,64,400,1.2,efSearch,20,1,0.934056,309.152371,3209.088843,3847.534000,NaN,NaN,NaN,NaN,NaN,NaN,NaN,NaN,NaN,0.005405,0.013610,0.001255,0.934056,0.034827,NaN,NaN,0,64,aggregate,20260813,results/round2/dbpedia/raw/02_diskann_fair/PQ/dbpedia_PQ_R64_Lbuild400.log,"DiskANN FixedChunkPQTable with num_pq_chunks=D/2: graph build AND search use the 4bit-equivalent PQ payload (Quantized strategy, NoStore primary, per-method graph)."
02_diskann_fair,dbpedia,PQ,done,PQ_quantized,built_in_run,,L2,10,4,768.000000,1572864,968.297119,1015333120,0,0,0,12879.414062,3123570.160578,2834773.572828,288785.960102,0.000000,64,400,1.2,efSearch,21,1,0.935822,303.739380,3266.712458,3926.895000,NaN,NaN,NaN,NaN,NaN,NaN,NaN,NaN,NaN,0.005406,0.013610,0.001255,0.935822,0.034807,NaN,NaN,0,64,aggregate,20260813,results/round2/dbpedia/raw/02_diskann_fair/PQ/dbpedia_PQ_R64_Lbuild400.log,"DiskANN FixedChunkPQTable with num_pq_chunks=D/2: graph build AND search use the 4bit-equivalent PQ payload (Quantized strategy, NoStore primary, per-method graph)."
02_diskann_fair,dbpedia,PQ,done,PQ_quantized,built_in_run,,L2,10,4,768.000000,1572864,968.297119,1015333120,0,0,0,12879.414062,3123570.160578,2834773.572828,288785.960102,0.000000,64,400,1.2,efSearch,22,1,0.937200,298.914829,3319.871953,3979.815000,NaN,NaN,NaN,NaN,NaN,NaN,NaN,NaN,NaN,0.005406,0.013610,0.001255,0.937200,0.034773,NaN,NaN,0,64,aggregate,20260813,results/round2/dbpedia/raw/02_diskann_fair/PQ/dbpedia_PQ_R64_Lbuild400.log,"DiskANN FixedChunkPQTable with num_pq_chunks=D/2: graph build AND search use the 4bit-equivalent PQ payload (Quantized strategy, NoStore primary, per-method graph)."
02_diskann_fair,dbpedia,PQ,done,PQ_quantized,built_in_run,,L2,10,4,768.000000,1572864,968.297119,1015333120,0,0,0,12879.414062,3123570.160578,2834773.572828,288785.960102,0.000000,64,400,1.2,efSearch,23,1,0.938756,293.815797,3377.906884,4063.936000,NaN,NaN,NaN,NaN,NaN,NaN,NaN,NaN,NaN,0.005408,0.013613,0.001255,0.938756,0.034751,NaN,NaN,0,64,aggregate,20260813,results/round2/dbpedia/raw/02_diskann_fair/PQ/dbpedia_PQ_R64_Lbuild400.log,"DiskANN FixedChunkPQTable with num_pq_chunks=D/2: graph build AND search use the 4bit-equivalent PQ payload (Quantized strategy, NoStore primary, per-method graph)."
02_diskann_fair,dbpedia,PQ,done,PQ_quantized,built_in_run,,L2,10,4,768.000000,1572864,968.297119,1015333120,0,0,0,12879.414062,3123570.160578,2834773.572828,288785.960102,0.000000,64,400,1.2,efSearch,24,1,0.940311,289.240616,3432.518134,4127.630000,NaN,NaN,NaN,NaN,NaN,NaN,NaN,NaN,NaN,0.005409,0.013613,0.001255,0.940311,0.034743,NaN,NaN,0,64,aggregate,20260813,results/round2/dbpedia/raw/02_diskann_fair/PQ/dbpedia_PQ_R64_Lbuild400.log,"DiskANN FixedChunkPQTable with num_pq_chunks=D/2: graph build AND search use the 4bit-equivalent PQ payload (Quantized strategy, NoStore primary, per-method graph)."
02_diskann_fair,dbpedia,PQ,done,PQ_quantized,built_in_run,,L2,10,4,768.000000,1572864,968.297119,1015333120,0,0,0,12879.414062,3123570.160578,2834773.572828,288785.960102,0.000000,64,400,1.2,efSearch,25,1,0.941211,284.790508,3485.853510,4200.006000,NaN,NaN,NaN,NaN,NaN,NaN,NaN,NaN,NaN,0.005409,0.013613,0.001255,0.941211,0.034810,NaN,NaN,0,64,aggregate,20260813,results/round2/dbpedia/raw/02_diskann_fair/PQ/dbpedia_PQ_R64_Lbuild400.log,"DiskANN FixedChunkPQTable with num_pq_chunks=D/2: graph build AND search use the 4bit-equivalent PQ payload (Quantized strategy, NoStore primary, per-method graph)."
02_diskann_fair,dbpedia,PQ,done,PQ_quantized,built_in_run,,L2,10,4,768.000000,1572864,968.297119,1015333120,0,0,0,12879.414062,3123570.160578,2834773.572828,288785.960102,0.000000,64,400,1.2,efSearch,26,1,0.942322,279.584386,3551.750762,4275.320000,NaN,NaN,NaN,NaN,NaN,NaN,NaN,NaN,NaN,0.005410,0.013613,0.001256,0.942322,0.034832,NaN,NaN,0,64,aggregate,20260813,results/round2/dbpedia/raw/02_diskann_fair/PQ/dbpedia_PQ_R64_Lbuild400.log,"DiskANN FixedChunkPQTable with num_pq_chunks=D/2: graph build AND search use the 4bit-equivalent PQ payload (Quantized strategy, NoStore primary, per-method graph)."
02_diskann_fair,dbpedia,PQ,done,PQ_quantized,built_in_run,,L2,10,4,768.000000,1572864,968.297119,1015333120,0,0,0,12879.414062,3123570.160578,2834773.572828,288785.960102,0.000000,64,400,1.2,efSearch,27,1,0.943333,274.172886,3623.415638,4409.168000,NaN,NaN,NaN,NaN,NaN,NaN,NaN,NaN,NaN,0.005409,0.013610,0.001255,0.943333,0.034852,NaN,NaN,0,64,aggregate,20260813,results/round2/dbpedia/raw/02_diskann_fair/PQ/dbpedia_PQ_R64_Lbuild400.log,"DiskANN FixedChunkPQTable with num_pq_chunks=D/2: graph build AND search use the 4bit-equivalent PQ payload (Quantized strategy, NoStore primary, per-method graph)."
02_diskann_fair,dbpedia,PQ,done,PQ_quantized,built_in_run,,L2,10,4,768.000000,1572864,968.297119,1015333120,0,0,0,12879.414062,3123570.160578,2834773.572828,288785.960102,0.000000,64,400,1.2,efSearch,28,1,0.944233,272.393593,3646.558747,4431.981000,NaN,NaN,NaN,NaN,NaN,NaN,NaN,NaN,NaN,0.005409,0.013609,0.001255,0.944233,0.034889,NaN,NaN,0,64,aggregate,20260813,results/round2/dbpedia/raw/02_diskann_fair/PQ/dbpedia_PQ_R64_Lbuild400.log,"DiskANN FixedChunkPQTable with num_pq_chunks=D/2: graph build AND search use the 4bit-equivalent PQ payload (Quantized strategy, NoStore primary, per-method graph)."
02_diskann_fair,dbpedia,PQ,done,PQ_quantized,built_in_run,,L2,10,4,768.000000,1572864,968.297119,1015333120,0,0,0,12879.414062,3123570.160578,2834773.572828,288785.960102,0.000000,64,400,1.2,efSearch,29,1,0.945211,271.243423,3662.772804,4446.210000,NaN,NaN,NaN,NaN,NaN,NaN,NaN,NaN,NaN,0.005409,0.013610,0.001255,0.945211,0.034896,NaN,NaN,0,64,aggregate,20260813,results/round2/dbpedia/raw/02_diskann_fair/PQ/dbpedia_PQ_R64_Lbuild400.log,"DiskANN FixedChunkPQTable with num_pq_chunks=D/2: graph build AND search use the 4bit-equivalent PQ payload (Quantized strategy, NoStore primary, per-method graph)."
02_diskann_fair,dbpedia,PQ,done,PQ_quantized,built_in_run,,L2,10,4,768.000000,1572864,968.297119,1015333120,0,0,0,12879.414062,3123570.160578,2834773.572828,288785.960102,0.000000,64,400,1.2,efSearch,30,1,0.945967,267.633785,3711.816474,4502.604000,NaN,NaN,NaN,NaN,NaN,NaN,NaN,NaN,NaN,0.005409,0.013610,0.001255,0.945967,0.034862,NaN,NaN,0,64,aggregate,20260813,results/round2/dbpedia/raw/02_diskann_fair/PQ/dbpedia_PQ_R64_Lbuild400.log,"DiskANN FixedChunkPQTable with num_pq_chunks=D/2: graph build AND search use the 4bit-equivalent PQ payload (Quantized strategy, NoStore primary, per-method graph)."
02_diskann_fair,dbpedia,PQ,done,PQ_quantized,built_in_run,,L2,10,4,768.000000,1572864,968.297119,1015333120,0,0,0,12879.414062,3123570.160578,2834773.572828,288785.960102,0.000000,64,400,1.2,efSearch,40,1,0.952544,234.939289,4231.707477,5211.029000,NaN,NaN,NaN,NaN,NaN,NaN,NaN,NaN,NaN,0.005410,0.013606,0.001254,0.952544,0.034921,NaN,NaN,0,64,aggregate,20260813,results/round2/dbpedia/raw/02_diskann_fair/PQ/dbpedia_PQ_R64_Lbuild400.log,"DiskANN FixedChunkPQTable with num_pq_chunks=D/2: graph build AND search use the 4bit-equivalent PQ payload (Quantized strategy, NoStore primary, per-method graph)."
02_diskann_fair,dbpedia,PQ,done,PQ_quantized,built_in_run,,L2,10,4,768.000000,1572864,968.297119,1015333120,0,0,0,12879.414062,3123570.160578,2834773.572828,288785.960102,0.000000,64,400,1.2,efSearch,50,1,0.955756,210.851370,4718.067150,5903.025000,NaN,NaN,NaN,NaN,NaN,NaN,NaN,NaN,NaN,0.005411,0.013603,0.001254,0.955756,0.034911,NaN,NaN,0,64,aggregate,20260813,results/round2/dbpedia/raw/02_diskann_fair/PQ/dbpedia_PQ_R64_Lbuild400.log,"DiskANN FixedChunkPQTable with num_pq_chunks=D/2: graph build AND search use the 4bit-equivalent PQ payload (Quantized strategy, NoStore primary, per-method graph)."
02_diskann_fair,dbpedia,PQ,done,PQ_quantized,built_in_run,,L2,10,4,768.000000,1572864,968.297119,1015333120,0,0,0,12879.414062,3123570.160578,2834773.572828,288785.960102,0.000000,64,400,1.2,efSearch,60,1,0.957978,191.466645,5197.446817,6588.476000,NaN,NaN,NaN,NaN,NaN,NaN,NaN,NaN,NaN,0.005410,0.013602,0.001254,0.957978,0.034995,NaN,NaN,0,64,aggregate,20260813,results/round2/dbpedia/raw/02_diskann_fair/PQ/dbpedia_PQ_R64_Lbuild400.log,"DiskANN FixedChunkPQTable with num_pq_chunks=D/2: graph build AND search use the 4bit-equivalent PQ payload (Quantized strategy, NoStore primary, per-method graph)."
02_diskann_fair,dbpedia,PQ,done,PQ_quantized,built_in_run,,L2,10,4,768.000000,1572864,968.297119,1015333120,0,0,0,12879.414062,3123570.160578,2834773.572828,288785.960102,0.000000,64,400,1.2,efSearch,70,1,0.958778,175.401971,5676.668951,7296.583000,NaN,NaN,NaN,NaN,NaN,NaN,NaN,NaN,NaN,0.005409,0.013603,0.001253,0.958778,0.035005,NaN,NaN,0,64,aggregate,20260813,results/round2/dbpedia/raw/02_diskann_fair/PQ/dbpedia_PQ_R64_Lbuild400.log,"DiskANN FixedChunkPQTable with num_pq_chunks=D/2: graph build AND search use the 4bit-equivalent PQ payload (Quantized strategy, NoStore primary, per-method graph)."
02_diskann_fair,dbpedia,PQ,done,PQ_quantized,built_in_run,,L2,10,4,768.000000,1572864,968.297119,1015333120,0,0,0,12879.414062,3123570.160578,2834773.572828,288785.960102,0.000000,64,400,1.2,efSearch,80,1,0.959722,162.039046,6146.046292,8013.802000,NaN,NaN,NaN,NaN,NaN,NaN,NaN,NaN,NaN,0.005410,0.013606,0.001253,0.959722,0.034990,NaN,NaN,0,64,aggregate,20260813,results/round2/dbpedia/raw/02_diskann_fair/PQ/dbpedia_PQ_R64_Lbuild400.log,"DiskANN FixedChunkPQTable with num_pq_chunks=D/2: graph build AND search use the 4bit-equivalent PQ payload (Quantized strategy, NoStore primary, per-method graph)."
02_diskann_fair,dbpedia,PQ,done,PQ_quantized,built_in_run,,L2,10,4,768.000000,1572864,968.297119,1015333120,0,0,0,12879.414062,3123570.160578,2834773.572828,288785.960102,0.000000,64,400,1.2,efSearch,90,1,0.960367,151.697045,6566.776489,8611.604000,NaN,NaN,NaN,NaN,NaN,NaN,NaN,NaN,NaN,0.005410,0.013606,0.001253,0.960367,0.035002,NaN,NaN,0,64,aggregate,20260813,results/round2/dbpedia/raw/02_diskann_fair/PQ/dbpedia_PQ_R64_Lbuild400.log,"DiskANN FixedChunkPQTable with num_pq_chunks=D/2: graph build AND search use the 4bit-equivalent PQ payload (Quantized strategy, NoStore primary, per-method graph)."
02_diskann_fair,dbpedia,PQ,done,PQ_quantized,built_in_run,,L2,10,4,768.000000,1572864,968.297119,1015333120,0,0,0,12879.414062,3123570.160578,2834773.572828,288785.960102,0.000000,64,400,1.2,efSearch,100,1,0.960944,142.159458,7009.009166,9331.745000,NaN,NaN,NaN,NaN,NaN,NaN,NaN,NaN,NaN,0.005410,0.013608,0.001253,0.960944,0.034985,NaN,NaN,0,64,aggregate,20260813,results/round2/dbpedia/raw/02_diskann_fair/PQ/dbpedia_PQ_R64_Lbuild400.log,"DiskANN FixedChunkPQTable with num_pq_chunks=D/2: graph build AND search use the 4bit-equivalent PQ payload (Quantized strategy, NoStore primary, per-method graph)."
02_diskann_fair,dbpedia,PQ,done,PQ_quantized,built_in_run,,L2,10,4,768.000000,1572864,968.297119,1015333120,0,0,0,12879.414062,3123570.160578,2834773.572828,288785.960102,0.000000,64,400,1.2,efSearch,140,1,0.962156,114.978452,8671.996216,11823.481000,NaN,NaN,NaN,NaN,NaN,NaN,NaN,NaN,NaN,0.005411,0.013610,0.001253,0.962156,0.034946,NaN,NaN,0,64,aggregate,20260813,results/round2/dbpedia/raw/02_diskann_fair/PQ/dbpedia_PQ_R64_Lbuild400.log,"DiskANN FixedChunkPQTable with num_pq_chunks=D/2: graph build AND search use the 4bit-equivalent PQ payload (Quantized strategy, NoStore primary, per-method graph)."
02_diskann_fair,dbpedia,PQ,done,PQ_quantized,built_in_run,,L2,10,4,768.000000,1572864,968.297119,1015333120,0,0,0,12879.414062,3123570.160578,2834773.572828,288785.960102,0.000000,64,400,1.2,efSearch,180,1,0.962756,97.271789,10254.352598,14262.809000,NaN,NaN,NaN,NaN,NaN,NaN,NaN,NaN,NaN,0.005411,0.013610,0.001253,0.962756,0.034916,NaN,NaN,0,64,aggregate,20260813,results/round2/dbpedia/raw/02_diskann_fair/PQ/dbpedia_PQ_R64_Lbuild400.log,"DiskANN FixedChunkPQTable with num_pq_chunks=D/2: graph build AND search use the 4bit-equivalent PQ payload (Quantized strategy, NoStore primary, per-method graph)."
02_diskann_fair,dbpedia,PQ,done,PQ_quantized,built_in_run,,L2,10,4,768.000000,1572864,968.297119,1015333120,0,0,0,12879.414062,3123570.160578,2834773.572828,288785.960102,0.000000,64,400,1.2,efSearch,220,1,0.963022,84.796701,11766.802462,16583.707000,NaN,NaN,NaN,NaN,NaN,NaN,NaN,NaN,NaN,0.005411,0.013609,0.001253,0.963022,0.034921,NaN,NaN,0,64,aggregate,20260813,results/round2/dbpedia/raw/02_diskann_fair/PQ/dbpedia_PQ_R64_Lbuild400.log,"DiskANN FixedChunkPQTable with num_pq_chunks=D/2: graph build AND search use the 4bit-equivalent PQ payload (Quantized strategy, NoStore primary, per-method graph)."
02_diskann_fair,dbpedia,PQ,done,PQ_quantized,built_in_run,,L2,10,4,768.000000,1572864,968.297119,1015333120,0,0,0,12879.414062,3123570.160578,2834773.572828,288785.960102,0.000000,64,400,1.2,efSearch,260,1,0.963389,75.304137,13253.174131,18830.419000,NaN,NaN,NaN,NaN,NaN,NaN,NaN,NaN,NaN,0.005412,0.013610,0.001253,0.963389,0.034921,NaN,NaN,0,64,aggregate,20260813,results/round2/dbpedia/raw/02_diskann_fair/PQ/dbpedia_PQ_R64_Lbuild400.log,"DiskANN FixedChunkPQTable with num_pq_chunks=D/2: graph build AND search use the 4bit-equivalent PQ payload (Quantized strategy, NoStore primary, per-method graph)."
02_diskann_fair,dbpedia,PQ,done,PQ_quantized,built_in_run,,L2,10,4,768.000000,1572864,968.297119,1015333120,0,0,0,12879.414062,3123570.160578,2834773.572828,288785.960102,0.000000,64,400,1.2,efSearch,300,1,0.963622,67.881807,14706.738766,21057.813000,NaN,NaN,NaN,NaN,NaN,NaN,NaN,NaN,NaN,0.005412,0.013610,0.001253,0.963622,0.034909,NaN,NaN,0,64,aggregate,20260813,results/round2/dbpedia/raw/02_diskann_fair/PQ/dbpedia_PQ_R64_Lbuild400.log,"DiskANN FixedChunkPQTable with num_pq_chunks=D/2: graph build AND search use the 4bit-equivalent PQ payload (Quantized strategy, NoStore primary, per-method graph)."
02_diskann_fair,dbpedia,PQ,done,PQ_quantized,built_in_run,,L2,10,4,768.000000,1572864,968.297119,1015333120,0,0,0,12879.414062,3123570.160578,2834773.572828,288785.960102,0.000000,64,400,1.2,efSearch,340,1,0.963733,62.173015,16058.895382,23073.192000,NaN,NaN,NaN,NaN,NaN,NaN,NaN,NaN,NaN,0.005412,0.013610,0.001253,0.963733,0.034899,NaN,NaN,0,64,aggregate,20260813,results/round2/dbpedia/raw/02_diskann_fair/PQ/dbpedia_PQ_R64_Lbuild400.log,"DiskANN FixedChunkPQTable with num_pq_chunks=D/2: graph build AND search use the 4bit-equivalent PQ payload (Quantized strategy, NoStore primary, per-method graph)."
02_diskann_fair,dbpedia,PQ,done,PQ_quantized,built_in_run,,L2,10,4,768.000000,1572864,968.297119,1015333120,0,0,0,12879.414062,3123570.160578,2834773.572828,288785.960102,0.000000,64,400,1.2,efSearch,380,1,0.963889,57.289662,17429.761943,25160.598000,NaN,NaN,NaN,NaN,NaN,NaN,NaN,NaN,NaN,0.005412,0.013610,0.001253,0.963889,0.034891,NaN,NaN,0,64,aggregate,20260813,results/round2/dbpedia/raw/02_diskann_fair/PQ/dbpedia_PQ_R64_Lbuild400.log,"DiskANN FixedChunkPQTable with num_pq_chunks=D/2: graph build AND search use the 4bit-equivalent PQ payload (Quantized strategy, NoStore primary, per-method graph)."
02_diskann_fair,dbpedia,PQ,done,PQ_quantized,built_in_run,,L2,10,4,768.000000,1572864,968.297119,1015333120,0,0,0,12879.414062,3123570.160578,2834773.572828,288785.960102,0.000000,64,400,1.2,efSearch,420,1,0.964089,53.032607,18830.114801,27285.469000,NaN,NaN,NaN,NaN,NaN,NaN,NaN,NaN,NaN,0.005412,0.013610,0.001253,0.964089,0.034904,NaN,NaN,0,64,aggregate,20260813,results/round2/dbpedia/raw/02_diskann_fair/PQ/dbpedia_PQ_R64_Lbuild400.log,"DiskANN FixedChunkPQTable with num_pq_chunks=D/2: graph build AND search use the 4bit-equivalent PQ payload (Quantized strategy, NoStore primary, per-method graph)."
02_diskann_fair,dbpedia,PQ,done,PQ_quantized,built_in_run,,L2,10,4,768.000000,1572864,968.297119,1015333120,0,0,0,12879.414062,3123570.160578,2834773.572828,288785.960102,0.000000,64,400,1.2,efSearch,460,1,0.964222,49.700790,20094.242972,29134.353000,NaN,NaN,NaN,NaN,NaN,NaN,NaN,NaN,NaN,0.005412,0.013610,0.001253,0.964222,0.034911,NaN,NaN,0,64,aggregate,20260813,results/round2/dbpedia/raw/02_diskann_fair/PQ/dbpedia_PQ_R64_Lbuild400.log,"DiskANN FixedChunkPQTable with num_pq_chunks=D/2: graph build AND search use the 4bit-equivalent PQ payload (Quantized strategy, NoStore primary, per-method graph)."
02_diskann_fair,dbpedia,PQ,done,PQ_quantized,built_in_run,,L2,10,4,768.000000,1572864,968.297119,1015333120,0,0,0,12879.742188,3050631.788145,2798012.459853,252608.943436,0.000000,64,400,1.2,efSearch,10,1,0.897933,353.120813,2782.554536,3362.865000,NaN,NaN,NaN,NaN,NaN,NaN,NaN,NaN,NaN,0.005398,0.013590,0.001257,0.897933,0.034798,NaN,NaN,0,64,aggregate,20260813,results/round2/dbpedia/raw/02_diskann_fair/PQ/dbpedia_PQ_R64_Lbuild400.log,"DiskANN FixedChunkPQTable with num_pq_chunks=D/2: graph build AND search use the 4bit-equivalent PQ payload (Quantized strategy, NoStore primary, per-method graph)."
02_diskann_fair,dbpedia,PQ,done,PQ_quantized,built_in_run,,L2,10,4,768.000000,1572864,968.297119,1015333120,0,0,0,12879.742188,3050631.788145,2798012.459853,252608.943436,0.000000,64,400,1.2,efSearch,11,1,0.904822,352.944325,2808.680859,3371.764000,NaN,NaN,NaN,NaN,NaN,NaN,NaN,NaN,NaN,0.005399,0.013591,0.001257,0.904822,0.034726,NaN,NaN,0,64,aggregate,20260813,results/round2/dbpedia/raw/02_diskann_fair/PQ/dbpedia_PQ_R64_Lbuild400.log,"DiskANN FixedChunkPQTable with num_pq_chunks=D/2: graph build AND search use the 4bit-equivalent PQ payload (Quantized strategy, NoStore primary, per-method graph)."
02_diskann_fair,dbpedia,PQ,done,PQ_quantized,built_in_run,,L2,10,4,768.000000,1572864,968.297119,1015333120,0,0,0,12879.742188,3050631.788145,2798012.459853,252608.943436,0.000000,64,400,1.2,efSearch,12,1,0.910333,346.046076,2863.250355,3442.753000,NaN,NaN,NaN,NaN,NaN,NaN,NaN,NaN,NaN,0.005401,0.013600,0.001257,0.910333,0.034664,NaN,NaN,0,64,aggregate,20260813,results/round2/dbpedia/raw/02_diskann_fair/PQ/dbpedia_PQ_R64_Lbuild400.log,"DiskANN FixedChunkPQTable with num_pq_chunks=D/2: graph build AND search use the 4bit-equivalent PQ payload (Quantized strategy, NoStore primary, per-method graph)."
02_diskann_fair,dbpedia,PQ,done,PQ_quantized,built_in_run,,L2,10,4,768.000000,1572864,968.297119,1015333120,0,0,0,12879.742188,3050631.788145,2798012.459853,252608.943436,0.000000,64,400,1.2,efSearch,13,1,0.914467,338.688096,2926.083047,3513.655000,NaN,NaN,NaN,NaN,NaN,NaN,NaN,NaN,NaN,0.005402,0.013602,0.001256,0.914467,0.034753,NaN,NaN,0,64,aggregate,20260813,results/round2/dbpedia/raw/02_diskann_fair/PQ/dbpedia_PQ_R64_Lbuild400.log,"DiskANN FixedChunkPQTable with num_pq_chunks=D/2: graph build AND search use the 4bit-equivalent PQ payload (Quantized strategy, NoStore primary, per-method graph)."
02_diskann_fair,dbpedia,PQ,done,PQ_quantized,built_in_run,,L2,10,4,768.000000,1572864,968.297119,1015333120,0,0,0,12879.742188,3050631.788145,2798012.459853,252608.943436,0.000000,64,400,1.2,efSearch,14,1,0.918700,331.724496,2988.295491,3587.043000,NaN,NaN,NaN,NaN,NaN,NaN,NaN,NaN,NaN,0.005404,0.013602,0.001257,0.918700,0.034756,NaN,NaN,0,64,aggregate,20260813,results/round2/dbpedia/raw/02_diskann_fair/PQ/dbpedia_PQ_R64_Lbuild400.log,"DiskANN FixedChunkPQTable with num_pq_chunks=D/2: graph build AND search use the 4bit-equivalent PQ payload (Quantized strategy, NoStore primary, per-method graph)."
02_diskann_fair,dbpedia,PQ,done,PQ_quantized,built_in_run,,L2,10,4,768.000000,1572864,968.297119,1015333120,0,0,0,12879.742188,3050631.788145,2798012.459853,252608.943436,0.000000,64,400,1.2,efSearch,15,1,0.922222,324.852398,3052.011197,3668.173000,NaN,NaN,NaN,NaN,NaN,NaN,NaN,NaN,NaN,0.005406,0.013603,0.001257,0.922222,0.034731,NaN,NaN,0,64,aggregate,20260813,results/round2/dbpedia/raw/02_diskann_fair/PQ/dbpedia_PQ_R64_Lbuild400.log,"DiskANN FixedChunkPQTable with num_pq_chunks=D/2: graph build AND search use the 4bit-equivalent PQ payload (Quantized strategy, NoStore primary, per-method graph)."
02_diskann_fair,dbpedia,PQ,done,PQ_quantized,built_in_run,,L2,10,4,768.000000,1572864,968.297119,1015333120,0,0,0,12879.742188,3050631.788145,2798012.459853,252608.943436,0.000000,64,400,1.2,efSearch,16,1,0.925567,318.287943,3115.467669,3741.677000,NaN,NaN,NaN,NaN,NaN,NaN,NaN,NaN,NaN,0.005406,0.013603,0.001256,0.925567,0.034835,NaN,NaN,0,64,aggregate,20260813,results/round2/dbpedia/raw/02_diskann_fair/PQ/dbpedia_PQ_R64_Lbuild400.log,"DiskANN FixedChunkPQTable with num_pq_chunks=D/2: graph build AND search use the 4bit-equivalent PQ payload (Quantized strategy, NoStore primary, per-method graph)."
02_diskann_fair,dbpedia,PQ,done,PQ_quantized,built_in_run,,L2,10,4,768.000000,1572864,968.297119,1015333120,0,0,0,12879.742188,3050631.788145,2798012.459853,252608.943436,0.000000,64,400,1.2,efSearch,17,1,0.927722,312.149635,3176.535936,3807.024000,NaN,NaN,NaN,NaN,NaN,NaN,NaN,NaN,NaN,0.005406,0.013602,0.001256,0.927722,0.034812,NaN,NaN,0,64,aggregate,20260813,results/round2/dbpedia/raw/02_diskann_fair/PQ/dbpedia_PQ_R64_Lbuild400.log,"DiskANN FixedChunkPQTable with num_pq_chunks=D/2: graph build AND search use the 4bit-equivalent PQ payload (Quantized strategy, NoStore primary, per-method graph)."
02_diskann_fair,dbpedia,PQ,done,PQ_quantized,built_in_run,,L2,10,4,768.000000,1572864,968.297119,1015333120,0,0,0,12879.742188,3050631.788145,2798012.459853,252608.943436,0.000000,64,400,1.2,efSearch,18,1,0.929767,306.856554,3232.635693,3884.499000,NaN,NaN,NaN,NaN,NaN,NaN,NaN,NaN,NaN,0.005406,0.013603,0.001256,0.929767,0.034864,NaN,NaN,0,64,aggregate,20260813,results/round2/dbpedia/raw/02_diskann_fair/PQ/dbpedia_PQ_R64_Lbuild400.log,"DiskANN FixedChunkPQTable with num_pq_chunks=D/2: graph build AND search use the 4bit-equivalent PQ payload (Quantized strategy, NoStore primary, per-method graph)."
02_diskann_fair,dbpedia,PQ,done,PQ_quantized,built_in_run,,L2,10,4,768.000000,1572864,968.297119,1015333120,0,0,0,12879.742188,3050631.788145,2798012.459853,252608.943436,0.000000,64,400,1.2,efSearch,19,1,0.932022,295.967460,3354.727642,4089.450000,NaN,NaN,NaN,NaN,NaN,NaN,NaN,NaN,NaN,0.005407,0.013608,0.001256,0.932022,0.034862,NaN,NaN,0,64,aggregate,20260813,results/round2/dbpedia/raw/02_diskann_fair/PQ/dbpedia_PQ_R64_Lbuild400.log,"DiskANN FixedChunkPQTable with num_pq_chunks=D/2: graph build AND search use the 4bit-equivalent PQ payload (Quantized strategy, NoStore primary, per-method graph)."
02_diskann_fair,dbpedia,PQ,done,PQ_quantized,built_in_run,,L2,10,4,768.000000,1572864,968.297119,1015333120,0,0,0,12879.742188,3050631.788145,2798012.459853,252608.943436,0.000000,64,400,1.2,efSearch,20,1,0.934056,295.621184,3357.913318,4108.952000,NaN,NaN,NaN,NaN,NaN,NaN,NaN,NaN,NaN,0.005405,0.013610,0.001255,0.934056,0.034827,NaN,NaN,0,64,aggregate,20260813,results/round2/dbpedia/raw/02_diskann_fair/PQ/dbpedia_PQ_R64_Lbuild400.log,"DiskANN FixedChunkPQTable with num_pq_chunks=D/2: graph build AND search use the 4bit-equivalent PQ payload (Quantized strategy, NoStore primary, per-method graph)."
02_diskann_fair,dbpedia,PQ,done,PQ_quantized,built_in_run,,L2,10,4,768.000000,1572864,968.297119,1015333120,0,0,0,12879.742188,3050631.788145,2798012.459853,252608.943436,0.000000,64,400,1.2,efSearch,21,1,0.935822,303.885421,3266.092123,3927.186000,NaN,NaN,NaN,NaN,NaN,NaN,NaN,NaN,NaN,0.005406,0.013610,0.001255,0.935822,0.034807,NaN,NaN,0,64,aggregate,20260813,results/round2/dbpedia/raw/02_diskann_fair/PQ/dbpedia_PQ_R64_Lbuild400.log,"DiskANN FixedChunkPQTable with num_pq_chunks=D/2: graph build AND search use the 4bit-equivalent PQ payload (Quantized strategy, NoStore primary, per-method graph)."
02_diskann_fair,dbpedia,PQ,done,PQ_quantized,built_in_run,,L2,10,4,768.000000,1572864,968.297119,1015333120,0,0,0,12879.742188,3050631.788145,2798012.459853,252608.943436,0.000000,64,400,1.2,efSearch,22,1,0.937200,298.802727,3321.177313,3983.749000,NaN,NaN,NaN,NaN,NaN,NaN,NaN,NaN,NaN,0.005406,0.013610,0.001255,0.937200,0.034773,NaN,NaN,0,64,aggregate,20260813,results/round2/dbpedia/raw/02_diskann_fair/PQ/dbpedia_PQ_R64_Lbuild400.log,"DiskANN FixedChunkPQTable with num_pq_chunks=D/2: graph build AND search use the 4bit-equivalent PQ payload (Quantized strategy, NoStore primary, per-method graph)."
02_diskann_fair,dbpedia,PQ,done,PQ_quantized,built_in_run,,L2,10,4,768.000000,1572864,968.297119,1015333120,0,0,0,12879.742188,3050631.788145,2798012.459853,252608.943436,0.000000,64,400,1.2,efSearch,23,1,0.938756,293.862618,3377.468898,4050.633000,NaN,NaN,NaN,NaN,NaN,NaN,NaN,NaN,NaN,0.005408,0.013613,0.001255,0.938756,0.034751,NaN,NaN,0,64,aggregate,20260813,results/round2/dbpedia/raw/02_diskann_fair/PQ/dbpedia_PQ_R64_Lbuild400.log,"DiskANN FixedChunkPQTable with num_pq_chunks=D/2: graph build AND search use the 4bit-equivalent PQ payload (Quantized strategy, NoStore primary, per-method graph)."
02_diskann_fair,dbpedia,PQ,done,PQ_quantized,built_in_run,,L2,10,4,768.000000,1572864,968.297119,1015333120,0,0,0,12879.742188,3050631.788145,2798012.459853,252608.943436,0.000000,64,400,1.2,efSearch,24,1,0.940311,289.129566,3434.054638,4135.872000,NaN,NaN,NaN,NaN,NaN,NaN,NaN,NaN,NaN,0.005409,0.013613,0.001255,0.940311,0.034743,NaN,NaN,0,64,aggregate,20260813,results/round2/dbpedia/raw/02_diskann_fair/PQ/dbpedia_PQ_R64_Lbuild400.log,"DiskANN FixedChunkPQTable with num_pq_chunks=D/2: graph build AND search use the 4bit-equivalent PQ payload (Quantized strategy, NoStore primary, per-method graph)."
02_diskann_fair,dbpedia,PQ,done,PQ_quantized,built_in_run,,L2,10,4,768.000000,1572864,968.297119,1015333120,0,0,0,12879.742188,3050631.788145,2798012.459853,252608.943436,0.000000,64,400,1.2,efSearch,25,1,0.941211,284.659373,3487.582670,4204.855000,NaN,NaN,NaN,NaN,NaN,NaN,NaN,NaN,NaN,0.005409,0.013613,0.001255,0.941211,0.034810,NaN,NaN,0,64,aggregate,20260813,results/round2/dbpedia/raw/02_diskann_fair/PQ/dbpedia_PQ_R64_Lbuild400.log,"DiskANN FixedChunkPQTable with num_pq_chunks=D/2: graph build AND search use the 4bit-equivalent PQ payload (Quantized strategy, NoStore primary, per-method graph)."
02_diskann_fair,dbpedia,PQ,done,PQ_quantized,built_in_run,,L2,10,4,768.000000,1572864,968.297119,1015333120,0,0,0,12879.742188,3050631.788145,2798012.459853,252608.943436,0.000000,64,400,1.2,efSearch,26,1,0.942322,280.083406,3544.969370,4268.134000,NaN,NaN,NaN,NaN,NaN,NaN,NaN,NaN,NaN,0.005410,0.013613,0.001256,0.942322,0.034832,NaN,NaN,0,64,aggregate,20260813,results/round2/dbpedia/raw/02_diskann_fair/PQ/dbpedia_PQ_R64_Lbuild400.log,"DiskANN FixedChunkPQTable with num_pq_chunks=D/2: graph build AND search use the 4bit-equivalent PQ payload (Quantized strategy, NoStore primary, per-method graph)."
02_diskann_fair,dbpedia,PQ,done,PQ_quantized,built_in_run,,L2,10,4,768.000000,1572864,968.297119,1015333120,0,0,0,12879.742188,3050631.788145,2798012.459853,252608.943436,0.000000,64,400,1.2,efSearch,27,1,0.943333,276.067640,3596.844500,4338.551000,NaN,NaN,NaN,NaN,NaN,NaN,NaN,NaN,NaN,0.005409,0.013610,0.001255,0.943333,0.034852,NaN,NaN,0,64,aggregate,20260813,results/round2/dbpedia/raw/02_diskann_fair/PQ/dbpedia_PQ_R64_Lbuild400.log,"DiskANN FixedChunkPQTable with num_pq_chunks=D/2: graph build AND search use the 4bit-equivalent PQ payload (Quantized strategy, NoStore primary, per-method graph)."
02_diskann_fair,dbpedia,PQ,done,PQ_quantized,built_in_run,,L2,10,4,768.000000,1572864,968.297119,1015333120,0,0,0,12879.742188,3050631.788145,2798012.459853,252608.943436,0.000000,64,400,1.2,efSearch,28,1,0.944233,272.180503,3648.685153,4417.729000,NaN,NaN,NaN,NaN,NaN,NaN,NaN,NaN,NaN,0.005409,0.013609,0.001255,0.944233,0.034889,NaN,NaN,0,64,aggregate,20260813,results/round2/dbpedia/raw/02_diskann_fair/PQ/dbpedia_PQ_R64_Lbuild400.log,"DiskANN FixedChunkPQTable with num_pq_chunks=D/2: graph build AND search use the 4bit-equivalent PQ payload (Quantized strategy, NoStore primary, per-method graph)."
02_diskann_fair,dbpedia,PQ,done,PQ_quantized,built_in_run,,L2,10,4,768.000000,1572864,968.297119,1015333120,0,0,0,12879.742188,3050631.788145,2798012.459853,252608.943436,0.000000,64,400,1.2,efSearch,29,1,0.945211,268.034896,3705.398624,4488.441000,NaN,NaN,NaN,NaN,NaN,NaN,NaN,NaN,NaN,0.005409,0.013610,0.001255,0.945211,0.034896,NaN,NaN,0,64,aggregate,20260813,results/round2/dbpedia/raw/02_diskann_fair/PQ/dbpedia_PQ_R64_Lbuild400.log,"DiskANN FixedChunkPQTable with num_pq_chunks=D/2: graph build AND search use the 4bit-equivalent PQ payload (Quantized strategy, NoStore primary, per-method graph)."
02_diskann_fair,dbpedia,PQ,done,PQ_quantized,built_in_run,,L2,10,4,768.000000,1572864,968.297119,1015333120,0,0,0,12879.742188,3050631.788145,2798012.459853,252608.943436,0.000000,64,400,1.2,efSearch,30,1,0.945967,264.393656,3757.705232,4566.043000,NaN,NaN,NaN,NaN,NaN,NaN,NaN,NaN,NaN,0.005409,0.013610,0.001255,0.945967,0.034862,NaN,NaN,0,64,aggregate,20260813,results/round2/dbpedia/raw/02_diskann_fair/PQ/dbpedia_PQ_R64_Lbuild400.log,"DiskANN FixedChunkPQTable with num_pq_chunks=D/2: graph build AND search use the 4bit-equivalent PQ payload (Quantized strategy, NoStore primary, per-method graph)."
02_diskann_fair,dbpedia,PQ,done,PQ_quantized,built_in_run,,L2,10,4,768.000000,1572864,968.297119,1015333120,0,0,0,12879.742188,3050631.788145,2798012.459853,252608.943436,0.000000,64,400,1.2,efSearch,40,1,0.952544,231.463783,4293.989804,5294.532000,NaN,NaN,NaN,NaN,NaN,NaN,NaN,NaN,NaN,0.005410,0.013606,0.001254,0.952544,0.034921,NaN,NaN,0,64,aggregate,20260813,results/round2/dbpedia/raw/02_diskann_fair/PQ/dbpedia_PQ_R64_Lbuild400.log,"DiskANN FixedChunkPQTable with num_pq_chunks=D/2: graph build AND search use the 4bit-equivalent PQ payload (Quantized strategy, NoStore primary, per-method graph)."
02_diskann_fair,dbpedia,PQ,done,PQ_quantized,built_in_run,,L2,10,4,768.000000,1572864,968.297119,1015333120,0,0,0,12879.742188,3050631.788145,2798012.459853,252608.943436,0.000000,64,400,1.2,efSearch,50,1,0.955756,207.427393,4795.495528,6010.301000,NaN,NaN,NaN,NaN,NaN,NaN,NaN,NaN,NaN,0.005411,0.013603,0.001254,0.955756,0.034911,NaN,NaN,0,64,aggregate,20260813,results/round2/dbpedia/raw/02_diskann_fair/PQ/dbpedia_PQ_R64_Lbuild400.log,"DiskANN FixedChunkPQTable with num_pq_chunks=D/2: graph build AND search use the 4bit-equivalent PQ payload (Quantized strategy, NoStore primary, per-method graph)."
02_diskann_fair,dbpedia,PQ,done,PQ_quantized,built_in_run,,L2,10,4,768.000000,1572864,968.297119,1015333120,0,0,0,12879.742188,3050631.788145,2798012.459853,252608.943436,0.000000,64,400,1.2,efSearch,60,1,0.957978,187.185030,5318.197577,6766.078000,NaN,NaN,NaN,NaN,NaN,NaN,NaN,NaN,NaN,0.005410,0.013602,0.001254,0.957978,0.034995,NaN,NaN,0,64,aggregate,20260813,results/round2/dbpedia/raw/02_diskann_fair/PQ/dbpedia_PQ_R64_Lbuild400.log,"DiskANN FixedChunkPQTable with num_pq_chunks=D/2: graph build AND search use the 4bit-equivalent PQ payload (Quantized strategy, NoStore primary, per-method graph)."
02_diskann_fair,dbpedia,PQ,done,PQ_quantized,built_in_run,,L2,10,4,768.000000,1572864,968.297119,1015333120,0,0,0,12879.742188,3050631.788145,2798012.459853,252608.943436,0.000000,64,400,1.2,efSearch,70,1,0.958778,171.907274,5792.608842,7450.410000,NaN,NaN,NaN,NaN,NaN,NaN,NaN,NaN,NaN,0.005409,0.013603,0.001253,0.958778,0.035005,NaN,NaN,0,64,aggregate,20260813,results/round2/dbpedia/raw/02_diskann_fair/PQ/dbpedia_PQ_R64_Lbuild400.log,"DiskANN FixedChunkPQTable with num_pq_chunks=D/2: graph build AND search use the 4bit-equivalent PQ payload (Quantized strategy, NoStore primary, per-method graph)."
02_diskann_fair,dbpedia,PQ,done,PQ_quantized,built_in_run,,L2,10,4,768.000000,1572864,968.297119,1015333120,0,0,0,12879.742188,3050631.788145,2798012.459853,252608.943436,0.000000,64,400,1.2,efSearch,80,1,0.959722,159.695684,6237.364836,8135.886000,NaN,NaN,NaN,NaN,NaN,NaN,NaN,NaN,NaN,0.005410,0.013606,0.001253,0.959722,0.034990,NaN,NaN,0,64,aggregate,20260813,results/round2/dbpedia/raw/02_diskann_fair/PQ/dbpedia_PQ_R64_Lbuild400.log,"DiskANN FixedChunkPQTable with num_pq_chunks=D/2: graph build AND search use the 4bit-equivalent PQ payload (Quantized strategy, NoStore primary, per-method graph)."
02_diskann_fair,dbpedia,PQ,done,PQ_quantized,built_in_run,,L2,10,4,768.000000,1572864,968.297119,1015333120,0,0,0,12879.742188,3050631.788145,2798012.459853,252608.943436,0.000000,64,400,1.2,efSearch,90,1,0.960367,148.812982,6695.006655,8805.507000,NaN,NaN,NaN,NaN,NaN,NaN,NaN,NaN,NaN,0.005410,0.013606,0.001253,0.960367,0.035002,NaN,NaN,0,64,aggregate,20260813,results/round2/dbpedia/raw/02_diskann_fair/PQ/dbpedia_PQ_R64_Lbuild400.log,"DiskANN FixedChunkPQTable with num_pq_chunks=D/2: graph build AND search use the 4bit-equivalent PQ payload (Quantized strategy, NoStore primary, per-method graph)."
02_diskann_fair,dbpedia,PQ,done,PQ_quantized,built_in_run,,L2,10,4,768.000000,1572864,968.297119,1015333120,0,0,0,12879.742188,3050631.788145,2798012.459853,252608.943436,0.000000,64,400,1.2,efSearch,100,1,0.960944,139.793224,7127.812470,9492.388000,NaN,NaN,NaN,NaN,NaN,NaN,NaN,NaN,NaN,0.005410,0.013608,0.001253,0.960944,0.034985,NaN,NaN,0,64,aggregate,20260813,results/round2/dbpedia/raw/02_diskann_fair/PQ/dbpedia_PQ_R64_Lbuild400.log,"DiskANN FixedChunkPQTable with num_pq_chunks=D/2: graph build AND search use the 4bit-equivalent PQ payload (Quantized strategy, NoStore primary, per-method graph)."
02_diskann_fair,dbpedia,PQ,done,PQ_quantized,built_in_run,,L2,10,4,768.000000,1572864,968.297119,1015333120,0,0,0,12879.742188,3050631.788145,2798012.459853,252608.943436,0.000000,64,400,1.2,efSearch,140,1,0.962156,112.548477,8859.555471,12120.310000,NaN,NaN,NaN,NaN,NaN,NaN,NaN,NaN,NaN,0.005411,0.013610,0.001253,0.962156,0.034946,NaN,NaN,0,64,aggregate,20260813,results/round2/dbpedia/raw/02_diskann_fair/PQ/dbpedia_PQ_R64_Lbuild400.log,"DiskANN FixedChunkPQTable with num_pq_chunks=D/2: graph build AND search use the 4bit-equivalent PQ payload (Quantized strategy, NoStore primary, per-method graph)."
02_diskann_fair,dbpedia,PQ,done,PQ_quantized,built_in_run,,L2,10,4,768.000000,1572864,968.297119,1015333120,0,0,0,12879.742188,3050631.788145,2798012.459853,252608.943436,0.000000,64,400,1.2,efSearch,180,1,0.962756,95.330332,10463.598319,14582.492000,NaN,NaN,NaN,NaN,NaN,NaN,NaN,NaN,NaN,0.005411,0.013610,0.001253,0.962756,0.034916,NaN,NaN,0,64,aggregate,20260813,results/round2/dbpedia/raw/02_diskann_fair/PQ/dbpedia_PQ_R64_Lbuild400.log,"DiskANN FixedChunkPQTable with num_pq_chunks=D/2: graph build AND search use the 4bit-equivalent PQ payload (Quantized strategy, NoStore primary, per-method graph)."
02_diskann_fair,dbpedia,PQ,done,PQ_quantized,built_in_run,,L2,10,4,768.000000,1572864,968.297119,1015333120,0,0,0,12879.742188,3050631.788145,2798012.459853,252608.943436,0.000000,64,400,1.2,efSearch,220,1,0.963022,83.006087,12021.001091,16944.285000,NaN,NaN,NaN,NaN,NaN,NaN,NaN,NaN,NaN,0.005411,0.013609,0.001253,0.963022,0.034921,NaN,NaN,0,64,aggregate,20260813,results/round2/dbpedia/raw/02_diskann_fair/PQ/dbpedia_PQ_R64_Lbuild400.log,"DiskANN FixedChunkPQTable with num_pq_chunks=D/2: graph build AND search use the 4bit-equivalent PQ payload (Quantized strategy, NoStore primary, per-method graph)."
02_diskann_fair,dbpedia,PQ,done,PQ_quantized,built_in_run,,L2,10,4,768.000000,1572864,968.297119,1015333120,0,0,0,12879.742188,3050631.788145,2798012.459853,252608.943436,0.000000,64,400,1.2,efSearch,260,1,0.963389,73.754438,13531.238891,19197.116000,NaN,NaN,NaN,NaN,NaN,NaN,NaN,NaN,NaN,0.005412,0.013610,0.001253,0.963389,0.034921,NaN,NaN,0,64,aggregate,20260813,results/round2/dbpedia/raw/02_diskann_fair/PQ/dbpedia_PQ_R64_Lbuild400.log,"DiskANN FixedChunkPQTable with num_pq_chunks=D/2: graph build AND search use the 4bit-equivalent PQ payload (Quantized strategy, NoStore primary, per-method graph)."
02_diskann_fair,dbpedia,PQ,done,PQ_quantized,built_in_run,,L2,10,4,768.000000,1572864,968.297119,1015333120,0,0,0,12879.742188,3050631.788145,2798012.459853,252608.943436,0.000000,64,400,1.2,efSearch,300,1,0.963622,66.577151,14993.754773,21445.213000,NaN,NaN,NaN,NaN,NaN,NaN,NaN,NaN,NaN,0.005412,0.013610,0.001253,0.963622,0.034909,NaN,NaN,0,64,aggregate,20260813,results/round2/dbpedia/raw/02_diskann_fair/PQ/dbpedia_PQ_R64_Lbuild400.log,"DiskANN FixedChunkPQTable with num_pq_chunks=D/2: graph build AND search use the 4bit-equivalent PQ payload (Quantized strategy, NoStore primary, per-method graph)."
02_diskann_fair,dbpedia,PQ,done,PQ_quantized,built_in_run,,L2,10,4,768.000000,1572864,968.297119,1015333120,0,0,0,12879.742188,3050631.788145,2798012.459853,252608.943436,0.000000,64,400,1.2,efSearch,340,1,0.963733,60.782364,16424.808381,23591.268000,NaN,NaN,NaN,NaN,NaN,NaN,NaN,NaN,NaN,0.005412,0.013610,0.001253,0.963733,0.034899,NaN,NaN,0,64,aggregate,20260813,results/round2/dbpedia/raw/02_diskann_fair/PQ/dbpedia_PQ_R64_Lbuild400.log,"DiskANN FixedChunkPQTable with num_pq_chunks=D/2: graph build AND search use the 4bit-equivalent PQ payload (Quantized strategy, NoStore primary, per-method graph)."
02_diskann_fair,dbpedia,PQ,done,PQ_quantized,built_in_run,,L2,10,4,768.000000,1572864,968.297119,1015333120,0,0,0,12879.742188,3050631.788145,2798012.459853,252608.943436,0.000000,64,400,1.2,efSearch,380,1,0.963889,55.919641,17857.957436,25771.860000,NaN,NaN,NaN,NaN,NaN,NaN,NaN,NaN,NaN,0.005412,0.013610,0.001253,0.963889,0.034891,NaN,NaN,0,64,aggregate,20260813,results/round2/dbpedia/raw/02_diskann_fair/PQ/dbpedia_PQ_R64_Lbuild400.log,"DiskANN FixedChunkPQTable with num_pq_chunks=D/2: graph build AND search use the 4bit-equivalent PQ payload (Quantized strategy, NoStore primary, per-method graph)."
02_diskann_fair,dbpedia,PQ,done,PQ_quantized,built_in_run,,L2,10,4,768.000000,1572864,968.297119,1015333120,0,0,0,12879.742188,3050631.788145,2798012.459853,252608.943436,0.000000,64,400,1.2,efSearch,420,1,0.964089,52.003997,19203.947840,27802.046000,NaN,NaN,NaN,NaN,NaN,NaN,NaN,NaN,NaN,0.005412,0.013610,0.001253,0.964089,0.034904,NaN,NaN,0,64,aggregate,20260813,results/round2/dbpedia/raw/02_diskann_fair/PQ/dbpedia_PQ_R64_Lbuild400.log,"DiskANN FixedChunkPQTable with num_pq_chunks=D/2: graph build AND search use the 4bit-equivalent PQ payload (Quantized strategy, NoStore primary, per-method graph)."
02_diskann_fair,dbpedia,PQ,done,PQ_quantized,built_in_run,,L2,10,4,768.000000,1572864,968.297119,1015333120,0,0,0,12879.742188,3050631.788145,2798012.459853,252608.943436,0.000000,64,400,1.2,efSearch,460,1,0.964222,48.467196,20605.665125,29965.952000,NaN,NaN,NaN,NaN,NaN,NaN,NaN,NaN,NaN,0.005412,0.013610,0.001253,0.964222,0.034911,NaN,NaN,0,64,aggregate,20260813,results/round2/dbpedia/raw/02_diskann_fair/PQ/dbpedia_PQ_R64_Lbuild400.log,"DiskANN FixedChunkPQTable with num_pq_chunks=D/2: graph build AND search use the 4bit-equivalent PQ payload (Quantized strategy, NoStore primary, per-method graph)."
02_diskann_fair,dbpedia,SQ,done,SQ4_symmetric,built_in_run,,L2,10,4,772.000000,,970.573669,1017720256,0,0,0,12879.414062,1817122.207741,1813503.087659,3614.952444,0.000000,64,400,1.2,efSearch,10,1,0.883378,356.255310,2763.002616,3790.182000,NaN,NaN,NaN,NaN,NaN,NaN,NaN,NaN,NaN,0.043514,0.076455,0.010445,0.883378,0.057494,NaN,NaN,0,64,aggregate,20260813,results/round2/dbpedia/raw/02_diskann_fair/SQ/dbpedia_SQ_R64_Lbuild400.log,"DiskANN scalar quantization WithBits<4>: graph build AND search use the 4-bit scalar payload (Quantized strategy, NoStore primary, per-method graph)."
02_diskann_fair,dbpedia,SQ,done,SQ4_symmetric,built_in_run,,L2,10,4,772.000000,,970.573669,1017720256,0,0,0,12879.414062,1817122.207741,1813503.087659,3614.952444,0.000000,64,400,1.2,efSearch,11,1,0.888489,351.386095,2822.066698,3834.083000,NaN,NaN,NaN,NaN,NaN,NaN,NaN,NaN,NaN,0.043531,0.076455,0.010445,0.888489,0.057593,NaN,NaN,0,64,aggregate,20260813,results/round2/dbpedia/raw/02_diskann_fair/SQ/dbpedia_SQ_R64_Lbuild400.log,"DiskANN scalar quantization WithBits<4>: graph build AND search use the 4-bit scalar payload (Quantized strategy, NoStore primary, per-method graph)."
02_diskann_fair,dbpedia,SQ,done,SQ4_symmetric,built_in_run,,L2,10,4,772.000000,,970.573669,1017720256,0,0,0,12879.414062,1817122.207741,1813503.087659,3614.952444,0.000000,64,400,1.2,efSearch,12,1,0.893256,337.748600,2935.253245,3968.229000,NaN,NaN,NaN,NaN,NaN,NaN,NaN,NaN,NaN,0.043549,0.076445,0.010445,0.893256,0.057595,NaN,NaN,0,64,aggregate,20260813,results/round2/dbpedia/raw/02_diskann_fair/SQ/dbpedia_SQ_R64_Lbuild400.log,"DiskANN scalar quantization WithBits<4>: graph build AND search use the 4-bit scalar payload (Quantized strategy, NoStore primary, per-method graph)."
02_diskann_fair,dbpedia,SQ,done,SQ4_symmetric,built_in_run,,L2,10,4,772.000000,,970.573669,1017720256,0,0,0,12879.414062,1817122.207741,1813503.087659,3614.952444,0.000000,64,400,1.2,efSearch,13,1,0.897689,324.317937,3057.990630,4121.692000,NaN,NaN,NaN,NaN,NaN,NaN,NaN,NaN,NaN,0.043563,0.076455,0.010445,0.897689,0.057684,NaN,NaN,0,64,aggregate,20260813,results/round2/dbpedia/raw/02_diskann_fair/SQ/dbpedia_SQ_R64_Lbuild400.log,"DiskANN scalar quantization WithBits<4>: graph build AND search use the 4-bit scalar payload (Quantized strategy, NoStore primary, per-method graph)."
02_diskann_fair,dbpedia,SQ,done,SQ4_symmetric,built_in_run,,L2,10,4,772.000000,,970.573669,1017720256,0,0,0,12879.414062,1817122.207741,1813503.087659,3614.952444,0.000000,64,400,1.2,efSearch,14,1,0.900889,312.256613,3177.057336,4273.485000,NaN,NaN,NaN,NaN,NaN,NaN,NaN,NaN,NaN,0.043575,0.076455,0.010445,0.900889,0.057760,NaN,NaN,0,64,aggregate,20260813,results/round2/dbpedia/raw/02_diskann_fair/SQ/dbpedia_SQ_R64_Lbuild400.log,"DiskANN scalar quantization WithBits<4>: graph build AND search use the 4-bit scalar payload (Quantized strategy, NoStore primary, per-method graph)."
02_diskann_fair,dbpedia,SQ,done,SQ4_symmetric,built_in_run,,L2,10,4,772.000000,,970.573669,1017720256,0,0,0,12879.414062,1817122.207741,1813503.087659,3614.952444,0.000000,64,400,1.2,efSearch,15,1,0.903900,301.088971,3296.672396,4420.134000,NaN,NaN,NaN,NaN,NaN,NaN,NaN,NaN,NaN,0.043584,0.076455,0.010445,0.903900,0.057765,NaN,NaN,0,64,aggregate,20260813,results/round2/dbpedia/raw/02_diskann_fair/SQ/dbpedia_SQ_R64_Lbuild400.log,"DiskANN scalar quantization WithBits<4>: graph build AND search use the 4-bit scalar payload (Quantized strategy, NoStore primary, per-method graph)."
02_diskann_fair,dbpedia,SQ,done,SQ4_symmetric,built_in_run,,L2,10,4,772.000000,,970.573669,1017720256,0,0,0,12879.414062,1817122.207741,1813503.087659,3614.952444,0.000000,64,400,1.2,efSearch,16,1,0.906944,290.142394,3421.207115,4573.023000,NaN,NaN,NaN,NaN,NaN,NaN,NaN,NaN,NaN,0.043600,0.076459,0.010447,0.906944,0.057973,NaN,NaN,0,64,aggregate,20260813,results/round2/dbpedia/raw/02_diskann_fair/SQ/dbpedia_SQ_R64_Lbuild400.log,"DiskANN scalar quantization WithBits<4>: graph build AND search use the 4-bit scalar payload (Quantized strategy, NoStore primary, per-method graph)."
02_diskann_fair,dbpedia,SQ,done,SQ4_symmetric,built_in_run,,L2,10,4,772.000000,,970.573669,1017720256,0,0,0,12879.414062,1817122.207741,1813503.087659,3614.952444,0.000000,64,400,1.2,efSearch,17,1,0.909100,280.544124,3539.060320,4704.893000,NaN,NaN,NaN,NaN,NaN,NaN,NaN,NaN,NaN,0.043604,0.076489,0.010446,0.909100,0.058133,NaN,NaN,0,64,aggregate,20260813,results/round2/dbpedia/raw/02_diskann_fair/SQ/dbpedia_SQ_R64_Lbuild400.log,"DiskANN scalar quantization WithBits<4>: graph build AND search use the 4-bit scalar payload (Quantized strategy, NoStore primary, per-method graph)."
02_diskann_fair,dbpedia,SQ,done,SQ4_symmetric,built_in_run,,L2,10,4,772.000000,,970.573669,1017720256,0,0,0,12879.414062,1817122.207741,1813503.087659,3614.952444,0.000000,64,400,1.2,efSearch,18,1,0.911489,271.428398,3658.866920,4868.374000,NaN,NaN,NaN,NaN,NaN,NaN,NaN,NaN,NaN,0.043613,0.076489,0.010446,0.911489,0.058138,NaN,NaN,0,64,aggregate,20260813,results/round2/dbpedia/raw/02_diskann_fair/SQ/dbpedia_SQ_R64_Lbuild400.log,"DiskANN scalar quantization WithBits<4>: graph build AND search use the 4-bit scalar payload (Quantized strategy, NoStore primary, per-method graph)."
02_diskann_fair,dbpedia,SQ,done,SQ4_symmetric,built_in_run,,L2,10,4,772.000000,,970.573669,1017720256,0,0,0,12879.414062,1817122.207741,1813503.087659,3614.952444,0.000000,64,400,1.2,efSearch,19,1,0.913233,262.986239,3776.301030,5029.307000,NaN,NaN,NaN,NaN,NaN,NaN,NaN,NaN,NaN,0.043620,0.076502,0.010446,0.913233,0.058178,NaN,NaN,0,64,aggregate,20260813,results/round2/dbpedia/raw/02_diskann_fair/SQ/dbpedia_SQ_R64_Lbuild400.log,"DiskANN scalar quantization WithBits<4>: graph build AND search use the 4-bit scalar payload (Quantized strategy, NoStore primary, per-method graph)."
02_diskann_fair,dbpedia,SQ,done,SQ4_symmetric,built_in_run,,L2,10,4,772.000000,,970.573669,1017720256,0,0,0,12879.414062,1817122.207741,1813503.087659,3614.952444,0.000000,64,400,1.2,efSearch,20,1,0.915300,255.250465,3892.319469,5176.364000,NaN,NaN,NaN,NaN,NaN,NaN,NaN,NaN,NaN,0.043631,0.076502,0.010446,0.915300,0.058069,NaN,NaN,0,64,aggregate,20260813,results/round2/dbpedia/raw/02_diskann_fair/SQ/dbpedia_SQ_R64_Lbuild400.log,"DiskANN scalar quantization WithBits<4>: graph build AND search use the 4-bit scalar payload (Quantized strategy, NoStore primary, per-method graph)."
02_diskann_fair,dbpedia,SQ,done,SQ4_symmetric,built_in_run,,L2,10,4,772.000000,,970.573669,1017720256,0,0,0,12879.414062,1817122.207741,1813503.087659,3614.952444,0.000000,64,400,1.2,efSearch,21,1,0.917000,247.966777,4007.453617,5318.037000,NaN,NaN,NaN,NaN,NaN,NaN,NaN,NaN,NaN,0.043635,0.076502,0.010446,0.917000,0.058047,NaN,NaN,0,64,aggregate,20260813,results/round2/dbpedia/raw/02_diskann_fair/SQ/dbpedia_SQ_R64_Lbuild400.log,"DiskANN scalar quantization WithBits<4>: graph build AND search use the 4-bit scalar payload (Quantized strategy, NoStore primary, per-method graph)."
02_diskann_fair,dbpedia,SQ,done,SQ4_symmetric,built_in_run,,L2,10,4,772.000000,,970.573669,1017720256,0,0,0,12879.414062,1817122.207741,1813503.087659,3614.952444,0.000000,64,400,1.2,efSearch,22,1,0.918044,241.208815,4120.401143,5464.317000,NaN,NaN,NaN,NaN,NaN,NaN,NaN,NaN,NaN,0.043638,0.076504,0.010445,0.918044,0.058069,NaN,NaN,0,64,aggregate,20260813,results/round2/dbpedia/raw/02_diskann_fair/SQ/dbpedia_SQ_R64_Lbuild400.log,"DiskANN scalar quantization WithBits<4>: graph build AND search use the 4-bit scalar payload (Quantized strategy, NoStore primary, per-method graph)."
02_diskann_fair,dbpedia,SQ,done,SQ4_symmetric,built_in_run,,L2,10,4,772.000000,,970.573669,1017720256,0,0,0,12879.414062,1817122.207741,1813503.087659,3614.952444,0.000000,64,400,1.2,efSearch,23,1,0.919400,234.248434,4244.486066,5613.124000,NaN,NaN,NaN,NaN,NaN,NaN,NaN,NaN,NaN,0.043640,0.076504,0.010444,0.919400,0.058062,NaN,NaN,0,64,aggregate,20260813,results/round2/dbpedia/raw/02_diskann_fair/SQ/dbpedia_SQ_R64_Lbuild400.log,"DiskANN scalar quantization WithBits<4>: graph build AND search use the 4-bit scalar payload (Quantized strategy, NoStore primary, per-method graph)."
02_diskann_fair,dbpedia,SQ,done,SQ4_symmetric,built_in_run,,L2,10,4,772.000000,,970.573669,1017720256,0,0,0,12879.414062,1817122.207741,1813503.087659,3614.952444,0.000000,64,400,1.2,efSearch,24,1,0.920567,227.670087,4368.581985,5783.769000,NaN,NaN,NaN,NaN,NaN,NaN,NaN,NaN,NaN,0.043644,0.076504,0.010444,0.920567,0.058136,NaN,NaN,0,64,aggregate,20260813,results/round2/dbpedia/raw/02_diskann_fair/SQ/dbpedia_SQ_R64_Lbuild400.log,"DiskANN scalar quantization WithBits<4>: graph build AND search use the 4-bit scalar payload (Quantized strategy, NoStore primary, per-method graph)."
02_diskann_fair,dbpedia,SQ,done,SQ4_symmetric,built_in_run,,L2,10,4,772.000000,,970.573669,1017720256,0,0,0,12879.414062,1817122.207741,1813503.087659,3614.952444,0.000000,64,400,1.2,efSearch,25,1,0.921633,224.637537,4427.737249,5846.521000,NaN,NaN,NaN,NaN,NaN,NaN,NaN,NaN,NaN,0.043650,0.076504,0.010445,0.921633,0.058205,NaN,NaN,0,64,aggregate,20260813,results/round2/dbpedia/raw/02_diskann_fair/SQ/dbpedia_SQ_R64_Lbuild400.log,"DiskANN scalar quantization WithBits<4>: graph build AND search use the 4-bit scalar payload (Quantized strategy, NoStore primary, per-method graph)."
02_diskann_fair,dbpedia,SQ,done,SQ4_symmetric,built_in_run,,L2,10,4,772.000000,,970.573669,1017720256,0,0,0,12879.414062,1817122.207741,1813503.087659,3614.952444,0.000000,64,400,1.2,efSearch,26,1,0.922667,219.987788,4521.971590,5964.432000,NaN,NaN,NaN,NaN,NaN,NaN,NaN,NaN,NaN,0.043654,0.076519,0.010444,0.922667,0.058215,NaN,NaN,0,64,aggregate,20260813,results/round2/dbpedia/raw/02_diskann_fair/SQ/dbpedia_SQ_R64_Lbuild400.log,"DiskANN scalar quantization WithBits<4>: graph build AND search use the 4-bit scalar payload (Quantized strategy, NoStore primary, per-method graph)."
02_diskann_fair,dbpedia,SQ,done,SQ4_symmetric,built_in_run,,L2,10,4,772.000000,,970.573669,1017720256,0,0,0,12879.414062,1817122.207741,1813503.087659,3614.952444,0.000000,64,400,1.2,efSearch,27,1,0.923722,214.637505,4633.447091,6117.878000,NaN,NaN,NaN,NaN,NaN,NaN,NaN,NaN,NaN,0.043656,0.076519,0.010444,0.923722,0.058237,NaN,NaN,0,64,aggregate,20260813,results/round2/dbpedia/raw/02_diskann_fair/SQ/dbpedia_SQ_R64_Lbuild400.log,"DiskANN scalar quantization WithBits<4>: graph build AND search use the 4-bit scalar payload (Quantized strategy, NoStore primary, per-method graph)."
02_diskann_fair,dbpedia,SQ,done,SQ4_symmetric,built_in_run,,L2,10,4,772.000000,,970.573669,1017720256,0,0,0,12879.414062,1817122.207741,1813503.087659,3614.952444,0.000000,64,400,1.2,efSearch,28,1,0.924878,209.778288,4742.279253,6248.245000,NaN,NaN,NaN,NaN,NaN,NaN,NaN,NaN,NaN,0.043663,0.076519,0.010445,0.924878,0.058272,NaN,NaN,0,64,aggregate,20260813,results/round2/dbpedia/raw/02_diskann_fair/SQ/dbpedia_SQ_R64_Lbuild400.log,"DiskANN scalar quantization WithBits<4>: graph build AND search use the 4-bit scalar payload (Quantized strategy, NoStore primary, per-method graph)."
02_diskann_fair,dbpedia,SQ,done,SQ4_symmetric,built_in_run,,L2,10,4,772.000000,,970.573669,1017720256,0,0,0,12879.414062,1817122.207741,1813503.087659,3614.952444,0.000000,64,400,1.2,efSearch,29,1,0.925644,205.181037,4849.117056,6393.447000,NaN,NaN,NaN,NaN,NaN,NaN,NaN,NaN,NaN,0.043663,0.076519,0.010444,0.925644,0.058272,NaN,NaN,0,64,aggregate,20260813,results/round2/dbpedia/raw/02_diskann_fair/SQ/dbpedia_SQ_R64_Lbuild400.log,"DiskANN scalar quantization WithBits<4>: graph build AND search use the 4-bit scalar payload (Quantized strategy, NoStore primary, per-method graph)."
02_diskann_fair,dbpedia,SQ,done,SQ4_symmetric,built_in_run,,L2,10,4,772.000000,,970.573669,1017720256,0,0,0,12879.414062,1817122.207741,1813503.087659,3614.952444,0.000000,64,400,1.2,efSearch,30,1,0.926378,200.705200,4956.986582,6542.494000,NaN,NaN,NaN,NaN,NaN,NaN,NaN,NaN,NaN,0.043666,0.076519,0.010444,0.926378,0.058286,NaN,NaN,0,64,aggregate,20260813,results/round2/dbpedia/raw/02_diskann_fair/SQ/dbpedia_SQ_R64_Lbuild400.log,"DiskANN scalar quantization WithBits<4>: graph build AND search use the 4-bit scalar payload (Quantized strategy, NoStore primary, per-method graph)."
02_diskann_fair,dbpedia,SQ,done,SQ4_symmetric,built_in_run,,L2,10,4,772.000000,,970.573669,1017720256,0,0,0,12879.414062,1817122.207741,1813503.087659,3614.952444,0.000000,64,400,1.2,efSearch,40,1,0.931878,165.715574,6009.690367,8010.817000,NaN,NaN,NaN,NaN,NaN,NaN,NaN,NaN,NaN,0.043683,0.076528,0.010443,0.931878,0.058348,NaN,NaN,0,64,aggregate,20260813,results/round2/dbpedia/raw/02_diskann_fair/SQ/dbpedia_SQ_R64_Lbuild400.log,"DiskANN scalar quantization WithBits<4>: graph build AND search use the 4-bit scalar payload (Quantized strategy, NoStore primary, per-method graph)."
02_diskann_fair,dbpedia,SQ,done,SQ4_symmetric,built_in_run,,L2,10,4,772.000000,,970.573669,1017720256,0,0,0,12879.414062,1817122.207741,1813503.087659,3614.952444,0.000000,64,400,1.2,efSearch,50,1,0.934511,142.051724,7014.249480,9428.124000,NaN,NaN,NaN,NaN,NaN,NaN,NaN,NaN,NaN,0.043691,0.076521,0.010443,0.934511,0.058363,NaN,NaN,0,64,aggregate,20260813,results/round2/dbpedia/raw/02_diskann_fair/SQ/dbpedia_SQ_R64_Lbuild400.log,"DiskANN scalar quantization WithBits<4>: graph build AND search use the 4-bit scalar payload (Quantized strategy, NoStore primary, per-method graph)."
02_diskann_fair,dbpedia,SQ,done,SQ4_symmetric,built_in_run,,L2,10,4,772.000000,,970.573669,1017720256,0,0,0,12879.414062,1817122.207741,1813503.087659,3614.952444,0.000000,64,400,1.2,efSearch,60,1,0.936400,124.764107,7988.855485,10874.403000,NaN,NaN,NaN,NaN,NaN,NaN,NaN,NaN,NaN,0.043696,0.076528,0.010442,0.936400,0.058417,NaN,NaN,0,64,aggregate,20260813,results/round2/dbpedia/raw/02_diskann_fair/SQ/dbpedia_SQ_R64_Lbuild400.log,"DiskANN scalar quantization WithBits<4>: graph build AND search use the 4-bit scalar payload (Quantized strategy, NoStore primary, per-method graph)."
02_diskann_fair,dbpedia,SQ,done,SQ4_symmetric,built_in_run,,L2,10,4,772.000000,,970.573669,1017720256,0,0,0,12879.414062,1817122.207741,1813503.087659,3614.952444,0.000000,64,400,1.2,efSearch,70,1,0.937733,111.588670,8936.021899,12266.162000,NaN,NaN,NaN,NaN,NaN,NaN,NaN,NaN,NaN,0.043702,0.076528,0.010443,0.937733,0.058469,NaN,NaN,0,64,aggregate,20260813,results/round2/dbpedia/raw/02_diskann_fair/SQ/dbpedia_SQ_R64_Lbuild400.log,"DiskANN scalar quantization WithBits<4>: graph build AND search use the 4-bit scalar payload (Quantized strategy, NoStore primary, per-method graph)."
02_diskann_fair,dbpedia,SQ,done,SQ4_symmetric,built_in_run,,L2,10,4,772.000000,,970.573669,1017720256,0,0,0,12879.414062,1817122.207741,1813503.087659,3614.952444,0.000000,64,400,1.2,efSearch,80,1,0.938544,101.158852,9859.205458,13630.131000,NaN,NaN,NaN,NaN,NaN,NaN,NaN,NaN,NaN,0.043707,0.076528,0.010443,0.938544,0.058454,NaN,NaN,0,64,aggregate,20260813,results/round2/dbpedia/raw/02_diskann_fair/SQ/dbpedia_SQ_R64_Lbuild400.log,"DiskANN scalar quantization WithBits<4>: graph build AND search use the 4-bit scalar payload (Quantized strategy, NoStore primary, per-method graph)."
02_diskann_fair,dbpedia,SQ,done,SQ4_symmetric,built_in_run,,L2,10,4,772.000000,,970.573669,1017720256,0,0,0,12879.414062,1817122.207741,1813503.087659,3614.952444,0.000000,64,400,1.2,efSearch,90,1,0.939044,92.682297,10763.369548,15007.235000,NaN,NaN,NaN,NaN,NaN,NaN,NaN,NaN,NaN,0.043709,0.076528,0.010443,0.939044,0.058432,NaN,NaN,0,64,aggregate,20260813,results/round2/dbpedia/raw/02_diskann_fair/SQ/dbpedia_SQ_R64_Lbuild400.log,"DiskANN scalar quantization WithBits<4>: graph build AND search use the 4-bit scalar payload (Quantized strategy, NoStore primary, per-method graph)."
02_diskann_fair,dbpedia,SQ,done,SQ4_symmetric,built_in_run,,L2,10,4,772.000000,,970.573669,1017720256,0,0,0,12879.414062,1817122.207741,1813503.087659,3614.952444,0.000000,64,400,1.2,efSearch,100,1,0.939611,85.630716,11651.919300,16320.423000,NaN,NaN,NaN,NaN,NaN,NaN,NaN,NaN,NaN,0.043712,0.076528,0.010443,0.939611,0.058435,NaN,NaN,0,64,aggregate,20260813,results/round2/dbpedia/raw/02_diskann_fair/SQ/dbpedia_SQ_R64_Lbuild400.log,"DiskANN scalar quantization WithBits<4>: graph build AND search use the 4-bit scalar payload (Quantized strategy, NoStore primary, per-method graph)."
02_diskann_fair,dbpedia,SQ,done,SQ4_symmetric,built_in_run,,L2,10,4,772.000000,,970.573669,1017720256,0,0,0,12879.414062,1817122.207741,1813503.087659,3614.952444,0.000000,64,400,1.2,efSearch,140,1,0.940711,66.788762,14948.737678,21382.176000,NaN,NaN,NaN,NaN,NaN,NaN,NaN,NaN,NaN,0.043718,0.076528,0.010443,0.940711,0.058427,NaN,NaN,0,64,aggregate,20260813,results/round2/dbpedia/raw/02_diskann_fair/SQ/dbpedia_SQ_R64_Lbuild400.log,"DiskANN scalar quantization WithBits<4>: graph build AND search use the 4-bit scalar payload (Quantized strategy, NoStore primary, per-method graph)."
02_diskann_fair,dbpedia,SQ,done,SQ4_symmetric,built_in_run,,L2,10,4,772.000000,,970.573669,1017720256,0,0,0,12879.414062,1817122.207741,1813503.087659,3614.952444,0.000000,64,400,1.2,efSearch,180,1,0.941289,55.570502,17970.416078,26051.375000,NaN,NaN,NaN,NaN,NaN,NaN,NaN,NaN,NaN,0.043722,0.076528,0.010444,0.941289,0.058398,NaN,NaN,0,64,aggregate,20260813,results/round2/dbpedia/raw/02_diskann_fair/SQ/dbpedia_SQ_R64_Lbuild400.log,"DiskANN scalar quantization WithBits<4>: graph build AND search use the 4-bit scalar payload (Quantized strategy, NoStore primary, per-method graph)."
02_diskann_fair,dbpedia,SQ,done,SQ4_symmetric,built_in_run,,L2,10,4,772.000000,,970.573669,1017720256,0,0,0,12879.414062,1817122.207741,1813503.087659,3614.952444,0.000000,64,400,1.2,efSearch,220,1,0.941689,47.560721,20999.346728,30721.258000,NaN,NaN,NaN,NaN,NaN,NaN,NaN,NaN,NaN,0.043724,0.076528,0.010444,0.941689,0.058388,NaN,NaN,0,64,aggregate,20260813,results/round2/dbpedia/raw/02_diskann_fair/SQ/dbpedia_SQ_R64_Lbuild400.log,"DiskANN scalar quantization WithBits<4>: graph build AND search use the 4-bit scalar payload (Quantized strategy, NoStore primary, per-method graph)."
02_diskann_fair,dbpedia,SQ,done,SQ4_symmetric,built_in_run,,L2,10,4,772.000000,,970.573669,1017720256,0,0,0,12879.414062,1817122.207741,1813503.087659,3614.952444,0.000000,64,400,1.2,efSearch,260,1,0.942011,41.653632,23981.057140,35326.170000,NaN,NaN,NaN,NaN,NaN,NaN,NaN,NaN,NaN,0.043726,0.076528,0.010444,0.942011,0.058380,NaN,NaN,0,64,aggregate,20260813,results/round2/dbpedia/raw/02_diskann_fair/SQ/dbpedia_SQ_R64_Lbuild400.log,"DiskANN scalar quantization WithBits<4>: graph build AND search use the 4-bit scalar payload (Quantized strategy, NoStore primary, per-method graph)."
02_diskann_fair,dbpedia,SQ,done,SQ4_symmetric,built_in_run,,L2,10,4,772.000000,,970.573669,1017720256,0,0,0,12879.414062,1817122.207741,1813503.087659,3614.952444,0.000000,64,400,1.2,efSearch,300,1,0.942244,37.220422,26839.733839,39663.378000,NaN,NaN,NaN,NaN,NaN,NaN,NaN,NaN,NaN,0.043729,0.076535,0.010444,0.942244,0.058351,NaN,NaN,0,64,aggregate,20260813,results/round2/dbpedia/raw/02_diskann_fair/SQ/dbpedia_SQ_R64_Lbuild400.log,"DiskANN scalar quantization WithBits<4>: graph build AND search use the 4-bit scalar payload (Quantized strategy, NoStore primary, per-method graph)."
02_diskann_fair,dbpedia,SQ,done,SQ4_symmetric,built_in_run,,L2,10,4,772.000000,,970.573669,1017720256,0,0,0,12879.414062,1817122.207741,1813503.087659,3614.952444,0.000000,64,400,1.2,efSearch,340,1,0.942389,33.767714,29586.935340,43863.167000,NaN,NaN,NaN,NaN,NaN,NaN,NaN,NaN,NaN,0.043729,0.076535,0.010444,0.942389,0.058348,NaN,NaN,0,64,aggregate,20260813,results/round2/dbpedia/raw/02_diskann_fair/SQ/dbpedia_SQ_R64_Lbuild400.log,"DiskANN scalar quantization WithBits<4>: graph build AND search use the 4-bit scalar payload (Quantized strategy, NoStore primary, per-method graph)."
02_diskann_fair,dbpedia,SQ,done,SQ4_symmetric,built_in_run,,L2,10,4,772.000000,,970.573669,1017720256,0,0,0,12879.414062,1817122.207741,1813503.087659,3614.952444,0.000000,64,400,1.2,efSearch,380,1,0.942556,30.927920,32305.236632,47879.268000,NaN,NaN,NaN,NaN,NaN,NaN,NaN,NaN,NaN,0.043730,0.076535,0.010444,0.942556,0.058326,NaN,NaN,0,64,aggregate,20260813,results/round2/dbpedia/raw/02_diskann_fair/SQ/dbpedia_SQ_R64_Lbuild400.log,"DiskANN scalar quantization WithBits<4>: graph build AND search use the 4-bit scalar payload (Quantized strategy, NoStore primary, per-method graph)."
02_diskann_fair,dbpedia,SQ,done,SQ4_symmetric,built_in_run,,L2,10,4,772.000000,,970.573669,1017720256,0,0,0,12879.414062,1817122.207741,1813503.087659,3614.952444,0.000000,64,400,1.2,efSearch,420,1,0.942656,28.541113,35010.881803,51986.286000,NaN,NaN,NaN,NaN,NaN,NaN,NaN,NaN,NaN,0.043730,0.076535,0.010444,0.942656,0.058321,NaN,NaN,0,64,aggregate,20260813,results/round2/dbpedia/raw/02_diskann_fair/SQ/dbpedia_SQ_R64_Lbuild400.log,"DiskANN scalar quantization WithBits<4>: graph build AND search use the 4-bit scalar payload (Quantized strategy, NoStore primary, per-method graph)."
02_diskann_fair,dbpedia,SQ,done,SQ4_symmetric,built_in_run,,L2,10,4,772.000000,,970.573669,1017720256,0,0,0,12879.414062,1817122.207741,1813503.087659,3614.952444,0.000000,64,400,1.2,efSearch,460,1,0.942733,26.545094,37645.424980,55915.021000,NaN,NaN,NaN,NaN,NaN,NaN,NaN,NaN,NaN,0.043732,0.076535,0.010445,0.942733,0.058331,NaN,NaN,0,64,aggregate,20260813,results/round2/dbpedia/raw/02_diskann_fair/SQ/dbpedia_SQ_R64_Lbuild400.log,"DiskANN scalar quantization WithBits<4>: graph build AND search use the 4-bit scalar payload (Quantized strategy, NoStore primary, per-method graph)."
02_diskann_fair,dbpedia,SQ,done,SQ4_symmetric,built_in_run,,L2,10,4,772.000000,,970.573669,1017720256,0,0,0,12879.742188,1819620.528822,1816040.139685,3576.531513,0.000000,64,400,1.2,efSearch,10,1,0.883378,354.542369,2770.176538,3808.198000,NaN,NaN,NaN,NaN,NaN,NaN,NaN,NaN,NaN,0.043514,0.076455,0.010445,0.883378,0.057494,NaN,NaN,0,64,aggregate,20260813,results/round2/dbpedia/raw/02_diskann_fair/SQ/dbpedia_SQ_R64_Lbuild400.log,"DiskANN scalar quantization WithBits<4>: graph build AND search use the 4-bit scalar payload (Quantized strategy, NoStore primary, per-method graph)."
02_diskann_fair,dbpedia,SQ,done,SQ4_symmetric,built_in_run,,L2,10,4,772.000000,,970.573669,1017720256,0,0,0,12879.742188,1819620.528822,1816040.139685,3576.531513,0.000000,64,400,1.2,efSearch,11,1,0.888489,341.301321,2877.009066,3908.493000,NaN,NaN,NaN,NaN,NaN,NaN,NaN,NaN,NaN,0.043531,0.076455,0.010445,0.888489,0.057593,NaN,NaN,0,64,aggregate,20260813,results/round2/dbpedia/raw/02_diskann_fair/SQ/dbpedia_SQ_R64_Lbuild400.log,"DiskANN scalar quantization WithBits<4>: graph build AND search use the 4-bit scalar payload (Quantized strategy, NoStore primary, per-method graph)."
02_diskann_fair,dbpedia,SQ,done,SQ4_symmetric,built_in_run,,L2,10,4,772.000000,,970.573669,1017720256,0,0,0,12879.742188,1819620.528822,1816040.139685,3576.531513,0.000000,64,400,1.2,efSearch,12,1,0.893256,333.497686,2935.465799,3972.295000,NaN,NaN,NaN,NaN,NaN,NaN,NaN,NaN,NaN,0.043549,0.076445,0.010445,0.893256,0.057595,NaN,NaN,0,64,aggregate,20260813,results/round2/dbpedia/raw/02_diskann_fair/SQ/dbpedia_SQ_R64_Lbuild400.log,"DiskANN scalar quantization WithBits<4>: graph build AND search use the 4-bit scalar payload (Quantized strategy, NoStore primary, per-method graph)."
02_diskann_fair,dbpedia,SQ,done,SQ4_symmetric,built_in_run,,L2,10,4,772.000000,,970.573669,1017720256,0,0,0,12879.742188,1819620.528822,1816040.139685,3576.531513,0.000000,64,400,1.2,efSearch,13,1,0.897689,318.979970,3105.961585,4208.543000,NaN,NaN,NaN,NaN,NaN,NaN,NaN,NaN,NaN,0.043563,0.076455,0.010445,0.897689,0.057684,NaN,NaN,0,64,aggregate,20260813,results/round2/dbpedia/raw/02_diskann_fair/SQ/dbpedia_SQ_R64_Lbuild400.log,"DiskANN scalar quantization WithBits<4>: graph build AND search use the 4-bit scalar payload (Quantized strategy, NoStore primary, per-method graph)."
02_diskann_fair,dbpedia,SQ,done,SQ4_symmetric,built_in_run,,L2,10,4,772.000000,,970.573669,1017720256,0,0,0,12879.742188,1819620.528822,1816040.139685,3576.531513,0.000000,64,400,1.2,efSearch,14,1,0.900889,301.815494,3282.053658,4411.676000,NaN,NaN,NaN,NaN,NaN,NaN,NaN,NaN,NaN,0.043575,0.076455,0.010445,0.900889,0.057760,NaN,NaN,0,64,aggregate,20260813,results/round2/dbpedia/raw/02_diskann_fair/SQ/dbpedia_SQ_R64_Lbuild400.log,"DiskANN scalar quantization WithBits<4>: graph build AND search use the 4-bit scalar payload (Quantized strategy, NoStore primary, per-method graph)."
02_diskann_fair,dbpedia,SQ,done,SQ4_symmetric,built_in_run,,L2,10,4,772.000000,,970.573669,1017720256,0,0,0,12879.742188,1819620.528822,1816040.139685,3576.531513,0.000000,64,400,1.2,efSearch,15,1,0.903900,291.301569,3396.062035,4553.116000,NaN,NaN,NaN,NaN,NaN,NaN,NaN,NaN,NaN,0.043584,0.076455,0.010445,0.903900,0.057765,NaN,NaN,0,64,aggregate,20260813,results/round2/dbpedia/raw/02_diskann_fair/SQ/dbpedia_SQ_R64_Lbuild400.log,"DiskANN scalar quantization WithBits<4>: graph build AND search use the 4-bit scalar payload (Quantized strategy, NoStore primary, per-method graph)."
02_diskann_fair,dbpedia,SQ,done,SQ4_symmetric,built_in_run,,L2,10,4,772.000000,,970.573669,1017720256,0,0,0,12879.742188,1819620.528822,1816040.139685,3576.531513,0.000000,64,400,1.2,efSearch,16,1,0.906944,279.472051,3543.628623,4740.006000,NaN,NaN,NaN,NaN,NaN,NaN,NaN,NaN,NaN,0.043600,0.076459,0.010447,0.906944,0.057973,NaN,NaN,0,64,aggregate,20260813,results/round2/dbpedia/raw/02_diskann_fair/SQ/dbpedia_SQ_R64_Lbuild400.log,"DiskANN scalar quantization WithBits<4>: graph build AND search use the 4-bit scalar payload (Quantized strategy, NoStore primary, per-method graph)."
02_diskann_fair,dbpedia,SQ,done,SQ4_symmetric,built_in_run,,L2,10,4,772.000000,,970.573669,1017720256,0,0,0,12879.742188,1819620.528822,1816040.139685,3576.531513,0.000000,64,400,1.2,efSearch,17,1,0.909100,270.808918,3661.740074,4887.906000,NaN,NaN,NaN,NaN,NaN,NaN,NaN,NaN,NaN,0.043604,0.076489,0.010446,0.909100,0.058133,NaN,NaN,0,64,aggregate,20260813,results/round2/dbpedia/raw/02_diskann_fair/SQ/dbpedia_SQ_R64_Lbuild400.log,"DiskANN scalar quantization WithBits<4>: graph build AND search use the 4-bit scalar payload (Quantized strategy, NoStore primary, per-method graph)."
02_diskann_fair,dbpedia,SQ,done,SQ4_symmetric,built_in_run,,L2,10,4,772.000000,,970.573669,1017720256,0,0,0,12879.742188,1819620.528822,1816040.139685,3576.531513,0.000000,64,400,1.2,efSearch,18,1,0.911489,266.018349,3728.158744,4964.877000,NaN,NaN,NaN,NaN,NaN,NaN,NaN,NaN,NaN,0.043613,0.076489,0.010446,0.911489,0.058138,NaN,NaN,0,64,aggregate,20260813,results/round2/dbpedia/raw/02_diskann_fair/SQ/dbpedia_SQ_R64_Lbuild400.log,"DiskANN scalar quantization WithBits<4>: graph build AND search use the 4-bit scalar payload (Quantized strategy, NoStore primary, per-method graph)."
02_diskann_fair,dbpedia,SQ,done,SQ4_symmetric,built_in_run,,L2,10,4,772.000000,,970.573669,1017720256,0,0,0,12879.742188,1819620.528822,1816040.139685,3576.531513,0.000000,64,400,1.2,efSearch,19,1,0.913233,256.583504,3846.825067,5125.381000,NaN,NaN,NaN,NaN,NaN,NaN,NaN,NaN,NaN,0.043620,0.076502,0.010446,0.913233,0.058178,NaN,NaN,0,64,aggregate,20260813,results/round2/dbpedia/raw/02_diskann_fair/SQ/dbpedia_SQ_R64_Lbuild400.log,"DiskANN scalar quantization WithBits<4>: graph build AND search use the 4-bit scalar payload (Quantized strategy, NoStore primary, per-method graph)."
02_diskann_fair,dbpedia,SQ,done,SQ4_symmetric,built_in_run,,L2,10,4,772.000000,,970.573669,1017720256,0,0,0,12879.742188,1819620.528822,1816040.139685,3576.531513,0.000000,64,400,1.2,efSearch,20,1,0.915300,249.251038,3965.070939,5281.029000,NaN,NaN,NaN,NaN,NaN,NaN,NaN,NaN,NaN,0.043631,0.076502,0.010446,0.915300,0.058069,NaN,NaN,0,64,aggregate,20260813,results/round2/dbpedia/raw/02_diskann_fair/SQ/dbpedia_SQ_R64_Lbuild400.log,"DiskANN scalar quantization WithBits<4>: graph build AND search use the 4-bit scalar payload (Quantized strategy, NoStore primary, per-method graph)."
02_diskann_fair,dbpedia,SQ,done,SQ4_symmetric,built_in_run,,L2,10,4,772.000000,,970.573669,1017720256,0,0,0,12879.742188,1819620.528822,1816040.139685,3576.531513,0.000000,64,400,1.2,efSearch,21,1,0.917000,241.883238,4098.126963,5442.039000,NaN,NaN,NaN,NaN,NaN,NaN,NaN,NaN,NaN,0.043635,0.076502,0.010446,0.917000,0.058047,NaN,NaN,0,64,aggregate,20260813,results/round2/dbpedia/raw/02_diskann_fair/SQ/dbpedia_SQ_R64_Lbuild400.log,"DiskANN scalar quantization WithBits<4>: graph build AND search use the 4-bit scalar payload (Quantized strategy, NoStore primary, per-method graph)."
02_diskann_fair,dbpedia,SQ,done,SQ4_symmetric,built_in_run,,L2,10,4,772.000000,,970.573669,1017720256,0,0,0,12879.742188,1819620.528822,1816040.139685,3576.531513,0.000000,64,400,1.2,efSearch,22,1,0.918044,239.756315,4146.620957,5536.809000,NaN,NaN,NaN,NaN,NaN,NaN,NaN,NaN,NaN,0.043638,0.076504,0.010445,0.918044,0.058069,NaN,NaN,0,64,aggregate,20260813,results/round2/dbpedia/raw/02_diskann_fair/SQ/dbpedia_SQ_R64_Lbuild400.log,"DiskANN scalar quantization WithBits<4>: graph build AND search use the 4-bit scalar payload (Quantized strategy, NoStore primary, per-method graph)."
02_diskann_fair,dbpedia,SQ,done,SQ4_symmetric,built_in_run,,L2,10,4,772.000000,,970.573669,1017720256,0,0,0,12879.742188,1819620.528822,1816040.139685,3576.531513,0.000000,64,400,1.2,efSearch,23,1,0.919400,237.730396,4179.992552,5519.451000,NaN,NaN,NaN,NaN,NaN,NaN,NaN,NaN,NaN,0.043640,0.076504,0.010444,0.919400,0.058062,NaN,NaN,0,64,aggregate,20260813,results/round2/dbpedia/raw/02_diskann_fair/SQ/dbpedia_SQ_R64_Lbuild400.log,"DiskANN scalar quantization WithBits<4>: graph build AND search use the 4-bit scalar payload (Quantized strategy, NoStore primary, per-method graph)."
02_diskann_fair,dbpedia,SQ,done,SQ4_symmetric,built_in_run,,L2,10,4,772.000000,,970.573669,1017720256,0,0,0,12879.742188,1819620.528822,1816040.139685,3576.531513,0.000000,64,400,1.2,efSearch,24,1,0.920567,231.648312,4289.422313,5661.633000,NaN,NaN,NaN,NaN,NaN,NaN,NaN,NaN,NaN,0.043644,0.076504,0.010444,0.920567,0.058136,NaN,NaN,0,64,aggregate,20260813,results/round2/dbpedia/raw/02_diskann_fair/SQ/dbpedia_SQ_R64_Lbuild400.log,"DiskANN scalar quantization WithBits<4>: graph build AND search use the 4-bit scalar payload (Quantized strategy, NoStore primary, per-method graph)."
02_diskann_fair,dbpedia,SQ,done,SQ4_symmetric,built_in_run,,L2,10,4,772.000000,,970.573669,1017720256,0,0,0,12879.742188,1819620.528822,1816040.139685,3576.531513,0.000000,64,400,1.2,efSearch,25,1,0.921633,226.928106,4380.176296,5776.931000,NaN,NaN,NaN,NaN,NaN,NaN,NaN,NaN,NaN,0.043650,0.076504,0.010445,0.921633,0.058205,NaN,NaN,0,64,aggregate,20260813,results/round2/dbpedia/raw/02_diskann_fair/SQ/dbpedia_SQ_R64_Lbuild400.log,"DiskANN scalar quantization WithBits<4>: graph build AND search use the 4-bit scalar payload (Quantized strategy, NoStore primary, per-method graph)."
02_diskann_fair,dbpedia,SQ,done,SQ4_symmetric,built_in_run,,L2,10,4,772.000000,,970.573669,1017720256,0,0,0,12879.742188,1819620.528822,1816040.139685,3576.531513,0.000000,64,400,1.2,efSearch,26,1,0.922667,223.051976,4456.759379,5875.797000,NaN,NaN,NaN,NaN,NaN,NaN,NaN,NaN,NaN,0.043654,0.076519,0.010444,0.922667,0.058215,NaN,NaN,0,64,aggregate,20260813,results/round2/dbpedia/raw/02_diskann_fair/SQ/dbpedia_SQ_R64_Lbuild400.log,"DiskANN scalar quantization WithBits<4>: graph build AND search use the 4-bit scalar payload (Quantized strategy, NoStore primary, per-method graph)."
02_diskann_fair,dbpedia,SQ,done,SQ4_symmetric,built_in_run,,L2,10,4,772.000000,,970.573669,1017720256,0,0,0,12879.742188,1819620.528822,1816040.139685,3576.531513,0.000000,64,400,1.2,efSearch,27,1,0.923722,217.611836,4568.886990,6019.372000,NaN,NaN,NaN,NaN,NaN,NaN,NaN,NaN,NaN,0.043656,0.076519,0.010444,0.923722,0.058237,NaN,NaN,0,64,aggregate,20260813,results/round2/dbpedia/raw/02_diskann_fair/SQ/dbpedia_SQ_R64_Lbuild400.log,"DiskANN scalar quantization WithBits<4>: graph build AND search use the 4-bit scalar payload (Quantized strategy, NoStore primary, per-method graph)."
02_diskann_fair,dbpedia,SQ,done,SQ4_symmetric,built_in_run,,L2,10,4,772.000000,,970.573669,1017720256,0,0,0,12879.742188,1819620.528822,1816040.139685,3576.531513,0.000000,64,400,1.2,efSearch,28,1,0.924878,212.793254,4672.145715,6162.027000,NaN,NaN,NaN,NaN,NaN,NaN,NaN,NaN,NaN,0.043663,0.076519,0.010445,0.924878,0.058272,NaN,NaN,0,64,aggregate,20260813,results/round2/dbpedia/raw/02_diskann_fair/SQ/dbpedia_SQ_R64_Lbuild400.log,"DiskANN scalar quantization WithBits<4>: graph build AND search use the 4-bit scalar payload (Quantized strategy, NoStore primary, per-method graph)."
02_diskann_fair,dbpedia,SQ,done,SQ4_symmetric,built_in_run,,L2,10,4,772.000000,,970.573669,1017720256,0,0,0,12879.742188,1819620.528822,1816040.139685,3576.531513,0.000000,64,400,1.2,efSearch,29,1,0.925644,208.219284,4776.418029,6301.093000,NaN,NaN,NaN,NaN,NaN,NaN,NaN,NaN,NaN,0.043663,0.076519,0.010444,0.925644,0.058272,NaN,NaN,0,64,aggregate,20260813,results/round2/dbpedia/raw/02_diskann_fair/SQ/dbpedia_SQ_R64_Lbuild400.log,"DiskANN scalar quantization WithBits<4>: graph build AND search use the 4-bit scalar payload (Quantized strategy, NoStore primary, per-method graph)."
02_diskann_fair,dbpedia,SQ,done,SQ4_symmetric,built_in_run,,L2,10,4,772.000000,,970.573669,1017720256,0,0,0,12879.742188,1819620.528822,1816040.139685,3576.531513,0.000000,64,400,1.2,efSearch,30,1,0.926378,202.787143,4907.486986,6483.105000,NaN,NaN,NaN,NaN,NaN,NaN,NaN,NaN,NaN,0.043666,0.076519,0.010444,0.926378,0.058286,NaN,NaN,0,64,aggregate,20260813,results/round2/dbpedia/raw/02_diskann_fair/SQ/dbpedia_SQ_R64_Lbuild400.log,"DiskANN scalar quantization WithBits<4>: graph build AND search use the 4-bit scalar payload (Quantized strategy, NoStore primary, per-method graph)."
02_diskann_fair,dbpedia,SQ,done,SQ4_symmetric,built_in_run,,L2,10,4,772.000000,,970.573669,1017720256,0,0,0,12879.742188,1819620.528822,1816040.139685,3576.531513,0.000000,64,400,1.2,efSearch,40,1,0.931878,168.129761,5923.481027,7897.664000,NaN,NaN,NaN,NaN,NaN,NaN,NaN,NaN,NaN,0.043683,0.076528,0.010443,0.931878,0.058348,NaN,NaN,0,64,aggregate,20260813,results/round2/dbpedia/raw/02_diskann_fair/SQ/dbpedia_SQ_R64_Lbuild400.log,"DiskANN scalar quantization WithBits<4>: graph build AND search use the 4-bit scalar payload (Quantized strategy, NoStore primary, per-method graph)."
02_diskann_fair,dbpedia,SQ,done,SQ4_symmetric,built_in_run,,L2,10,4,772.000000,,970.573669,1017720256,0,0,0,12879.742188,1819620.528822,1816040.139685,3576.531513,0.000000,64,400,1.2,efSearch,50,1,0.934511,144.239764,6906.308829,9282.244000,NaN,NaN,NaN,NaN,NaN,NaN,NaN,NaN,NaN,0.043691,0.076521,0.010443,0.934511,0.058363,NaN,NaN,0,64,aggregate,20260813,results/round2/dbpedia/raw/02_diskann_fair/SQ/dbpedia_SQ_R64_Lbuild400.log,"DiskANN scalar quantization WithBits<4>: graph build AND search use the 4-bit scalar payload (Quantized strategy, NoStore primary, per-method graph)."
02_diskann_fair,dbpedia,SQ,done,SQ4_symmetric,built_in_run,,L2,10,4,772.000000,,970.573669,1017720256,0,0,0,12879.742188,1819620.528822,1816040.139685,3576.531513,0.000000,64,400,1.2,efSearch,60,1,0.936400,126.624447,7870.749436,10719.755000,NaN,NaN,NaN,NaN,NaN,NaN,NaN,NaN,NaN,0.043696,0.076528,0.010442,0.936400,0.058417,NaN,NaN,0,64,aggregate,20260813,results/round2/dbpedia/raw/02_diskann_fair/SQ/dbpedia_SQ_R64_Lbuild400.log,"DiskANN scalar quantization WithBits<4>: graph build AND search use the 4-bit scalar payload (Quantized strategy, NoStore primary, per-method graph)."
02_diskann_fair,dbpedia,SQ,done,SQ4_symmetric,built_in_run,,L2,10,4,772.000000,,970.573669,1017720256,0,0,0,12879.742188,1819620.528822,1816040.139685,3576.531513,0.000000,64,400,1.2,efSearch,70,1,0.937733,113.268523,8801.937283,12087.121000,NaN,NaN,NaN,NaN,NaN,NaN,NaN,NaN,NaN,0.043702,0.076528,0.010443,0.937733,0.058469,NaN,NaN,0,64,aggregate,20260813,results/round2/dbpedia/raw/02_diskann_fair/SQ/dbpedia_SQ_R64_Lbuild400.log,"DiskANN scalar quantization WithBits<4>: graph build AND search use the 4-bit scalar payload (Quantized strategy, NoStore primary, per-method graph)."
02_diskann_fair,dbpedia,SQ,done,SQ4_symmetric,built_in_run,,L2,10,4,772.000000,,970.573669,1017720256,0,0,0,12879.742188,1819620.528822,1816040.139685,3576.531513,0.000000,64,400,1.2,efSearch,80,1,0.938544,102.674562,9712.811113,13422.451000,NaN,NaN,NaN,NaN,NaN,NaN,NaN,NaN,NaN,0.043707,0.076528,0.010443,0.938544,0.058454,NaN,NaN,0,64,aggregate,20260813,results/round2/dbpedia/raw/02_diskann_fair/SQ/dbpedia_SQ_R64_Lbuild400.log,"DiskANN scalar quantization WithBits<4>: graph build AND search use the 4-bit scalar payload (Quantized strategy, NoStore primary, per-method graph)."
02_diskann_fair,dbpedia,SQ,done,SQ4_symmetric,built_in_run,,L2,10,4,772.000000,,970.573669,1017720256,0,0,0,12879.742188,1819620.528822,1816040.139685,3576.531513,0.000000,64,400,1.2,efSearch,90,1,0.939044,94.092674,10600.343647,14769.387000,NaN,NaN,NaN,NaN,NaN,NaN,NaN,NaN,NaN,0.043709,0.076528,0.010443,0.939044,0.058432,NaN,NaN,0,64,aggregate,20260813,results/round2/dbpedia/raw/02_diskann_fair/SQ/dbpedia_SQ_R64_Lbuild400.log,"DiskANN scalar quantization WithBits<4>: graph build AND search use the 4-bit scalar payload (Quantized strategy, NoStore primary, per-method graph)."
02_diskann_fair,dbpedia,SQ,done,SQ4_symmetric,built_in_run,,L2,10,4,772.000000,,970.573669,1017720256,0,0,0,12879.742188,1819620.528822,1816040.139685,3576.531513,0.000000,64,400,1.2,efSearch,100,1,0.939611,87.006374,11466.013186,16075.325000,NaN,NaN,NaN,NaN,NaN,NaN,NaN,NaN,NaN,0.043712,0.076528,0.010443,0.939611,0.058435,NaN,NaN,0,64,aggregate,20260813,results/round2/dbpedia/raw/02_diskann_fair/SQ/dbpedia_SQ_R64_Lbuild400.log,"DiskANN scalar quantization WithBits<4>: graph build AND search use the 4-bit scalar payload (Quantized strategy, NoStore primary, per-method graph)."
02_diskann_fair,dbpedia,SQ,done,SQ4_symmetric,built_in_run,,L2,10,4,772.000000,,970.573669,1017720256,0,0,0,12879.742188,1819620.528822,1816040.139685,3576.531513,0.000000,64,400,1.2,efSearch,140,1,0.940711,67.362401,14818.783628,21196.808000,NaN,NaN,NaN,NaN,NaN,NaN,NaN,NaN,NaN,0.043718,0.076528,0.010443,0.940711,0.058427,NaN,NaN,0,64,aggregate,20260813,results/round2/dbpedia/raw/02_diskann_fair/SQ/dbpedia_SQ_R64_Lbuild400.log,"DiskANN scalar quantization WithBits<4>: graph build AND search use the 4-bit scalar payload (Quantized strategy, NoStore primary, per-method graph)."
02_diskann_fair,dbpedia,SQ,done,SQ4_symmetric,built_in_run,,L2,10,4,772.000000,,970.573669,1017720256,0,0,0,12879.742188,1819620.528822,1816040.139685,3576.531513,0.000000,64,400,1.2,efSearch,180,1,0.941289,55.660126,17940.162634,26009.508000,NaN,NaN,NaN,NaN,NaN,NaN,NaN,NaN,NaN,0.043722,0.076528,0.010444,0.941289,0.058398,NaN,NaN,0,64,aggregate,20260813,results/round2/dbpedia/raw/02_diskann_fair/SQ/dbpedia_SQ_R64_Lbuild400.log,"DiskANN scalar quantization WithBits<4>: graph build AND search use the 4-bit scalar payload (Quantized strategy, NoStore primary, per-method graph)."
02_diskann_fair,dbpedia,SQ,done,SQ4_symmetric,built_in_run,,L2,10,4,772.000000,,970.573669,1017720256,0,0,0,12879.742188,1819620.528822,1816040.139685,3576.531513,0.000000,64,400,1.2,efSearch,220,1,0.941689,47.650884,20957.678624,30649.889000,NaN,NaN,NaN,NaN,NaN,NaN,NaN,NaN,NaN,0.043724,0.076528,0.010444,0.941689,0.058388,NaN,NaN,0,64,aggregate,20260813,results/round2/dbpedia/raw/02_diskann_fair/SQ/dbpedia_SQ_R64_Lbuild400.log,"DiskANN scalar quantization WithBits<4>: graph build AND search use the 4-bit scalar payload (Quantized strategy, NoStore primary, per-method graph)."
02_diskann_fair,dbpedia,SQ,done,SQ4_symmetric,built_in_run,,L2,10,4,772.000000,,970.573669,1017720256,0,0,0,12879.742188,1819620.528822,1816040.139685,3576.531513,0.000000,64,400,1.2,efSearch,260,1,0.942011,41.750722,23923.488726,35208.552000,NaN,NaN,NaN,NaN,NaN,NaN,NaN,NaN,NaN,0.043726,0.076528,0.010444,0.942011,0.058380,NaN,NaN,0,64,aggregate,20260813,results/round2/dbpedia/raw/02_diskann_fair/SQ/dbpedia_SQ_R64_Lbuild400.log,"DiskANN scalar quantization WithBits<4>: graph build AND search use the 4-bit scalar payload (Quantized strategy, NoStore primary, per-method graph)."
02_diskann_fair,dbpedia,SQ,done,SQ4_symmetric,built_in_run,,L2,10,4,772.000000,,970.573669,1017720256,0,0,0,12879.742188,1819620.528822,1816040.139685,3576.531513,0.000000,64,400,1.2,efSearch,300,1,0.942244,37.280762,26794.573639,39584.012000,NaN,NaN,NaN,NaN,NaN,NaN,NaN,NaN,NaN,0.043729,0.076535,0.010444,0.942244,0.058351,NaN,NaN,0,64,aggregate,20260813,results/round2/dbpedia/raw/02_diskann_fair/SQ/dbpedia_SQ_R64_Lbuild400.log,"DiskANN scalar quantization WithBits<4>: graph build AND search use the 4-bit scalar payload (Quantized strategy, NoStore primary, per-method graph)."
02_diskann_fair,dbpedia,SQ,done,SQ4_symmetric,built_in_run,,L2,10,4,772.000000,,970.573669,1017720256,0,0,0,12879.742188,1819620.528822,1816040.139685,3576.531513,0.000000,64,400,1.2,efSearch,340,1,0.942389,33.809166,29549.846396,43745.777000,NaN,NaN,NaN,NaN,NaN,NaN,NaN,NaN,NaN,0.043729,0.076535,0.010444,0.942389,0.058348,NaN,NaN,0,64,aggregate,20260813,results/round2/dbpedia/raw/02_diskann_fair/SQ/dbpedia_SQ_R64_Lbuild400.log,"DiskANN scalar quantization WithBits<4>: graph build AND search use the 4-bit scalar payload (Quantized strategy, NoStore primary, per-method graph)."
02_diskann_fair,dbpedia,SQ,done,SQ4_symmetric,built_in_run,,L2,10,4,772.000000,,970.573669,1017720256,0,0,0,12879.742188,1819620.528822,1816040.139685,3576.531513,0.000000,64,400,1.2,efSearch,380,1,0.942556,30.959311,32272.513915,47902.769000,NaN,NaN,NaN,NaN,NaN,NaN,NaN,NaN,NaN,0.043730,0.076535,0.010444,0.942556,0.058326,NaN,NaN,0,64,aggregate,20260813,results/round2/dbpedia/raw/02_diskann_fair/SQ/dbpedia_SQ_R64_Lbuild400.log,"DiskANN scalar quantization WithBits<4>: graph build AND search use the 4-bit scalar payload (Quantized strategy, NoStore primary, per-method graph)."
02_diskann_fair,dbpedia,SQ,done,SQ4_symmetric,built_in_run,,L2,10,4,772.000000,,970.573669,1017720256,0,0,0,12879.742188,1819620.528822,1816040.139685,3576.531513,0.000000,64,400,1.2,efSearch,420,1,0.942656,28.610259,34921.623743,51913.349000,NaN,NaN,NaN,NaN,NaN,NaN,NaN,NaN,NaN,0.043730,0.076535,0.010444,0.942656,0.058321,NaN,NaN,0,64,aggregate,20260813,results/round2/dbpedia/raw/02_diskann_fair/SQ/dbpedia_SQ_R64_Lbuild400.log,"DiskANN scalar quantization WithBits<4>: graph build AND search use the 4-bit scalar payload (Quantized strategy, NoStore primary, per-method graph)."
02_diskann_fair,dbpedia,SQ,done,SQ4_symmetric,built_in_run,,L2,10,4,772.000000,,970.573669,1017720256,0,0,0,12879.742188,1819620.528822,1816040.139685,3576.531513,0.000000,64,400,1.2,efSearch,460,1,0.942733,26.587703,37579.753005,55906.832000,NaN,NaN,NaN,NaN,NaN,NaN,NaN,NaN,NaN,0.043732,0.076535,0.010445,0.942733,0.058331,NaN,NaN,0,64,aggregate,20260813,results/round2/dbpedia/raw/02_diskann_fair/SQ/dbpedia_SQ_R64_Lbuild400.log,"DiskANN scalar quantization WithBits<4>: graph build AND search use the 4-bit scalar payload (Quantized strategy, NoStore primary, per-method graph)."
02_diskann_fair,dbpedia,SAQ,done,SAQ4_symmetric,built_in_run,,L2,10,4,768.000000,,966.797119,1013760256,0,0,0,12879.414062,345099.406084,342499.913268,2594.360342,0.000000,64,400,1.2,efSearch,10,1,0.894367,1251.730129,755.659774,1028.637000,NaN,NaN,NaN,NaN,NaN,NaN,NaN,NaN,NaN,0.007117,0.018167,0.001738,0.894367,0.041341,NaN,NaN,0,64,aggregate,20260813,results/round2/dbpedia/raw/02_diskann_fair/SAQ/dbpedia_SAQ_R64_Lbuild400.log,"DiskANN spherical quantization Impl<4>: graph build AND search use the 4-bit spherical payload (Quantized strategy, NoStore primary, per-method graph)."
02_diskann_fair,dbpedia,SAQ,done,SAQ4_symmetric,built_in_run,,L2,10,4,768.000000,,966.797119,1013760256,0,0,0,12879.414062,345099.406084,342499.913268,2594.360342,0.000000,64,400,1.2,efSearch,11,1,0.900322,1190.583548,815.749870,1100.397000,NaN,NaN,NaN,NaN,NaN,NaN,NaN,NaN,NaN,0.007119,0.018171,0.001737,0.900322,0.041494,NaN,NaN,0,64,aggregate,20260813,results/round2/dbpedia/raw/02_diskann_fair/SAQ/dbpedia_SAQ_R64_Lbuild400.log,"DiskANN spherical quantization Impl<4>: graph build AND search use the 4-bit spherical payload (Quantized strategy, NoStore primary, per-method graph)."
02_diskann_fair,dbpedia,SAQ,done,SAQ4_symmetric,built_in_run,,L2,10,4,768.000000,,966.797119,1013760256,0,0,0,12879.414062,345099.406084,342499.913268,2594.360342,0.000000,64,400,1.2,efSearch,12,1,0.905967,1087.434581,895.567100,1196.760000,NaN,NaN,NaN,NaN,NaN,NaN,NaN,NaN,NaN,0.007123,0.018179,0.001737,0.905967,0.041499,NaN,NaN,0,64,aggregate,20260813,results/round2/dbpedia/raw/02_diskann_fair/SAQ/dbpedia_SAQ_R64_Lbuild400.log,"DiskANN spherical quantization Impl<4>: graph build AND search use the 4-bit spherical payload (Quantized strategy, NoStore primary, per-method graph)."
02_diskann_fair,dbpedia,SAQ,done,SAQ4_symmetric,built_in_run,,L2,10,4,768.000000,,966.797119,1013760256,0,0,0,12879.414062,345099.406084,342499.913268,2594.360342,0.000000,64,400,1.2,efSearch,13,1,0.909778,1163.030871,835.160956,1130.422000,NaN,NaN,NaN,NaN,NaN,NaN,NaN,NaN,NaN,0.007128,0.018193,0.001738,0.909778,0.041610,NaN,NaN,0,64,aggregate,20260813,results/round2/dbpedia/raw/02_diskann_fair/SAQ/dbpedia_SAQ_R64_Lbuild400.log,"DiskANN spherical quantization Impl<4>: graph build AND search use the 4-bit spherical payload (Quantized strategy, NoStore primary, per-method graph)."
02_diskann_fair,dbpedia,SAQ,done,SAQ4_symmetric,built_in_run,,L2,10,4,768.000000,,966.797119,1013760256,0,0,0,12879.414062,345099.406084,342499.913268,2594.360342,0.000000,64,400,1.2,efSearch,14,1,0.913278,1163.189478,833.873214,1104.485000,NaN,NaN,NaN,NaN,NaN,NaN,NaN,NaN,NaN,0.007129,0.018192,0.001738,0.913278,0.041593,NaN,NaN,0,64,aggregate,20260813,results/round2/dbpedia/raw/02_diskann_fair/SAQ/dbpedia_SAQ_R64_Lbuild400.log,"DiskANN spherical quantization Impl<4>: graph build AND search use the 4-bit spherical payload (Quantized strategy, NoStore primary, per-method graph)."
02_diskann_fair,dbpedia,SAQ,done,SAQ4_symmetric,built_in_run,,L2,10,4,768.000000,,966.797119,1013760256,0,0,0,12879.414062,345099.406084,342499.913268,2594.360342,0.000000,64,400,1.2,efSearch,15,1,0.916656,1122.498170,865.140546,1140.508000,NaN,NaN,NaN,NaN,NaN,NaN,NaN,NaN,NaN,0.007127,0.018194,0.001737,0.916656,0.041600,NaN,NaN,0,64,aggregate,20260813,results/round2/dbpedia/raw/02_diskann_fair/SAQ/dbpedia_SAQ_R64_Lbuild400.log,"DiskANN spherical quantization Impl<4>: graph build AND search use the 4-bit spherical payload (Quantized strategy, NoStore primary, per-method graph)."
02_diskann_fair,dbpedia,SAQ,done,SAQ4_symmetric,built_in_run,,L2,10,4,768.000000,,966.797119,1013760256,0,0,0,12879.414062,345099.406084,342499.913268,2594.360342,0.000000,64,400,1.2,efSearch,16,1,0.919911,1084.253547,896.101355,1176.577000,NaN,NaN,NaN,NaN,NaN,NaN,NaN,NaN,NaN,0.007130,0.018196,0.001737,0.919911,0.041598,NaN,NaN,0,64,aggregate,20260813,results/round2/dbpedia/raw/02_diskann_fair/SAQ/dbpedia_SAQ_R64_Lbuild400.log,"DiskANN spherical quantization Impl<4>: graph build AND search use the 4-bit spherical payload (Quantized strategy, NoStore primary, per-method graph)."
02_diskann_fair,dbpedia,SAQ,done,SAQ4_symmetric,built_in_run,,L2,10,4,768.000000,,966.797119,1013760256,0,0,0,12879.414062,345099.406084,342499.913268,2594.360342,0.000000,64,400,1.2,efSearch,17,1,0.922567,1048.755431,927.212910,1212.817000,NaN,NaN,NaN,NaN,NaN,NaN,NaN,NaN,NaN,0.007132,0.018199,0.001737,0.922567,0.041617,NaN,NaN,0,64,aggregate,20260813,results/round2/dbpedia/raw/02_diskann_fair/SAQ/dbpedia_SAQ_R64_Lbuild400.log,"DiskANN spherical quantization Impl<4>: graph build AND search use the 4-bit spherical payload (Quantized strategy, NoStore primary, per-method graph)."
02_diskann_fair,dbpedia,SAQ,done,SAQ4_symmetric,built_in_run,,L2,10,4,768.000000,,966.797119,1013760256,0,0,0,12879.414062,345099.406084,342499.913268,2594.360342,0.000000,64,400,1.2,efSearch,18,1,0.925089,1015.507445,958.454503,1246.863000,NaN,NaN,NaN,NaN,NaN,NaN,NaN,NaN,NaN,0.007133,0.018202,0.001737,0.925089,0.041696,NaN,NaN,0,64,aggregate,20260813,results/round2/dbpedia/raw/02_diskann_fair/SAQ/dbpedia_SAQ_R64_Lbuild400.log,"DiskANN spherical quantization Impl<4>: graph build AND search use the 4-bit spherical payload (Quantized strategy, NoStore primary, per-method graph)."
02_diskann_fair,dbpedia,SAQ,done,SAQ4_symmetric,built_in_run,,L2,10,4,768.000000,,966.797119,1013760256,0,0,0,12879.414062,345099.406084,342499.913268,2594.360342,0.000000,64,400,1.2,efSearch,19,1,0.927000,986.614370,988.114187,1284.009000,NaN,NaN,NaN,NaN,NaN,NaN,NaN,NaN,NaN,0.007135,0.018208,0.001738,0.927000,0.041699,NaN,NaN,0,64,aggregate,20260813,results/round2/dbpedia/raw/02_diskann_fair/SAQ/dbpedia_SAQ_R64_Lbuild400.log,"DiskANN spherical quantization Impl<4>: graph build AND search use the 4-bit spherical payload (Quantized strategy, NoStore primary, per-method graph)."
02_diskann_fair,dbpedia,SAQ,done,SAQ4_symmetric,built_in_run,,L2,10,4,768.000000,,966.797119,1013760256,0,0,0,12879.414062,345099.406084,342499.913268,2594.360342,0.000000,64,400,1.2,efSearch,20,1,0.928678,957.859078,1017.763496,1320.461000,NaN,NaN,NaN,NaN,NaN,NaN,NaN,NaN,NaN,0.007136,0.018209,0.001738,0.928678,0.041733,NaN,NaN,0,64,aggregate,20260813,results/round2/dbpedia/raw/02_diskann_fair/SAQ/dbpedia_SAQ_R64_Lbuild400.log,"DiskANN spherical quantization Impl<4>: graph build AND search use the 4-bit spherical payload (Quantized strategy, NoStore primary, per-method graph)."
02_diskann_fair,dbpedia,SAQ,done,SAQ4_symmetric,built_in_run,,L2,10,4,768.000000,,966.797119,1013760256,0,0,0,12879.414062,345099.406084,342499.913268,2594.360342,0.000000,64,400,1.2,efSearch,21,1,0.930367,913.596743,1067.618188,1386.089000,NaN,NaN,NaN,NaN,NaN,NaN,NaN,NaN,NaN,0.007138,0.018216,0.001738,0.930367,0.041795,NaN,NaN,0,64,aggregate,20260813,results/round2/dbpedia/raw/02_diskann_fair/SAQ/dbpedia_SAQ_R64_Lbuild400.log,"DiskANN spherical quantization Impl<4>: graph build AND search use the 4-bit spherical payload (Quantized strategy, NoStore primary, per-method graph)."
02_diskann_fair,dbpedia,SAQ,done,SAQ4_symmetric,built_in_run,,L2,10,4,768.000000,,966.797119,1013760256,0,0,0,12879.414062,345099.406084,342499.913268,2594.360342,0.000000,64,400,1.2,efSearch,22,1,0.932044,836.025407,1172.270496,1544.550000,NaN,NaN,NaN,NaN,NaN,NaN,NaN,NaN,NaN,0.007138,0.018216,0.001738,0.932044,0.041854,NaN,NaN,0,64,aggregate,20260813,results/round2/dbpedia/raw/02_diskann_fair/SAQ/dbpedia_SAQ_R64_Lbuild400.log,"DiskANN spherical quantization Impl<4>: graph build AND search use the 4-bit spherical payload (Quantized strategy, NoStore primary, per-method graph)."
02_diskann_fair,dbpedia,SAQ,done,SAQ4_symmetric,built_in_run,,L2,10,4,768.000000,,966.797119,1013760256,0,0,0,12879.414062,345099.406084,342499.913268,2594.360342,0.000000,64,400,1.2,efSearch,23,1,0.933411,810.686793,1208.854594,1570.778000,NaN,NaN,NaN,NaN,NaN,NaN,NaN,NaN,NaN,0.007140,0.018220,0.001738,0.933411,0.041859,NaN,NaN,0,64,aggregate,20260813,results/round2/dbpedia/raw/02_diskann_fair/SAQ/dbpedia_SAQ_R64_Lbuild400.log,"DiskANN spherical quantization Impl<4>: graph build AND search use the 4-bit spherical payload (Quantized strategy, NoStore primary, per-method graph)."
02_diskann_fair,dbpedia,SAQ,done,SAQ4_symmetric,built_in_run,,L2,10,4,768.000000,,966.797119,1013760256,0,0,0,12879.414062,345099.406084,342499.913268,2594.360342,0.000000,64,400,1.2,efSearch,24,1,0.934933,810.164125,1209.461669,1556.183000,NaN,NaN,NaN,NaN,NaN,NaN,NaN,NaN,NaN,0.007141,0.018226,0.001738,0.934933,0.041854,NaN,NaN,0,64,aggregate,20260813,results/round2/dbpedia/raw/02_diskann_fair/SAQ/dbpedia_SAQ_R64_Lbuild400.log,"DiskANN spherical quantization Impl<4>: graph build AND search use the 4-bit spherical payload (Quantized strategy, NoStore primary, per-method graph)."
02_diskann_fair,dbpedia,SAQ,done,SAQ4_symmetric,built_in_run,,L2,10,4,768.000000,,966.797119,1013760256,0,0,0,12879.414062,345099.406084,342499.913268,2594.360342,0.000000,64,400,1.2,efSearch,25,1,0.935978,796.242503,1230.381428,1581.765000,NaN,NaN,NaN,NaN,NaN,NaN,NaN,NaN,NaN,0.007142,0.018226,0.001738,0.935978,0.041864,NaN,NaN,0,64,aggregate,20260813,results/round2/dbpedia/raw/02_diskann_fair/SAQ/dbpedia_SAQ_R64_Lbuild400.log,"DiskANN spherical quantization Impl<4>: graph build AND search use the 4-bit spherical payload (Quantized strategy, NoStore primary, per-method graph)."
02_diskann_fair,dbpedia,SAQ,done,SAQ4_symmetric,built_in_run,,L2,10,4,768.000000,,966.797119,1013760256,0,0,0,12879.414062,345099.406084,342499.913268,2594.360342,0.000000,64,400,1.2,efSearch,26,1,0.937067,777.007514,1261.548515,1628.874000,NaN,NaN,NaN,NaN,NaN,NaN,NaN,NaN,NaN,0.007142,0.018220,0.001738,0.937067,0.041817,NaN,NaN,0,64,aggregate,20260813,results/round2/dbpedia/raw/02_diskann_fair/SAQ/dbpedia_SAQ_R64_Lbuild400.log,"DiskANN spherical quantization Impl<4>: graph build AND search use the 4-bit spherical payload (Quantized strategy, NoStore primary, per-method graph)."
02_diskann_fair,dbpedia,SAQ,done,SAQ4_symmetric,built_in_run,,L2,10,4,768.000000,,966.797119,1013760256,0,0,0,12879.414062,345099.406084,342499.913268,2594.360342,0.000000,64,400,1.2,efSearch,27,1,0.938167,759.312678,1291.580715,1666.517000,NaN,NaN,NaN,NaN,NaN,NaN,NaN,NaN,NaN,0.007143,0.018218,0.001738,0.938167,0.041807,NaN,NaN,0,64,aggregate,20260813,results/round2/dbpedia/raw/02_diskann_fair/SAQ/dbpedia_SAQ_R64_Lbuild400.log,"DiskANN spherical quantization Impl<4>: graph build AND search use the 4-bit spherical payload (Quantized strategy, NoStore primary, per-method graph)."
02_diskann_fair,dbpedia,SAQ,done,SAQ4_symmetric,built_in_run,,L2,10,4,768.000000,,966.797119,1013760256,0,0,0,12879.414062,345099.406084,342499.913268,2594.360342,0.000000,64,400,1.2,efSearch,28,1,0.939078,742.736837,1321.752146,1706.401000,NaN,NaN,NaN,NaN,NaN,NaN,NaN,NaN,NaN,0.007142,0.018224,0.001738,0.939078,0.041778,NaN,NaN,0,64,aggregate,20260813,results/round2/dbpedia/raw/02_diskann_fair/SAQ/dbpedia_SAQ_R64_Lbuild400.log,"DiskANN spherical quantization Impl<4>: graph build AND search use the 4-bit spherical payload (Quantized strategy, NoStore primary, per-method graph)."
02_diskann_fair,dbpedia,SAQ,done,SAQ4_symmetric,built_in_run,,L2,10,4,768.000000,,966.797119,1013760256,0,0,0,12879.414062,345099.406084,342499.913268,2594.360342,0.000000,64,400,1.2,efSearch,29,1,0.939944,725.844580,1352.291334,1747.668000,NaN,NaN,NaN,NaN,NaN,NaN,NaN,NaN,NaN,0.007143,0.018226,0.001738,0.939944,0.041827,NaN,NaN,0,64,aggregate,20260813,results/round2/dbpedia/raw/02_diskann_fair/SAQ/dbpedia_SAQ_R64_Lbuild400.log,"DiskANN spherical quantization Impl<4>: graph build AND search use the 4-bit spherical payload (Quantized strategy, NoStore primary, per-method graph)."
02_diskann_fair,dbpedia,SAQ,done,SAQ4_symmetric,built_in_run,,L2,10,4,768.000000,,966.797119,1013760256,0,0,0,12879.414062,345099.406084,342499.913268,2594.360342,0.000000,64,400,1.2,efSearch,30,1,0.940622,711.184390,1380.721269,1784.019000,NaN,NaN,NaN,NaN,NaN,NaN,NaN,NaN,NaN,0.007143,0.018224,0.001737,0.940622,0.041805,NaN,NaN,0,64,aggregate,20260813,results/round2/dbpedia/raw/02_diskann_fair/SAQ/dbpedia_SAQ_R64_Lbuild400.log,"DiskANN spherical quantization Impl<4>: graph build AND search use the 4-bit spherical payload (Quantized strategy, NoStore primary, per-method graph)."
02_diskann_fair,dbpedia,SAQ,done,SAQ4_symmetric,built_in_run,,L2,10,4,768.000000,,966.797119,1013760256,0,0,0,12879.414062,345099.406084,342499.913268,2594.360342,0.000000,64,400,1.2,efSearch,40,1,0.946344,587.753207,1675.073515,2182.106000,NaN,NaN,NaN,NaN,NaN,NaN,NaN,NaN,NaN,0.007141,0.018224,0.001736,0.946344,0.041867,NaN,NaN,0,64,aggregate,20260813,results/round2/dbpedia/raw/02_diskann_fair/SAQ/dbpedia_SAQ_R64_Lbuild400.log,"DiskANN spherical quantization Impl<4>: graph build AND search use the 4-bit spherical payload (Quantized strategy, NoStore primary, per-method graph)."
02_diskann_fair,dbpedia,SAQ,done,SAQ4_symmetric,built_in_run,,L2,10,4,768.000000,,966.797119,1013760256,0,0,0,12879.414062,345099.406084,342499.913268,2594.360342,0.000000,64,400,1.2,efSearch,50,1,0.949422,505.624559,1951.452494,2567.890000,NaN,NaN,NaN,NaN,NaN,NaN,NaN,NaN,NaN,0.007143,0.018224,0.001736,0.949422,0.041844,NaN,NaN,0,64,aggregate,20260813,results/round2/dbpedia/raw/02_diskann_fair/SAQ/dbpedia_SAQ_R64_Lbuild400.log,"DiskANN spherical quantization Impl<4>: graph build AND search use the 4-bit spherical payload (Quantized strategy, NoStore primary, per-method graph)."
02_diskann_fair,dbpedia,SAQ,done,SAQ4_symmetric,built_in_run,,L2,10,4,768.000000,,966.797119,1013760256,0,0,0,12879.414062,345099.406084,342499.913268,2594.360342,0.000000,64,400,1.2,efSearch,60,1,0.951733,444.722453,2222.325941,2960.171000,NaN,NaN,NaN,NaN,NaN,NaN,NaN,NaN,NaN,0.007146,0.018234,0.001737,0.951733,0.041980,NaN,NaN,0,64,aggregate,20260813,results/round2/dbpedia/raw/02_diskann_fair/SAQ/dbpedia_SAQ_R64_Lbuild400.log,"DiskANN spherical quantization Impl<4>: graph build AND search use the 4-bit spherical payload (Quantized strategy, NoStore primary, per-method graph)."
02_diskann_fair,dbpedia,SAQ,done,SAQ4_symmetric,built_in_run,,L2,10,4,768.000000,,966.797119,1013760256,0,0,0,12879.414062,345099.406084,342499.913268,2594.360342,0.000000,64,400,1.2,efSearch,70,1,0.952744,401.317352,2466.340614,3344.682000,NaN,NaN,NaN,NaN,NaN,NaN,NaN,NaN,NaN,0.007147,0.018237,0.001737,0.952744,0.042022,NaN,NaN,0,64,aggregate,20260813,results/round2/dbpedia/raw/02_diskann_fair/SAQ/dbpedia_SAQ_R64_Lbuild400.log,"DiskANN spherical quantization Impl<4>: graph build AND search use the 4-bit spherical payload (Quantized strategy, NoStore primary, per-method graph)."
02_diskann_fair,dbpedia,SAQ,done,SAQ4_symmetric,built_in_run,,L2,10,4,768.000000,,966.797119,1013760256,0,0,0,12879.414062,345099.406084,342499.913268,2594.360342,0.000000,64,400,1.2,efSearch,80,1,0.953733,439.951016,2249.149978,3167.335000,NaN,NaN,NaN,NaN,NaN,NaN,NaN,NaN,NaN,0.007147,0.018237,0.001737,0.953733,0.041995,NaN,NaN,0,64,aggregate,20260813,results/round2/dbpedia/raw/02_diskann_fair/SAQ/dbpedia_SAQ_R64_Lbuild400.log,"DiskANN spherical quantization Impl<4>: graph build AND search use the 4-bit spherical payload (Quantized strategy, NoStore primary, per-method graph)."
02_diskann_fair,dbpedia,SAQ,done,SAQ4_symmetric,built_in_run,,L2,10,4,768.000000,,966.797119,1013760256,0,0,0,12879.414062,345099.406084,342499.913268,2594.360342,0.000000,64,400,1.2,efSearch,90,1,0.954478,452.203248,2187.200102,2958.802000,NaN,NaN,NaN,NaN,NaN,NaN,NaN,NaN,NaN,0.007148,0.018237,0.001737,0.954478,0.042025,NaN,NaN,0,64,aggregate,20260813,results/round2/dbpedia/raw/02_diskann_fair/SAQ/dbpedia_SAQ_R64_Lbuild400.log,"DiskANN spherical quantization Impl<4>: graph build AND search use the 4-bit spherical payload (Quantized strategy, NoStore primary, per-method graph)."
02_diskann_fair,dbpedia,SAQ,done,SAQ4_symmetric,built_in_run,,L2,10,4,768.000000,,966.797119,1013760256,0,0,0,12879.414062,345099.406084,342499.913268,2594.360342,0.000000,64,400,1.2,efSearch,100,1,0.955078,428.072388,2311.238427,3154.081000,NaN,NaN,NaN,NaN,NaN,NaN,NaN,NaN,NaN,0.007149,0.018240,0.001737,0.955078,0.042074,NaN,NaN,0,64,aggregate,20260813,results/round2/dbpedia/raw/02_diskann_fair/SAQ/dbpedia_SAQ_R64_Lbuild400.log,"DiskANN spherical quantization Impl<4>: graph build AND search use the 4-bit spherical payload (Quantized strategy, NoStore primary, per-method graph)."
02_diskann_fair,dbpedia,SAQ,done,SAQ4_symmetric,built_in_run,,L2,10,4,768.000000,,966.797119,1013760256,0,0,0,12879.414062,345099.406084,342499.913268,2594.360342,0.000000,64,400,1.2,efSearch,140,1,0.956089,332.485307,2982.050042,4158.434000,NaN,NaN,NaN,NaN,NaN,NaN,NaN,NaN,NaN,0.007150,0.018253,0.001737,0.956089,0.042035,NaN,NaN,0,64,aggregate,20260813,results/round2/dbpedia/raw/02_diskann_fair/SAQ/dbpedia_SAQ_R64_Lbuild400.log,"DiskANN spherical quantization Impl<4>: graph build AND search use the 4-bit spherical payload (Quantized strategy, NoStore primary, per-method graph)."
02_diskann_fair,dbpedia,SAQ,done,SAQ4_symmetric,built_in_run,,L2,10,4,768.000000,,966.797119,1013760256,0,0,0,12879.414062,345099.406084,342499.913268,2594.360342,0.000000,64,400,1.2,efSearch,180,1,0.956656,274.818082,3612.409052,5105.973000,NaN,NaN,NaN,NaN,NaN,NaN,NaN,NaN,NaN,0.007150,0.018253,0.001737,0.956656,0.042047,NaN,NaN,0,64,aggregate,20260813,results/round2/dbpedia/raw/02_diskann_fair/SAQ/dbpedia_SAQ_R64_Lbuild400.log,"DiskANN spherical quantization Impl<4>: graph build AND search use the 4-bit spherical payload (Quantized strategy, NoStore primary, per-method graph)."
02_diskann_fair,dbpedia,SAQ,done,SAQ4_symmetric,built_in_run,,L2,10,4,768.000000,,966.797119,1013760256,0,0,0,12879.414062,345099.406084,342499.913268,2594.360342,0.000000,64,400,1.2,efSearch,220,1,0.956978,235.452956,4220.891307,6021.796000,NaN,NaN,NaN,NaN,NaN,NaN,NaN,NaN,NaN,0.007152,0.018255,0.001738,0.956978,0.042030,NaN,NaN,0,64,aggregate,20260813,results/round2/dbpedia/raw/02_diskann_fair/SAQ/dbpedia_SAQ_R64_Lbuild400.log,"DiskANN spherical quantization Impl<4>: graph build AND search use the 4-bit spherical payload (Quantized strategy, NoStore primary, per-method graph)."
02_diskann_fair,dbpedia,SAQ,done,SAQ4_symmetric,built_in_run,,L2,10,4,768.000000,,966.797119,1013760256,0,0,0,12879.414062,345099.406084,342499.913268,2594.360342,0.000000,64,400,1.2,efSearch,260,1,0.957344,205.363941,4842.996215,6949.924000,NaN,NaN,NaN,NaN,NaN,NaN,NaN,NaN,NaN,0.007152,0.018257,0.001738,0.957344,0.042032,NaN,NaN,0,64,aggregate,20260813,results/round2/dbpedia/raw/02_diskann_fair/SAQ/dbpedia_SAQ_R64_Lbuild400.log,"DiskANN spherical quantization Impl<4>: graph build AND search use the 4-bit spherical payload (Quantized strategy, NoStore primary, per-method graph)."
02_diskann_fair,dbpedia,SAQ,done,SAQ4_symmetric,built_in_run,,L2,10,4,768.000000,,966.797119,1013760256,0,0,0,12879.414062,345099.406084,342499.913268,2594.360342,0.000000,64,400,1.2,efSearch,300,1,0.957611,183.496203,5422.460693,7806.391000,NaN,NaN,NaN,NaN,NaN,NaN,NaN,NaN,NaN,0.007152,0.018257,0.001738,0.957611,0.042025,NaN,NaN,0,64,aggregate,20260813,results/round2/dbpedia/raw/02_diskann_fair/SAQ/dbpedia_SAQ_R64_Lbuild400.log,"DiskANN spherical quantization Impl<4>: graph build AND search use the 4-bit spherical payload (Quantized strategy, NoStore primary, per-method graph)."
02_diskann_fair,dbpedia,SAQ,done,SAQ4_symmetric,built_in_run,,L2,10,4,768.000000,,966.797119,1013760256,0,0,0,12879.414062,345099.406084,342499.913268,2594.360342,0.000000,64,400,1.2,efSearch,340,1,0.957756,166.149913,5990.666118,8659.460000,NaN,NaN,NaN,NaN,NaN,NaN,NaN,NaN,NaN,0.007152,0.018257,0.001738,0.957756,0.042020,NaN,NaN,0,64,aggregate,20260813,results/round2/dbpedia/raw/02_diskann_fair/SAQ/dbpedia_SAQ_R64_Lbuild400.log,"DiskANN spherical quantization Impl<4>: graph build AND search use the 4-bit spherical payload (Quantized strategy, NoStore primary, per-method graph)."
02_diskann_fair,dbpedia,SAQ,done,SAQ4_symmetric,built_in_run,,L2,10,4,768.000000,,966.797119,1013760256,0,0,0,12879.414062,345099.406084,342499.913268,2594.360342,0.000000,64,400,1.2,efSearch,380,1,0.957833,151.696085,6566.587694,9512.798000,NaN,NaN,NaN,NaN,NaN,NaN,NaN,NaN,NaN,0.007152,0.018257,0.001738,0.957833,0.042027,NaN,NaN,0,64,aggregate,20260813,results/round2/dbpedia/raw/02_diskann_fair/SAQ/dbpedia_SAQ_R64_Lbuild400.log,"DiskANN spherical quantization Impl<4>: graph build AND search use the 4-bit spherical payload (Quantized strategy, NoStore primary, per-method graph)."
02_diskann_fair,dbpedia,SAQ,done,SAQ4_symmetric,built_in_run,,L2,10,4,768.000000,,966.797119,1013760256,0,0,0,12879.414062,345099.406084,342499.913268,2594.360342,0.000000,64,400,1.2,efSearch,420,1,0.958000,139.613534,7137.981976,10341.928000,NaN,NaN,NaN,NaN,NaN,NaN,NaN,NaN,NaN,0.007152,0.018257,0.001738,0.958000,0.042020,NaN,NaN,0,64,aggregate,20260813,results/round2/dbpedia/raw/02_diskann_fair/SAQ/dbpedia_SAQ_R64_Lbuild400.log,"DiskANN spherical quantization Impl<4>: graph build AND search use the 4-bit spherical payload (Quantized strategy, NoStore primary, per-method graph)."
02_diskann_fair,dbpedia,SAQ,done,SAQ4_symmetric,built_in_run,,L2,10,4,768.000000,,966.797119,1013760256,0,0,0,12879.414062,345099.406084,342499.913268,2594.360342,0.000000,64,400,1.2,efSearch,460,1,0.958111,130.315106,7647.888752,11108.279000,NaN,NaN,NaN,NaN,NaN,NaN,NaN,NaN,NaN,0.007153,0.018258,0.001738,0.958111,0.042015,NaN,NaN,0,64,aggregate,20260813,results/round2/dbpedia/raw/02_diskann_fair/SAQ/dbpedia_SAQ_R64_Lbuild400.log,"DiskANN spherical quantization Impl<4>: graph build AND search use the 4-bit spherical payload (Quantized strategy, NoStore primary, per-method graph)."
02_diskann_fair,dbpedia,SAQ,done,SAQ4_symmetric,built_in_run,,L2,10,4,768.000000,,966.797119,1013760256,0,0,0,12879.742188,355260.918807,352608.341703,2647.549385,0.000000,64,400,1.2,efSearch,10,1,0.894367,1376.843949,683.240801,932.599000,NaN,NaN,NaN,NaN,NaN,NaN,NaN,NaN,NaN,0.007117,0.018167,0.001738,0.894367,0.041341,NaN,NaN,0,64,aggregate,20260813,results/round2/dbpedia/raw/02_diskann_fair/SAQ/dbpedia_SAQ_R64_Lbuild400.log,"DiskANN spherical quantization Impl<4>: graph build AND search use the 4-bit spherical payload (Quantized strategy, NoStore primary, per-method graph)."
02_diskann_fair,dbpedia,SAQ,done,SAQ4_symmetric,built_in_run,,L2,10,4,768.000000,,966.797119,1013760256,0,0,0,12879.742188,355260.918807,352608.341703,2647.549385,0.000000,64,400,1.2,efSearch,11,1,0.900322,1346.362689,717.700637,968.148000,NaN,NaN,NaN,NaN,NaN,NaN,NaN,NaN,NaN,0.007119,0.018171,0.001737,0.900322,0.041494,NaN,NaN,0,64,aggregate,20260813,results/round2/dbpedia/raw/02_diskann_fair/SAQ/dbpedia_SAQ_R64_Lbuild400.log,"DiskANN spherical quantization Impl<4>: graph build AND search use the 4-bit spherical payload (Quantized strategy, NoStore primary, per-method graph)."
02_diskann_fair,dbpedia,SAQ,done,SAQ4_symmetric,built_in_run,,L2,10,4,768.000000,,966.797119,1013760256,0,0,0,12879.742188,355260.918807,352608.341703,2647.549385,0.000000,64,400,1.2,efSearch,12,1,0.905967,1278.896339,756.378768,1018.321000,NaN,NaN,NaN,NaN,NaN,NaN,NaN,NaN,NaN,0.007123,0.018179,0.001737,0.905967,0.041499,NaN,NaN,0,64,aggregate,20260813,results/round2/dbpedia/raw/02_diskann_fair/SAQ/dbpedia_SAQ_R64_Lbuild400.log,"DiskANN spherical quantization Impl<4>: graph build AND search use the 4-bit spherical payload (Quantized strategy, NoStore primary, per-method graph)."
02_diskann_fair,dbpedia,SAQ,done,SAQ4_symmetric,built_in_run,,L2,10,4,768.000000,,966.797119,1013760256,0,0,0,12879.742188,355260.918807,352608.341703,2647.549385,0.000000,64,400,1.2,efSearch,13,1,0.909778,1232.407238,786.453487,1049.308000,NaN,NaN,NaN,NaN,NaN,NaN,NaN,NaN,NaN,0.007128,0.018193,0.001738,0.909778,0.041610,NaN,NaN,0,64,aggregate,20260813,results/round2/dbpedia/raw/02_diskann_fair/SAQ/dbpedia_SAQ_R64_Lbuild400.log,"DiskANN spherical quantization Impl<4>: graph build AND search use the 4-bit spherical payload (Quantized strategy, NoStore primary, per-method graph)."
02_diskann_fair,dbpedia,SAQ,done,SAQ4_symmetric,built_in_run,,L2,10,4,768.000000,,966.797119,1013760256,0,0,0,12879.742188,355260.918807,352608.341703,2647.549385,0.000000,64,400,1.2,efSearch,14,1,0.913278,1181.217623,820.907194,1092.611000,NaN,NaN,NaN,NaN,NaN,NaN,NaN,NaN,NaN,0.007129,0.018192,0.001738,0.913278,0.041593,NaN,NaN,0,64,aggregate,20260813,results/round2/dbpedia/raw/02_diskann_fair/SAQ/dbpedia_SAQ_R64_Lbuild400.log,"DiskANN spherical quantization Impl<4>: graph build AND search use the 4-bit spherical payload (Quantized strategy, NoStore primary, per-method graph)."
02_diskann_fair,dbpedia,SAQ,done,SAQ4_symmetric,built_in_run,,L2,10,4,768.000000,,966.797119,1013760256,0,0,0,12879.742188,355260.918807,352608.341703,2647.549385,0.000000,64,400,1.2,efSearch,15,1,0.916656,1139.816067,852.293782,1130.737000,NaN,NaN,NaN,NaN,NaN,NaN,NaN,NaN,NaN,0.007127,0.018194,0.001737,0.916656,0.041600,NaN,NaN,0,64,aggregate,20260813,results/round2/dbpedia/raw/02_diskann_fair/SAQ/dbpedia_SAQ_R64_Lbuild400.log,"DiskANN spherical quantization Impl<4>: graph build AND search use the 4-bit spherical payload (Quantized strategy, NoStore primary, per-method graph)."
02_diskann_fair,dbpedia,SAQ,done,SAQ4_symmetric,built_in_run,,L2,10,4,768.000000,,966.797119,1013760256,0,0,0,12879.742188,355260.918807,352608.341703,2647.549385,0.000000,64,400,1.2,efSearch,16,1,0.919911,1101.222143,882.734877,1163.278000,NaN,NaN,NaN,NaN,NaN,NaN,NaN,NaN,NaN,0.007130,0.018196,0.001737,0.919911,0.041598,NaN,NaN,0,64,aggregate,20260813,results/round2/dbpedia/raw/02_diskann_fair/SAQ/dbpedia_SAQ_R64_Lbuild400.log,"DiskANN spherical quantization Impl<4>: graph build AND search use the 4-bit spherical payload (Quantized strategy, NoStore primary, per-method graph)."
02_diskann_fair,dbpedia,SAQ,done,SAQ4_symmetric,built_in_run,,L2,10,4,768.000000,,966.797119,1013760256,0,0,0,12879.742188,355260.918807,352608.341703,2647.549385,0.000000,64,400,1.2,efSearch,17,1,0.922567,1067.463716,911.718414,1198.569000,NaN,NaN,NaN,NaN,NaN,NaN,NaN,NaN,NaN,0.007132,0.018199,0.001737,0.922567,0.041617,NaN,NaN,0,64,aggregate,20260813,results/round2/dbpedia/raw/02_diskann_fair/SAQ/dbpedia_SAQ_R64_Lbuild400.log,"DiskANN spherical quantization Impl<4>: graph build AND search use the 4-bit spherical payload (Quantized strategy, NoStore primary, per-method graph)."
02_diskann_fair,dbpedia,SAQ,done,SAQ4_symmetric,built_in_run,,L2,10,4,768.000000,,966.797119,1013760256,0,0,0,12879.742188,355260.918807,352608.341703,2647.549385,0.000000,64,400,1.2,efSearch,18,1,0.925089,1033.201621,942.891378,1231.843000,NaN,NaN,NaN,NaN,NaN,NaN,NaN,NaN,NaN,0.007133,0.018202,0.001737,0.925089,0.041696,NaN,NaN,0,64,aggregate,20260813,results/round2/dbpedia/raw/02_diskann_fair/SAQ/dbpedia_SAQ_R64_Lbuild400.log,"DiskANN spherical quantization Impl<4>: graph build AND search use the 4-bit spherical payload (Quantized strategy, NoStore primary, per-method graph)."
02_diskann_fair,dbpedia,SAQ,done,SAQ4_symmetric,built_in_run,,L2,10,4,768.000000,,966.797119,1013760256,0,0,0,12879.742188,355260.918807,352608.341703,2647.549385,0.000000,64,400,1.2,efSearch,19,1,0.927000,1002.990628,971.751840,1268.671000,NaN,NaN,NaN,NaN,NaN,NaN,NaN,NaN,NaN,0.007135,0.018208,0.001738,0.927000,0.041699,NaN,NaN,0,64,aggregate,20260813,results/round2/dbpedia/raw/02_diskann_fair/SAQ/dbpedia_SAQ_R64_Lbuild400.log,"DiskANN spherical quantization Impl<4>: graph build AND search use the 4-bit spherical payload (Quantized strategy, NoStore primary, per-method graph)."
02_diskann_fair,dbpedia,SAQ,done,SAQ4_symmetric,built_in_run,,L2,10,4,768.000000,,966.797119,1013760256,0,0,0,12879.742188,355260.918807,352608.341703,2647.549385,0.000000,64,400,1.2,efSearch,20,1,0.928678,974.682390,1000.964266,1301.891000,NaN,NaN,NaN,NaN,NaN,NaN,NaN,NaN,NaN,0.007136,0.018209,0.001738,0.928678,0.041733,NaN,NaN,0,64,aggregate,20260813,results/round2/dbpedia/raw/02_diskann_fair/SAQ/dbpedia_SAQ_R64_Lbuild400.log,"DiskANN spherical quantization Impl<4>: graph build AND search use the 4-bit spherical payload (Quantized strategy, NoStore primary, per-method graph)."
02_diskann_fair,dbpedia,SAQ,done,SAQ4_symmetric,built_in_run,,L2,10,4,768.000000,,966.797119,1013760256,0,0,0,12879.742188,355260.918807,352608.341703,2647.549385,0.000000,64,400,1.2,efSearch,21,1,0.930367,946.410376,1030.837475,1339.409000,NaN,NaN,NaN,NaN,NaN,NaN,NaN,NaN,NaN,0.007138,0.018216,0.001738,0.930367,0.041795,NaN,NaN,0,64,aggregate,20260813,results/round2/dbpedia/raw/02_diskann_fair/SAQ/dbpedia_SAQ_R64_Lbuild400.log,"DiskANN spherical quantization Impl<4>: graph build AND search use the 4-bit spherical payload (Quantized strategy, NoStore primary, per-method graph)."
02_diskann_fair,dbpedia,SAQ,done,SAQ4_symmetric,built_in_run,,L2,10,4,768.000000,,966.797119,1013760256,0,0,0,12879.742188,355260.918807,352608.341703,2647.549385,0.000000,64,400,1.2,efSearch,22,1,0.932044,920.137119,1061.723400,1373.908000,NaN,NaN,NaN,NaN,NaN,NaN,NaN,NaN,NaN,0.007138,0.018216,0.001738,0.932044,0.041854,NaN,NaN,0,64,aggregate,20260813,results/round2/dbpedia/raw/02_diskann_fair/SAQ/dbpedia_SAQ_R64_Lbuild400.log,"DiskANN spherical quantization Impl<4>: graph build AND search use the 4-bit spherical payload (Quantized strategy, NoStore primary, per-method graph)."
02_diskann_fair,dbpedia,SAQ,done,SAQ4_symmetric,built_in_run,,L2,10,4,768.000000,,966.797119,1013760256,0,0,0,12879.742188,355260.918807,352608.341703,2647.549385,0.000000,64,400,1.2,efSearch,23,1,0.933411,899.196590,1086.735406,1408.238000,NaN,NaN,NaN,NaN,NaN,NaN,NaN,NaN,NaN,0.007140,0.018220,0.001738,0.933411,0.041859,NaN,NaN,0,64,aggregate,20260813,results/round2/dbpedia/raw/02_diskann_fair/SAQ/dbpedia_SAQ_R64_Lbuild400.log,"DiskANN spherical quantization Impl<4>: graph build AND search use the 4-bit spherical payload (Quantized strategy, NoStore primary, per-method graph)."
02_diskann_fair,dbpedia,SAQ,done,SAQ4_symmetric,built_in_run,,L2,10,4,768.000000,,966.797119,1013760256,0,0,0,12879.742188,355260.918807,352608.341703,2647.549385,0.000000,64,400,1.2,efSearch,24,1,0.934933,877.840666,1113.391130,1439.343000,NaN,NaN,NaN,NaN,NaN,NaN,NaN,NaN,NaN,0.007141,0.018226,0.001738,0.934933,0.041854,NaN,NaN,0,64,aggregate,20260813,results/round2/dbpedia/raw/02_diskann_fair/SAQ/dbpedia_SAQ_R64_Lbuild400.log,"DiskANN spherical quantization Impl<4>: graph build AND search use the 4-bit spherical payload (Quantized strategy, NoStore primary, per-method graph)."
02_diskann_fair,dbpedia,SAQ,done,SAQ4_symmetric,built_in_run,,L2,10,4,768.000000,,966.797119,1013760256,0,0,0,12879.742188,355260.918807,352608.341703,2647.549385,0.000000,64,400,1.2,efSearch,25,1,0.935978,856.281559,1141.636634,1472.260000,NaN,NaN,NaN,NaN,NaN,NaN,NaN,NaN,NaN,0.007142,0.018226,0.001738,0.935978,0.041864,NaN,NaN,0,64,aggregate,20260813,results/round2/dbpedia/raw/02_diskann_fair/SAQ/dbpedia_SAQ_R64_Lbuild400.log,"DiskANN spherical quantization Impl<4>: graph build AND search use the 4-bit spherical payload (Quantized strategy, NoStore primary, per-method graph)."
02_diskann_fair,dbpedia,SAQ,done,SAQ4_symmetric,built_in_run,,L2,10,4,768.000000,,966.797119,1013760256,0,0,0,12879.742188,355260.918807,352608.341703,2647.549385,0.000000,64,400,1.2,efSearch,26,1,0.937067,834.854947,1168.632714,1509.383000,NaN,NaN,NaN,NaN,NaN,NaN,NaN,NaN,NaN,0.007142,0.018220,0.001738,0.937067,0.041817,NaN,NaN,0,64,aggregate,20260813,results/round2/dbpedia/raw/02_diskann_fair/SAQ/dbpedia_SAQ_R64_Lbuild400.log,"DiskANN spherical quantization Impl<4>: graph build AND search use the 4-bit spherical payload (Quantized strategy, NoStore primary, per-method graph)."
02_diskann_fair,dbpedia,SAQ,done,SAQ4_symmetric,built_in_run,,L2,10,4,768.000000,,966.797119,1013760256,0,0,0,12879.742188,355260.918807,352608.341703,2647.549385,0.000000,64,400,1.2,efSearch,27,1,0.938167,816.757771,1197.648477,1553.847000,NaN,NaN,NaN,NaN,NaN,NaN,NaN,NaN,NaN,0.007143,0.018218,0.001738,0.938167,0.041807,NaN,NaN,0,64,aggregate,20260813,results/round2/dbpedia/raw/02_diskann_fair/SAQ/dbpedia_SAQ_R64_Lbuild400.log,"DiskANN spherical quantization Impl<4>: graph build AND search use the 4-bit spherical payload (Quantized strategy, NoStore primary, per-method graph)."
02_diskann_fair,dbpedia,SAQ,done,SAQ4_symmetric,built_in_run,,L2,10,4,768.000000,,966.797119,1013760256,0,0,0,12879.742188,355260.918807,352608.341703,2647.549385,0.000000,64,400,1.2,efSearch,28,1,0.939078,801.605785,1222.839170,1584.008000,NaN,NaN,NaN,NaN,NaN,NaN,NaN,NaN,NaN,0.007142,0.018224,0.001738,0.939078,0.041778,NaN,NaN,0,64,aggregate,20260813,results/round2/dbpedia/raw/02_diskann_fair/SAQ/dbpedia_SAQ_R64_Lbuild400.log,"DiskANN spherical quantization Impl<4>: graph build AND search use the 4-bit spherical payload (Quantized strategy, NoStore primary, per-method graph)."
02_diskann_fair,dbpedia,SAQ,done,SAQ4_symmetric,built_in_run,,L2,10,4,768.000000,,966.797119,1013760256,0,0,0,12879.742188,355260.918807,352608.341703,2647.549385,0.000000,64,400,1.2,efSearch,29,1,0.939944,782.281698,1252.875475,1622.711000,NaN,NaN,NaN,NaN,NaN,NaN,NaN,NaN,NaN,0.007143,0.018226,0.001738,0.939944,0.041827,NaN,NaN,0,64,aggregate,20260813,results/round2/dbpedia/raw/02_diskann_fair/SAQ/dbpedia_SAQ_R64_Lbuild400.log,"DiskANN spherical quantization Impl<4>: graph build AND search use the 4-bit spherical payload (Quantized strategy, NoStore primary, per-method graph)."
02_diskann_fair,dbpedia,SAQ,done,SAQ4_symmetric,built_in_run,,L2,10,4,768.000000,,966.797119,1013760256,0,0,0,12879.742188,355260.918807,352608.341703,2647.549385,0.000000,64,400,1.2,efSearch,30,1,0.940622,756.619197,1297.674469,1683.429000,NaN,NaN,NaN,NaN,NaN,NaN,NaN,NaN,NaN,0.007143,0.018224,0.001737,0.940622,0.041805,NaN,NaN,0,64,aggregate,20260813,results/round2/dbpedia/raw/02_diskann_fair/SAQ/dbpedia_SAQ_R64_Lbuild400.log,"DiskANN spherical quantization Impl<4>: graph build AND search use the 4-bit spherical payload (Quantized strategy, NoStore primary, per-method graph)."
02_diskann_fair,dbpedia,SAQ,done,SAQ4_symmetric,built_in_run,,L2,10,4,768.000000,,966.797119,1013760256,0,0,0,12879.742188,355260.918807,352608.341703,2647.549385,0.000000,64,400,1.2,efSearch,40,1,0.946344,605.720726,1626.985705,2135.495000,NaN,NaN,NaN,NaN,NaN,NaN,NaN,NaN,NaN,0.007141,0.018224,0.001736,0.946344,0.041867,NaN,NaN,0,64,aggregate,20260813,results/round2/dbpedia/raw/02_diskann_fair/SAQ/dbpedia_SAQ_R64_Lbuild400.log,"DiskANN spherical quantization Impl<4>: graph build AND search use the 4-bit spherical payload (Quantized strategy, NoStore primary, per-method graph)."
02_diskann_fair,dbpedia,SAQ,done,SAQ4_symmetric,built_in_run,,L2,10,4,768.000000,,966.797119,1013760256,0,0,0,12879.742188,355260.918807,352608.341703,2647.549385,0.000000,64,400,1.2,efSearch,50,1,0.949422,511.031182,1932.194489,2553.007000,NaN,NaN,NaN,NaN,NaN,NaN,NaN,NaN,NaN,0.007143,0.018224,0.001736,0.949422,0.041844,NaN,NaN,0,64,aggregate,20260813,results/round2/dbpedia/raw/02_diskann_fair/SAQ/dbpedia_SAQ_R64_Lbuild400.log,"DiskANN spherical quantization Impl<4>: graph build AND search use the 4-bit spherical payload (Quantized strategy, NoStore primary, per-method graph)."
02_diskann_fair,dbpedia,SAQ,done,SAQ4_symmetric,built_in_run,,L2,10,4,768.000000,,966.797119,1013760256,0,0,0,12879.742188,355260.918807,352608.341703,2647.549385,0.000000,64,400,1.2,efSearch,60,1,0.951733,452.215837,2187.276252,2912.532000,NaN,NaN,NaN,NaN,NaN,NaN,NaN,NaN,NaN,0.007146,0.018234,0.001737,0.951733,0.041980,NaN,NaN,0,64,aggregate,20260813,results/round2/dbpedia/raw/02_diskann_fair/SAQ/dbpedia_SAQ_R64_Lbuild400.log,"DiskANN spherical quantization Impl<4>: graph build AND search use the 4-bit spherical payload (Quantized strategy, NoStore primary, per-method graph)."
02_diskann_fair,dbpedia,SAQ,done,SAQ4_symmetric,built_in_run,,L2,10,4,768.000000,,966.797119,1013760256,0,0,0,12879.742188,355260.918807,352608.341703,2647.549385,0.000000,64,400,1.2,efSearch,70,1,0.952744,406.370455,2435.216295,3277.131000,NaN,NaN,NaN,NaN,NaN,NaN,NaN,NaN,NaN,0.007147,0.018237,0.001737,0.952744,0.042022,NaN,NaN,0,64,aggregate,20260813,results/round2/dbpedia/raw/02_diskann_fair/SAQ/dbpedia_SAQ_R64_Lbuild400.log,"DiskANN spherical quantization Impl<4>: graph build AND search use the 4-bit spherical payload (Quantized strategy, NoStore primary, per-method graph)."
02_diskann_fair,dbpedia,SAQ,done,SAQ4_symmetric,built_in_run,,L2,10,4,768.000000,,966.797119,1013760256,0,0,0,12879.742188,355260.918807,352608.341703,2647.549385,0.000000,64,400,1.2,efSearch,80,1,0.953733,369.460954,2681.826281,3642.875000,NaN,NaN,NaN,NaN,NaN,NaN,NaN,NaN,NaN,0.007147,0.018237,0.001737,0.953733,0.041995,NaN,NaN,0,64,aggregate,20260813,results/round2/dbpedia/raw/02_diskann_fair/SAQ/dbpedia_SAQ_R64_Lbuild400.log,"DiskANN spherical quantization Impl<4>: graph build AND search use the 4-bit spherical payload (Quantized strategy, NoStore primary, per-method graph)."
02_diskann_fair,dbpedia,SAQ,done,SAQ4_symmetric,built_in_run,,L2,10,4,768.000000,,966.797119,1013760256,0,0,0,12879.742188,355260.918807,352608.341703,2647.549385,0.000000,64,400,1.2,efSearch,90,1,0.954478,338.844799,2925.521684,3996.558000,NaN,NaN,NaN,NaN,NaN,NaN,NaN,NaN,NaN,0.007148,0.018237,0.001737,0.954478,0.042025,NaN,NaN,0,64,aggregate,20260813,results/round2/dbpedia/raw/02_diskann_fair/SAQ/dbpedia_SAQ_R64_Lbuild400.log,"DiskANN spherical quantization Impl<4>: graph build AND search use the 4-bit spherical payload (Quantized strategy, NoStore primary, per-method graph)."
02_diskann_fair,dbpedia,SAQ,done,SAQ4_symmetric,built_in_run,,L2,10,4,768.000000,,966.797119,1013760256,0,0,0,12879.742188,355260.918807,352608.341703,2647.549385,0.000000,64,400,1.2,efSearch,100,1,0.955078,312.584901,3173.461384,4369.985000,NaN,NaN,NaN,NaN,NaN,NaN,NaN,NaN,NaN,0.007149,0.018240,0.001737,0.955078,0.042074,NaN,NaN,0,64,aggregate,20260813,results/round2/dbpedia/raw/02_diskann_fair/SAQ/dbpedia_SAQ_R64_Lbuild400.log,"DiskANN spherical quantization Impl<4>: graph build AND search use the 4-bit spherical payload (Quantized strategy, NoStore primary, per-method graph)."
02_diskann_fair,dbpedia,SAQ,done,SAQ4_symmetric,built_in_run,,L2,10,4,768.000000,,966.797119,1013760256,0,0,0,12879.742188,355260.918807,352608.341703,2647.549385,0.000000,64,400,1.2,efSearch,140,1,0.956089,242.459230,4098.440132,5758.261000,NaN,NaN,NaN,NaN,NaN,NaN,NaN,NaN,NaN,0.007150,0.018253,0.001737,0.956089,0.042035,NaN,NaN,0,64,aggregate,20260813,results/round2/dbpedia/raw/02_diskann_fair/SAQ/dbpedia_SAQ_R64_Lbuild400.log,"DiskANN spherical quantization Impl<4>: graph build AND search use the 4-bit spherical payload (Quantized strategy, NoStore primary, per-method graph)."
02_diskann_fair,dbpedia,SAQ,done,SAQ4_symmetric,built_in_run,,L2,10,4,768.000000,,966.797119,1013760256,0,0,0,12879.742188,355260.918807,352608.341703,2647.549385,0.000000,64,400,1.2,efSearch,180,1,0.956656,216.402689,4585.801157,6578.186000,NaN,NaN,NaN,NaN,NaN,NaN,NaN,NaN,NaN,0.007150,0.018253,0.001737,0.956656,0.042047,NaN,NaN,0,64,aggregate,20260813,results/round2/dbpedia/raw/02_diskann_fair/SAQ/dbpedia_SAQ_R64_Lbuild400.log,"DiskANN spherical quantization Impl<4>: graph build AND search use the 4-bit spherical payload (Quantized strategy, NoStore primary, per-method graph)."
02_diskann_fair,dbpedia,SAQ,done,SAQ4_symmetric,built_in_run,,L2,10,4,768.000000,,966.797119,1013760256,0,0,0,12879.742188,355260.918807,352608.341703,2647.549385,0.000000,64,400,1.2,efSearch,220,1,0.956978,207.711320,4784.954521,7362.100000,NaN,NaN,NaN,NaN,NaN,NaN,NaN,NaN,NaN,0.007152,0.018255,0.001738,0.956978,0.042030,NaN,NaN,0,64,aggregate,20260813,results/round2/dbpedia/raw/02_diskann_fair/SAQ/dbpedia_SAQ_R64_Lbuild400.log,"DiskANN spherical quantization Impl<4>: graph build AND search use the 4-bit spherical payload (Quantized strategy, NoStore primary, per-method graph)."
02_diskann_fair,dbpedia,SAQ,done,SAQ4_symmetric,built_in_run,,L2,10,4,768.000000,,966.797119,1013760256,0,0,0,12879.742188,355260.918807,352608.341703,2647.549385,0.000000,64,400,1.2,efSearch,260,1,0.957344,202.640217,4903.116096,7048.578000,NaN,NaN,NaN,NaN,NaN,NaN,NaN,NaN,NaN,0.007152,0.018257,0.001738,0.957344,0.042032,NaN,NaN,0,64,aggregate,20260813,results/round2/dbpedia/raw/02_diskann_fair/SAQ/dbpedia_SAQ_R64_Lbuild400.log,"DiskANN spherical quantization Impl<4>: graph build AND search use the 4-bit spherical payload (Quantized strategy, NoStore primary, per-method graph)."
02_diskann_fair,dbpedia,SAQ,done,SAQ4_symmetric,built_in_run,,L2,10,4,768.000000,,966.797119,1013760256,0,0,0,12879.742188,355260.918807,352608.341703,2647.549385,0.000000,64,400,1.2,efSearch,300,1,0.957611,180.852578,5497.052228,7929.211000,NaN,NaN,NaN,NaN,NaN,NaN,NaN,NaN,NaN,0.007152,0.018257,0.001738,0.957611,0.042025,NaN,NaN,0,64,aggregate,20260813,results/round2/dbpedia/raw/02_diskann_fair/SAQ/dbpedia_SAQ_R64_Lbuild400.log,"DiskANN spherical quantization Impl<4>: graph build AND search use the 4-bit spherical payload (Quantized strategy, NoStore primary, per-method graph)."
02_diskann_fair,dbpedia,SAQ,done,SAQ4_symmetric,built_in_run,,L2,10,4,768.000000,,966.797119,1013760256,0,0,0,12879.742188,355260.918807,352608.341703,2647.549385,0.000000,64,400,1.2,efSearch,340,1,0.957756,163.278051,6098.373548,8834.140000,NaN,NaN,NaN,NaN,NaN,NaN,NaN,NaN,NaN,0.007152,0.018257,0.001738,0.957756,0.042020,NaN,NaN,0,64,aggregate,20260813,results/round2/dbpedia/raw/02_diskann_fair/SAQ/dbpedia_SAQ_R64_Lbuild400.log,"DiskANN spherical quantization Impl<4>: graph build AND search use the 4-bit spherical payload (Quantized strategy, NoStore primary, per-method graph)."
02_diskann_fair,dbpedia,SAQ,done,SAQ4_symmetric,built_in_run,,L2,10,4,768.000000,,966.797119,1013760256,0,0,0,12879.742188,355260.918807,352608.341703,2647.549385,0.000000,64,400,1.2,efSearch,380,1,0.957833,150.414408,6619.009236,9584.940000,NaN,NaN,NaN,NaN,NaN,NaN,NaN,NaN,NaN,0.007152,0.018257,0.001738,0.957833,0.042027,NaN,NaN,0,64,aggregate,20260813,results/round2/dbpedia/raw/02_diskann_fair/SAQ/dbpedia_SAQ_R64_Lbuild400.log,"DiskANN spherical quantization Impl<4>: graph build AND search use the 4-bit spherical payload (Quantized strategy, NoStore primary, per-method graph)."
02_diskann_fair,dbpedia,SAQ,done,SAQ4_symmetric,built_in_run,,L2,10,4,768.000000,,966.797119,1013760256,0,0,0,12879.742188,355260.918807,352608.341703,2647.549385,0.000000,64,400,1.2,efSearch,420,1,0.958000,138.401896,7195.455561,10435.700000,NaN,NaN,NaN,NaN,NaN,NaN,NaN,NaN,NaN,0.007152,0.018257,0.001738,0.958000,0.042020,NaN,NaN,0,64,aggregate,20260813,results/round2/dbpedia/raw/02_diskann_fair/SAQ/dbpedia_SAQ_R64_Lbuild400.log,"DiskANN spherical quantization Impl<4>: graph build AND search use the 4-bit spherical payload (Quantized strategy, NoStore primary, per-method graph)."
02_diskann_fair,dbpedia,SAQ,done,SAQ4_symmetric,built_in_run,,L2,10,4,768.000000,,966.797119,1013760256,0,0,0,12879.742188,355260.918807,352608.341703,2647.549385,0.000000,64,400,1.2,efSearch,460,1,0.958111,98.069054,10151.801838,17105.970000,NaN,NaN,NaN,NaN,NaN,NaN,NaN,NaN,NaN,0.007153,0.018258,0.001738,0.958111,0.042015,NaN,NaN,0,64,aggregate,20260813,results/round2/dbpedia/raw/02_diskann_fair/SAQ/dbpedia_SAQ_R64_Lbuild400.log,"DiskANN spherical quantization Impl<4>: graph build AND search use the 4-bit spherical payload (Quantized strategy, NoStore primary, per-method graph)."
02_diskann_fair,dbpedia,Ours,done,ExRaBitQ4_symmetric,built_in_run,,L2,10,4,2329.000000,,2702.018055,1558138996,12288,1275120000,0,11168.480469,223686.223118,210075.807148,83.518115,13603.244071,64,400,1.2,efSearch,10,1,0.879133,1380.159857,676.973992,1200.926000,24.334477,579.721348,71.303613,0.000000,0.000000,210.994563,256.842216,867.613889,188.199556,0.000446,0.001176,0.000107,0.879133,0.003049,NaN,NaN,0,64,aggregate,20260813,/home/kai3/coco/quantization_graph/results/02_diskann_fair/dbpedia/logs/Ours/dbpedia_Ours_R64_Lbuild400.log,"Ours ExRaBitQ4 block16 provider. Graph build and search run through DiskANN3 in-memory provider/prune storage. Encode, ExRaBitQ4 symmetric build distance, paper-prune active Float32-to-ExRaBitQ4 query traversal, and residual4 block16 mse/fp16 rerank call the existing RaBitQSpace kernels through a native bridge. Graph construction uses ExRaBitQ4 symmetric distance on 4-bit payloads; the index stores no fp32 base vectors (fp32_base_bytes=0), unlike fp32-graph baselines."
02_diskann_fair,dbpedia,Ours,done,ExRaBitQ4_symmetric,built_in_run,,L2,10,4,2329.000000,,2702.018055,1558138996,12288,1275120000,0,11168.480469,223686.223118,210075.807148,83.518115,13603.244071,64,400,1.2,efSearch,11,1,0.899333,1789.446765,534.002144,702.398000,22.635067,475.460371,34.421259,0.000000,0.000000,218.145472,143.848995,904.630667,200.323556,0.000447,0.001178,0.000107,0.899333,0.003168,NaN,NaN,0,64,aggregate,20260813,/home/kai3/coco/quantization_graph/results/02_diskann_fair/dbpedia/logs/Ours/dbpedia_Ours_R64_Lbuild400.log,"Ours ExRaBitQ4 block16 provider. Graph build and search run through DiskANN3 in-memory provider/prune storage. Encode, ExRaBitQ4 symmetric build distance, paper-prune active Float32-to-ExRaBitQ4 query traversal, and residual4 block16 mse/fp16 rerank call the existing RaBitQSpace kernels through a native bridge. Graph construction uses ExRaBitQ4 symmetric distance on 4-bit payloads; the index stores no fp32 base vectors (fp32_base_bytes=0), unlike fp32-graph baselines."
02_diskann_fair,dbpedia,Ours,done,ExRaBitQ4_symmetric,built_in_run,,L2,10,4,2329.000000,,2702.018055,1558138996,12288,1275120000,0,11168.480469,223686.223118,210075.807148,83.518115,13603.244071,64,400,1.2,efSearch,12,1,0.909867,1701.764795,563.165685,748.436000,22.677884,502.097286,36.934320,0.000000,0.000000,233.657820,154.465583,940.706889,211.857667,0.000447,0.001179,0.000107,0.909867,0.003227,NaN,NaN,0,64,aggregate,20260813,/home/kai3/coco/quantization_graph/results/02_diskann_fair/dbpedia/logs/Ours/dbpedia_Ours_R64_Lbuild400.log,"Ours ExRaBitQ4 block16 provider. Graph build and search run through DiskANN3 in-memory provider/prune storage. Encode, ExRaBitQ4 symmetric build distance, paper-prune active Float32-to-ExRaBitQ4 query traversal, and residual4 block16 mse/fp16 rerank call the existing RaBitQSpace kernels through a native bridge. Graph construction uses ExRaBitQ4 symmetric distance on 4-bit payloads; the index stores no fp32 base vectors (fp32_base_bytes=0), unlike fp32-graph baselines."
02_diskann_fair,dbpedia,Ours,done,ExRaBitQ4_symmetric,built_in_run,,L2,10,4,2329.000000,,2702.018055,1558138996,12288,1275120000,0,11168.480469,223686.223118,210075.807148,83.518115,13603.244071,64,400,1.2,efSearch,13,1,0.917367,1727.846894,554.437239,723.023000,22.698103,490.468661,39.784277,0.000000,0.000000,235.646147,153.314840,975.982111,222.957222,0.000448,0.001179,0.000107,0.917367,0.003235,NaN,NaN,0,64,aggregate,20260813,/home/kai3/coco/quantization_graph/results/02_diskann_fair/dbpedia/logs/Ours/dbpedia_Ours_R64_Lbuild400.log,"Ours ExRaBitQ4 block16 provider. Graph build and search run through DiskANN3 in-memory provider/prune storage. Encode, ExRaBitQ4 symmetric build distance, paper-prune active Float32-to-ExRaBitQ4 query traversal, and residual4 block16 mse/fp16 rerank call the existing RaBitQSpace kernels through a native bridge. Graph construction uses ExRaBitQ4 symmetric distance on 4-bit payloads; the index stores no fp32 base vectors (fp32_base_bytes=0), unlike fp32-graph baselines."
02_diskann_fair,dbpedia,Ours,done,ExRaBitQ4_symmetric,built_in_run,,L2,10,4,2329.000000,,2702.018055,1558138996,12288,1275120000,0,11168.480469,223686.223118,210075.807148,83.518115,13603.244071,64,400,1.2,efSearch,14,1,0.922567,1674.877445,572.843086,745.276000,22.700932,504.743048,43.921561,0.000000,0.000000,243.920079,157.791170,1009.720444,233.616667,0.000448,0.001179,0.000107,0.922567,0.003242,NaN,NaN,0,64,aggregate,20260813,/home/kai3/coco/quantization_graph/results/02_diskann_fair/dbpedia/logs/Ours/dbpedia_Ours_R64_Lbuild400.log,"Ours ExRaBitQ4 block16 provider. Graph build and search run through DiskANN3 in-memory provider/prune storage. Encode, ExRaBitQ4 symmetric build distance, paper-prune active Float32-to-ExRaBitQ4 query traversal, and residual4 block16 mse/fp16 rerank call the existing RaBitQSpace kernels through a native bridge. Graph construction uses ExRaBitQ4 symmetric distance on 4-bit payloads; the index stores no fp32 base vectors (fp32_base_bytes=0), unlike fp32-graph baselines."
02_diskann_fair,dbpedia,Ours,done,ExRaBitQ4_symmetric,built_in_run,,L2,10,4,2329.000000,,2702.018055,1558138996,12288,1275120000,0,11168.480469,223686.223118,210075.807148,83.518115,13603.244071,64,400,1.2,efSearch,15,1,0.927300,1615.275532,594.878018,771.889000,22.741550,522.803892,47.812468,0.000000,0.000000,252.979178,163.551521,1043.948222,243.988889,0.000448,0.001179,0.000107,0.927300,0.003230,NaN,NaN,0,64,aggregate,20260813,/home/kai3/coco/quantization_graph/results/02_diskann_fair/dbpedia/logs/Ours/dbpedia_Ours_R64_Lbuild400.log,"Ours ExRaBitQ4 block16 provider. Graph build and search run through DiskANN3 in-memory provider/prune storage. Encode, ExRaBitQ4 symmetric build distance, paper-prune active Float32-to-ExRaBitQ4 query traversal, and residual4 block16 mse/fp16 rerank call the existing RaBitQSpace kernels through a native bridge. Graph construction uses ExRaBitQ4 symmetric distance on 4-bit payloads; the index stores no fp32 base vectors (fp32_base_bytes=0), unlike fp32-graph baselines."
02_diskann_fair,dbpedia,Ours,done,ExRaBitQ4_symmetric,built_in_run,,L2,10,4,2329.000000,,2702.018055,1558138996,12288,1275120000,0,11168.480469,223686.223118,210075.807148,83.518115,13603.244071,64,400,1.2,efSearch,16,1,0.931978,1569.141612,613.072490,790.636000,22.768239,538.665054,50.117647,0.000000,0.000000,261.671673,168.495908,1078.389333,254.107222,0.000448,0.001180,0.000107,0.931978,0.003217,NaN,NaN,0,64,aggregate,20260813,/home/kai3/coco/quantization_graph/results/02_diskann_fair/dbpedia/logs/Ours/dbpedia_Ours_R64_Lbuild400.log,"Ours ExRaBitQ4 block16 provider. Graph build and search run through DiskANN3 in-memory provider/prune storage. Encode, ExRaBitQ4 symmetric build distance, paper-prune active Float32-to-ExRaBitQ4 query traversal, and residual4 block16 mse/fp16 rerank call the existing RaBitQSpace kernels through a native bridge. Graph construction uses ExRaBitQ4 symmetric distance on 4-bit payloads; the index stores no fp32 base vectors (fp32_base_bytes=0), unlike fp32-graph baselines."
02_diskann_fair,dbpedia,Ours,done,ExRaBitQ4_symmetric,built_in_run,,L2,10,4,2329.000000,,2702.018055,1558138996,12288,1275120000,0,11168.480469,223686.223118,210075.807148,83.518115,13603.244071,64,400,1.2,efSearch,17,1,0.935778,1517.840689,634.632982,817.208000,23.041725,557.128062,52.908500,0.000000,0.000000,270.412726,173.928408,1112.420444,263.864556,0.000448,0.001180,0.000107,0.935778,0.003227,NaN,NaN,0,64,aggregate,20260813,/home/kai3/coco/quantization_graph/results/02_diskann_fair/dbpedia/logs/Ours/dbpedia_Ours_R64_Lbuild400.log,"Ours ExRaBitQ4 block16 provider. Graph build and search run through DiskANN3 in-memory provider/prune storage. Encode, ExRaBitQ4 symmetric build distance, paper-prune active Float32-to-ExRaBitQ4 query traversal, and residual4 block16 mse/fp16 rerank call the existing RaBitQSpace kernels through a native bridge. Graph construction uses ExRaBitQ4 symmetric distance on 4-bit payloads; the index stores no fp32 base vectors (fp32_base_bytes=0), unlike fp32-graph baselines."
02_diskann_fair,dbpedia,Ours,done,ExRaBitQ4_symmetric,built_in_run,,L2,10,4,2329.000000,,2702.018055,1558138996,12288,1275120000,0,11168.480469,223686.223118,210075.807148,83.518115,13603.244071,64,400,1.2,efSearch,18,1,0.938578,1471.248367,655.569243,842.309000,22.753023,575.677726,55.568675,0.000000,0.000000,280.214465,179.720041,1145.178222,273.245556,0.000448,0.001180,0.000107,0.938578,0.003230,NaN,NaN,0,64,aggregate,20260813,/home/kai3/coco/quantization_graph/results/02_diskann_fair/dbpedia/logs/Ours/dbpedia_Ours_R64_Lbuild400.log,"Ours ExRaBitQ4 block16 provider. Graph build and search run through DiskANN3 in-memory provider/prune storage. Encode, ExRaBitQ4 symmetric build distance, paper-prune active Float32-to-ExRaBitQ4 query traversal, and residual4 block16 mse/fp16 rerank call the existing RaBitQSpace kernels through a native bridge. Graph construction uses ExRaBitQ4 symmetric distance on 4-bit payloads; the index stores no fp32 base vectors (fp32_base_bytes=0), unlike fp32-graph baselines."
02_diskann_fair,dbpedia,Ours,done,ExRaBitQ4_symmetric,built_in_run,,L2,10,4,2329.000000,,2702.018055,1558138996,12288,1275120000,0,11168.480469,223686.223118,210075.807148,83.518115,13603.244071,64,400,1.2,efSearch,19,1,0.941867,1408.844931,685.635532,883.436000,22.817321,605.506395,55.727254,0.000000,0.000000,287.924496,193.372900,1178.726889,282.471778,0.000448,0.001180,0.000107,0.941867,0.003217,NaN,NaN,0,64,aggregate,20260813,/home/kai3/coco/quantization_graph/results/02_diskann_fair/dbpedia/logs/Ours/dbpedia_Ours_R64_Lbuild400.log,"Ours ExRaBitQ4 block16 provider. Graph build and search run through DiskANN3 in-memory provider/prune storage. Encode, ExRaBitQ4 symmetric build distance, paper-prune active Float32-to-ExRaBitQ4 query traversal, and residual4 block16 mse/fp16 rerank call the existing RaBitQSpace kernels through a native bridge. Graph construction uses ExRaBitQ4 symmetric distance on 4-bit payloads; the index stores no fp32 base vectors (fp32_base_bytes=0), unlike fp32-graph baselines."
02_diskann_fair,dbpedia,Ours,done,ExRaBitQ4_symmetric,built_in_run,,L2,10,4,2329.000000,,2702.018055,1558138996,12288,1275120000,0,11168.480469,223686.223118,210075.807148,83.518115,13603.244071,64,400,1.2,efSearch,20,1,0.945044,1361.241191,710.435292,913.534000,22.797152,629.388227,56.592641,0.000000,0.000000,296.393099,198.238399,1211.929000,291.473778,0.000448,0.001180,0.000107,0.945044,0.003225,NaN,NaN,0,64,aggregate,20260813,/home/kai3/coco/quantization_graph/results/02_diskann_fair/dbpedia/logs/Ours/dbpedia_Ours_R64_Lbuild400.log,"Ours ExRaBitQ4 block16 provider. Graph build and search run through DiskANN3 in-memory provider/prune storage. Encode, ExRaBitQ4 symmetric build distance, paper-prune active Float32-to-ExRaBitQ4 query traversal, and residual4 block16 mse/fp16 rerank call the existing RaBitQSpace kernels through a native bridge. Graph construction uses ExRaBitQ4 symmetric distance on 4-bit payloads; the index stores no fp32 base vectors (fp32_base_bytes=0), unlike fp32-graph baselines."
02_diskann_fair,dbpedia,Ours,done,ExRaBitQ4_symmetric,built_in_run,,L2,10,4,2329.000000,,2702.018055,1558138996,12288,1275120000,0,11168.480469,223686.223118,210075.807148,83.518115,13603.244071,64,400,1.2,efSearch,21,1,0.947278,1307.003478,740.937138,954.456000,22.831161,656.999826,59.523662,0.000000,0.000000,304.877957,202.845265,1243.993556,300.256556,0.000448,0.001180,0.000107,0.947278,0.003217,NaN,NaN,0,64,aggregate,20260813,/home/kai3/coco/quantization_graph/results/02_diskann_fair/dbpedia/logs/Ours/dbpedia_Ours_R64_Lbuild400.log,"Ours ExRaBitQ4 block16 provider. Graph build and search run through DiskANN3 in-memory provider/prune storage. Encode, ExRaBitQ4 symmetric build distance, paper-prune active Float32-to-ExRaBitQ4 query traversal, and residual4 block16 mse/fp16 rerank call the existing RaBitQSpace kernels through a native bridge. Graph construction uses ExRaBitQ4 symmetric distance on 4-bit payloads; the index stores no fp32 base vectors (fp32_base_bytes=0), unlike fp32-graph baselines."
02_diskann_fair,dbpedia,Ours,done,ExRaBitQ4_symmetric,built_in_run,,L2,10,4,2329.000000,,2702.018055,1558138996,12288,1275120000,0,11168.480469,223686.223118,210075.807148,83.518115,13603.244071,64,400,1.2,efSearch,22,1,0.949989,1266.955507,764.880790,978.591000,22.842273,678.500450,61.944176,0.000000,0.000000,313.890673,205.706921,1276.927333,308.836778,0.000449,0.001180,0.000107,0.949989,0.003200,NaN,NaN,0,64,aggregate,20260813,/home/kai3/coco/quantization_graph/results/02_diskann_fair/dbpedia/logs/Ours/dbpedia_Ours_R64_Lbuild400.log,"Ours ExRaBitQ4 block16 provider. Graph build and search run through DiskANN3 in-memory provider/prune storage. Encode, ExRaBitQ4 symmetric build distance, paper-prune active Float32-to-ExRaBitQ4 query traversal, and residual4 block16 mse/fp16 rerank call the existing RaBitQSpace kernels through a native bridge. Graph construction uses ExRaBitQ4 symmetric distance on 4-bit payloads; the index stores no fp32 base vectors (fp32_base_bytes=0), unlike fp32-graph baselines."
02_diskann_fair,dbpedia,Ours,done,ExRaBitQ4_symmetric,built_in_run,,L2,10,4,2329.000000,,2702.018055,1558138996,12288,1275120000,0,11168.480469,223686.223118,210075.807148,83.518115,13603.244071,64,400,1.2,efSearch,23,1,0.952133,1244.617964,778.375891,997.125000,22.832624,689.172700,64.753349,0.000000,0.000000,321.927883,203.272041,1309.171333,317.114000,0.000449,0.001180,0.000107,0.952133,0.003210,NaN,NaN,0,64,aggregate,20260813,/home/kai3/coco/quantization_graph/results/02_diskann_fair/dbpedia/logs/Ours/dbpedia_Ours_R64_Lbuild400.log,"Ours ExRaBitQ4 block16 provider. Graph build and search run through DiskANN3 in-memory provider/prune storage. Encode, ExRaBitQ4 symmetric build distance, paper-prune active Float32-to-ExRaBitQ4 query traversal, and residual4 block16 mse/fp16 rerank call the existing RaBitQSpace kernels through a native bridge. Graph construction uses ExRaBitQ4 symmetric distance on 4-bit payloads; the index stores no fp32 base vectors (fp32_base_bytes=0), unlike fp32-graph baselines."
02_diskann_fair,dbpedia,Ours,done,ExRaBitQ4_symmetric,built_in_run,,L2,10,4,2329.000000,,2702.018055,1558138996,12288,1275120000,0,11168.480469,223686.223118,210075.807148,83.518115,13603.244071,64,400,1.2,efSearch,24,1,0.953822,1214.291707,798.472589,1019.024000,22.870722,706.741535,67.251732,0.000000,0.000000,329.940151,207.450575,1340.656222,325.215222,0.000449,0.001180,0.000107,0.953822,0.003210,NaN,NaN,0,64,aggregate,20260813,/home/kai3/coco/quantization_graph/results/02_diskann_fair/dbpedia/logs/Ours/dbpedia_Ours_R64_Lbuild400.log,"Ours ExRaBitQ4 block16 provider. Graph build and search run through DiskANN3 in-memory provider/prune storage. Encode, ExRaBitQ4 symmetric build distance, paper-prune active Float32-to-ExRaBitQ4 query traversal, and residual4 block16 mse/fp16 rerank call the existing RaBitQSpace kernels through a native bridge. Graph construction uses ExRaBitQ4 symmetric distance on 4-bit payloads; the index stores no fp32 base vectors (fp32_base_bytes=0), unlike fp32-graph baselines."
02_diskann_fair,dbpedia,Ours,done,ExRaBitQ4_symmetric,built_in_run,,L2,10,4,2329.000000,,2702.018055,1558138996,12288,1275120000,0,11168.480469,223686.223118,210075.807148,83.518115,13603.244071,64,400,1.2,efSearch,25,1,0.955378,1193.861126,811.759971,1046.690000,22.907864,717.159150,70.038770,0.000000,0.000000,345.441226,219.252116,1371.891444,333.117000,0.000449,0.001180,0.000107,0.955378,0.003207,NaN,NaN,0,64,aggregate,20260813,/home/kai3/coco/quantization_graph/results/02_diskann_fair/dbpedia/logs/Ours/dbpedia_Ours_R64_Lbuild400.log,"Ours ExRaBitQ4 block16 provider. Graph build and search run through DiskANN3 in-memory provider/prune storage. Encode, ExRaBitQ4 symmetric build distance, paper-prune active Float32-to-ExRaBitQ4 query traversal, and residual4 block16 mse/fp16 rerank call the existing RaBitQSpace kernels through a native bridge. Graph construction uses ExRaBitQ4 symmetric distance on 4-bit payloads; the index stores no fp32 base vectors (fp32_base_bytes=0), unlike fp32-graph baselines."
02_diskann_fair,dbpedia,Ours,done,ExRaBitQ4_symmetric,built_in_run,,L2,10,4,2329.000000,,2702.018055,1558138996,12288,1275120000,0,11168.480469,223686.223118,210075.807148,83.518115,13603.244071,64,400,1.2,efSearch,26,1,0.956900,1214.122679,798.599706,1013.160000,22.883909,701.667472,72.378661,0.000000,0.000000,346.078064,215.897252,1403.020111,340.870889,0.000449,0.001180,0.000107,0.956900,0.003207,NaN,NaN,0,64,aggregate,20260813,/home/kai3/coco/quantization_graph/results/02_diskann_fair/dbpedia/logs/Ours/dbpedia_Ours_R64_Lbuild400.log,"Ours ExRaBitQ4 block16 provider. Graph build and search run through DiskANN3 in-memory provider/prune storage. Encode, ExRaBitQ4 symmetric build distance, paper-prune active Float32-to-ExRaBitQ4 query traversal, and residual4 block16 mse/fp16 rerank call the existing RaBitQSpace kernels through a native bridge. Graph construction uses ExRaBitQ4 symmetric distance on 4-bit payloads; the index stores no fp32 base vectors (fp32_base_bytes=0), unlike fp32-graph baselines."
02_diskann_fair,dbpedia,Ours,done,ExRaBitQ4_symmetric,built_in_run,,L2,10,4,2329.000000,,2702.018055,1558138996,12288,1275120000,0,11168.480469,223686.223118,210075.807148,83.518115,13603.244071,64,400,1.2,efSearch,27,1,0.958656,1189.981420,815.398842,1035.477000,22.885752,716.326714,74.499460,0.000000,0.000000,353.867296,219.173647,1434.225000,348.513889,0.000449,0.001180,0.000107,0.958656,0.003220,NaN,NaN,0,64,aggregate,20260813,/home/kai3/coco/quantization_graph/results/02_diskann_fair/dbpedia/logs/Ours/dbpedia_Ours_R64_Lbuild400.log,"Ours ExRaBitQ4 block16 provider. Graph build and search run through DiskANN3 in-memory provider/prune storage. Encode, ExRaBitQ4 symmetric build distance, paper-prune active Float32-to-ExRaBitQ4 query traversal, and residual4 block16 mse/fp16 rerank call the existing RaBitQSpace kernels through a native bridge. Graph construction uses ExRaBitQ4 symmetric distance on 4-bit payloads; the index stores no fp32 base vectors (fp32_base_bytes=0), unlike fp32-graph baselines."
02_diskann_fair,dbpedia,Ours,done,ExRaBitQ4_symmetric,built_in_run,,L2,10,4,2329.000000,,2702.018055,1558138996,12288,1275120000,0,11168.480469,223686.223118,210075.807148,83.518115,13603.244071,64,400,1.2,efSearch,28,1,0.960233,1163.839110,834.289983,1061.243000,22.916181,732.443543,77.245289,0.000000,0.000000,361.996788,223.248135,1465.591222,356.016000,0.000449,0.001180,0.000107,0.960233,0.003212,NaN,NaN,0,64,aggregate,20260813,/home/kai3/coco/quantization_graph/results/02_diskann_fair/dbpedia/logs/Ours/dbpedia_Ours_R64_Lbuild400.log,"Ours ExRaBitQ4 block16 provider. Graph build and search run through DiskANN3 in-memory provider/prune storage. Encode, ExRaBitQ4 symmetric build distance, paper-prune active Float32-to-ExRaBitQ4 query traversal, and residual4 block16 mse/fp16 rerank call the existing RaBitQSpace kernels through a native bridge. Graph construction uses ExRaBitQ4 symmetric distance on 4-bit payloads; the index stores no fp32 base vectors (fp32_base_bytes=0), unlike fp32-graph baselines."
02_diskann_fair,dbpedia,Ours,done,ExRaBitQ4_symmetric,built_in_run,,L2,10,4,2329.000000,,2702.018055,1558138996,12288,1275120000,0,11168.480469,223686.223118,210075.807148,83.518115,13603.244071,64,400,1.2,efSearch,29,1,0.961656,1140.884236,851.563134,1077.419000,22.936270,747.059415,79.853673,0.000000,0.000000,369.996239,227.426905,1496.306444,363.370222,0.000449,0.001180,0.000107,0.961656,0.003205,NaN,NaN,0,64,aggregate,20260813,/home/kai3/coco/quantization_graph/results/02_diskann_fair/dbpedia/logs/Ours/dbpedia_Ours_R64_Lbuild400.log,"Ours ExRaBitQ4 block16 provider. Graph build and search run through DiskANN3 in-memory provider/prune storage. Encode, ExRaBitQ4 symmetric build distance, paper-prune active Float32-to-ExRaBitQ4 query traversal, and residual4 block16 mse/fp16 rerank call the existing RaBitQSpace kernels through a native bridge. Graph construction uses ExRaBitQ4 symmetric distance on 4-bit payloads; the index stores no fp32 base vectors (fp32_base_bytes=0), unlike fp32-graph baselines."
02_diskann_fair,dbpedia,Ours,done,ExRaBitQ4_symmetric,built_in_run,,L2,10,4,2329.000000,,2702.018055,1558138996,12288,1275120000,0,11168.480469,223686.223118,210075.807148,83.518115,13603.244071,64,400,1.2,efSearch,30,1,0.962778,1118.320395,868.512897,1097.565000,22.940637,761.705632,82.160610,0.000000,0.000000,377.771302,231.385231,1526.728333,370.540333,0.000449,0.001180,0.000107,0.962778,0.003195,NaN,NaN,0,64,aggregate,20260813,/home/kai3/coco/quantization_graph/results/02_diskann_fair/dbpedia/logs/Ours/dbpedia_Ours_R64_Lbuild400.log,"Ours ExRaBitQ4 block16 provider. Graph build and search run through DiskANN3 in-memory provider/prune storage. Encode, ExRaBitQ4 symmetric build distance, paper-prune active Float32-to-ExRaBitQ4 query traversal, and residual4 block16 mse/fp16 rerank call the existing RaBitQSpace kernels through a native bridge. Graph construction uses ExRaBitQ4 symmetric distance on 4-bit payloads; the index stores no fp32 base vectors (fp32_base_bytes=0), unlike fp32-graph baselines."
02_diskann_fair,dbpedia,Ours,done,ExRaBitQ4_symmetric,built_in_run,,L2,10,4,2329.000000,,2702.018055,1558138996,12288,1275120000,0,11168.480469,223686.223118,210075.807148,83.518115,13603.244071,64,400,1.2,efSearch,40,1,0.971567,925.088269,1055.635581,1327.805000,22.973360,907.658789,123.266712,0.000000,0.000000,455.609293,269.247651,1823.718556,436.477778,0.000450,0.001181,0.000107,0.971567,0.003175,NaN,NaN,0,64,aggregate,20260813,/home/kai3/coco/quantization_graph/results/02_diskann_fair/dbpedia/logs/Ours/dbpedia_Ours_R64_Lbuild400.log,"Ours ExRaBitQ4 block16 provider. Graph build and search run through DiskANN3 in-memory provider/prune storage. Encode, ExRaBitQ4 symmetric build distance, paper-prune active Float32-to-ExRaBitQ4 query traversal, and residual4 block16 mse/fp16 rerank call the existing RaBitQSpace kernels through a native bridge. Graph construction uses ExRaBitQ4 symmetric distance on 4-bit payloads; the index stores no fp32 base vectors (fp32_base_bytes=0), unlike fp32-graph baselines."
02_diskann_fair,dbpedia,Ours,done,ExRaBitQ4_symmetric,built_in_run,,L2,10,4,2329.000000,,2702.018055,1558138996,12288,1275120000,0,11168.480469,223686.223118,210075.807148,83.518115,13603.244071,64,400,1.2,efSearch,50,1,0.976311,803.944585,1218.019714,1531.130000,23.018693,1048.202925,145.039290,0.000000,0.000000,531.253016,301.535716,2107.587444,493.717111,0.000450,0.001181,0.000107,0.976311,0.003173,NaN,NaN,0,64,aggregate,20260813,/home/kai3/coco/quantization_graph/results/02_diskann_fair/dbpedia/logs/Ours/dbpedia_Ours_R64_Lbuild400.log,"Ours ExRaBitQ4 block16 provider. Graph build and search run through DiskANN3 in-memory provider/prune storage. Encode, ExRaBitQ4 symmetric build distance, paper-prune active Float32-to-ExRaBitQ4 query traversal, and residual4 block16 mse/fp16 rerank call the existing RaBitQSpace kernels through a native bridge. Graph construction uses ExRaBitQ4 symmetric distance on 4-bit payloads; the index stores no fp32 base vectors (fp32_base_bytes=0), unlike fp32-graph baselines."
02_diskann_fair,dbpedia,Ours,done,ExRaBitQ4_symmetric,built_in_run,,L2,10,4,2329.000000,,2702.018055,1558138996,12288,1275120000,0,11168.480469,223686.223118,210075.807148,83.518115,13603.244071,64,400,1.2,efSearch,60,1,0.979856,714.424099,1373.894945,1730.011000,23.041624,1180.766791,168.249499,0.000000,0.000000,604.023918,329.332328,2382.097111,544.955000,0.000450,0.001182,0.000107,0.979856,0.003163,NaN,NaN,0,64,aggregate,20260813,/home/kai3/coco/quantization_graph/results/02_diskann_fair/dbpedia/logs/Ours/dbpedia_Ours_R64_Lbuild400.log,"Ours ExRaBitQ4 block16 provider. Graph build and search run through DiskANN3 in-memory provider/prune storage. Encode, ExRaBitQ4 symmetric build distance, paper-prune active Float32-to-ExRaBitQ4 query traversal, and residual4 block16 mse/fp16 rerank call the existing RaBitQSpace kernels through a native bridge. Graph construction uses ExRaBitQ4 symmetric distance on 4-bit payloads; the index stores no fp32 base vectors (fp32_base_bytes=0), unlike fp32-graph baselines."
02_diskann_fair,dbpedia,Ours,done,ExRaBitQ4_symmetric,built_in_run,,L2,10,4,2329.000000,,2702.018055,1558138996,12288,1275120000,0,11168.480469,223686.223118,210075.807148,83.518115,13603.244071,64,400,1.2,efSearch,70,1,0.982200,643.273540,1524.749806,1924.389000,23.062462,1307.403350,192.137336,0.000000,0.000000,677.933317,359.523729,2648.385222,591.748111,0.000450,0.001182,0.000107,0.982200,0.003180,NaN,NaN,0,64,aggregate,20260813,/home/kai3/coco/quantization_graph/results/02_diskann_fair/dbpedia/logs/Ours/dbpedia_Ours_R64_Lbuild400.log,"Ours ExRaBitQ4 block16 provider. Graph build and search run through DiskANN3 in-memory provider/prune storage. Encode, ExRaBitQ4 symmetric build distance, paper-prune active Float32-to-ExRaBitQ4 query traversal, and residual4 block16 mse/fp16 rerank call the existing RaBitQSpace kernels through a native bridge. Graph construction uses ExRaBitQ4 symmetric distance on 4-bit payloads; the index stores no fp32 base vectors (fp32_base_bytes=0), unlike fp32-graph baselines."
02_diskann_fair,dbpedia,Ours,done,ExRaBitQ4_symmetric,built_in_run,,L2,10,4,2329.000000,,2702.018055,1558138996,12288,1275120000,0,11168.480469,223686.223118,210075.807148,83.518115,13603.244071,64,400,1.2,efSearch,80,1,0.984078,588.461762,1668.228779,2109.914000,23.099854,1426.303452,216.631161,0.000000,0.000000,744.162978,383.973643,2907.816889,635.812556,0.000450,0.001182,0.000107,0.984078,0.003185,NaN,NaN,0,64,aggregate,20260813,/home/kai3/coco/quantization_graph/results/02_diskann_fair/dbpedia/logs/Ours/dbpedia_Ours_R64_Lbuild400.log,"Ours ExRaBitQ4 block16 provider. Graph build and search run through DiskANN3 in-memory provider/prune storage. Encode, ExRaBitQ4 symmetric build distance, paper-prune active Float32-to-ExRaBitQ4 query traversal, and residual4 block16 mse/fp16 rerank call the existing RaBitQSpace kernels through a native bridge. Graph construction uses ExRaBitQ4 symmetric distance on 4-bit payloads; the index stores no fp32 base vectors (fp32_base_bytes=0), unlike fp32-graph baselines."
02_diskann_fair,dbpedia,Ours,done,ExRaBitQ4_symmetric,built_in_run,,L2,10,4,2329.000000,,2702.018055,1558138996,12288,1275120000,0,11168.480469,223686.223118,210075.807148,83.518115,13603.244071,64,400,1.2,efSearch,90,1,0.985311,542.488094,1812.989052,2307.691000,23.119184,1545.659942,241.754625,0.000000,0.000000,813.474549,410.539732,3161.210889,677.635667,0.000450,0.001182,0.000107,0.985311,0.003183,NaN,NaN,0,64,aggregate,20260813,/home/kai3/coco/quantization_graph/results/02_diskann_fair/dbpedia/logs/Ours/dbpedia_Ours_R64_Lbuild400.log,"Ours ExRaBitQ4 block16 provider. Graph build and search run through DiskANN3 in-memory provider/prune storage. Encode, ExRaBitQ4 symmetric build distance, paper-prune active Float32-to-ExRaBitQ4 query traversal, and residual4 block16 mse/fp16 rerank call the existing RaBitQSpace kernels through a native bridge. Graph construction uses ExRaBitQ4 symmetric distance on 4-bit payloads; the index stores no fp32 base vectors (fp32_base_bytes=0), unlike fp32-graph baselines."
02_diskann_fair,dbpedia,Ours,done,ExRaBitQ4_symmetric,built_in_run,,L2,10,4,2329.000000,,2702.018055,1558138996,12288,1275120000,0,11168.480469,223686.223118,210075.807148,83.518115,13603.244071,64,400,1.2,efSearch,100,1,0.986378,503.451590,1960.978395,2511.627000,23.112519,1668.883062,266.658527,0.000000,0.000000,887.203598,436.502321,3408.096444,717.795556,0.000450,0.001182,0.000107,0.986378,0.003178,NaN,NaN,0,64,aggregate,20260813,/home/kai3/coco/quantization_graph/results/02_diskann_fair/dbpedia/logs/Ours/dbpedia_Ours_R64_Lbuild400.log,"Ours ExRaBitQ4 block16 provider. Graph build and search run through DiskANN3 in-memory provider/prune storage. Encode, ExRaBitQ4 symmetric build distance, paper-prune active Float32-to-ExRaBitQ4 query traversal, and residual4 block16 mse/fp16 rerank call the existing RaBitQSpace kernels through a native bridge. Graph construction uses ExRaBitQ4 symmetric distance on 4-bit payloads; the index stores no fp32 base vectors (fp32_base_bytes=0), unlike fp32-graph baselines."
02_diskann_fair,dbpedia,Ours,done,ExRaBitQ4_symmetric,built_in_run,,L2,10,4,2329.000000,,2702.018055,1558138996,12288,1275120000,0,11168.480469,223686.223118,210075.807148,83.518115,13603.244071,64,400,1.2,efSearch,140,1,0.988633,409.698027,2416.302933,3168.691000,24.244937,2125.388339,264.207692,0.000000,0.000000,1141.035181,537.603571,4357.013889,866.379889,0.000450,0.001182,0.000107,0.988633,0.003200,NaN,NaN,0,64,aggregate,20260813,/home/kai3/coco/quantization_graph/results/02_diskann_fair/dbpedia/logs/Ours/dbpedia_Ours_R64_Lbuild400.log,"Ours ExRaBitQ4 block16 provider. Graph build and search run through DiskANN3 in-memory provider/prune storage. Encode, ExRaBitQ4 symmetric build distance, paper-prune active Float32-to-ExRaBitQ4 query traversal, and residual4 block16 mse/fp16 rerank call the existing RaBitQSpace kernels through a native bridge. Graph construction uses ExRaBitQ4 symmetric distance on 4-bit payloads; the index stores no fp32 base vectors (fp32_base_bytes=0), unlike fp32-graph baselines."
02_diskann_fair,dbpedia,Ours,done,ExRaBitQ4_symmetric,built_in_run,,L2,10,4,2329.000000,,2702.018055,1558138996,12288,1275120000,0,11168.480469,223686.223118,210075.807148,83.518115,13603.244071,64,400,1.2,efSearch,180,1,0.990044,347.353581,2855.358535,3804.256000,23.167344,2566.116387,263.525192,0.000000,0.000000,1389.270617,635.292478,5253.761000,1004.322111,0.000451,0.001182,0.000107,0.990044,0.003185,NaN,NaN,0,64,aggregate,20260813,/home/kai3/coco/quantization_graph/results/02_diskann_fair/dbpedia/logs/Ours/dbpedia_Ours_R64_Lbuild400.log,"Ours ExRaBitQ4 block16 provider. Graph build and search run through DiskANN3 in-memory provider/prune storage. Encode, ExRaBitQ4 symmetric build distance, paper-prune active Float32-to-ExRaBitQ4 query traversal, and residual4 block16 mse/fp16 rerank call the existing RaBitQSpace kernels through a native bridge. Graph construction uses ExRaBitQ4 symmetric distance on 4-bit payloads; the index stores no fp32 base vectors (fp32_base_bytes=0), unlike fp32-graph baselines."
02_diskann_fair,dbpedia,Ours,done,ExRaBitQ4_symmetric,built_in_run,,L2,10,4,2329.000000,,2702.018055,1558138996,12288,1275120000,0,11168.480469,223686.223118,210075.807148,83.518115,13603.244071,64,400,1.2,efSearch,220,1,0.991000,301.810800,3289.796480,4452.837000,23.278856,3000.345313,263.490943,0.000000,0.000000,1628.355432,729.758683,6111.380222,1136.940333,0.000451,0.001182,0.000107,0.991000,0.003183,NaN,NaN,0,64,aggregate,20260813,/home/kai3/coco/quantization_graph/results/02_diskann_fair/dbpedia/logs/Ours/dbpedia_Ours_R64_Lbuild400.log,"Ours ExRaBitQ4 block16 provider. Graph build and search run through DiskANN3 in-memory provider/prune storage. Encode, ExRaBitQ4 symmetric build distance, paper-prune active Float32-to-ExRaBitQ4 query traversal, and residual4 block16 mse/fp16 rerank call the existing RaBitQSpace kernels through a native bridge. Graph construction uses ExRaBitQ4 symmetric distance on 4-bit payloads; the index stores no fp32 base vectors (fp32_base_bytes=0), unlike fp32-graph baselines."
02_diskann_fair,dbpedia,Ours,done,ExRaBitQ4_symmetric,built_in_run,,L2,10,4,2329.000000,,2702.018055,1558138996,12288,1275120000,0,11168.480469,223686.223118,210075.807148,83.518115,13603.244071,64,400,1.2,efSearch,260,1,0.991644,266.375738,3730.563262,5083.576000,23.348525,3424.450916,279.932350,0.000000,0.000000,1857.309261,825.480592,6939.000333,1266.201111,0.000451,0.001182,0.000107,0.991644,0.003173,NaN,NaN,0,64,aggregate,20260813,/home/kai3/coco/quantization_graph/results/02_diskann_fair/dbpedia/logs/Ours/dbpedia_Ours_R64_Lbuild400.log,"Ours ExRaBitQ4 block16 provider. Graph build and search run through DiskANN3 in-memory provider/prune storage. Encode, ExRaBitQ4 symmetric build distance, paper-prune active Float32-to-ExRaBitQ4 query traversal, and residual4 block16 mse/fp16 rerank call the existing RaBitQSpace kernels through a native bridge. Graph construction uses ExRaBitQ4 symmetric distance on 4-bit payloads; the index stores no fp32 base vectors (fp32_base_bytes=0), unlike fp32-graph baselines."
02_diskann_fair,dbpedia,Ours,done,ExRaBitQ4_symmetric,built_in_run,,L2,10,4,2329.000000,,2702.018055,1558138996,12288,1275120000,0,11168.480469,223686.223118,210075.807148,83.518115,13603.244071,64,400,1.2,efSearch,300,1,0.992167,236.035251,4213.144093,5791.868000,23.342734,3899.159835,287.688919,0.000000,0.000000,2080.907076,946.100475,7742.304667,1392.983111,0.000451,0.001182,0.000107,0.992167,0.003178,NaN,NaN,0,64,aggregate,20260813,/home/kai3/coco/quantization_graph/results/02_diskann_fair/dbpedia/logs/Ours/dbpedia_Ours_R64_Lbuild400.log,"Ours ExRaBitQ4 block16 provider. Graph build and search run through DiskANN3 in-memory provider/prune storage. Encode, ExRaBitQ4 symmetric build distance, paper-prune active Float32-to-ExRaBitQ4 query traversal, and residual4 block16 mse/fp16 rerank call the existing RaBitQSpace kernels through a native bridge. Graph construction uses ExRaBitQ4 symmetric distance on 4-bit payloads; the index stores no fp32 base vectors (fp32_base_bytes=0), unlike fp32-graph baselines."
02_diskann_fair,dbpedia,Ours,done,ExRaBitQ4_symmetric,built_in_run,,L2,10,4,2329.000000,,2702.018055,1558138996,12288,1275120000,0,11168.480469,223686.223118,210075.807148,83.518115,13603.244071,64,400,1.2,efSearch,340,1,0.992578,207.442541,4793.369075,6669.193000,23.505786,4498.305771,268.445706,0.000000,0.000000,2311.826401,1020.011602,8525.708222,1518.583444,0.000451,0.001182,0.000107,0.992578,0.003175,NaN,NaN,0,64,aggregate,20260813,/home/kai3/coco/quantization_graph/results/02_diskann_fair/dbpedia/logs/Ours/dbpedia_Ours_R64_Lbuild400.log,"Ours ExRaBitQ4 block16 provider. Graph build and search run through DiskANN3 in-memory provider/prune storage. Encode, ExRaBitQ4 symmetric build distance, paper-prune active Float32-to-ExRaBitQ4 query traversal, and residual4 block16 mse/fp16 rerank call the existing RaBitQSpace kernels through a native bridge. Graph construction uses ExRaBitQ4 symmetric distance on 4-bit payloads; the index stores no fp32 base vectors (fp32_base_bytes=0), unlike fp32-graph baselines."
02_diskann_fair,dbpedia,Ours,done,ExRaBitQ4_symmetric,built_in_run,,L2,10,4,2329.000000,,2702.018055,1558138996,12288,1275120000,0,11168.480469,223686.223118,210075.807148,83.518115,13603.244071,64,400,1.2,efSearch,380,1,0.993044,190.799932,5212.011203,7272.582000,23.597751,4919.243245,265.941715,0.000000,0.000000,2529.303257,1101.050546,9291.243222,1642.970778,0.000451,0.001182,0.000107,0.993044,0.003175,NaN,NaN,0,64,aggregate,20260813,/home/kai3/coco/quantization_graph/results/02_diskann_fair/dbpedia/logs/Ours/dbpedia_Ours_R64_Lbuild400.log,"Ours ExRaBitQ4 block16 provider. Graph build and search run through DiskANN3 in-memory provider/prune storage. Encode, ExRaBitQ4 symmetric build distance, paper-prune active Float32-to-ExRaBitQ4 query traversal, and residual4 block16 mse/fp16 rerank call the existing RaBitQSpace kernels through a native bridge. Graph construction uses ExRaBitQ4 symmetric distance on 4-bit payloads; the index stores no fp32 base vectors (fp32_base_bytes=0), unlike fp32-graph baselines."
02_diskann_fair,dbpedia,Ours,done,ExRaBitQ4_symmetric,built_in_run,,L2,10,4,2329.000000,,2702.018055,1558138996,12288,1275120000,0,11168.480469,223686.223118,210075.807148,83.518115,13603.244071,64,400,1.2,efSearch,420,1,0.993367,177.557820,5603.381306,7846.491000,23.506129,5315.004760,261.684509,0.000000,0.000000,2740.807981,1181.423272,10040.744222,1766.230556,0.000451,0.001183,0.000107,0.993367,0.003173,NaN,NaN,0,64,aggregate,20260813,/home/kai3/coco/quantization_graph/results/02_diskann_fair/dbpedia/logs/Ours/dbpedia_Ours_R64_Lbuild400.log,"Ours ExRaBitQ4 block16 provider. Graph build and search run through DiskANN3 in-memory provider/prune storage. Encode, ExRaBitQ4 symmetric build distance, paper-prune active Float32-to-ExRaBitQ4 query traversal, and residual4 block16 mse/fp16 rerank call the existing RaBitQSpace kernels through a native bridge. Graph construction uses ExRaBitQ4 symmetric distance on 4-bit payloads; the index stores no fp32 base vectors (fp32_base_bytes=0), unlike fp32-graph baselines."
02_diskann_fair,dbpedia,Ours,done,ExRaBitQ4_symmetric,built_in_run,,L2,10,4,2329.000000,,2702.018055,1558138996,12288,1275120000,0,11168.480469,223686.223118,210075.807148,83.518115,13603.244071,64,400,1.2,efSearch,460,1,0.993544,165.319234,6020.976269,8452.770000,23.676253,5734.156383,259.711996,0.000000,0.000000,2960.084167,1265.977664,10775.461444,1888.765111,0.000451,0.001183,0.000107,0.993544,0.003168,NaN,NaN,0,64,aggregate,20260813,/home/kai3/coco/quantization_graph/results/02_diskann_fair/dbpedia/logs/Ours/dbpedia_Ours_R64_Lbuild400.log,"Ours ExRaBitQ4 block16 provider. Graph build and search run through DiskANN3 in-memory provider/prune storage. Encode, ExRaBitQ4 symmetric build distance, paper-prune active Float32-to-ExRaBitQ4 query traversal, and residual4 block16 mse/fp16 rerank call the existing RaBitQSpace kernels through a native bridge. Graph construction uses ExRaBitQ4 symmetric distance on 4-bit payloads; the index stores no fp32 base vectors (fp32_base_bytes=0), unlike fp32-graph baselines."
